solid 
facet normal -0.7712899 0.023010489 -0.6360679
 outer loop
  vertex -0.3004699 -0.2803494 -1.068648
  vertex -0.3117519 -0.4661184 -1.061688
  vertex -0.4387179 -0.4660714 -0.9077285
 endloop
endfacet
facet normal 0.66512895 -0.0006059869 0.74672836
 outer loop
  vertex 0.2891251 -0.2747974 -0.1946185
  vertex 0.4437781 -0.2832544 -0.3323785
  vertex 0.4431771 -0.006368362 -0.3316185
 endloop
endfacet
facet normal -0.5607854 0.82020247 0.11308228
 outer loop
  vertex -0.4724139 -1.472825 -0.3877785
  vertex -0.5080569 -1.468228 -0.5978785
  vertex -0.5094699 -1.499392 -0.3788485
 endloop
endfacet
facet normal 0 1 0
 outer loop
  vertex -0.07103292 -1.494289 0.1530715
  vertex -0.3589529 -1.494289 0.3447915
  vertex -0.06390392 -1.494289 0.3234015
 endloop
endfacet
facet normal 0.3536243 0.026911343 -0.93500036
 outer loop
  vertex 0.07101608 0.9480606 -1.184078
  vertex 0.04889508 1.161258 -1.186308
  vertex 0.3451871 1.207469 -1.072918
 endloop
endfacet
facet normal -0.9409947 0.0019339145 -0.3384159
 outer loop
  vertex -0.4338669 1.201744 -0.9166685
  vertex -0.4352409 0.9741556 -0.9141485
  vertex -0.5022909 1.212428 -0.7263485
 endloop
endfacet
facet normal 0.435346 0.018032322 -0.90008265
 outer loop
  vertex -0.03186692 0.6449726 -0.1241085
  vertex -0.02249792 0.4666996 -0.1231485
  vertex -0.08321792 0.9288446 -0.1432585
 endloop
endfacet
facet normal -0.025910359 -0.99966353 -0.0012292166
 outer loop
  vertex -0.3426679 -1.504289 1.053102
  vertex -0.5094799 -1.499678 0.8193715
  vertex -0.3314789 -1.504289 0.8172515
 endloop
endfacet
facet normal -0.75656885 -0.0012682866 -0.65391284
 outer loop
  vertex -0.4360909 0.6665716 -0.9125685
  vertex -0.4352409 0.9741556 -0.9141485
  vertex -0.3036219 0.9628146 -1.066408
 endloop
endfacet
facet normal 0.00029583424 0.99904925 0.04359483
 outer loop
  vertex -0.04077792 1.505711 1.787692
  vertex -0.3296139 1.505711 1.789652
  vertex -0.04077592 1.50162 1.881442
 endloop
endfacet
facet normal 0 1 0
 outer loop
  vertex 0.3982961 -1.494289 1.455542
  vertex 0.1452851 -1.494289 1.490422
  vertex 0.1974511 -1.494289 1.712112
 endloop
endfacet
facet normal -0.03472333 0.99939126 0.0033623236
 outer loop
  vertex -0.3626019 -1.494289 1.075202
  vertex -0.5094779 -1.499446 1.091212
  vertex -0.5094929 -1.500071 1.276832
 endloop
endfacet
facet normal -0.76087606 0.007843869 -0.64884984
 outer loop
  vertex -0.4362499 -0.007203362 -0.9122785
  vertex -0.3067429 -0.01569536 -1.064248
  vertex -0.4310169 -0.2904004 -0.9218385
 endloop
endfacet
facet normal -0.19239578 -0.96711975 -0.16632295
 outer loop
  vertex -0.2870249 1.480401 -1.085738
  vertex -0.4722139 1.489349 -0.9235485
  vertex -0.3721509 1.501704 -1.111138
 endloop
endfacet
facet normal 0.0006360835 -0.9974948 0.0707369
 outer loop
  vertex -0.03931992 1.495711 1.798102
  vertex -0.04077592 1.50162 1.881442
  vertex -0.3497909 1.501423 1.881442
 endloop
endfacet
facet normal -5.7527126e-05 -1 1.3339144e-07
 outer loop
  vertex -0.04649192 1.505711 0.5437515
  vertex -0.04733792 1.505711 0.1789015
  vertex -0.03036292 1.50571 0.3501915
 endloop
endfacet
facet normal 0.0031253332 0.99999446 -0.0011366686
 outer loop
  vertex 0.3800791 1.505077 -0.3864685
  vertex 0.4112821 1.504751 -0.5875085
  vertex 0.09361908 1.505711 -0.6163785
 endloop
endfacet
facet normal 0.002949848 0.962521 -0.27119115
 outer loop
  vertex -0.04910592 1.491404 -1.160538
  vertex -0.04013292 1.504075 -1.115468
  vertex 0.09429408 1.50408 -1.113988
 endloop
endfacet
facet normal -0.37813133 -0.0017372753 -0.9257504
 outer loop
  vertex -0.2981379 -0.6578163 -1.071848
  vertex -0.02282692 -0.9100607 -1.183828
  vertex -0.2944189 -0.9450591 -1.072828
 endloop
endfacet
facet normal 0.14196433 0.9894983 0.027188886
 outer loop
  vertex 0.5265871 1.488355 -0.5928585
  vertex 0.5309721 1.491478 -0.7294085
  vertex 0.4112821 1.504751 -0.5875085
 endloop
endfacet
facet normal 0.30074108 0.0017089387 0.9537043
 outer loop
  vertex 0.2819491 0.9553686 -0.1907185
  vertex 0.2841741 1.216745 -0.1918885
  vertex 0.06524608 0.9080036 -0.1222985
 endloop
endfacet
facet normal -0.99867487 -0.051462207 -0.00046380857
 outer loop
  vertex -0.5076219 1.466905 -0.5956885
  vertex -0.5094699 1.500814 -0.3788685
  vertex -0.5095349 1.503916 -0.5831685
 endloop
endfacet
facet normal -0.0014933809 -0.9985171 0.054418385
 outer loop
  vertex -0.3647239 -1.504289 1.801532
  vertex -0.04077792 -1.504289 1.810422
  vertex -0.3399659 -1.499971 1.881442
 endloop
endfacet
facet normal 0.5685613 -0.0039601084 -0.82263136
 outer loop
  vertex 0.3721551 -0.98038 -1.053468
  vertex 0.2713791 -0.8518412 -1.123738
  vertex 0.3588751 -0.660156 -1.064188
 endloop
endfacet
facet normal -0.026957532 -0.9996363 0.0007670631
 outer loop
  vertex -0.3279969 -1.504289 -0.3829585
  vertex -0.5094669 -1.499192 -0.1180585
  vertex -0.5094699 -1.499392 -0.3788485
 endloop
endfacet
facet normal 0.5288703 0.028979123 0.84820783
 outer loop
  vertex 0.1821951 -0.6376826 -0.1571685
  vertex 0.4362811 -0.4669364 -0.3214285
  vertex 0.4437781 -0.2832544 -0.3323785
 endloop
endfacet
facet normal 0.36766478 -0.017205603 -0.9297992
 outer loop
  vertex 0.3481961 0.2850666 -1.070898
  vertex 0.05850108 0.2795356 -1.185348
  vertex 0.07024508 0.4678036 -1.184188
 endloop
endfacet
facet normal -0.7714135 0.014567387 -0.63616735
 outer loop
  vertex -0.4308579 -0.6817597 -0.9221985
  vertex -0.4387179 -0.4660714 -0.9077285
  vertex -0.3117519 -0.4661184 -1.061688
 endloop
endfacet
facet normal 0.66259456 0.009617351 0.74891645
 outer loop
  vertex 0.4462061 0.6188416 -0.3374985
  vertex 0.2834701 0.4676686 -0.1915785
  vertex 0.2899351 0.2916906 -0.1950385
 endloop
endfacet
facet normal -0.9964023 -6.741613e-05 0.084748924
 outer loop
  vertex -0.5060599 0.4675696 -0.6178185
  vertex -0.5068049 0.6800006 -0.6264085
  vertex -0.5065459 0.2967656 -0.6236685
 endloop
endfacet
facet normal -0.0048048487 0.99990815 -0.012676809
 outer loop
  vertex -0.3721509 1.501704 -1.111138
  vertex -0.5095179 1.501773 -1.053628
  vertex -0.3453479 1.505711 -0.8052385
 endloop
endfacet
facet normal -0 1 0
 outer loop
  vertex 0.09361908 1.505711 -0.6163785
  vertex -0.04338292 1.505711 -0.8060585
  vertex -0.03036092 1.505711 -0.5873085
 endloop
endfacet
facet normal -0.31365848 0.000755222 0.9495356
 outer loop
  vertex -0.02249792 0.4666996 -0.1231485
  vertex -0.2370929 0.6719026 -0.1941985
  vertex -0.2356059 0.2836506 -0.1933985
 endloop
endfacet
facet normal -0.035654355 0.9993625 0.0018170859
 outer loop
  vertex -0.5094799 -1.499678 0.8193715
  vertex -0.3722619 -1.494289 0.5479915
  vertex -0.5094729 -1.499201 0.5571915
 endloop
endfacet
facet normal -0 1 0
 outer loop
  vertex -0.3279969 -1.504289 -0.3829585
  vertex -0.3395489 -1.504289 -0.5558785
  vertex -0.3434809 -1.504289 -0.1423585
 endloop
endfacet
facet normal 0.476619 -0.44093034 0.76053596
 outer loop
  vertex 0.4431771 -0.006368362 -0.3316185
  vertex 0.2853651 0.06300664 -0.1924985
  vertex 0.1221561 -0.02009836 -0.1383985
 endloop
endfacet
facet normal 0.93686813 -0.016341237 0.34930092
 outer loop
  vertex 0.4552351 1.209329 -0.3484485
  vertex 0.5571351 1.209294 -0.6217585
  vertex 0.4621561 1.457988 -0.3553785
 endloop
endfacet
facet normal 0.9396375 0.013048496 -0.3419226
 outer loop
  vertex 0.4917001 0.6539096 -0.9065685
  vertex 0.4811161 0.9273736 -0.9252185
  vertex 0.5532771 0.9534316 -0.7259185
 endloop
endfacet
facet normal 0 1 0
 outer loop
  vertex -0.3626019 -1.494289 1.075202
  vertex -0.1099269 -1.494289 1.279352
  vertex -0.04218292 -1.494289 1.068942
 endloop
endfacet
facet normal 0.9991534 -0.000988669 -0.041129455
 outer loop
  vertex 0.5576001 -0.2895864 -0.6267385
  vertex 0.5573891 -0.5964269 -0.6244885
  vertex 0.5533611 -0.4724914 -0.7253185
 endloop
endfacet
facet normal -0.73561984 0.66271067 -0.14027825
 outer loop
  vertex -0.4731419 -1.487802 -0.9199585
  vertex -0.5095139 -1.501274 -0.7928685
  vertex -0.5079299 -1.48592 -0.7286385
 endloop
endfacet
facet normal 0 -1 -0
 outer loop
  vertex 0.1330431 1.495711 0.3298415
  vertex 0.3139691 1.495711 0.5232315
  vertex 0.09887208 1.495711 0.5212815
 endloop
endfacet
facet normal -0.0408563 -0.99742985 0.058860306
 outer loop
  vertex -0.3822109 1.495711 0.1547715
  vertex -0.5094669 1.500609 0.1494415
  vertex -0.3627679 1.47748 -0.1406685
 endloop
endfacet
facet normal -0.94429326 0.00038904793 -0.32910475
 outer loop
  vertex -0.4394109 -0.9586388 -0.9064785
  vertex -0.5022829 -1.193213 -0.7263585
  vertex -0.5023689 -0.9621019 -0.7258385
 endloop
endfacet
facet normal 0.3205599 -0.0030893406 0.9472232
 outer loop
  vertex 0.07771008 0.4668556 -0.1236185
  vertex 0.2885651 0.6777056 -0.1942885
  vertex 0.08008408 0.6488006 -0.1238285
 endloop
endfacet
facet normal 0.7416088 -0.0032440096 -0.67082477
 outer loop
  vertex 0.4829111 0.2851336 -0.9219685
  vertex 0.3448121 -0.01294936 -1.073198
  vertex 0.3481961 0.2850666 -1.070898
 endloop
endfacet
facet normal 0.9303906 -0.006420728 0.36651334
 outer loop
  vertex 0.5566161 -0.8340643 -0.6162185
  vertex 0.4474301 -0.6581156 -0.3359685
  vertex 0.4453021 -0.941356 -0.3355285
 endloop
endfacet
facet normal 0.04021459 -0.99919057 0.001005613
 outer loop
  vertex 0.4747831 -1.497503 0.3439015
  vertex 0.4017651 -1.500259 0.5255015
  vertex 0.3739381 -1.501741 0.1657615
 endloop
endfacet
facet normal 0 -0.9976595 0.06837855
 outer loop
  vertex -0.03931992 1.495711 1.798102
  vertex -0.3497909 1.501423 1.881442
  vertex -0.2476529 1.495711 1.798102
 endloop
endfacet
facet normal -0.7608086 0.0031951102 -0.6489686
 outer loop
  vertex -0.4360909 0.6665716 -0.9125685
  vertex -0.3036219 0.9628146 -1.066408
  vertex -0.3072959 0.6709256 -1.063538
 endloop
endfacet
facet normal 0.39544263 -0.073881745 -0.91551435
 outer loop
  vertex 0.02804408 1.451594 -1.188378
  vertex -0.009748915 1.209163 -1.185138
  vertex 0.02182908 1.417586 -1.188318
 endloop
endfacet
facet normal -0.039706003 -0.99921143 -0.00024145303
 outer loop
  vertex -0.5094799 1.501098 0.8193515
  vertex -0.3722629 1.495711 0.5480015
  vertex -0.3738729 1.495711 0.8127615
 endloop
endfacet
facet normal -0.02662817 -0.99953014 0.015183129
 outer loop
  vertex -0.3279969 -1.504289 -0.3829585
  vertex -0.5094699 -1.499392 -0.3788485
  vertex -0.5095349 -1.502494 -0.5831685
 endloop
endfacet
facet normal -0.6685238 0.035306405 0.7428523
 outer loop
  vertex -0.2270799 1.213988 -0.1887385
  vertex -0.4007929 1.209536 -0.3448585
  vertex -0.2519399 1.028781 -0.2023085
 endloop
endfacet
facet normal 0.9955712 3.338213e-05 0.094010375
 outer loop
  vertex 0.5566161 -0.8340643 -0.6162185
  vertex 0.5573891 -0.5964269 -0.6244885
  vertex 0.5553311 -0.4726474 -0.6027385
 endloop
endfacet
facet normal 0 1 0
 outer loop
  vertex -0.4241819 -1.494289 1.537722
  vertex -0.2476529 -1.494289 1.798102
  vertex -0.03931992 -1.494289 1.798102
 endloop
endfacet
facet normal -0.664808 -0.0020744542 0.7470114
 outer loop
  vertex -0.3927979 -0.2761594 -0.3333385
  vertex -0.2354119 -0.2821864 -0.1932885
  vertex -0.3910449 -0.006104362 -0.3310285
 endloop
endfacet
facet normal -0.37302643 0.005977159 -0.9278015
 outer loop
  vertex -0.01151592 -0.3012804 -1.184958
  vertex -0.01527792 -0.4770704 -1.184578
  vertex -0.3004699 -0.2803494 -1.068648
 endloop
endfacet
facet normal 0.03352814 -0.99943733 -0.0009514837
 outer loop
  vertex 0.4216191 1.50315 1.797352
  vertex 0.1974511 1.495711 1.712112
  vertex 0.4025031 1.502772 1.520812
 endloop
endfacet
facet normal 0.0007567294 0.99749476 0.07073757
 outer loop
  vertex -0.3399659 -1.499971 1.881442
  vertex -0.04077592 -1.500198 1.881442
  vertex -0.03931992 -1.494289 1.798102
 endloop
endfacet
facet normal 1.198044e-08 1 4.411578e-06
 outer loop
  vertex -0.3212879 1.50571 -0.5891285
  vertex -0.04338292 1.505711 -0.8060585
  vertex -0.3453479 1.505711 -0.8052385
 endloop
endfacet
facet normal 0.67967427 -0.003966976 0.7335033
 outer loop
  vertex 0.4453021 -0.941356 -0.3355285
  vertex 0.4474301 -0.6581156 -0.3359685
  vertex 0.2997891 -0.8977834 -0.2004585
 endloop
endfacet
facet normal -0.86930335 -5.983935e-05 0.49427906
 outer loop
  vertex 0.4732581 -0.6514014 -0.9390685
  vertex 0.4832811 -0.4675104 -0.9214185
  vertex 0.4808291 -0.2820804 -0.9257085
 endloop
endfacet
facet normal 0.013752877 0.99990505 -0.000867593
 outer loop
  vertex 0.4032381 1.502184 1.062022
  vertex 0.4068301 1.501942 0.8400615
  vertex 0.1299911 1.505712 0.7966115
 endloop
endfacet
facet normal -0.028335705 0.99959815 0.0007628791
 outer loop
  vertex -0.5094699 1.500814 -0.3788685
  vertex -0.5094669 1.500615 -0.1180585
  vertex -0.3302459 1.505712 -0.1398585
 endloop
endfacet
facet normal -0.99641204 -1.6323986e-05 0.0846346
 outer loop
  vertex -0.5061619 -0.4661584 -0.6188285
  vertex -0.5067529 -0.2710574 -0.6257485
  vertex -0.5066479 -0.6672998 -0.6245885
 endloop
endfacet
facet normal -0.000884404 -0.99945265 0.033068746
 outer loop
  vertex 0.09412208 1.501405 1.881442
  vertex 0.1974511 1.495711 1.712112
  vertex 0.3766231 1.501155 1.881442
 endloop
endfacet
facet normal 0.9998187 -0.019044701 1.645751e-05
 outer loop
  vertex -0.5094929 -1.500071 1.276832
  vertex -0.5094779 -1.499446 1.091212
  vertex -0.5094869 -1.49955 1.517702
 endloop
endfacet
facet normal 0.941284 6.360587e-05 -0.33761573
 outer loop
  vertex 0.5532741 0.6813726 -0.7261585
  vertex 0.5532291 0.2858896 -0.7263585
  vertex 0.4832141 0.4666616 -0.9215285
 endloop
endfacet
facet normal 0.008380673 -0.9999527 -0.0049410355
 outer loop
  vertex 0.4115821 -1.500182 1.514502
  vertex 0.4007081 -1.501718 1.806912
  vertex 0.09880508 -1.504289 1.815152
 endloop
endfacet
facet normal 0.09836456 0.992167 0.07700055
 outer loop
  vertex 0.3982961 -1.494289 1.455542
  vertex 0.1974511 -1.494289 1.712112
  vertex 0.4115821 -1.500182 1.514502
 endloop
endfacet
facet normal 0 1 0
 outer loop
  vertex 0.1207441 -1.494289 0.1499715
  vertex -0.07103292 -1.494289 0.1530715
  vertex 0.1330431 -1.494289 0.3298415
 endloop
endfacet
facet normal -0.38739043 -0.022999281 -0.9216289
 outer loop
  vertex -0.004083915 0.6989166 -1.185728
  vertex -0.3036219 0.9628146 -1.066408
  vertex -0.02583592 0.9771396 -1.183528
 endloop
endfacet
facet normal -0.025887668 -0.99966466 0.00067875895
 outer loop
  vertex -0.3314789 -1.504289 0.8172515
  vertex -0.5094799 -1.499678 0.8193715
  vertex -0.3389349 -1.504289 0.5328815
 endloop
endfacet
facet normal 0 -1 0
 outer loop
  vertex -0.03549192 1.495711 0.5376915
  vertex -0.03780792 1.495711 0.8189415
  vertex -0.3738729 1.495711 0.8127615
 endloop
endfacet
facet normal -0.94386667 7.567993e-05 -0.33032656
 outer loop
  vertex -0.5022859 0.2974156 -0.7263585
  vertex -0.5023249 0.6840876 -0.7261585
  vertex -0.4388959 0.4673316 -0.9074485
 endloop
endfacet
facet normal -0.026017698 0.99966043 -0.0014271523
 outer loop
  vertex -0.3243829 1.50571 0.3482815
  vertex -0.5094669 1.500609 0.1494415
  vertex -0.5094709 1.500896 0.3505015
 endloop
endfacet
facet normal -3.7225589e-06 1 6.6696743e-06
 outer loop
  vertex -0.3302459 1.505712 -0.1398585
  vertex -0.3213889 1.50571 0.1689315
  vertex -0.04733792 1.505711 0.1789015
 endloop
endfacet
facet normal 0.3673026 0.007411383 -0.930072
 outer loop
  vertex 0.3481961 0.2850666 -1.070898
  vertex 0.06572408 0.008156638 -1.184658
  vertex 0.05850108 0.2795356 -1.185348
 endloop
endfacet
facet normal 0.7551706 -0.022598954 -0.6551388
 outer loop
  vertex 0.3481961 0.2850666 -1.070898
  vertex 0.3628331 0.4668856 -1.060298
  vertex 0.4832141 0.4666616 -0.9215285
 endloop
endfacet
facet normal -0.9993591 0.002956515 -0.035676215
 outer loop
  vertex -0.5023719 0.003107638 -0.7257485
  vertex -0.5067529 -0.2710574 -0.6257485
  vertex -0.5062049 -0.01028136 -0.6194885
 endloop
endfacet
facet normal -0.7625923 0.0047245384 -0.64686215
 outer loop
  vertex 0.4362811 -0.4669364 -0.3214285
  vertex 0.4474301 -0.6581156 -0.3359685
  vertex 0.4453021 -0.941356 -0.3355285
 endloop
endfacet
facet normal 0 1 -0
 outer loop
  vertex 0.09668508 -1.504289 0.5230515
  vertex 0.1791681 -1.504289 0.3440915
  vertex 0.09470208 -1.504289 0.1497715
 endloop
endfacet
facet normal -0.940885 -0.007842685 -0.33863544
 outer loop
  vertex -0.4394109 -0.9586388 -0.9064785
  vertex -0.4330239 -1.22013 -0.9181685
  vertex -0.5022829 -1.193213 -0.7263585
 endloop
endfacet
facet normal -0.8179036 -0.0008310028 0.5753547
 outer loop
  vertex -0.3817009 -0.4666024 -0.3178385
  vertex -0.3927979 -0.2761594 -0.3333385
  vertex -0.3907779 -0.6649574 -0.3310285
 endloop
endfacet
facet normal 0.94485813 -0.00017355451 -0.32747993
 outer loop
  vertex 0.5532701 -0.8324144 -0.7261785
  vertex 0.5532811 -1.149825 -0.7259785
  vertex 0.4892341 -0.9253945 -0.9108885
 endloop
endfacet
facet normal 0.9885077 0.00011125095 -0.15117061
 outer loop
  vertex 0.5532701 -0.8324144 -0.7261785
  vertex 0.5532101 -0.5980394 -0.7263985
  vertex 0.5533611 -0.4724914 -0.7253185
 endloop
endfacet
facet normal 0.9408225 -0.0016166053 -0.33889595
 outer loop
  vertex 0.4811161 0.9273736 -0.9252185
  vertex 0.4824571 1.206778 -0.9228285
  vertex 0.5532361 1.211485 -0.7263585
 endloop
endfacet
facet normal -0.7358888 -0.01047943 -0.6770213
 outer loop
  vertex -0.4303989 0.2751376 -0.9230085
  vertex -0.2892259 0.2868566 -1.076638
  vertex -0.4362499 -0.007203362 -0.9122785
 endloop
endfacet
facet normal -1.647579e-06 1 4.6421565e-06
 outer loop
  vertex -0.3298689 1.505711 1.039452
  vertex -0.3349489 1.505712 0.8065315
  vertex -0.3649129 1.50571 1.232452
 endloop
endfacet
facet normal -0.028826006 -0.9995841 0.00085322635
 outer loop
  vertex -0.3426679 -1.504289 1.053102
  vertex -0.5094779 -1.499446 1.091212
  vertex -0.5094799 -1.499678 0.8193715
 endloop
endfacet
facet normal -3.1555992e-05 -1 -8.9971235e-07
 outer loop
  vertex -0.3212879 1.50571 -0.5891285
  vertex -0.3266059 1.50571 -0.4026085
  vertex -0.3453479 1.505711 -0.8052385
 endloop
endfacet
facet normal -0.9990771 0.04295027 -0.00033437874
 outer loop
  vertex -0.5095349 -1.502494 -0.5831685
  vertex -0.5094699 -1.499392 -0.3788485
  vertex -0.5080569 -1.468228 -0.5978785
 endloop
endfacet
facet normal -0.75661844 -0.0026718795 -0.65385115
 outer loop
  vertex -0.4338669 1.201744 -0.9166685
  vertex -0.3036219 0.9628146 -1.066408
  vertex -0.4352409 0.9741556 -0.9141485
 endloop
endfacet
facet normal 0.26065588 -0.96527237 0.017542223
 outer loop
  vertex 0.3857011 1.50277 0.1671715
  vertex 0.2955681 1.473186 -0.1214385
  vertex 0.4045841 1.502638 -0.1206685
 endloop
endfacet
facet normal -0.9425401 -0.00041700262 -0.33409283
 outer loop
  vertex -0.4362499 -0.007203362 -0.9122785
  vertex -0.5023719 0.003107638 -0.7257485
  vertex -0.5022859 0.2974156 -0.7263585
 endloop
endfacet
facet normal -0.9989929 4.471402e-06 -0.044866916
 outer loop
  vertex -0.5023349 0.9552376 -0.7259085
  vertex -0.5023249 0.6840876 -0.7261585
  vertex -0.5068049 0.6800006 -0.6264085
 endloop
endfacet
facet normal -0.29999927 -0.31853047 0.8991878
 outer loop
  vertex -0.02390592 1.207451 -0.1232685
  vertex -0.3627679 1.47748 -0.1406685
  vertex -0.2270799 1.213988 -0.1887385
 endloop
endfacet
facet normal 0.94245666 -0.0004167122 -0.3343281
 outer loop
  vertex 0.4849441 -0.004911362 -0.9184885
  vertex 0.5532291 0.2858896 -0.7263585
  vertex 0.5533161 -0.006693362 -0.7257485
 endloop
endfacet
facet normal -0.3130317 0.0010064804 0.94974214
 outer loop
  vertex -0.02141392 -0.01515536 -0.1230385
  vertex -0.2354119 -0.2821864 -0.1932885
  vertex -0.02240692 -0.2862444 -0.1230785
 endloop
endfacet
facet normal 0 1 0
 outer loop
  vertex 0.09729008 1.505711 -0.8867385
  vertex -0.04338292 1.505711 -0.8060585
  vertex 0.09361908 1.505711 -0.6163785
 endloop
endfacet
facet normal -0.5601013 -0.8284239 -0.00062543945
 outer loop
  vertex -0.4710559 1.474844 -0.3814185
  vertex -0.5094669 1.500615 -0.1180585
  vertex -0.5094699 1.500814 -0.3788685
 endloop
endfacet
facet normal 0.37107927 0.0029527068 -0.9285965
 outer loop
  vertex 0.3481961 0.2850666 -1.070898
  vertex 0.3448121 -0.01294936 -1.073198
  vertex 0.06572408 0.008156638 -1.184658
 endloop
endfacet
facet normal 0 1 0
 outer loop
  vertex -0.03600592 1.505711 0.8098215
  vertex -0.04077792 1.505711 1.037692
  vertex 0.09210708 1.505711 1.215602
 endloop
endfacet
facet normal -6.1648675e-06 1 3.7497302e-06
 outer loop
  vertex -0.03600592 1.505711 0.8098215
  vertex 0.09880508 1.505711 1.031462
  vertex 0.1299911 1.505712 0.7966115
 endloop
endfacet
facet normal 0 -1 -0
 outer loop
  vertex 0.3062311 1.495711 0.3466015
  vertex 0.3139691 1.495711 0.5232315
  vertex 0.1330431 1.495711 0.3298415
 endloop
endfacet
facet normal -0 -1 0
 outer loop
  vertex 0.3982971 1.495711 1.455552
  vertex 0.1488391 1.495711 1.279852
  vertex 0.3891041 1.495711 1.282772
 endloop
endfacet
facet normal 0 1 -0
 outer loop
  vertex -0.3243829 1.50571 0.3482815
  vertex -0.3195349 1.50571 0.5366515
  vertex -0.3213889 1.50571 0.1689315
 endloop
endfacet
facet normal -0 -1 0
 outer loop
  vertex -0.04077792 -1.504289 1.266142
  vertex 0.08937608 -1.504289 1.078342
  vertex 0.09463708 -1.504289 1.266142
 endloop
endfacet
facet normal 0 -1 -0
 outer loop
  vertex -0.04518592 -1.504289 1.079492
  vertex -0.04077792 -1.504289 1.266142
  vertex -0.3548949 -1.504289 1.247192
 endloop
endfacet
facet normal 0.076598145 -0.9940088 0.07796913
 outer loop
  vertex 0.3857011 1.50277 0.1671715
  vertex 0.2997771 1.495711 0.1615915
  vertex 0.2955681 1.473186 -0.1214385
 endloop
endfacet
facet normal 0.02557666 -0.9996724 -0.0008922345
 outer loop
  vertex 0.4768231 1.500075 0.3472615
  vertex 0.3062311 1.495711 0.3466015
  vertex 0.2997771 1.495711 0.1615915
 endloop
endfacet
facet normal 0.012956923 -0.999916 -0.0001918771
 outer loop
  vertex 0.4115821 -1.500182 1.514502
  vertex 0.09463708 -1.504289 1.514612
  vertex 0.4120371 -1.500129 1.268782
 endloop
endfacet
facet normal -0.30139253 0.041002274 -0.9526182
 outer loop
  vertex -0.04910592 1.491404 -1.160538
  vertex -0.009748915 1.209163 -1.185138
  vertex -0.2870249 1.480401 -1.085738
 endloop
endfacet
facet normal 0 1 0
 outer loop
  vertex -0.4241819 -1.494289 1.537722
  vertex -0.4804069 -1.494289 1.783542
  vertex -0.2476529 -1.494289 1.798102
 endloop
endfacet
facet normal 0.6525041 0.025160348 0.75736743
 outer loop
  vertex 0.4552351 1.209329 -0.3484485
  vertex 0.2819491 0.9553686 -0.1907185
  vertex 0.4373181 0.8997726 -0.3227285
 endloop
endfacet
facet normal -0.6263342 -0.24135318 -0.7412517
 outer loop
  vertex -0.1116469 -1.503907 -1.076208
  vertex -0.01825592 -1.414388 -1.184268
  vertex 0.02109708 -1.504289 -1.188248
 endloop
endfacet
facet normal 0.12605166 -0.9871036 0.09867859
 outer loop
  vertex 0.3982971 1.495711 1.455552
  vertex 0.4025031 1.502772 1.520812
  vertex 0.1974511 1.495711 1.712112
 endloop
endfacet
facet normal -0.999993 -0.0035280243 -0.0011941077
 outer loop
  vertex -0.5076219 1.466905 -0.5956885
  vertex -0.5075289 1.485995 -0.7299585
  vertex -0.5067009 1.215917 -0.6254285
 endloop
endfacet
facet normal 0.0086815385 0.26119518 0.9652469
 outer loop
  vertex 0.1749441 -1.20707 -0.1553985
  vertex -0.04551792 -1.462899 -0.08418848
  vertex 0.09596108 -1.462206 -0.08564848
 endloop
endfacet
facet normal 0.99554175 -1.344989e-05 0.09432204
 outer loop
  vertex 0.5572331 0.6762456 -0.6227585
  vertex 0.5547091 0.4640226 -0.5961485
  vertex 0.5574371 0.2794606 -0.6249685
 endloop
endfacet
facet normal 0.0010925115 -0.99999917 -0.0006380028
 outer loop
  vertex 0.1945251 -1.504027 -1.118868
  vertex 0.3938451 -1.503969 -0.8685485
  vertex 0.1057831 -1.504289 -0.8601385
 endloop
endfacet
facet normal 0.31333542 -0.0075568743 0.9496125
 outer loop
  vertex 0.07138908 0.2914706 -0.1229285
  vertex 0.2899351 0.2916906 -0.1950385
  vertex 0.07771008 0.4668556 -0.1236185
 endloop
endfacet
facet normal -0 1 0
 outer loop
  vertex 0.09171008 1.505711 -0.1201185
  vertex -0.03532292 1.505711 -0.1379085
  vertex 0.09404108 1.505711 0.1725115
 endloop
endfacet
facet normal 0.999039 -0.0002111313 -0.04382967
 outer loop
  vertex 0.5576001 -0.2895864 -0.6267385
  vertex 0.5532311 -0.2822504 -0.7263585
  vertex 0.5533161 -0.006693362 -0.7257485
 endloop
endfacet
facet normal 0.041490752 -0.99913776 -0.0015023145
 outer loop
  vertex 0.4216191 1.50315 1.797352
  vertex 0.3766231 1.501155 1.881442
  vertex 0.4025031 1.502772 1.520812
 endloop
endfacet
facet normal -0.7382698 0.060244806 -0.6718096
 outer loop
  vertex -0.2871379 -1.212005 -1.077758
  vertex -0.3034889 -1.474157 -1.083298
  vertex -0.4330239 -1.22013 -0.9181685
 endloop
endfacet
facet normal 0 1 0
 outer loop
  vertex 0.3982961 -1.494289 1.455542
  vertex 0.3891041 -1.494289 1.282782
  vertex 0.1488391 -1.494289 1.279842
 endloop
endfacet
facet normal 2.38037e-07 1 5.266586e-06
 outer loop
  vertex 0.1692701 1.50571 0.3501915
  vertex 0.09404108 1.505711 0.1725115
  vertex -0.04733792 1.505711 0.1789015
 endloop
endfacet
facet normal 0.73809385 0.0022288142 -0.6746943
 outer loop
  vertex 0.4811161 0.9273736 -0.9252185
  vertex 0.3474451 0.9643776 -1.071328
  vertex 0.4824571 1.206778 -0.9228285
 endloop
endfacet
facet normal -0.16200528 0.98302233 -0.08614751
 outer loop
  vertex -0.3034889 -1.474157 -1.083298
  vertex -0.4393519 -1.498579 -1.106478
  vertex -0.4731419 -1.487802 -0.9199585
 endloop
endfacet
facet normal -0.7340961 -0.041760884 -0.67776024
 outer loop
  vertex -0.4303989 0.2751376 -0.9230085
  vertex -0.3171009 0.4675236 -1.057578
  vertex -0.2892259 0.2868566 -1.076638
 endloop
endfacet
facet normal 0 -1 -0
 outer loop
  vertex -0.05352692 -1.504289 -0.5937285
  vertex -0.04177792 -1.504289 -0.3888185
  vertex -0.3395489 -1.504289 -0.5558785
 endloop
endfacet
facet normal 0 -1 0
 outer loop
  vertex -0.3647239 -1.504289 1.801532
  vertex -0.3604219 -1.504289 1.526702
  vertex -0.04077792 -1.504289 1.514602
 endloop
endfacet
facet normal 0.008177945 0.99996597 0.001090526
 outer loop
  vertex 0.09880508 1.505711 1.031462
  vertex 0.3736581 1.503223 1.251722
  vertex 0.1299911 1.505712 0.7966115
 endloop
endfacet
facet normal -0 -1 -0
 outer loop
  vertex -0.04518592 -1.504289 1.079492
  vertex 0.08937608 -1.504289 1.078342
  vertex -0.04077792 -1.504289 1.266142
 endloop
endfacet
facet normal 0.99924123 0.00073070684 -0.038941547
 outer loop
  vertex 0.5533911 0.4639126 -0.7253285
  vertex 0.5572331 0.6762456 -0.6227585
  vertex 0.5574371 0.2794606 -0.6249685
 endloop
endfacet
facet normal 3.588097e-06 1 7.514136e-08
 outer loop
  vertex -0.03600592 1.505711 0.8098215
  vertex -0.3349489 1.505712 0.8065315
  vertex -0.04077792 1.505711 1.037692
 endloop
endfacet
facet normal 0.34953398 0.054030776 -0.9353645
 outer loop
  vertex 0.04889508 1.161258 -1.186308
  vertex 0.08758708 1.488818 -1.152928
  vertex 0.3451871 1.207469 -1.072918
 endloop
endfacet
facet normal -0.9389802 0.0135561805 -0.34370366
 outer loop
  vertex -0.4310169 -0.2904004 -0.9218385
  vertex -0.4387179 -0.4660714 -0.9077285
  vertex -0.5022859 -0.2707034 -0.7263585
 endloop
endfacet
facet normal 0.30336636 0.024935545 0.9525476
 outer loop
  vertex 0.5574361 -1.150129 -0.6250885
  vertex 0.4290481 -1.504289 -0.5749285
  vertex 0.5567671 -1.410539 -0.6180585
 endloop
endfacet
facet normal -0.033883784 -0.99942565 0.0005947026
 outer loop
  vertex -0.5095339 -1.499332 1.881442
  vertex -0.5094869 -1.49955 1.517702
  vertex -0.3647239 -1.504289 1.801532
 endloop
endfacet
facet normal 0 -1 -0
 outer loop
  vertex -0.3822109 1.495711 0.1547715
  vertex -0.3589539 1.495711 0.3448315
  vertex -0.3722629 1.495711 0.5480015
 endloop
endfacet
facet normal -0.7606683 -0.005971652 -0.64911324
 outer loop
  vertex -0.4388959 0.4673316 -0.9074485
  vertex -0.4360909 0.6665716 -0.9125685
  vertex -0.3072959 0.6709256 -1.063538
 endloop
endfacet
facet normal -0.062004812 0.998074 0.0019235082
 outer loop
  vertex -0.4241819 -1.494289 1.537722
  vertex -0.5094869 -1.49955 1.517702
  vertex -0.5095209 -1.500097 1.800462
 endloop
endfacet
facet normal -0.029096076 0.9995749 0.0018265243
 outer loop
  vertex -0.5095349 1.500306 1.881442
  vertex -0.3296139 1.505711 1.789652
  vertex -0.5094869 1.500972 1.517722
 endloop
endfacet
facet normal 0.87122214 -0.0002643596 -0.49088883
 outer loop
  vertex 0.4917001 0.6539096 -0.9065685
  vertex 0.4829111 0.2851336 -0.9219685
  vertex 0.4832141 0.4666616 -0.9215285
 endloop
endfacet
facet normal 0 -1 -0
 outer loop
  vertex 0.08338908 1.495711 1.063262
  vertex 0.1488391 1.495711 1.279852
  vertex -0.04218292 1.495711 1.068932
 endloop
endfacet
facet normal -0.98552305 0.024701903 0.16773218
 outer loop
  vertex -0.4724139 -1.472825 -0.3877785
  vertex -0.5071519 -1.207637 -0.6309385
  vertex -0.5080569 -1.468228 -0.5978785
 endloop
endfacet
facet normal 2.8853676e-05 -1 -8.427026e-06
 outer loop
  vertex -0.03036292 1.50571 0.3501915
  vertex -0.04733792 1.505711 0.1789015
  vertex 0.09463708 1.505712 0.5377015
 endloop
endfacet
facet normal -0.027064785 0.99963355 -0.00045180926
 outer loop
  vertex -0.3243829 1.50571 0.3482815
  vertex -0.3213889 1.50571 0.1689315
  vertex -0.5094669 1.500609 0.1494415
 endloop
endfacet
facet normal 0.9992684 0.0003916982 -0.03824077
 outer loop
  vertex 0.5533911 0.4639126 -0.7253285
  vertex 0.5532741 0.6813726 -0.7261585
  vertex 0.5572331 0.6762456 -0.6227585
 endloop
endfacet
facet normal 0.00027630743 -0.9999993 -0.0011259342
 outer loop
  vertex -0.02860992 -1.504289 -0.7164985
  vertex -0.3483699 -1.504289 -0.7949685
  vertex -0.1116469 -1.503907 -1.076208
 endloop
endfacet
facet normal -0.022626119 0.99968964 -0.010428424
 outer loop
  vertex 0.3739381 -1.501741 0.1657615
  vertex 0.1791681 -1.504289 0.3440915
  vertex 0.09668508 -1.504289 0.5230515
 endloop
endfacet
facet normal -0.33199915 0.006891094 -0.9432545
 outer loop
  vertex 0.1821951 -0.6376826 -0.1571685
  vertex 0.2836411 -0.4657414 -0.1916185
  vertex 0.2997891 -0.8977834 -0.2004585
 endloop
endfacet
facet normal -0.99876785 -0.049031746 -0.0076628267
 outer loop
  vertex -0.5076219 1.466905 -0.5956885
  vertex -0.5095349 1.503916 -0.5831685
  vertex -0.5075289 1.485995 -0.7299585
 endloop
endfacet
facet normal 0 1 0
 outer loop
  vertex -0.3548949 -1.504289 1.247192
  vertex -0.3426679 -1.504289 1.053102
  vertex -0.3314789 -1.504289 0.8172515
 endloop
endfacet
facet normal 0.46282697 0.88608277 -0.02546735
 outer loop
  vertex 0.3739381 -1.501741 0.1657615
  vertex 0.3597751 -1.502578 -0.1207485
  vertex 0.2915001 -1.467204 -0.1307685
 endloop
endfacet
facet normal 0.33175412 -0.0070160804 0.9433398
 outer loop
  vertex 0.1821951 -0.6376826 -0.1571685
  vertex 0.08232508 -0.9149717 -0.1241085
  vertex 0.2997891 -0.8977834 -0.2004585
 endloop
endfacet
facet normal -0.034269486 -0.99940383 0.0041934447
 outer loop
  vertex -0.3822109 1.495711 0.1547715
  vertex -0.3589539 1.495711 0.3448315
  vertex -0.5094709 1.500896 0.3505015
 endloop
endfacet
facet normal 0.5570853 -0.030629136 0.8298902
 outer loop
  vertex 0.1821951 -0.6376826 -0.1571685
  vertex 0.4474301 -0.6581156 -0.3359685
  vertex 0.4362811 -0.4669364 -0.3214285
 endloop
endfacet
facet normal 0.94484127 -6.546026e-05 -0.3275285
 outer loop
  vertex 0.5532701 -0.8324144 -0.7261785
  vertex 0.4892341 -0.9253945 -0.9108885
  vertex 0.5532101 -0.5980394 -0.7263985
 endloop
endfacet
facet normal 0 1 0
 outer loop
  vertex -0.07103292 -1.494289 0.1530715
  vertex -0.06390392 -1.494289 0.3234015
  vertex 0.1330431 -1.494289 0.3298415
 endloop
endfacet
facet normal -0.31686568 -0.007615605 -0.94843984
 outer loop
  vertex 0.1821951 -0.6376826 -0.1571685
  vertex 0.07747908 -0.4664744 -0.1235585
  vertex 0.07092008 -0.2757674 -0.1228985
 endloop
endfacet
facet normal 0.015673127 -0.99894536 0.04315547
 outer loop
  vertex -0.03931992 1.495711 1.798102
  vertex 0.1974511 1.495711 1.712112
  vertex 0.09412208 1.501405 1.881442
 endloop
endfacet
facet normal -0.5660534 0.0034915984 -0.8243612
 outer loop
  vertex -0.3004699 -0.2803494 -1.068648
  vertex -0.2981379 -0.6578163 -1.071848
  vertex -0.3117519 -0.4661184 -1.061688
 endloop
endfacet
facet normal 0.74105847 0.0037986771 -0.6714298
 outer loop
  vertex 0.4849441 -0.004911362 -0.9184885
  vertex 0.3488781 -0.2829714 -1.070238
  vertex 0.3448121 -0.01294936 -1.073198
 endloop
endfacet
facet normal 0.7412328 -0.002858218 -0.6712419
 outer loop
  vertex 0.4849441 -0.004911362 -0.9184885
  vertex 0.3448121 -0.01294936 -1.073198
  vertex 0.4829111 0.2851336 -0.9219685
 endloop
endfacet
facet normal 0.37058428 -0.004601061 -0.92878747
 outer loop
  vertex 0.3448121 -0.01294936 -1.073198
  vertex 0.3488781 -0.2829714 -1.070238
  vertex 0.06572408 0.008156638 -1.184658
 endloop
endfacet
facet normal -0 -1 0
 outer loop
  vertex -0.4241809 1.495711 1.537742
  vertex -0.4148739 1.495711 1.276962
  vertex -0.1211829 1.495711 1.470962
 endloop
endfacet
facet normal 0 -1 0
 outer loop
  vertex 0.09668508 -1.504289 0.5230515
  vertex 0.09463708 -1.504289 0.8096815
  vertex -0.04178992 -1.504289 0.8054815
 endloop
endfacet
facet normal 0.999306 9.506216e-05 -0.037247285
 outer loop
  vertex 0.5532771 0.9534316 -0.7259185
  vertex 0.5532361 1.211485 -0.7263585
  vertex 0.5571351 1.209294 -0.6217585
 endloop
endfacet
facet normal -3.080851e-06 1 0
 outer loop
  vertex -0.04077792 1.505711 1.506442
  vertex -0.3503269 1.50571 1.516332
  vertex -0.04077792 1.505711 1.787692
 endloop
endfacet
facet normal 0.014488243 -0.99989504 0.00028371386
 outer loop
  vertex 0.08937608 -1.504289 1.078342
  vertex 0.09463708 -1.504289 0.8096815
  vertex 0.4172591 -1.499612 0.8179315
 endloop
endfacet
facet normal 0.75527203 0.018114818 -0.6551611
 outer loop
  vertex 0.4917001 0.6539096 -0.9065685
  vertex 0.4832141 0.4666616 -0.9215285
  vertex 0.3628331 0.4668856 -1.060298
 endloop
endfacet
facet normal 0.36298746 -8.271707e-05 -0.9317941
 outer loop
  vertex -0.1451949 -0.6446266 -0.1610685
  vertex -0.2536329 -0.90202 -0.2032885
  vertex -0.2539699 -0.4657934 -0.2034585
 endloop
endfacet
facet normal -0.06104555 0.9981326 -0.0021792941
 outer loop
  vertex -0.4241819 -1.494289 1.537722
  vertex -0.4148729 -1.494289 1.276962
  vertex -0.5094869 -1.49955 1.517702
 endloop
endfacet
facet normal 0.000110574525 -0.99999386 0.003500195
 outer loop
  vertex 0.1945251 -1.504027 -1.118868
  vertex 0.02109708 -1.504289 -1.188248
  vertex 0.02711208 -1.504289 -1.188438
 endloop
endfacet
facet normal 0.36741635 0.016513662 -0.92990994
 outer loop
  vertex 0.05761808 -0.2897524 -1.185438
  vertex 0.3488781 -0.2829714 -1.070238
  vertex 0.06842208 -0.4687504 -1.184348
 endloop
endfacet
facet normal 5.625224e-07 1 -4.0168015e-06
 outer loop
  vertex 0.09171008 1.505711 -0.1201185
  vertex -0.04788092 1.50571 -0.3770885
  vertex -0.03532292 1.505711 -0.1379085
 endloop
endfacet
facet normal -0.03098472 -0.9995178 -0.0019940466
 outer loop
  vertex -0.3279969 -1.504289 -0.3829585
  vertex -0.3434809 -1.504289 -0.1423585
  vertex -0.5094669 -1.499192 -0.1180585
 endloop
endfacet
facet normal -0.6916029 -0.006295275 0.7222505
 outer loop
  vertex -0.3891509 0.9234826 -0.3289185
  vertex -0.3960869 0.6380016 -0.3380485
  vertex -0.2538669 0.4676166 -0.2033485
 endloop
endfacet
facet normal 0.019054197 0.99981827 -0.0006648015
 outer loop
  vertex 0.4747831 -1.497503 0.3439015
  vertex 0.2997761 -1.494289 0.1615915
  vertex 0.3062311 -1.494289 0.3466015
 endloop
endfacet
facet normal -0.73786896 -0.007661598 -0.6749004
 outer loop
  vertex -0.2871379 -1.212005 -1.077758
  vertex -0.4330239 -1.22013 -0.9181685
  vertex -0.2944189 -0.9450591 -1.072828
 endloop
endfacet
facet normal 0 1 -0
 outer loop
  vertex -0.1099269 -1.494289 1.279352
  vertex 0.1488391 -1.494289 1.279842
  vertex -0.04218292 -1.494289 1.068942
 endloop
endfacet
facet normal 0.49763533 0.029558133 -0.8668826
 outer loop
  vertex 0.04889508 1.161258 -1.186308
  vertex 0.02804408 1.451594 -1.188378
  vertex 0.08758708 1.488818 -1.152928
 endloop
endfacet
facet normal 0.9399145 -0.0050621335 -0.34137234
 outer loop
  vertex 0.4849441 -0.004911362 -0.9184885
  vertex 0.5532311 -0.2822504 -0.7263585
  vertex 0.4808291 -0.2820804 -0.9257085
 endloop
endfacet
facet normal 0 -1 -0
 outer loop
  vertex -0.02860992 -1.504289 -0.7164985
  vertex 0.09647108 -1.504289 -0.5800685
  vertex -0.05352692 -1.504289 -0.5937285
 endloop
endfacet
facet normal -0 -1 -0
 outer loop
  vertex -0.3822109 1.495711 0.1547715
  vertex -0.07103292 1.495711 0.1530715
  vertex -0.3589539 1.495711 0.3448315
 endloop
endfacet
facet normal -0.04229257 0.99910295 -0.0021602702
 outer loop
  vertex -0.3626019 -1.494289 1.075202
  vertex -0.5094929 -1.500071 1.276832
  vertex -0.5094869 -1.49955 1.517702
 endloop
endfacet
facet normal 0.0045658806 -0.99745363 0.07117098
 outer loop
  vertex -0.04077592 -1.500198 1.881442
  vertex 0.09880508 -1.504289 1.815152
  vertex 0.09422708 -1.49958 1.881442
 endloop
endfacet
facet normal -0.9337995 -0.0053767706 0.3577562
 outer loop
  vertex -0.3960869 0.6380016 -0.3380485
  vertex -0.5063129 0.9611806 -0.6208985
  vertex -0.5068049 0.6800006 -0.6264085
 endloop
endfacet
facet normal 0.15326877 0.14019871 0.97818863
 outer loop
  vertex 0.1749441 -1.20707 -0.1553985
  vertex -0.02236492 -1.216729 -0.1230985
  vertex -0.04551792 -1.462899 -0.08418848
 endloop
endfacet
facet normal -0.13614784 0.9876255 0.07784364
 outer loop
  vertex -0.5094669 -1.499192 -0.1180585
  vertex -0.3683409 -1.478216 -0.1373585
  vertex -0.4724139 -1.472825 -0.3877785
 endloop
endfacet
facet normal 0.9955566 5.901361e-06 0.09416539
 outer loop
  vertex 0.5576001 -0.2895864 -0.6267385
  vertex 0.5553311 -0.4726474 -0.6027385
  vertex 0.5573891 -0.5964269 -0.6244885
 endloop
endfacet
facet normal 0.991131 -4.9181865e-05 -0.1328881
 outer loop
  vertex 0.5532101 -0.5980394 -0.7263985
  vertex 0.5532311 -0.2822504 -0.7263585
  vertex 0.5533611 -0.4724914 -0.7253185
 endloop
endfacet
facet normal 0.013660192 -0.9999066 -0.00038267398
 outer loop
  vertex 0.08937608 -1.504289 1.078342
  vertex 0.4181841 -1.4998 1.086012
  vertex 0.09463708 -1.504289 1.266142
 endloop
endfacet
facet normal 0.14633802 0.97547174 0.16443862
 outer loop
  vertex 0.5265871 1.488355 -0.5928585
  vertex 0.4112821 1.504751 -0.5875085
  vertex 0.4621561 1.457988 -0.3553785
 endloop
endfacet
facet normal -0.6790476 -0.029543914 0.7334995
 outer loop
  vertex -0.2289709 -1.209491 -0.1897785
  vertex -0.3880649 -0.9598876 -0.3270085
  vertex -0.4069819 -1.211572 -0.3546585
 endloop
endfacet
facet normal -0.92872363 -0.0003024869 0.37077266
 outer loop
  vertex -0.3912539 0.2922656 -0.3313085
  vertex -0.5062049 -0.01028136 -0.6194885
  vertex -0.3910449 -0.006104362 -0.3310285
 endloop
endfacet
facet normal -0.59381783 0.79305303 -0.13582052
 outer loop
  vertex -0.4241819 -1.494289 1.537722
  vertex -0.5095339 -1.499332 1.881442
  vertex -0.4804069 -1.494289 1.783542
 endloop
endfacet
facet normal -0.87750745 3.035776e-05 -0.479563
 outer loop
  vertex -0.4303989 0.2751376 -0.9230085
  vertex -0.4388959 0.4673316 -0.9074485
  vertex -0.4360909 0.6665716 -0.9125685
 endloop
endfacet
facet normal -0.031372122 -0.9995076 0.0005820251
 outer loop
  vertex 0.4032381 1.502184 1.062022
  vertex 0.3736581 1.503223 1.251722
  vertex 0.4068301 1.501942 0.8400615
 endloop
endfacet
facet normal -0.8540507 -0.46349913 0.23614825
 outer loop
  vertex -0.1451949 -0.6446266 -0.1610685
  vertex -0.2539699 -0.4657934 -0.2034585
  vertex -0.3927979 -0.2761594 -0.3333385
 endloop
endfacet
facet normal -0.035933603 0.99935144 -0.002353545
 outer loop
  vertex -0.3589529 -1.494289 0.3447915
  vertex -0.5094729 -1.499201 0.5571915
  vertex -0.3722619 -1.494289 0.5479915
 endloop
endfacet
facet normal -0.9992748 0.0024929876 -0.03799584
 outer loop
  vertex -0.5023349 0.9552376 -0.7259085
  vertex -0.5068049 0.6800006 -0.6264085
  vertex -0.5063129 0.9611806 -0.6208985
 endloop
endfacet
facet normal -0.81298 -1.3050942e-05 0.58229166
 outer loop
  vertex -0.3960869 0.6380016 -0.3380485
  vertex -0.3912539 0.2922656 -0.3313085
  vertex -0.3813009 0.4667656 -0.3174085
 endloop
endfacet
facet normal -0 -1 0
 outer loop
  vertex 0.4290481 -1.504289 -0.5749285
  vertex 0.5320411 -1.504289 -0.7297585
  vertex 0.5601701 -1.504289 -0.6531085
 endloop
endfacet
facet normal 0.01008172 0.9999492 -8.030771e-05
 outer loop
  vertex 0.3857011 1.50277 0.1671715
  vertex 0.09171008 1.505711 -0.1201185
  vertex 0.09404108 1.505711 0.1725115
 endloop
endfacet
facet normal 0.94638425 0.00027464217 -0.323043
 outer loop
  vertex 0.4917001 0.6539096 -0.9065685
  vertex 0.5532771 0.9534316 -0.7259185
  vertex 0.5532741 0.6813726 -0.7261585
 endloop
endfacet
facet normal -0.9998019 -0.019902144 1.5753634e-05
 outer loop
  vertex -0.5095349 1.503916 -0.5831685
  vertex -0.5095139 1.502696 -0.7928785
  vertex -0.5094699 1.500814 -0.3788685
 endloop
endfacet
facet normal -3.0758017e-06 1 1.5803738e-07
 outer loop
  vertex -0.04077792 1.505711 1.506442
  vertex -0.3649129 1.50571 1.232452
  vertex -0.3503269 1.50571 1.516332
 endloop
endfacet
facet normal -0.9949259 0.100609034 0.00048577666
 outer loop
  vertex -0.5095349 -1.502494 -0.5831685
  vertex -0.5079299 -1.48592 -0.7286385
  vertex -0.5095139 -1.501274 -0.7928685
 endloop
endfacet
facet normal 0.058754135 -0.99826956 0.0024123965
 outer loop
  vertex 0.3031841 1.495711 0.7859015
  vertex 0.3139691 1.495711 0.5232315
  vertex 0.4068301 1.501942 0.8400615
 endloop
endfacet
facet normal 0 0.99768394 0.0680206
 outer loop
  vertex -0.2476529 -1.494289 1.798102
  vertex -0.3399659 -1.499971 1.881442
  vertex -0.03931992 -1.494289 1.798102
 endloop
endfacet
facet normal -0.9287357 0.0028573994 0.37073168
 outer loop
  vertex -0.3927979 -0.2761594 -0.3333385
  vertex -0.3910449 -0.006104362 -0.3310285
  vertex -0.5062049 -0.01028136 -0.6194885
 endloop
endfacet
facet normal 0.5234628 0.8502917 -0.054687407
 outer loop
  vertex 0.3891041 1.495711 1.282772
  vertex 0.3736581 1.503223 1.251722
  vertex 0.4025031 1.502772 1.520812
 endloop
endfacet
facet normal 0.72953707 -0.040878795 -0.6827186
 outer loop
  vertex 0.3321791 -1.215487 -1.082108
  vertex 0.3721551 -0.98038 -1.053468
  vertex 0.4848781 -1.22215 -0.9185385
 endloop
endfacet
facet normal -0.37411094 0.004253669 -0.9273742
 outer loop
  vertex -0.004083915 0.6989166 -1.185728
  vertex -0.007806915 0.4586736 -1.185328
  vertex -0.3072959 0.6709256 -1.063538
 endloop
endfacet
facet normal -0.93507445 -0.13253954 -0.3287385
 outer loop
  vertex -0.4338669 1.201744 -0.9166685
  vertex -0.5022909 1.212428 -0.7263485
  vertex -0.4722139 1.489349 -0.9235485
 endloop
endfacet
facet normal 0.8422074 0.0034336315 0.5391427
 outer loop
  vertex 0.4525741 0.2832006 -0.3453085
  vertex 0.4462061 0.6188416 -0.3374985
  vertex 0.4388051 0.4667316 -0.3249685
 endloop
endfacet
facet normal -0.0013885029 -0.9999986 -0.00092363276
 outer loop
  vertex 0.4290481 -1.504289 -0.5749285
  vertex 0.3938451 -1.503969 -0.8685485
  vertex 0.5320411 -1.504289 -0.7297585
 endloop
endfacet
facet normal 0.9257169 0.005396843 0.37817866
 outer loop
  vertex 0.4437781 -0.2832544 -0.3323785
  vertex 0.4474301 -0.6581156 -0.3359685
  vertex 0.5553311 -0.4726474 -0.6027385
 endloop
endfacet
facet normal -0.9989936 0.00036754188 -0.04485207
 outer loop
  vertex -0.5023249 0.6840876 -0.7261585
  vertex -0.5024419 0.4673526 -0.7253285
  vertex -0.5068049 0.6800006 -0.6264085
 endloop
endfacet
facet normal -0.68704677 0.026862407 0.72611654
 outer loop
  vertex 0.2883311 1.495711 1.798102
  vertex 0.3766231 1.501155 1.881442
  vertex 0.1974511 1.495711 1.712112
 endloop
endfacet
facet normal -0.0386572 0.9992413 0.004731301
 outer loop
  vertex -0.5094669 -1.499187 0.1494515
  vertex -0.3589529 -1.494289 0.3447915
  vertex -0.3822109 -1.494289 0.1547615
 endloop
endfacet
facet normal -0 1 0
 outer loop
  vertex 0.1452851 -1.494289 1.490422
  vertex -0.1211829 -1.494289 1.470962
  vertex -0.03931992 -1.494289 1.798102
 endloop
endfacet
facet normal 0.86976075 8.376516e-06 -0.49347365
 outer loop
  vertex 0.4917001 0.6539096 -0.9065685
  vertex 0.4832141 0.4666616 -0.9215285
  vertex 0.4811161 0.9273736 -0.9252185
 endloop
endfacet
facet normal -0 -1 0
 outer loop
  vertex 0.1887371 -1.504289 -0.3722285
  vertex -0.05352692 -1.504289 -0.5937285
  vertex 0.09647108 -1.504289 -0.5800685
 endloop
endfacet
facet normal 0.03817574 0.9281126 -0.37033704
 outer loop
  vertex -0.04910592 1.491404 -1.160538
  vertex 0.09429408 1.50408 -1.113988
  vertex 0.08758708 1.488818 -1.152928
 endloop
endfacet
facet normal -0.61686724 0.04147192 0.78597385
 outer loop
  vertex -0.3960869 0.6380016 -0.3380485
  vertex -0.3813009 0.4667656 -0.3174085
  vertex -0.2356059 0.2836506 -0.1933985
 endloop
endfacet
facet normal -0.026813833 0.9996404 -0.00037917675
 outer loop
  vertex -0.3266059 1.50571 -0.4026085
  vertex -0.5094699 1.500814 -0.3788685
  vertex -0.3302459 1.505712 -0.1398585
 endloop
endfacet
facet normal 0 -1 0
 outer loop
  vertex 0.3031841 1.495711 0.7859015
  vertex 0.08719208 1.495711 0.8189415
  vertex 0.09887208 1.495711 0.5212815
 endloop
endfacet
facet normal 0.008027723 0.9999659 -0.0019218116
 outer loop
  vertex 0.09880508 1.505711 1.781442
  vertex 0.4216191 1.50315 1.797352
  vertex 0.4025031 1.502772 1.520812
 endloop
endfacet
facet normal 0.93245554 -0.016419483 0.36091152
 outer loop
  vertex 0.4437781 -0.2832544 -0.3323785
  vertex 0.5576001 -0.2895864 -0.6267385
  vertex 0.5559831 -0.005543362 -0.6096385
 endloop
endfacet
facet normal -0 -1 0
 outer loop
  vertex 0.3031841 1.495711 0.7859015
  vertex 0.09887208 1.495711 0.5212815
  vertex 0.3139691 1.495711 0.5232315
 endloop
endfacet
facet normal -0.0069850865 0.9989566 0.04513071
 outer loop
  vertex -0.5095349 1.500306 1.881442
  vertex -0.3497909 1.501423 1.881442
  vertex -0.3296139 1.505711 1.789652
 endloop
endfacet
facet normal 0.014204605 0.9301152 -0.36699313
 outer loop
  vertex 0.08758708 1.488818 -1.152928
  vertex 0.09429408 1.50408 -1.113988
  vertex 0.3970881 1.502127 -1.107218
 endloop
endfacet
facet normal 0.93693364 0.011381766 0.34932178
 outer loop
  vertex 0.4552351 1.209329 -0.3484485
  vertex 0.5561051 0.9598556 -0.6108685
  vertex 0.5571351 1.209294 -0.6217585
 endloop
endfacet
facet normal 0.7369795 0.024662552 -0.6754649
 outer loop
  vertex 0.4732581 -0.6514014 -0.9390685
  vertex 0.3588751 -0.660156 -1.064188
  vertex 0.4832811 -0.4675104 -0.9214185
 endloop
endfacet
facet normal 0.008741709 0.9999615 0.00073877384
 outer loop
  vertex 0.09210708 1.505711 1.215602
  vertex 0.4025031 1.502772 1.520812
  vertex 0.3736581 1.503223 1.251722
 endloop
endfacet
facet normal -3.495102e-06 1 8.9952046e-08
 outer loop
  vertex -0.3243829 1.50571 0.3482815
  vertex -0.3195349 1.50571 0.5366515
  vertex -0.04649192 1.505711 0.5437515
 endloop
endfacet
facet normal 0 1 -0
 outer loop
  vertex -0.04077792 1.505711 1.506442
  vertex 0.09880508 1.505711 1.781442
  vertex 0.09570608 1.505711 1.488572
 endloop
endfacet
facet normal -0.99904644 9.617875e-05 -0.04365932
 outer loop
  vertex -0.5023349 0.9552376 -0.7259085
  vertex -0.5067009 1.215917 -0.6254285
  vertex -0.5022909 1.212428 -0.7263485
 endloop
endfacet
facet normal 0.99914587 -0.0036779705 -0.041159187
 outer loop
  vertex 0.5574361 -1.150129 -0.6250885
  vertex 0.5567671 -1.410539 -0.6180585
  vertex 0.5532811 -1.149825 -0.7259785
 endloop
endfacet
facet normal 0.013155542 0.99991333 -0.0005056111
 outer loop
  vertex 0.3857011 1.50277 0.1671715
  vertex 0.1692701 1.50571 0.3501915
  vertex 0.3734911 1.503119 0.5397615
 endloop
endfacet
facet normal 0.009592427 0.9999539 -0.00012647243
 outer loop
  vertex 0.09210708 1.505711 1.215602
  vertex 0.09570608 1.505711 1.488572
  vertex 0.4025031 1.502772 1.520812
 endloop
endfacet
facet normal 0.77186453 0.0050593433 -0.63576686
 outer loop
  vertex 0.4892341 -0.9253945 -0.9108885
  vertex 0.4848781 -1.22215 -0.9185385
  vertex 0.3721551 -0.98038 -1.053468
 endloop
endfacet
facet normal 0 1 0
 outer loop
  vertex 0.1207441 -1.494289 0.1499715
  vertex 0.1330431 -1.494289 0.3298415
  vertex 0.3062311 -1.494289 0.3466015
 endloop
endfacet
facet normal -0.7764852 0.016669104 -0.62991494
 outer loop
  vertex -0.4303989 0.2751376 -0.9230085
  vertex -0.4388959 0.4673316 -0.9074485
  vertex -0.3171009 0.4675236 -1.057578
 endloop
endfacet
facet normal -0.009713522 0.9999359 -0.005818099
 outer loop
  vertex -0.3212879 1.50571 -0.5891285
  vertex -0.5095139 1.502696 -0.7928785
  vertex -0.5095349 1.503916 -0.5831685
 endloop
endfacet
facet normal -0.74704087 -0.0066551086 -0.6647448
 outer loop
  vertex -0.4310169 -0.2904004 -0.9218385
  vertex -0.3067429 -0.01569536 -1.064248
  vertex -0.3004699 -0.2803494 -1.068648
 endloop
endfacet
facet normal 0.7384764 0.006599586 -0.67424697
 outer loop
  vertex 0.4849441 -0.004911362 -0.9184885
  vertex 0.4808291 -0.2820804 -0.9257085
  vertex 0.3488781 -0.2829714 -1.070238
 endloop
endfacet
facet normal 0 -1 -0
 outer loop
  vertex -0.3822109 -1.494289 0.1547615
  vertex -0.3589529 -1.494289 0.3447915
  vertex -0.3722619 -1.494289 0.5479915
 endloop
endfacet
facet normal -0.94198257 0.0008788949 -0.33566064
 outer loop
  vertex -0.5023349 0.9552376 -0.7259085
  vertex -0.4352409 0.9741556 -0.9141485
  vertex -0.4360909 0.6665716 -0.9125685
 endloop
endfacet
facet normal -0 -1 0
 outer loop
  vertex -0.3626019 1.495711 1.075222
  vertex -0.3738729 1.495711 0.8127615
  vertex -0.03780792 1.495711 0.8189415
 endloop
endfacet
facet normal -0.33555397 0.94201326 0.0038240165
 outer loop
  vertex -0.5095169 -1.500226 -1.051288
  vertex -0.5095139 -1.501274 -0.7928685
  vertex -0.4731419 -1.487802 -0.9199585
 endloop
endfacet
facet normal 3.6692584e-06 1 -7.29954e-06
 outer loop
  vertex -0.03600592 1.505711 0.8098215
  vertex -0.3195349 1.50571 0.5366515
  vertex -0.3349489 1.505712 0.8065315
 endloop
endfacet
facet normal 0 1 -0
 outer loop
  vertex -0.4241819 -1.494289 1.537722
  vertex -0.03931992 -1.494289 1.798102
  vertex -0.1211829 -1.494289 1.470962
 endloop
endfacet
facet normal 0.73792136 0.0024400558 -0.67488235
 outer loop
  vertex 0.4824571 1.206778 -0.9228285
  vertex 0.3474451 0.9643776 -1.071328
  vertex 0.3451871 1.207469 -1.072918
 endloop
endfacet
facet normal 0.932366 0.035609283 0.3597577
 outer loop
  vertex 0.4437781 -0.2832544 -0.3323785
  vertex 0.5553311 -0.4726474 -0.6027385
  vertex 0.5576001 -0.2895864 -0.6267385
 endloop
endfacet
facet normal 0.9353708 -0.041027937 0.351281
 outer loop
  vertex 0.4525741 0.2832006 -0.3453085
  vertex 0.5574371 0.2794606 -0.6249685
  vertex 0.5547091 0.4640226 -0.5961485
 endloop
endfacet
facet normal -0.31306064 -0.0006716864 0.94973284
 outer loop
  vertex -0.02240692 -0.2862444 -0.1230785
  vertex -0.2354119 -0.2821864 -0.1932885
  vertex -0.02201992 -0.4666184 -0.1230785
 endloop
endfacet
facet normal -0.3790603 0.006750168 -0.9253473
 outer loop
  vertex -0.2871379 -1.212005 -1.077758
  vertex -0.2944189 -0.9450591 -1.072828
  vertex -0.02282692 -0.9100607 -1.183828
 endloop
endfacet
facet normal -0.7464192 -0.020704385 -0.6651538
 outer loop
  vertex -0.4310169 -0.2904004 -0.9218385
  vertex -0.3004699 -0.2803494 -1.068648
  vertex -0.4387179 -0.4660714 -0.9077285
 endloop
endfacet
facet normal -0.06104636 -0.9981326 -0.002178688
 outer loop
  vertex -0.5094869 1.500972 1.517722
  vertex -0.4148739 1.495711 1.276962
  vertex -0.4241809 1.495711 1.537742
 endloop
endfacet
facet normal -0.7469114 -0.014669538 -0.6647618
 outer loop
  vertex -0.4308579 -0.6817597 -0.9221985
  vertex -0.2981379 -0.6578163 -1.071848
  vertex -0.4394109 -0.9586388 -0.9064785
 endloop
endfacet
facet normal 0.93991953 0.0045313207 -0.34136602
 outer loop
  vertex 0.5532311 -0.2822504 -0.7263585
  vertex 0.4832811 -0.4675104 -0.9214185
  vertex 0.4808291 -0.2820804 -0.9257085
 endloop
endfacet
facet normal 0.00063138065 -0.9932991 0.11557056
 outer loop
  vertex -0.3822109 1.495711 0.1547715
  vertex -0.04394692 1.468913 -0.07739848
  vertex -0.07103292 1.495711 0.1530715
 endloop
endfacet
facet normal -0.7401759 0.017777044 -0.6721782
 outer loop
  vertex -0.4338669 1.201744 -0.9166685
  vertex -0.2874589 1.212299 -1.077608
  vertex -0.3036219 0.9628146 -1.066408
 endloop
endfacet
facet normal 0.91351783 -0.06828905 -0.40102586
 outer loop
  vertex 0.5571351 1.209294 -0.6217585
  vertex 0.5309721 1.491478 -0.7294085
  vertex 0.5601411 1.438893 -0.6540085
 endloop
endfacet
facet normal 0 1 0
 outer loop
  vertex -0.06390392 -1.494289 0.3234015
  vertex -0.3589529 -1.494289 0.3447915
  vertex -0.3722619 -1.494289 0.5479915
 endloop
endfacet
facet normal 0.013116798 -0.99991304 -0.0013588667
 outer loop
  vertex 0.09463708 -1.504289 1.266142
  vertex 0.4181841 -1.4998 1.086012
  vertex 0.4120371 -1.500129 1.268782
 endloop
endfacet
facet normal 0 1 -0
 outer loop
  vertex -0.1211829 -1.494289 1.470962
  vertex 0.1488391 -1.494289 1.279842
  vertex -0.1099269 -1.494289 1.279352
 endloop
endfacet
facet normal 0.9983462 0.04804204 -0.03157096
 outer loop
  vertex 0.5567671 -1.410539 -0.6180585
  vertex 0.5601701 -1.504289 -0.6531085
  vertex 0.5533771 -1.410539 -0.7252585
 endloop
endfacet
facet normal -0.85938793 -0.00030614392 -0.511324
 outer loop
  vertex 0.4373181 0.8997726 -0.3227285
  vertex 0.4462061 0.6188416 -0.3374985
  vertex 0.4388051 0.4667316 -0.3249685
 endloop
endfacet
facet normal 0.29389134 0.0006305561 -0.9558386
 outer loop
  vertex -0.02240692 -0.2862444 -0.1230785
  vertex -0.02201992 -0.4666184 -0.1230785
  vertex -0.1451949 -0.6446266 -0.1610685
 endloop
endfacet
facet normal 0.094615564 0.9915115 0.089178115
 outer loop
  vertex 0.3739381 -1.501741 0.1657615
  vertex 0.2915001 -1.467204 -0.1307685
  vertex 0.2997761 -1.494289 0.1615915
 endloop
endfacet
facet normal -0 1 -0
 outer loop
  vertex 0.08339108 -1.494289 1.063262
  vertex 0.08719208 -1.494289 0.8189415
  vertex -0.03780792 -1.494289 0.8189515
 endloop
endfacet
facet normal 0.9378504 0.0069574164 0.34697005
 outer loop
  vertex 0.5574361 -1.150129 -0.6250885
  vertex 0.4561471 -1.213398 -0.3500385
  vertex 0.5567671 -1.410539 -0.6180585
 endloop
endfacet
facet normal -0 -1 0
 outer loop
  vertex -0.07103292 1.495711 0.1530715
  vertex 0.1207471 1.495711 0.1499715
  vertex 0.1330431 1.495711 0.3298415
 endloop
endfacet
facet normal -0.079908155 0.99420416 -0.071920805
 outer loop
  vertex -0.4393519 -1.498579 -1.106478
  vertex -0.5095169 -1.500226 -1.051288
  vertex -0.4731419 -1.487802 -0.9199585
 endloop
endfacet
facet normal 0 -1 0
 outer loop
  vertex 0.1887371 -1.504289 -0.3722285
  vertex -0.04177792 -1.504289 -0.3888185
  vertex -0.05352692 -1.504289 -0.5937285
 endloop
endfacet
facet normal 0.24715878 0.96897477 0.0006668467
 outer loop
  vertex 0.4115821 -1.500182 1.514502
  vertex 0.4120371 -1.500129 1.268782
  vertex 0.3891041 -1.494289 1.282782
 endloop
endfacet
facet normal 0.87820923 -8.310944e-05 0.47827667
 outer loop
  vertex -0.4308579 -0.6817597 -0.9221985
  vertex -0.4310169 -0.2904004 -0.9218385
  vertex -0.4387179 -0.4660714 -0.9077285
 endloop
endfacet
facet normal -0 -1 -0
 outer loop
  vertex -0.3279969 -1.504289 -0.3829585
  vertex -0.04177792 -1.504289 -0.3888185
  vertex -0.1088189 -1.504289 -0.1206985
 endloop
endfacet
facet normal 0.008982581 -0.99995655 0.0024770924
 outer loop
  vertex 0.3739381 -1.501741 0.1657615
  vertex 0.09470208 -1.504289 0.1497715
  vertex 0.3597751 -1.502578 -0.1207485
 endloop
endfacet
facet normal -0 -1 0
 outer loop
  vertex -0.03510092 -1.504289 0.3498315
  vertex 0.09470208 -1.504289 0.1497715
  vertex 0.1791681 -1.504289 0.3440915
 endloop
endfacet
facet normal -0.9286975 -0.017154386 0.3704411
 outer loop
  vertex -0.3891509 0.9234826 -0.3289185
  vertex -0.4007929 1.209536 -0.3448585
  vertex -0.5063129 0.9611806 -0.6208985
 endloop
endfacet
facet normal -0 -1 -0
 outer loop
  vertex -0.04077792 -1.504289 1.266142
  vertex 0.09463708 -1.504289 1.266142
  vertex -0.04077792 -1.504289 1.514602
 endloop
endfacet
facet normal -0.55939215 -0.8189653 -0.1279697
 outer loop
  vertex -0.5095349 1.500306 1.881442
  vertex -0.4241809 1.495711 1.537742
  vertex -0.4804069 1.495711 1.783522
 endloop
endfacet
facet normal 0.8098405 0.5166738 -0.27786067
 outer loop
  vertex 0.3891041 1.495711 1.282772
  vertex 0.3151031 1.495711 1.067092
  vertex 0.3736581 1.503223 1.251722
 endloop
endfacet
facet normal 0 1 -0
 outer loop
  vertex -0.1211829 -1.494289 1.470962
  vertex -0.1099269 -1.494289 1.279352
  vertex -0.4148729 -1.494289 1.276962
 endloop
endfacet
facet normal -0.61141086 0.4447695 0.6544898
 outer loop
  vertex -0.3683409 -1.478216 -0.1373585
  vertex -0.2289709 -1.209491 -0.1897785
  vertex -0.4069819 -1.211572 -0.3546585
 endloop
endfacet
facet normal -0 -1 0
 outer loop
  vertex -0.3589539 1.495711 0.3448315
  vertex -0.07103292 1.495711 0.1530715
  vertex -0.06390592 1.495711 0.3234015
 endloop
endfacet
facet normal 0 -1 0
 outer loop
  vertex 0.09463708 -1.504289 1.514612
  vertex -0.04077792 -1.504289 1.810422
  vertex -0.04077792 -1.504289 1.514602
 endloop
endfacet
facet normal 0.67636114 -0.017316032 0.73636657
 outer loop
  vertex 0.4373181 0.8997726 -0.3227285
  vertex 0.2834701 0.4676686 -0.1915785
  vertex 0.4462061 0.6188416 -0.3374985
 endloop
endfacet
facet normal -0.9298313 0.029591594 0.36679426
 outer loop
  vertex -0.5068589 -0.972597 -0.6271285
  vertex -0.4069819 -1.211572 -0.3546585
  vertex -0.3880649 -0.9598876 -0.3270085
 endloop
endfacet
facet normal 0.11338838 0.99318177 -0.027075032
 outer loop
  vertex 0.5309721 1.491478 -0.7294085
  vertex 0.4911631 1.490451 -0.9337985
  vertex 0.3944101 1.50481 -0.8122685
 endloop
endfacet
facet normal 0.0010755471 -0.9999987 -0.0012190553
 outer loop
  vertex 0.1057831 -1.504289 -0.8601385
  vertex 0.3938451 -1.503969 -0.8685485
  vertex 0.4290481 -1.504289 -0.5749285
 endloop
endfacet
facet normal -0.9990157 -0.00021499417 -0.04435634
 outer loop
  vertex -0.5022859 -0.2707034 -0.7263585
  vertex -0.5067529 -0.2710574 -0.6257485
  vertex -0.5023719 0.003107638 -0.7257485
 endloop
endfacet
facet normal 0.08620755 0.99624145 0.008439043
 outer loop
  vertex 0.4115821 -1.500182 1.514502
  vertex 0.3723911 -1.499899 1.881442
  vertex 0.4007081 -1.501718 1.806912
 endloop
endfacet
facet normal 0.013159518 -0.999895 0.0060652485
 outer loop
  vertex 0.4017651 -1.500259 0.5255015
  vertex 0.09668508 -1.504289 0.5230515
  vertex 0.1791681 -1.504289 0.3440915
 endloop
endfacet
facet normal -0.034379415 0.9994078 0.0014309962
 outer loop
  vertex -0.5094669 -1.499187 0.1494515
  vertex -0.5094709 -1.499475 0.3505015
  vertex -0.3589529 -1.494289 0.3447915
 endloop
endfacet
facet normal -0.92754525 0.010588654 0.3735607
 outer loop
  vertex -0.3891509 0.9234826 -0.3289185
  vertex -0.5063129 0.9611806 -0.6208985
  vertex -0.3960869 0.6380016 -0.3380485
 endloop
endfacet
facet normal -0.77809584 0.023737455 -0.62769693
 outer loop
  vertex -0.4308579 -0.6817597 -0.9221985
  vertex -0.3004699 -0.2803494 -1.068648
  vertex -0.3117519 -0.4661184 -1.061688
 endloop
endfacet
facet normal 0.67508847 -0.0024445069 0.7377327
 outer loop
  vertex 0.4552351 1.209329 -0.3484485
  vertex 0.2841741 1.216745 -0.1918885
  vertex 0.2819491 0.9553686 -0.1907185
 endloop
endfacet
facet normal -0.02486763 -0.99056596 0.13476162
 outer loop
  vertex 0.1207471 1.495711 0.1499715
  vertex -0.04394692 1.468913 -0.07739848
  vertex 0.09543508 1.464403 -0.08482848
 endloop
endfacet
facet normal 9.948093e-05 -0.9999938 0.0035279253
 outer loop
  vertex -0.1116469 -1.503907 -1.076208
  vertex 0.02109708 -1.504289 -1.188248
  vertex 0.1945251 -1.504027 -1.118868
 endloop
endfacet
facet normal 0.0157372 -0.9998719 0.002901821
 outer loop
  vertex 0.4017651 -1.500259 0.5255015
  vertex 0.1791681 -1.504289 0.3440915
  vertex 0.3739381 -1.501741 0.1657615
 endloop
endfacet
facet normal -0.6700782 -0.007419202 0.7422535
 outer loop
  vertex -0.2437999 0.01118164 -0.1979285
  vertex -0.3910449 -0.006104362 -0.3310285
  vertex -0.2354119 -0.2821864 -0.1932885
 endloop
endfacet
facet normal 1.0848994e-06 1 4.6269697e-06
 outer loop
  vertex -0.04788092 1.50571 -0.3770885
  vertex 0.09361908 1.505711 -0.6163785
  vertex -0.03036092 1.505711 -0.5873085
 endloop
endfacet
facet normal 0.029502366 0.9995647 3.0410083e-05
 outer loop
  vertex 0.3857011 1.50277 0.1671715
  vertex 0.3734911 1.503119 0.5397615
  vertex 0.4768231 1.500075 0.3472615
 endloop
endfacet
facet normal -0.94012684 -0.0043522827 0.34079707
 outer loop
  vertex -0.5068589 -0.972597 -0.6271285
  vertex -0.5071519 -1.207637 -0.6309385
  vertex -0.4069819 -1.211572 -0.3546585
 endloop
endfacet
facet normal -0 -1 0
 outer loop
  vertex -0.04100892 -1.504289 0.1210615
  vertex 0.09124508 -1.504289 -0.1097285
  vertex 0.09470208 -1.504289 0.1497715
 endloop
endfacet
facet normal 0.9999933 -0.003647107 1.463856e-05
 outer loop
  vertex -0.5094669 -1.499187 0.1494515
  vertex -0.5094729 -1.499201 0.5571915
  vertex -0.5094709 -1.499475 0.3505015
 endloop
endfacet
facet normal 0.73847604 0.006648255 -0.6742469
 outer loop
  vertex 0.4808291 -0.2820804 -0.9257085
  vertex 0.3532361 -0.4668614 -1.067278
  vertex 0.3488781 -0.2829714 -1.070238
 endloop
endfacet
facet normal 0.64743125 -0.15255195 0.74669987
 outer loop
  vertex 0.1749441 -1.20707 -0.1553985
  vertex 0.4453021 -0.941356 -0.3355285
  vertex 0.2997891 -0.8977834 -0.2004585
 endloop
endfacet
facet normal -0.9917788 -1.0968529e-05 -0.12796402
 outer loop
  vertex -0.5022859 -0.2707034 -0.7263585
  vertex -0.5023059 -0.6760022 -0.7261685
  vertex -0.5024179 -0.4659314 -0.7253185
 endloop
endfacet
facet normal -0.026934834 0.999636 -0.00154587
 outer loop
  vertex -0.5094729 1.500624 0.5571815
  vertex -0.3349489 1.505712 0.8065315
  vertex -0.3195349 1.50571 0.5366515
 endloop
endfacet
facet normal -0.51542044 0.14109685 0.8452416
 outer loop
  vertex -0.08321792 0.9288446 -0.1432585
  vertex -0.3891509 0.9234826 -0.3289185
  vertex -0.2370929 0.6719026 -0.1941985
 endloop
endfacet
facet normal -0.0007573746 -0.9983447 0.057508502
 outer loop
  vertex -0.3399659 -1.499971 1.881442
  vertex -0.04077792 -1.504289 1.810422
  vertex -0.04077592 -1.500198 1.881442
 endloop
endfacet
facet normal -0.2967338 0.17625795 0.9385533
 outer loop
  vertex -0.02236492 -1.216729 -0.1230985
  vertex -0.2289709 -1.209491 -0.1897785
  vertex -0.04551792 -1.462899 -0.08418848
 endloop
endfacet
facet normal -0.6705907 0.0002265393 0.7418275
 outer loop
  vertex -0.3912539 0.2922656 -0.3313085
  vertex -0.3910449 -0.006104362 -0.3310285
  vertex -0.2437999 0.01118164 -0.1979285
 endloop
endfacet
facet normal 0 -1 0
 outer loop
  vertex -0.04902792 -1.504289 0.4877915
  vertex -0.03510092 -1.504289 0.3498315
  vertex 0.1791681 -1.504289 0.3440915
 endloop
endfacet
facet normal -0.75351644 -0.007513079 -0.6573862
 outer loop
  vertex -0.2981379 -0.6578163 -1.071848
  vertex -0.2944189 -0.9450591 -1.072828
  vertex -0.4394109 -0.9586388 -0.9064785
 endloop
endfacet
facet normal -0.039735626 -0.9992098 -0.00085231673
 outer loop
  vertex -0.5094779 1.500866 1.091222
  vertex -0.5094799 1.501098 0.8193515
  vertex -0.3738729 1.495711 0.8127615
 endloop
endfacet
facet normal -0.94227856 0.00027389236 -0.33483002
 outer loop
  vertex -0.5023349 0.9552376 -0.7259085
  vertex -0.4360909 0.6665716 -0.9125685
  vertex -0.5023249 0.6840876 -0.7261585
 endloop
endfacet
facet normal 0.9470577 -0.017306514 -0.32059652
 outer loop
  vertex 0.4917001 0.6539096 -0.9065685
  vertex 0.5532741 0.6813726 -0.7261585
  vertex 0.4832141 0.4666616 -0.9215285
 endloop
endfacet
facet normal 0.33099383 0.003869579 0.943625
 outer loop
  vertex 0.08232508 -0.9149717 -0.1241085
  vertex 0.1749441 -1.20707 -0.1553985
  vertex 0.2997891 -0.8977834 -0.2004585
 endloop
endfacet
facet normal -0.5541385 0.0023211194 -0.8324213
 outer loop
  vertex -0.3171009 0.4675236 -1.057578
  vertex -0.3072959 0.6709256 -1.063538
  vertex -0.2892259 0.2868566 -1.076638
 endloop
endfacet
facet normal 0.3088223 0.0021704396 0.9511173
 outer loop
  vertex 0.1821951 -0.6376826 -0.1571685
  vertex 0.07747908 -0.4664744 -0.1235585
  vertex 0.08232508 -0.9149717 -0.1241085
 endloop
endfacet
facet normal 0.47555816 0.8767008 0.072388604
 outer loop
  vertex 0.4621561 1.457988 -0.3553785
  vertex 0.4112821 1.504751 -0.5875085
  vertex 0.3800791 1.505077 -0.3864685
 endloop
endfacet
facet normal 0.7931286 -0.19385831 0.5773786
 outer loop
  vertex 0.2955681 1.473186 -0.1214385
  vertex 0.2841741 1.216745 -0.1918885
  vertex 0.4621561 1.457988 -0.3553785
 endloop
endfacet
facet normal -0.9302501 0.003961782 0.36690465
 outer loop
  vertex -0.3912539 0.2922656 -0.3313085
  vertex -0.5065459 0.2967656 -0.6236685
  vertex -0.5062049 -0.01028136 -0.6194885
 endloop
endfacet
facet normal -0.6493735 -0.0058130887 -0.7604474
 outer loop
  vertex -0.3117519 -0.4661184 -1.061688
  vertex -0.2981379 -0.6578163 -1.071848
  vertex -0.2944189 -0.9450591 -1.072828
 endloop
endfacet
facet normal -0 -1 -0
 outer loop
  vertex -0.3589539 1.495711 0.3448315
  vertex -0.06390592 1.495711 0.3234015
  vertex -0.3722629 1.495711 0.5480015
 endloop
endfacet
facet normal 0.009271274 0.9999503 0.0036793596
 outer loop
  vertex 0.09463708 1.505712 0.5377015
  vertex 0.3734911 1.503119 0.5397615
  vertex 0.1692701 1.50571 0.3501915
 endloop
endfacet
facet normal 0 -1 -0
 outer loop
  vertex -0.04902792 -1.504289 0.4877915
  vertex -0.04178992 -1.504289 0.8054815
  vertex -0.3314789 -1.504289 0.8172515
 endloop
endfacet
facet normal 0.9403042 -0.041919187 -0.33774364
 outer loop
  vertex 0.5532361 1.211485 -0.7263585
  vertex 0.4824571 1.206778 -0.9228285
  vertex 0.4911631 1.490451 -0.9337985
 endloop
endfacet
facet normal 0 1 0
 outer loop
  vertex -0.07103292 -1.494289 0.1530715
  vertex -0.3822109 -1.494289 0.1547615
  vertex -0.3589529 -1.494289 0.3447915
 endloop
endfacet
facet normal -0.9302846 -0.009912505 0.3667047
 outer loop
  vertex -0.3912539 0.2922656 -0.3313085
  vertex -0.5060599 0.4675696 -0.6178185
  vertex -0.5065459 0.2967656 -0.6236685
 endloop
endfacet
facet normal -0 -1 0
 outer loop
  vertex -0.04518592 -1.504289 1.079492
  vertex -0.04178992 -1.504289 0.8054815
  vertex 0.09463708 -1.504289 0.8096815
 endloop
endfacet
facet normal 0 1 0
 outer loop
  vertex -0.04077792 1.505711 1.506442
  vertex -0.04077792 1.505711 1.787692
  vertex 0.09880508 1.505711 1.781442
 endloop
endfacet
facet normal -0.029632887 -0.9995599 0.001324506
 outer loop
  vertex -0.5094709 -1.499475 0.3505015
  vertex -0.3389349 -1.504289 0.5328815
  vertex -0.5094729 -1.499201 0.5571915
 endloop
endfacet
facet normal 0.19783713 0.030439312 -0.97976214
 outer loop
  vertex 0.3321791 -1.215487 -1.082108
  vertex 0.3456191 -1.475686 -1.087478
  vertex 0.1945251 -1.504027 -1.118868
 endloop
endfacet
facet normal -0.68340296 0.0128608225 0.729928
 outer loop
  vertex -0.3891509 0.9234826 -0.3289185
  vertex -0.2519399 1.028781 -0.2023085
  vertex -0.4007929 1.209536 -0.3448585
 endloop
endfacet
facet normal 0.053800955 0.99854904 -0.0022797615
 outer loop
  vertex 0.3031841 -1.494289 0.7859015
  vertex 0.3151001 -1.494289 1.067112
  vertex 0.4181841 -1.4998 1.086012
 endloop
endfacet
facet normal 0.3073627 -0.0034638676 0.9515862
 outer loop
  vertex 0.06524608 0.9080036 -0.1222985
  vertex 0.2841741 1.216745 -0.1918885
  vertex 0.07030708 1.214233 -0.1228185
 endloop
endfacet
facet normal -0.5717809 0.1074765 0.81333596
 outer loop
  vertex -0.1451949 -0.6446266 -0.1610685
  vertex -0.3907779 -0.6649574 -0.3310285
  vertex -0.2536329 -0.90202 -0.2032885
 endloop
endfacet
facet normal 0 1 -0
 outer loop
  vertex 0.1207441 -1.494289 0.1499715
  vertex 0.3062311 -1.494289 0.3466015
  vertex 0.2997761 -1.494289 0.1615915
 endloop
endfacet
facet normal -0.034483843 0.9994044 -0.0013249295
 outer loop
  vertex -0.5094709 -1.499475 0.3505015
  vertex -0.5094729 -1.499201 0.5571915
  vertex -0.3589529 -1.494289 0.3447915
 endloop
endfacet
facet normal 0.54219145 -0.82097673 -0.17895691
 outer loop
  vertex 0.5567671 -1.410539 -0.6180585
  vertex 0.4953711 -1.503042 -0.3797085
  vertex 0.4290481 -1.504289 -0.5749285
 endloop
endfacet
facet normal -0.16893776 0.27239412 0.94723886
 outer loop
  vertex -0.04551792 -1.462899 -0.08418848
  vertex -0.2289709 -1.209491 -0.1897785
  vertex -0.3683409 -1.478216 -0.1373585
 endloop
endfacet
facet normal 0.30146444 -0.9263297 -0.22590396
 outer loop
  vertex 0.3970881 1.502127 -1.107218
  vertex 0.4911631 1.490451 -0.9337985
  vertex 0.3522981 1.48081 -1.079578
 endloop
endfacet
facet normal 0.1250013 -0.9921415 -0.005476189
 outer loop
  vertex 0.3734911 1.503119 0.5397615
  vertex 0.3139691 1.495711 0.5232315
  vertex 0.3062311 1.495711 0.3466015
 endloop
endfacet
facet normal -0.31575966 0.0024400582 -0.9488361
 outer loop
  vertex 0.2891251 -0.2747974 -0.1946185
  vertex 0.1221561 -0.02009836 -0.1383985
  vertex 0.2853651 0.06300664 -0.1924985
 endloop
endfacet
facet normal 0.8697544 -4.0968935e-05 -0.4934849
 outer loop
  vertex 0.4892341 -0.9253945 -0.9108885
  vertex 0.4732581 -0.6514014 -0.9390685
  vertex 0.4832811 -0.4675104 -0.9214185
 endloop
endfacet
facet normal 0 -1 -0
 outer loop
  vertex -0.4148739 1.495711 1.276962
  vertex -0.1099279 1.495711 1.279352
  vertex -0.1211829 1.495711 1.470962
 endloop
endfacet
facet normal 0 1 -0
 outer loop
  vertex 0.08339108 -1.494289 1.063262
  vertex 0.3151001 -1.494289 1.067112
  vertex 0.08719208 -1.494289 0.8189415
 endloop
endfacet
facet normal -0.03594051 -0.9993512 -0.0023543448
 outer loop
  vertex -0.3589539 1.495711 0.3448315
  vertex -0.3722629 1.495711 0.5480015
  vertex -0.5094729 1.500624 0.5571815
 endloop
endfacet
facet normal 0 -1 0
 outer loop
  vertex -0.04518592 -1.504289 1.079492
  vertex -0.3548949 -1.504289 1.247192
  vertex -0.3426679 -1.504289 1.053102
 endloop
endfacet
facet normal -0.33182085 0.035891213 -0.9426594
 outer loop
  vertex -0.04910592 1.491404 -1.160538
  vertex 0.02182908 1.417586 -1.188318
  vertex -0.009748915 1.209163 -1.185138
 endloop
endfacet
facet normal 0 -1 0
 outer loop
  vertex 0.08338908 1.495711 1.063262
  vertex -0.03780792 1.495711 0.8189415
  vertex 0.08719208 1.495711 0.8189415
 endloop
endfacet
facet normal -0 1 0
 outer loop
  vertex 0.1330431 -1.494289 0.3298415
  vertex -0.06390392 -1.494289 0.3234015
  vertex 0.09887108 -1.494289 0.5212715
 endloop
endfacet
facet normal -0.024791507 0.9995773 0.015185332
 outer loop
  vertex -0.3266059 1.50571 -0.4026085
  vertex -0.5095349 1.503916 -0.5831685
  vertex -0.5094699 1.500814 -0.3788685
 endloop
endfacet
facet normal 0 -1 -0
 outer loop
  vertex -0.3626019 1.495711 1.075222
  vertex -0.1099279 1.495711 1.279352
  vertex -0.4148739 1.495711 1.276962
 endloop
endfacet
facet normal -0.034509305 -0.9994042 -0.0005401844
 outer loop
  vertex -0.5095339 -1.499332 1.881442
  vertex -0.3604219 -1.504289 1.526702
  vertex -0.3647239 -1.504289 1.801532
 endloop
endfacet
facet normal 0.92657137 -0.012296439 0.37591785
 outer loop
  vertex 0.4525741 0.2832006 -0.3453085
  vertex 0.4431771 -0.006368362 -0.3316185
  vertex 0.5559831 -0.005543362 -0.6096385
 endloop
endfacet
facet normal 0.0030220917 0.99999547 4.1034516e-05
 outer loop
  vertex 0.09729008 1.505711 -0.8867385
  vertex 0.09361908 1.505711 -0.6163785
  vertex 0.3944101 1.50481 -0.8122685
 endloop
endfacet
facet normal 0.99953735 0.00022742804 -0.030411987
 outer loop
  vertex 0.5532701 -0.8324144 -0.7261785
  vertex 0.5532101 -0.5980394 -0.7263985
  vertex 0.5566161 -0.8340643 -0.6162185
 endloop
endfacet
facet normal -0.9991183 -0.0009752641 -0.04197095
 outer loop
  vertex -0.5024419 0.4673526 -0.7253285
  vertex -0.5065459 0.2967656 -0.6236685
  vertex -0.5068049 0.6800006 -0.6264085
 endloop
endfacet
facet normal -0.04061345 0.9977699 0.052970823
 outer loop
  vertex -0.5094669 -1.499187 0.1494515
  vertex -0.3822109 -1.494289 0.1547615
  vertex -0.3683409 -1.478216 -0.1373585
 endloop
endfacet
facet normal 0 1 5.5676005e-06
 outer loop
  vertex -0.03036292 1.50571 0.3501915
  vertex 0.1692701 1.50571 0.3501915
  vertex -0.04733792 1.505711 0.1789015
 endloop
endfacet
facet normal 0.074211486 -0.997097 0.017032515
 outer loop
  vertex 0.4032381 1.502184 1.062022
  vertex 0.3736581 1.503223 1.251722
  vertex 0.3151031 1.495711 1.067092
 endloop
endfacet
facet normal 0.3254395 -0.94211555 0.08066915
 outer loop
  vertex 0.3938451 -1.503969 -0.8685485
  vertex 0.4671191 -1.498068 -1.095238
  vertex 0.4926011 -1.475003 -0.9286685
 endloop
endfacet
facet normal 0.80741787 0.0022159896 0.5899759
 outer loop
  vertex 0.4437781 -0.2832544 -0.3323785
  vertex 0.4362811 -0.4669364 -0.3214285
  vertex 0.4474301 -0.6581156 -0.3359685
 endloop
endfacet
facet normal -0.896099 -0.18150245 0.4050476
 outer loop
  vertex -0.4007929 1.209536 -0.3448585
  vertex -0.3627679 1.47748 -0.1406685
  vertex -0.4710559 1.474844 -0.3814185
 endloop
endfacet
facet normal -0.36083558 0.018547656 -0.93244505
 outer loop
  vertex -0.2874589 1.212299 -1.077608
  vertex -0.009748915 1.209163 -1.185138
  vertex -0.02583592 0.9771396 -1.183528
 endloop
endfacet
facet normal 0.92949325 -0.010446512 0.3686912
 outer loop
  vertex 0.5566161 -0.8340643 -0.6162185
  vertex 0.5553311 -0.4726474 -0.6027385
  vertex 0.4474301 -0.6581156 -0.3359685
 endloop
endfacet
facet normal 0.6686315 -0.017929193 0.74337775
 outer loop
  vertex 0.4373181 0.8997726 -0.3227285
  vertex 0.2885651 0.6777056 -0.1942885
  vertex 0.4462061 0.6188416 -0.3374985
 endloop
endfacet
facet normal 0.5058021 0.14383255 0.85057414
 outer loop
  vertex 0.2891251 -0.2747974 -0.1946185
  vertex 0.4431771 -0.006368362 -0.3316185
  vertex 0.1221561 -0.02009836 -0.1383985
 endloop
endfacet
facet normal 0.6646173 0.013750876 0.7470574
 outer loop
  vertex 0.4525741 0.2832006 -0.3453085
  vertex 0.2853651 0.06300664 -0.1924985
  vertex 0.4431771 -0.006368362 -0.3316185
 endloop
endfacet
facet normal -0.039750017 0.99920934 -0.00085241045
 outer loop
  vertex -0.5094799 -1.499678 0.8193715
  vertex -0.5094779 -1.499446 1.091212
  vertex -0.3738739 -1.494289 0.8127715
 endloop
endfacet
facet normal 0.80943316 -0.00088621734 -0.5872114
 outer loop
  vertex -0.3891509 0.9234826 -0.3289185
  vertex -0.3813009 0.4667656 -0.3174085
  vertex -0.3960869 0.6380016 -0.3380485
 endloop
endfacet
facet normal -0.02845106 0.9995818 -0.0051610596
 outer loop
  vertex -0.3298689 1.505711 1.039452
  vertex -0.5094779 1.500866 1.091222
  vertex -0.3649129 1.50571 1.232452
 endloop
endfacet
facet normal 0.266055 -0.030396722 -0.9634785
 outer loop
  vertex 0.08758708 1.488818 -1.152928
  vertex 0.3522981 1.48081 -1.079578
  vertex 0.3451871 1.207469 -1.072918
 endloop
endfacet
facet normal -0.026560007 0.9996456 -0.0018084163
 outer loop
  vertex -0.5094729 1.500624 0.5571815
  vertex -0.5094799 1.501098 0.8193515
  vertex -0.3349489 1.505712 0.8065315
 endloop
endfacet
facet normal 0.93682504 0.018716108 0.3492973
 outer loop
  vertex 0.5574361 -1.150129 -0.6250885
  vertex 0.4453021 -0.941356 -0.3355285
  vertex 0.4561471 -1.213398 -0.3500385
 endloop
endfacet
facet normal 0 1 0
 outer loop
  vertex 0.1330431 -1.494289 0.3298415
  vertex 0.09887108 -1.494289 0.5212715
  vertex 0.3139691 -1.494289 0.5232315
 endloop
endfacet
facet normal -0.29811502 0.0025721 0.9545265
 outer loop
  vertex -0.02817292 -0.9274184 -0.1237585
  vertex -0.02201992 -0.4666184 -0.1230785
  vertex -0.1451949 -0.6446266 -0.1610685
 endloop
endfacet
facet normal -6.906658e-06 1 4.060044e-08
 outer loop
  vertex 0.09171008 1.505711 -0.1201185
  vertex 0.09047008 1.505711 -0.3310585
  vertex -0.04788092 1.50571 -0.3770885
 endloop
endfacet
facet normal -0.93176466 -0.0067559155 0.36299986
 outer loop
  vertex -0.3927979 -0.2761594 -0.3333385
  vertex -0.5062049 -0.01028136 -0.6194885
  vertex -0.5067529 -0.2710574 -0.6257485
 endloop
endfacet
facet normal 3.688502e-06 1 -7.661774e-06
 outer loop
  vertex -0.3266059 1.50571 -0.4026085
  vertex -0.3302459 1.505712 -0.1398585
  vertex -0.03532292 1.505711 -0.1379085
 endloop
endfacet
facet normal 0.999153 0.00025413805 -0.04114763
 outer loop
  vertex 0.5574361 -1.150129 -0.6250885
  vertex 0.5533771 -1.410539 -0.7252585
  vertex 0.5532811 -1.149825 -0.7259785
 endloop
endfacet
facet normal -0.026722606 -0.99964195 -0.0013989429
 outer loop
  vertex -0.3193249 -1.504289 0.1582915
  vertex -0.3389349 -1.504289 0.5328815
  vertex -0.5094709 -1.499475 0.3505015
 endloop
endfacet
facet normal -1.9691692e-05 -1 2.9700157e-06
 outer loop
  vertex 0.09463708 1.505712 0.5377015
  vertex 0.09404108 1.505711 0.1725115
  vertex 0.1692701 1.50571 0.3501915
 endloop
endfacet
facet normal 0.058946896 -0.99825907 0.002042308
 outer loop
  vertex 0.3031841 1.495711 0.7859015
  vertex 0.4068301 1.501942 0.8400615
  vertex 0.4032381 1.502184 1.062022
 endloop
endfacet
facet normal -0.027377116 -0.99962497 -0.000541351
 outer loop
  vertex -0.3548949 -1.504289 1.247192
  vertex -0.3604219 -1.504289 1.526702
  vertex -0.5094929 -1.500071 1.276832
 endloop
endfacet
facet normal 0.9422687 0.0045504654 -0.3348268
 outer loop
  vertex 0.4892341 -0.9253945 -0.9108885
  vertex 0.4832811 -0.4675104 -0.9214185
  vertex 0.5532101 -0.5980394 -0.7263985
 endloop
endfacet
facet normal -0.035662543 -0.9993623 0.0018062493
 outer loop
  vertex -0.5094729 1.500624 0.5571815
  vertex -0.3722629 1.495711 0.5480015
  vertex -0.5094799 1.501098 0.8193515
 endloop
endfacet
facet normal 0.3185779 0.012642234 0.9478124
 outer loop
  vertex 0.06524608 0.9080036 -0.1222985
  vertex 0.08008408 0.6488006 -0.1238285
  vertex 0.2885651 0.6777056 -0.1942885
 endloop
endfacet
facet normal -0 -1 -0
 outer loop
  vertex -0.03549192 1.495711 0.5376915
  vertex 0.09887208 1.495711 0.5212815
  vertex 0.08719208 1.495711 0.8189415
 endloop
endfacet
facet normal 0 -1 0
 outer loop
  vertex 0.3982971 1.495711 1.455552
  vertex 0.1974511 1.495711 1.712112
  vertex 0.1452851 1.495711 1.490422
 endloop
endfacet
facet normal 0.06799027 0.99766904 -0.005809938
 outer loop
  vertex 0.4017651 -1.500259 0.5255015
  vertex 0.3139691 -1.494289 0.5232315
  vertex 0.4172591 -1.499612 0.8179315
 endloop
endfacet
facet normal 0.5936915 -0.0008803559 -0.80469227
 outer loop
  vertex 0.3481961 0.2850666 -1.070898
  vertex 0.3396071 0.6718476 -1.077658
  vertex 0.3628331 0.4668856 -1.060298
 endloop
endfacet
facet normal -0.06200541 -0.998074 0.0019232911
 outer loop
  vertex -0.5094869 1.500972 1.517722
  vertex -0.4241809 1.495711 1.537742
  vertex -0.5095209 1.501519 1.800452
 endloop
endfacet
facet normal -0.7542382 0.010926792 -0.65651
 outer loop
  vertex -0.2944189 -0.9450591 -1.072828
  vertex -0.4330239 -1.22013 -0.9181685
  vertex -0.4394109 -0.9586388 -0.9064785
 endloop
endfacet
facet normal -0.9301494 -0.0035516478 0.36716422
 outer loop
  vertex -0.5066479 -0.6672998 -0.6245885
  vertex -0.3880649 -0.9598876 -0.3270085
  vertex -0.3907779 -0.6649574 -0.3310285
 endloop
endfacet
facet normal -0.95787776 -0.22997999 0.17198654
 outer loop
  vertex -0.5076219 1.466905 -0.5956885
  vertex -0.4007929 1.209536 -0.3448585
  vertex -0.4710559 1.474844 -0.3814185
 endloop
endfacet
facet normal 0 1 -0
 outer loop
  vertex -0.4148729 -1.494289 1.276962
  vertex -0.1099269 -1.494289 1.279352
  vertex -0.3626019 -1.494289 1.075202
 endloop
endfacet
facet normal 0.013105511 -0.9999141 0
 outer loop
  vertex 0.09463708 -1.504289 1.266142
  vertex 0.4120371 -1.500129 1.268782
  vertex 0.09463708 -1.504289 1.514612
 endloop
endfacet
facet normal 0 -1 -0
 outer loop
  vertex -0.3483699 -1.504289 -0.7949685
  vertex -0.05352692 -1.504289 -0.5937285
  vertex -0.3395489 -1.504289 -0.5558785
 endloop
endfacet
facet normal -0.9991407 0.00020608708 -0.04144717
 outer loop
  vertex -0.5022859 0.2974156 -0.7263585
  vertex -0.5023719 0.003107638 -0.7257485
  vertex -0.5065459 0.2967656 -0.6236685
 endloop
endfacet
facet normal 0.0021936297 0.99999756 2.4210616e-05
 outer loop
  vertex 0.09047008 1.505711 -0.3310585
  vertex 0.3800791 1.505077 -0.3864685
  vertex 0.09361908 1.505711 -0.6163785
 endloop
endfacet
facet normal -0.010457791 -0.9999451 0.00051711465
 outer loop
  vertex -0.3279969 -1.504289 -0.3829585
  vertex -0.5095349 -1.502494 -0.5831685
  vertex -0.3483699 -1.504289 -0.7949685
 endloop
endfacet
facet normal 0 1 0
 outer loop
  vertex -0.3212879 1.50571 -0.5891285
  vertex -0.3266059 1.50571 -0.4026085
  vertex -0.04788092 1.50571 -0.3770885
 endloop
endfacet
facet normal 0.9999932 0.0036659457 1.4630406e-05
 outer loop
  vertex -0.5094669 1.500609 0.1494415
  vertex -0.5094709 1.500896 0.3505015
  vertex -0.5094729 1.500624 0.5571815
 endloop
endfacet
facet normal -0.92945576 -0.005801441 0.368888
 outer loop
  vertex -0.3960869 0.6380016 -0.3380485
  vertex -0.5060599 0.4675696 -0.6178185
  vertex -0.3912539 0.2922656 -0.3313085
 endloop
endfacet
facet normal -0 -1 0
 outer loop
  vertex 0.08338908 1.495711 1.063262
  vertex 0.08719208 1.495711 0.8189415
  vertex 0.3151031 1.495711 1.067092
 endloop
endfacet
facet normal 0.72481716 -0.04882011 -0.68720925
 outer loop
  vertex 0.4824571 1.206778 -0.9228285
  vertex 0.3522981 1.48081 -1.079578
  vertex 0.4911631 1.490451 -0.9337985
 endloop
endfacet
facet normal -0.32254475 0.0055067274 0.9465382
 outer loop
  vertex -0.03186692 0.6449726 -0.1241085
  vertex -0.08321792 0.9288446 -0.1432585
  vertex -0.2370929 0.6719026 -0.1941985
 endloop
endfacet
facet normal -0.47096148 4.2442905e-05 -0.88215375
 outer loop
  vertex 0.2885651 0.6777056 -0.1942885
  vertex 0.2899351 0.2916906 -0.1950385
  vertex 0.2834701 0.4676686 -0.1915785
 endloop
endfacet
facet normal 0.558122 0.0030175927 -0.82975346
 outer loop
  vertex 0.2713791 -0.8518412 -1.123738
  vertex 0.3532361 -0.4668614 -1.067278
  vertex 0.3588751 -0.660156 -1.064188
 endloop
endfacet
facet normal 0.9991523 -0.004673183 -0.04089806
 outer loop
  vertex 0.5566161 -0.8340643 -0.6162185
  vertex 0.5532101 -0.5980394 -0.7263985
  vertex 0.5573891 -0.5964269 -0.6244885
 endloop
endfacet
facet normal -0.039720356 0.99921083 -0.00024181714
 outer loop
  vertex -0.5094799 -1.499678 0.8193715
  vertex -0.3738739 -1.494289 0.8127715
  vertex -0.3722619 -1.494289 0.5479915
 endloop
endfacet
facet normal 0 -1 -0
 outer loop
  vertex -0.3193249 -1.504289 0.1582915
  vertex -0.2969639 -1.504289 0.3493715
  vertex -0.3389349 -1.504289 0.5328815
 endloop
endfacet
facet normal -0.004085015 0.9999662 -0.0071226037
 outer loop
  vertex 0.09729008 1.505711 -0.8867385
  vertex 0.09429408 1.50408 -1.113988
  vertex -0.04338292 1.505711 -0.8060585
 endloop
endfacet
facet normal 0.99325424 -0.1032147 -0.052847475
 outer loop
  vertex 0.3982971 1.495711 1.455552
  vertex 0.3891041 1.495711 1.282772
  vertex 0.4025031 1.502772 1.520812
 endloop
endfacet
facet normal 0.37715086 0.009934379 -0.9260986
 outer loop
  vertex 0.07101608 0.9480606 -1.184078
  vertex 0.3474451 0.9643776 -1.071328
  vertex 0.3396071 0.6718476 -1.077658
 endloop
endfacet
facet normal 0 -1 -0
 outer loop
  vertex 0.09463708 -1.504289 1.514612
  vertex 0.09880508 -1.504289 1.815152
  vertex -0.04077792 -1.504289 1.810422
 endloop
endfacet
facet normal 0 -1 0
 outer loop
  vertex 0.4290481 -1.504289 -0.5749285
  vertex 0.1887371 -1.504289 -0.3722285
  vertex 0.09647108 -1.504289 -0.5800685
 endloop
endfacet
facet normal 0.0021237757 0.9913293 0.13138367
 outer loop
  vertex 0.1207441 -1.494289 0.1499715
  vertex -0.04551792 -1.462899 -0.08418848
  vertex -0.07103292 -1.494289 0.1530715
 endloop
endfacet
facet normal 0.009589801 0.999954 -0.00010147445
 outer loop
  vertex 0.09880508 1.505711 1.781442
  vertex 0.4025031 1.502772 1.520812
  vertex 0.09570608 1.505711 1.488572
 endloop
endfacet
facet normal 0 -1 -0
 outer loop
  vertex -0.03549192 1.495711 0.5376915
  vertex 0.08719208 1.495711 0.8189415
  vertex -0.03780792 1.495711 0.8189415
 endloop
endfacet
facet normal -0.9953322 -4.8274884e-05 -0.09650784
 outer loop
  vertex 0.5574361 -1.150129 -0.6250885
  vertex 0.5601701 -1.504289 -0.6531085
  vertex 0.5567671 -1.410539 -0.6180585
 endloop
endfacet
facet normal 0.73104954 0.051802017 -0.6803552
 outer loop
  vertex 0.3321791 -1.215487 -1.082108
  vertex 0.4848781 -1.22215 -0.9185385
  vertex 0.3456191 -1.475686 -1.087478
 endloop
endfacet
facet normal 0 -1 0
 outer loop
  vertex -0.04077792 -1.504289 1.266142
  vertex -0.3604219 -1.504289 1.526702
  vertex -0.3548949 -1.504289 1.247192
 endloop
endfacet
facet normal -0.32648024 -0.9451981 0.003350945
 outer loop
  vertex -0.5095139 1.502696 -0.7928785
  vertex -0.5095179 1.501773 -1.053628
  vertex -0.4722139 1.489349 -0.9235485
 endloop
endfacet
facet normal 0.74161184 0.00038812155 -0.67082924
 outer loop
  vertex 0.4829111 0.2851336 -0.9219685
  vertex 0.3481961 0.2850666 -1.070898
  vertex 0.4832141 0.4666616 -0.9215285
 endloop
endfacet
facet normal 0.0048469864 0.99996203 -0.0072403303
 outer loop
  vertex 0.09729008 1.505711 -0.8867385
  vertex 0.3944101 1.50481 -0.8122685
  vertex 0.09429408 1.50408 -1.113988
 endloop
endfacet
facet normal 0.0019302696 0.99906844 0.04310991
 outer loop
  vertex 0.09880508 1.505711 1.781442
  vertex -0.04077792 1.505711 1.787692
  vertex 0.09412208 1.501405 1.881442
 endloop
endfacet
facet normal -0.030080598 -0.9995459 -0.0018191682
 outer loop
  vertex -0.5094799 -1.499678 0.8193715
  vertex -0.5094729 -1.499201 0.5571915
  vertex -0.3389349 -1.504289 0.5328815
 endloop
endfacet
facet normal -0.1557816 -0.9877915 -2.2010081e-05
 outer loop
  vertex -0.5094669 1.500609 0.1494415
  vertex -0.5094669 1.500615 -0.1180585
  vertex -0.3627679 1.47748 -0.1406685
 endloop
endfacet
facet normal -0.37342173 -0.0044211466 -0.92765117
 outer loop
  vertex -0.004083915 0.6989166 -1.185728
  vertex -0.3072959 0.6709256 -1.063538
  vertex -0.3036219 0.9628146 -1.066408
 endloop
endfacet
facet normal 0.3124932 0.0059492774 0.9499014
 outer loop
  vertex 0.1821951 -0.6376826 -0.1571685
  vertex 0.2836411 -0.4657414 -0.1916185
  vertex 0.2891251 -0.2747974 -0.1946185
 endloop
endfacet
facet normal -0.37327543 0.005558696 -0.9277039
 outer loop
  vertex -0.01527792 -0.4770704 -1.184578
  vertex -0.2981379 -0.6578163 -1.071848
  vertex -0.3004699 -0.2803494 -1.068648
 endloop
endfacet
facet normal 0.012956928 -0.9999161 -0.00017969127
 outer loop
  vertex 0.4115821 -1.500182 1.514502
  vertex 0.09880508 -1.504289 1.815152
  vertex 0.09463708 -1.504289 1.514612
 endloop
endfacet
facet normal -0.042305768 -0.99910235 -0.00216439
 outer loop
  vertex -0.3626019 1.495711 1.075222
  vertex -0.5094869 1.500972 1.517722
  vertex -0.5094909 1.501494 1.276832
 endloop
endfacet
facet normal 0.54450876 0.31747958 0.77634853
 outer loop
  vertex 0.2915001 -1.467204 -0.1307685
  vertex 0.4561471 -1.213398 -0.3500385
  vertex 0.1749441 -1.20707 -0.1553985
 endloop
endfacet
facet normal -0 -1 0
 outer loop
  vertex -0.04100892 -1.504289 0.1210615
  vertex -0.1088189 -1.504289 -0.1206985
  vertex 0.09124508 -1.504289 -0.1097285
 endloop
endfacet
facet normal 0.73736805 -0.03561827 -0.6745514
 outer loop
  vertex 0.4824571 1.206778 -0.9228285
  vertex 0.3451871 1.207469 -1.072918
  vertex 0.3522981 1.48081 -1.079578
 endloop
endfacet
facet normal -0.0009105688 -0.9999992 -0.0008519502
 outer loop
  vertex -0.02860992 -1.504289 -0.7164985
  vertex -0.1116469 -1.503907 -1.076208
  vertex 0.1057831 -1.504289 -0.8601385
 endloop
endfacet
facet normal 0.99969167 -0.0051882816 -0.024283366
 outer loop
  vertex 0.5532771 0.9534316 -0.7259185
  vertex 0.5571351 1.209294 -0.6217585
  vertex 0.5561051 0.9598556 -0.6108685
 endloop
endfacet
facet normal 0.30208266 -0.005058634 0.95326835
 outer loop
  vertex 0.2819491 0.9553686 -0.1907185
  vertex 0.06524608 0.9080036 -0.1222985
  vertex 0.2885651 0.6777056 -0.1942885
 endloop
endfacet
facet normal 0.057007026 0.5889563 -0.80615175
 outer loop
  vertex 0.1945251 -1.504027 -1.118868
  vertex 0.3456191 -1.475686 -1.087478
  vertex 0.4671191 -1.498068 -1.095238
 endloop
endfacet
facet normal 0.12844633 -0.99155045 -0.01814612
 outer loop
  vertex 0.3734911 1.503119 0.5397615
  vertex 0.4068301 1.501942 0.8400615
  vertex 0.3139691 1.495711 0.5232315
 endloop
endfacet
facet normal 0.7741381 -0.0131998975 -0.6328792
 outer loop
  vertex 0.4917001 0.6539096 -0.9065685
  vertex 0.3628331 0.4668856 -1.060298
  vertex 0.4811161 0.9273736 -0.9252185
 endloop
endfacet
facet normal -0 1 0
 outer loop
  vertex 0.3982961 -1.494289 1.455542
  vertex 0.1488391 -1.494289 1.279842
  vertex 0.1452851 -1.494289 1.490422
 endloop
endfacet
facet normal -0.0073031224 0.99989575 -0.012457747
 outer loop
  vertex -0.04013292 1.504075 -1.115468
  vertex -0.3721509 1.501704 -1.111138
  vertex -0.3453479 1.505711 -0.8052385
 endloop
endfacet
facet normal -0 -1 -0
 outer loop
  vertex -0.04518592 -1.504289 1.079492
  vertex 0.09463708 -1.504289 0.8096815
  vertex 0.08937608 -1.504289 1.078342
 endloop
endfacet
facet normal -4.7381607e-05 1 -1.7234808e-06
 outer loop
  vertex 0.09880508 1.505711 1.031462
  vertex 0.09210708 1.505711 1.215602
  vertex 0.1299911 1.505712 0.7966115
 endloop
endfacet
facet normal -0.9989747 0.0019785538 -0.045229357
 outer loop
  vertex -0.5068589 -0.972597 -0.6271285
  vertex -0.5023689 -0.9621019 -0.7258385
  vertex -0.5071519 -1.207637 -0.6309385
 endloop
endfacet
facet normal -0.6700149 -0.0074613024 0.74231017
 outer loop
  vertex -0.3891509 0.9234826 -0.3289185
  vertex -0.3960869 0.6380016 -0.3380485
  vertex -0.2370929 0.6719026 -0.1941985
 endloop
endfacet
facet normal 0.013668718 -0.99990624 -0.00074835366
 outer loop
  vertex 0.08937608 -1.504289 1.078342
  vertex 0.4172591 -1.499612 0.8179315
  vertex 0.4181841 -1.4998 1.086012
 endloop
endfacet
facet normal -0.029735724 0.9995553 0.0022499743
 outer loop
  vertex -0.5094869 1.500972 1.517722
  vertex -0.3296139 1.505711 1.789652
  vertex -0.3503269 1.50571 1.516332
 endloop
endfacet
facet normal 0.009274283 -0.99956715 0.027919585
 outer loop
  vertex 0.3723911 -1.499899 1.881442
  vertex 0.09880508 -1.504289 1.815152
  vertex 0.4007081 -1.501718 1.806912
 endloop
endfacet
facet normal -0.9986547 0.019640207 -0.047989357
 outer loop
  vertex -0.5071519 -1.207637 -0.6309385
  vertex -0.5022829 -1.193213 -0.7263585
  vertex -0.5079299 -1.48592 -0.7286385
 endloop
endfacet
facet normal 0.20551784 0.9761093 -0.07052043
 outer loop
  vertex 0.3891041 -1.494289 1.282782
  vertex 0.4120371 -1.500129 1.268782
  vertex 0.3151001 -1.494289 1.067112
 endloop
endfacet
facet normal 0 -1 -0
 outer loop
  vertex -0.4241809 1.495711 1.537742
  vertex -0.2476529 1.495711 1.798102
  vertex -0.4804069 1.495711 1.783522
 endloop
endfacet
facet normal 0.055758327 -0.99842536 0.006149069
 outer loop
  vertex 0.2883311 1.495711 1.798102
  vertex 0.4216191 1.50315 1.797352
  vertex 0.3766231 1.501155 1.881442
 endloop
endfacet
facet normal 0.92105806 -0.19339387 -0.33801007
 outer loop
  vertex 0.5320411 -1.504289 -0.7297585
  vertex 0.5533771 -1.410539 -0.7252585
  vertex 0.5601701 -1.504289 -0.6531085
 endloop
endfacet
facet normal -0.35042697 -0.022171639 -0.9363276
 outer loop
  vertex -0.2871379 -1.212005 -1.077758
  vertex -0.02282692 -0.9100607 -1.183828
  vertex -0.001141915 -1.160311 -1.186018
 endloop
endfacet
facet normal 0 1 -0
 outer loop
  vertex -0.04077792 1.505711 1.506442
  vertex 0.09570608 1.505711 1.488572
  vertex -0.04226592 1.505711 1.216272
 endloop
endfacet
facet normal -0.9990864 -0.00038991327 -0.042734187
 outer loop
  vertex -0.5066479 -0.6672998 -0.6245885
  vertex -0.5067529 -0.2710574 -0.6257485
  vertex -0.5024179 -0.4659314 -0.7253185
 endloop
endfacet
facet normal 0 -1 0
 outer loop
  vertex -0.04902792 -1.504289 0.4877915
  vertex -0.3314789 -1.504289 0.8172515
  vertex -0.3389349 -1.504289 0.5328815
 endloop
endfacet
facet normal -0.37291095 0.004894484 -0.92785424
 outer loop
  vertex -0.01527792 -0.4770704 -1.184578
  vertex -0.02282692 -0.9100607 -1.183828
  vertex -0.2981379 -0.6578163 -1.071848
 endloop
endfacet
facet normal 0.023449223 -0.999555 -0.018439917
 outer loop
  vertex 0.1945251 -1.504027 -1.118868
  vertex 0.4671191 -1.498068 -1.095238
  vertex 0.3938451 -1.503969 -0.8685485
 endloop
endfacet
facet normal 0 -1 -0
 outer loop
  vertex -0.06390592 1.495711 0.3234015
  vertex 0.1330431 1.495711 0.3298415
  vertex 0.09887208 1.495711 0.5212815
 endloop
endfacet
facet normal -0.9992856 -0.002192901 -0.037731055
 outer loop
  vertex -0.5023349 0.9552376 -0.7259085
  vertex -0.5063129 0.9611806 -0.6208985
  vertex -0.5067009 1.215917 -0.6254285
 endloop
endfacet
facet normal 0 -1 0
 outer loop
  vertex -0.02860992 -1.504289 -0.7164985
  vertex -0.05352692 -1.504289 -0.5937285
  vertex -0.3483699 -1.504289 -0.7949685
 endloop
endfacet
facet normal -0.31374234 -0.0013177636 0.9495073
 outer loop
  vertex -0.02141392 -0.01515536 -0.1230385
  vertex -0.02307792 0.2801476 -0.1231785
  vertex -0.2356059 0.2836506 -0.1933985
 endloop
endfacet
facet normal 0.999153 8.778786e-06 -0.04114837
 outer loop
  vertex 0.5574361 -1.150129 -0.6250885
  vertex 0.5532811 -1.149825 -0.7259785
  vertex 0.5532701 -0.8324144 -0.7261785
 endloop
endfacet
facet normal -0.3811118 -0.01268413 0.92444193
 outer loop
  vertex -0.1451949 -0.6446266 -0.1610685
  vertex -0.2354119 -0.2821864 -0.1932885
  vertex -0.2539699 -0.4657934 -0.2034585
 endloop
endfacet
facet normal -0 -1 0
 outer loop
  vertex -0.03931992 1.495711 1.798102
  vertex -0.1211829 1.495711 1.470962
  vertex 0.1452851 1.495711 1.490422
 endloop
endfacet
facet normal 0 1 0
 outer loop
  vertex 0.08339108 -1.494289 1.063262
  vertex 0.1488391 -1.494289 1.279842
  vertex 0.3151001 -1.494289 1.067112
 endloop
endfacet
facet normal 0 1 -1.0807733e-05
 outer loop
  vertex -0.03036292 1.50571 0.3501915
  vertex 0.09463708 1.505712 0.5377015
  vertex 0.1692701 1.50571 0.3501915
 endloop
endfacet
facet normal 0.326148 -0.007912919 -0.94528556
 outer loop
  vertex -0.08321792 0.9288446 -0.1432585
  vertex -0.2370929 0.6719026 -0.1941985
  vertex -0.2519399 1.028781 -0.2023085
 endloop
endfacet
facet normal -0.029444145 -0.99956477 -0.0018548786
 outer loop
  vertex -0.3548949 -1.504289 1.247192
  vertex -0.5094779 -1.499446 1.091212
  vertex -0.3426679 -1.504289 1.053102
 endloop
endfacet
facet normal 0.93115103 0.010296453 0.3644884
 outer loop
  vertex 0.4373181 0.8997726 -0.3227285
  vertex 0.4462061 0.6188416 -0.3374985
  vertex 0.5572331 0.6762456 -0.6227585
 endloop
endfacet
facet normal 0.9991404 0.00021074728 -0.04145437
 outer loop
  vertex 0.5533161 -0.006693362 -0.7257485
  vertex 0.5532291 0.2858896 -0.7263585
  vertex 0.5574371 0.2794606 -0.6249685
 endloop
endfacet
facet normal 0.67744434 -0.030626375 0.73493624
 outer loop
  vertex 0.4525741 0.2832006 -0.3453085
  vertex 0.4388051 0.4667316 -0.3249685
  vertex 0.2899351 0.2916906 -0.1950385
 endloop
endfacet
facet normal 0.50102097 0.0831434 0.861432
 outer loop
  vertex 0.1821951 -0.6376826 -0.1571685
  vertex 0.2997891 -0.8977834 -0.2004585
  vertex 0.4362811 -0.4669364 -0.3214285
 endloop
endfacet
facet normal -0.028695796 0.9995872 0.0014744148
 outer loop
  vertex -0.3503269 1.50571 1.516332
  vertex -0.3649129 1.50571 1.232452
  vertex -0.5094909 1.501494 1.276832
 endloop
endfacet
facet normal 0.92662734 0.0009792587 0.37597993
 outer loop
  vertex 0.4437781 -0.2832544 -0.3323785
  vertex 0.5559831 -0.005543362 -0.6096385
  vertex 0.4431771 -0.006368362 -0.3316185
 endloop
endfacet
facet normal 0.13724798 0.9905063 -0.0077637085
 outer loop
  vertex 0.3970881 1.502127 -1.107218
  vertex 0.3944101 1.50481 -0.8122685
  vertex 0.4911631 1.490451 -0.9337985
 endloop
endfacet
facet normal -0.5111641 0.074906036 0.8562128
 outer loop
  vertex -0.3817009 -0.4666024 -0.3178385
  vertex -0.2536329 -0.90202 -0.2032885
  vertex -0.1451949 -0.6446266 -0.1610685
 endloop
endfacet
facet normal -0.0006369903 0.9989169 0.046524275
 outer loop
  vertex -0.3497909 1.501423 1.881442
  vertex -0.04077592 1.50162 1.881442
  vertex -0.3296139 1.505711 1.789652
 endloop
endfacet
facet normal 0.5738463 0.0021903387 -0.8189602
 outer loop
  vertex 0.3321791 -1.215487 -1.082108
  vertex 0.2713791 -0.8518412 -1.123738
  vertex 0.3721551 -0.98038 -1.053468
 endloop
endfacet
facet normal -0.00397918 -0.99797237 0.06352327
 outer loop
  vertex -0.3497909 1.501423 1.881442
  vertex -0.4804069 1.495711 1.783522
  vertex -0.2476529 1.495711 1.798102
 endloop
endfacet
facet normal 0.31378236 0.0055257925 0.94947886
 outer loop
  vertex 0.1821951 -0.6376826 -0.1571685
  vertex 0.2891251 -0.2747974 -0.1946185
  vertex 0.07747908 -0.4664744 -0.1235585
 endloop
endfacet
facet normal -0.025992587 0.9996618 0.0006689607
 outer loop
  vertex -0.3243829 1.50571 0.3482815
  vertex -0.5094709 1.500896 0.3505015
  vertex -0.3195349 1.50571 0.5366515
 endloop
endfacet
facet normal 0 -1 -0
 outer loop
  vertex -0.04100892 -1.504289 0.1210615
  vertex 0.09470208 -1.504289 0.1497715
  vertex -0.03510092 -1.504289 0.3498315
 endloop
endfacet
facet normal -0.31339738 0.055602208 -0.9479928
 outer loop
  vertex -0.04910592 1.491404 -1.160538
  vertex 0.02804408 1.451594 -1.188378
  vertex 0.02182908 1.417586 -1.188318
 endloop
endfacet
facet normal 0.3557375 -0.047375724 -0.93338436
 outer loop
  vertex 0.07043708 -1.170703 -1.184138
  vertex 0.2713791 -0.8518412 -1.123738
  vertex 0.3321791 -1.215487 -1.082108
 endloop
endfacet
facet normal 0.7377616 0.007998519 -0.67501396
 outer loop
  vertex 0.3721551 -0.98038 -1.053468
  vertex 0.3588751 -0.660156 -1.064188
  vertex 0.4732581 -0.6514014 -0.9390685
 endloop
endfacet
facet normal -0.9349515 -0.045127314 0.35189384
 outer loop
  vertex -0.5076219 1.466905 -0.5956885
  vertex -0.5067009 1.215917 -0.6254285
  vertex -0.4007929 1.209536 -0.3448585
 endloop
endfacet
facet normal 0 -1 0
 outer loop
  vertex 0.1488391 1.495711 1.279852
  vertex -0.1211829 1.495711 1.470962
  vertex -0.1099279 1.495711 1.279352
 endloop
endfacet
facet normal 0.9994945 -0.0034210037 -0.031607274
 outer loop
  vertex 0.5574361 -1.150129 -0.6250885
  vertex 0.5567671 -1.410539 -0.6180585
  vertex 0.5533771 -1.410539 -0.7252585
 endloop
endfacet
facet normal 0.07307004 -0.99732196 -0.0030972734
 outer loop
  vertex 0.3031841 1.495711 0.7859015
  vertex 0.4032381 1.502184 1.062022
  vertex 0.3151031 1.495711 1.067092
 endloop
endfacet
facet normal -0.6629201 0.007489191 0.7486527
 outer loop
  vertex -0.3912539 0.2922656 -0.3313085
  vertex -0.2437999 0.01118164 -0.1979285
  vertex -0.2356059 0.2836506 -0.1933985
 endloop
endfacet
facet normal 0.2796556 0.0030865136 -0.96009547
 outer loop
  vertex 0.2713791 -0.8518412 -1.123738
  vertex 0.06063908 -0.859871 -1.185148
  vertex 0.05627308 -0.5980394 -1.185578
 endloop
endfacet
facet normal -0.6580474 -0.10557355 -0.7455386
 outer loop
  vertex -0.2870249 1.480401 -1.085738
  vertex -0.4338669 1.201744 -0.9166685
  vertex -0.4722139 1.489349 -0.9235485
 endloop
endfacet
facet normal -6.443063e-06 1 2.5392532e-07
 outer loop
  vertex -0.03600592 1.505711 0.8098215
  vertex 0.1299911 1.505712 0.7966115
  vertex -0.04649192 1.505711 0.5437515
 endloop
endfacet
facet normal 0 1 0
 outer loop
  vertex 0.1452851 -1.494289 1.490422
  vertex -0.03931992 -1.494289 1.798102
  vertex 0.1974511 -1.494289 1.712112
 endloop
endfacet
facet normal 0.0271728 0.9996299 -0.0012374964
 outer loop
  vertex 0.4032381 1.502184 1.062022
  vertex 0.3736581 1.503223 1.251722
  vertex 0.4025031 1.502772 1.520812
 endloop
endfacet
facet normal 0 1 -0
 outer loop
  vertex -0.3243829 1.50571 0.3482815
  vertex -0.03036292 1.50571 0.3501915
  vertex -0.3213889 1.50571 0.1689315
 endloop
endfacet
facet normal -0.34229547 -0.022877308 0.93931377
 outer loop
  vertex -0.08321792 0.9288446 -0.1432585
  vertex -0.2270799 1.213988 -0.1887385
  vertex -0.2519399 1.028781 -0.2023085
 endloop
endfacet
facet normal 0.8924485 0.05127462 0.44822606
 outer loop
  vertex 0.5571351 1.209294 -0.6217585
  vertex 0.5601411 1.438893 -0.6540085
  vertex 0.5265871 1.488355 -0.5928585
 endloop
endfacet
facet normal -1.4358553e-05 0.99998605 -0.0052872747
 outer loop
  vertex -0.04013292 1.504075 -1.115468
  vertex -0.3453479 1.505711 -0.8052385
  vertex -0.04338292 1.505711 -0.8060585
 endloop
endfacet
facet normal 0.9999951 -0.00312114 0.00012620358
 outer loop
  vertex -0.5095349 1.500306 1.881442
  vertex -0.5094869 1.500972 1.517722
  vertex -0.5095209 1.501519 1.800452
 endloop
endfacet
facet normal 0 -1 0
 outer loop
  vertex 0.1207471 1.495711 0.1499715
  vertex 0.2997771 1.495711 0.1615915
  vertex 0.3062311 1.495711 0.3466015
 endloop
endfacet
facet normal -0.031745777 -0.99949586 -0.0004969259
 outer loop
  vertex -0.3647239 -1.504289 1.801532
  vertex -0.5094869 -1.49955 1.517702
  vertex -0.3604219 -1.504289 1.526702
 endloop
endfacet
facet normal 0.091430314 0.36917686 -0.92485076
 outer loop
  vertex -0.1116469 -1.503907 -1.076208
  vertex -0.4393519 -1.498579 -1.106478
  vertex -0.3034889 -1.474157 -1.083298
 endloop
endfacet
facet normal 0.9405441 -0.00041420184 0.3396711
 outer loop
  vertex -0.5022829 -1.193213 -0.7263585
  vertex -0.4330239 -1.22013 -0.9181685
  vertex -0.5023689 -0.9621019 -0.7258385
 endloop
endfacet
facet normal 0.052731074 0.9986024 0.003571129
 outer loop
  vertex 0.4181841 -1.4998 1.086012
  vertex 0.3151001 -1.494289 1.067112
  vertex 0.4120371 -1.500129 1.268782
 endloop
endfacet
facet normal -0.48357764 -0.33978543 0.8066588
 outer loop
  vertex -0.08321792 0.9288446 -0.1432585
  vertex -0.2519399 1.028781 -0.2023085
  vertex -0.3891509 0.9234826 -0.3289185
 endloop
endfacet
facet normal 0.033498928 0.9994176 0.0064956234
 outer loop
  vertex 0.1974511 -1.494289 1.712112
  vertex 0.4007081 -1.501718 1.806912
  vertex 0.4115821 -1.500182 1.514502
 endloop
endfacet
facet normal -0.5511034 0.5130374 -0.65808636
 outer loop
  vertex 0.5532811 -1.149825 -0.7259785
  vertex 0.4926011 -1.475003 -0.9286685
  vertex 0.3938451 -1.503969 -0.8685485
 endloop
endfacet
facet normal 2.0961625e-05 0.99998605 -0.0052869036
 outer loop
  vertex 0.09429408 1.50408 -1.113988
  vertex -0.04013292 1.504075 -1.115468
  vertex -0.04338292 1.505711 -0.8060585
 endloop
endfacet
facet normal -0.013914874 -0.9999014 0.0019000676
 outer loop
  vertex 0.09463708 1.505712 0.5377015
  vertex 0.4068301 1.501942 0.8400615
  vertex 0.1299911 1.505712 0.7966115
 endloop
endfacet
facet normal -0.026719172 0.9996426 0.0008531668
 outer loop
  vertex -0.3298689 1.505711 1.039452
  vertex -0.5094799 1.501098 0.8193515
  vertex -0.5094779 1.500866 1.091222
 endloop
endfacet
facet normal -0.36332464 0.00018750975 -0.93166256
 outer loop
  vertex -0.01150692 0.004957638 -1.184998
  vertex -0.2892259 0.2868566 -1.076638
  vertex -0.01147292 0.2698836 -1.184958
 endloop
endfacet
facet normal -0.08785918 -0.72847486 -0.6794152
 outer loop
  vertex -0.1116469 -1.503907 -1.076208
  vertex -0.3034889 -1.474157 -1.083298
  vertex -0.01825592 -1.414388 -1.184268
 endloop
endfacet
facet normal 0.01000564 0.99994093 -0.004230982
 outer loop
  vertex 0.3857011 1.50277 0.1671715
  vertex 0.09404108 1.505711 0.1725115
  vertex 0.1692701 1.50571 0.3501915
 endloop
endfacet
facet normal -0.9986987 -0.00025692576 -0.050999306
 outer loop
  vertex -0.5071519 -1.207637 -0.6309385
  vertex -0.5023689 -0.9621019 -0.7258385
  vertex -0.5022829 -1.193213 -0.7263585
 endloop
endfacet
facet normal 0.94104385 -0.000750799 -0.33828393
 outer loop
  vertex 0.4829111 0.2851336 -0.9219685
  vertex 0.4832141 0.4666616 -0.9215285
  vertex 0.5532291 0.2858896 -0.7263585
 endloop
endfacet
facet normal -0.341064 0.041119628 -0.9391403
 outer loop
  vertex -0.2871379 -1.212005 -1.077758
  vertex -0.01825592 -1.414388 -1.184268
  vertex -0.3034889 -1.474157 -1.083298
 endloop
endfacet
facet normal -0.3877373 -0.016254235 -0.92162657
 outer loop
  vertex -0.3036219 0.9628146 -1.066408
  vertex -0.2874589 1.212299 -1.077608
  vertex -0.02583592 0.9771396 -1.183528
 endloop
endfacet
facet normal 0.31266418 0.004301761 0.949854
 outer loop
  vertex 0.2899351 0.2916906 -0.1950385
  vertex 0.1221561 -0.02009836 -0.1383985
  vertex 0.2853651 0.06300664 -0.1924985
 endloop
endfacet
facet normal 0.0208888 0.99974275 -0.008838871
 outer loop
  vertex 0.3734911 1.503119 0.5397615
  vertex 0.09404108 1.505711 0.1725115
  vertex 0.1692701 1.50571 0.3501915
 endloop
endfacet
facet normal -0.008637531 -0.99106777 0.13307887
 outer loop
  vertex 0.1207471 1.495711 0.1499715
  vertex 0.09543508 1.464403 -0.08482848
  vertex 0.2997771 1.495711 0.1615915
 endloop
endfacet
facet normal -0.4786478 -2.4071378e-05 0.87800694
 outer loop
  vertex -0.2356059 0.2836506 -0.1933985
  vertex -0.2370929 0.6719026 -0.1941985
  vertex -0.2538669 0.4676166 -0.2033485
 endloop
endfacet
facet normal -0.9991654 0.04033819 -0.0064279125
 outer loop
  vertex -0.5095349 -1.502494 -0.5831685
  vertex -0.5080569 -1.468228 -0.5978785
  vertex -0.5079299 -1.48592 -0.7286385
 endloop
endfacet
facet normal -0 -1 -0
 outer loop
  vertex -0.04902792 -1.504289 0.4877915
  vertex 0.1791681 -1.504289 0.3440915
  vertex 0.09668508 -1.504289 0.5230515
 endloop
endfacet
facet normal -3.496346e-06 1 1.3779336e-07
 outer loop
  vertex -0.03600592 1.505711 0.8098215
  vertex -0.04649192 1.505711 0.5437515
  vertex -0.3195349 1.50571 0.5366515
 endloop
endfacet
facet normal -0.026625792 0.99964464 0.0013154878
 outer loop
  vertex -0.5094709 1.500896 0.3505015
  vertex -0.5094729 1.500624 0.5571815
  vertex -0.3195349 1.50571 0.5366515
 endloop
endfacet
facet normal 0.99980193 -0.019902589 -1.5756968e-05
 outer loop
  vertex -0.5095349 -1.502494 -0.5831685
  vertex -0.5095139 -1.501274 -0.7928685
  vertex -0.5094699 -1.499392 -0.3788485
 endloop
endfacet
facet normal 0 -1 0
 outer loop
  vertex -0.03549192 1.495711 0.5376915
  vertex -0.3722629 1.495711 0.5480015
  vertex -0.06390592 1.495711 0.3234015
 endloop
endfacet
facet normal 0.16889383 0.97247905 -0.16049731
 outer loop
  vertex 0.4671191 -1.498068 -1.095238
  vertex 0.3456191 -1.475686 -1.087478
  vertex 0.4926011 -1.475003 -0.9286685
 endloop
endfacet
facet normal -0.6939865 0.108772404 -0.7117242
 outer loop
  vertex -0.3034889 -1.474157 -1.083298
  vertex -0.4731419 -1.487802 -0.9199585
  vertex -0.4330239 -1.22013 -0.9181685
 endloop
endfacet
facet normal 0 -1 0
 outer loop
  vertex -0.04518592 -1.504289 1.079492
  vertex -0.3426679 -1.504289 1.053102
  vertex -0.04178992 -1.504289 0.8054815
 endloop
endfacet
facet normal 0 -1 -0
 outer loop
  vertex 0.1057831 -1.504289 -0.8601385
  vertex 0.4290481 -1.504289 -0.5749285
  vertex 0.09647108 -1.504289 -0.5800685
 endloop
endfacet
facet normal 3.391999e-06 -1 5.6624742e-08
 outer loop
  vertex -0.3243829 1.50571 0.3482815
  vertex -0.3213889 1.50571 0.1689315
  vertex -0.04649192 1.505711 0.5437515
 endloop
endfacet
facet normal 0.78121436 0.03183312 0.62345076
 outer loop
  vertex 0.2915001 -1.467204 -0.1307685
  vertex 0.4592321 -1.454795 -0.3415785
  vertex 0.4561471 -1.213398 -0.3500385
 endloop
endfacet
facet normal 0.7750007 -0.047861937 0.63014543
 outer loop
  vertex -0.1116469 -1.503907 -1.076208
  vertex -0.01825592 -1.414388 -1.184268
  vertex -0.001141915 -1.160311 -1.186018
 endloop
endfacet
facet normal -0.9288043 -0.0026239492 0.37056133
 outer loop
  vertex -0.5061619 -0.4661584 -0.6188285
  vertex -0.3907779 -0.6649574 -0.3310285
  vertex -0.3927979 -0.2761594 -0.3333385
 endloop
endfacet
facet normal 0.04638917 0.9947839 0.090846464
 outer loop
  vertex 0.2915001 -1.467204 -0.1307685
  vertex 0.09596108 -1.462206 -0.08564848
  vertex 0.2997761 -1.494289 0.1615915
 endloop
endfacet
facet normal 0.9305681 -0.007858133 0.3660343
 outer loop
  vertex 0.5574361 -1.150129 -0.6250885
  vertex 0.5566161 -0.8340643 -0.6162185
  vertex 0.4453021 -0.941356 -0.3355285
 endloop
endfacet
facet normal 0.78179157 -0.026617398 -0.62297136
 outer loop
  vertex 0.4917001 0.6539096 -0.9065685
  vertex 0.3481961 0.2850666 -1.070898
  vertex 0.3628331 0.4668856 -1.060298
 endloop
endfacet
facet normal -0.9301105 -0.008267845 0.36718655
 outer loop
  vertex -0.5061619 -0.4661584 -0.6188285
  vertex -0.5066479 -0.6672998 -0.6245885
  vertex -0.3907779 -0.6649574 -0.3310285
 endloop
endfacet
facet normal -0.33112636 0.0148957595 0.94346887
 outer loop
  vertex -0.02817292 -0.9274184 -0.1237585
  vertex -0.2536329 -0.90202 -0.2032885
  vertex -0.2289709 -1.209491 -0.1897785
 endloop
endfacet
facet normal 0.006651556 0.99993706 -0.009035248
 outer loop
  vertex 0.3970881 1.502127 -1.107218
  vertex 0.09429408 1.50408 -1.113988
  vertex 0.3944101 1.50481 -0.8122685
 endloop
endfacet
facet normal -0 1 -0
 outer loop
  vertex -0.4241819 -1.494289 1.537722
  vertex -0.3626019 -1.494289 1.075202
  vertex -0.4148729 -1.494289 1.276962
 endloop
endfacet
facet normal 0 -1 -0
 outer loop
  vertex -0.04177792 -1.504289 -0.3888185
  vertex 0.09124508 -1.504289 -0.1097285
  vertex -0.1088189 -1.504289 -0.1206985
 endloop
endfacet
facet normal 0.0011462343 0.9994894 0.03192938
 outer loop
  vertex 0.1974511 -1.494289 1.712112
  vertex 0.09422708 -1.49958 1.881442
  vertex 0.3723911 -1.499899 1.881442
 endloop
endfacet
facet normal 0 1 0
 outer loop
  vertex -0.3626019 1.495711 1.075222
  vertex -0.4148739 1.495711 1.276962
  vertex -0.4241809 1.495711 1.537742
 endloop
endfacet
facet normal -0.3644359 -0.008461741 0.93119
 outer loop
  vertex 0.07043708 -1.170703 -1.184138
  vertex 0.3321791 -1.215487 -1.082108
  vertex 0.06063908 -0.859871 -1.185148
 endloop
endfacet
facet normal 0.04978862 -0.9987598 -0.00012342875
 outer loop
  vertex 0.4115821 -1.500182 1.514502
  vertex 0.4120371 -1.500129 1.268782
  vertex 0.4181841 -1.4998 1.086012
 endloop
endfacet
facet normal 0.3874934 0.8493902 0.35830885
 outer loop
  vertex 0.2915001 -1.467204 -0.1307685
  vertex 0.3597751 -1.502578 -0.1207485
  vertex 0.4592321 -1.454795 -0.3415785
 endloop
endfacet
facet normal -6.8679315e-06 1 -7.5799406e-08
 outer loop
  vertex -0.04788092 1.50571 -0.3770885
  vertex 0.09047008 1.505711 -0.3310585
  vertex 0.09361908 1.505711 -0.6163785
 endloop
endfacet
facet normal -0.9998784 -0.0155976 -1.7224433e-05
 outer loop
  vertex -0.5094869 1.500972 1.517722
  vertex -0.5094909 1.501494 1.276832
  vertex -0.5094779 1.500866 1.091222
 endloop
endfacet
facet normal 0 1 -0
 outer loop
  vertex -0.4241819 -1.494289 1.537722
  vertex -0.1211829 -1.494289 1.470962
  vertex -0.4148729 -1.494289 1.276962
 endloop
endfacet
facet normal 0 1 0
 outer loop
  vertex -0.06390392 -1.494289 0.3234015
  vertex -0.3722619 -1.494289 0.5479915
  vertex -0.03549192 -1.494289 0.5376915
 endloop
endfacet
facet normal 0.046080798 0.9989359 0.001892041
 outer loop
  vertex 0.3031841 -1.494289 0.7859015
  vertex 0.4172591 -1.499612 0.8179315
  vertex 0.3139691 -1.494289 0.5232315
 endloop
endfacet
facet normal -0 -1 -0
 outer loop
  vertex -0.3626019 1.495711 1.075222
  vertex -0.04218292 1.495711 1.068932
  vertex -0.1099279 1.495711 1.279352
 endloop
endfacet
facet normal 0.0018704355 -0.9932808 0.11571404
 outer loop
  vertex -0.07103292 1.495711 0.1530715
  vertex -0.04394692 1.468913 -0.07739848
  vertex 0.1207471 1.495711 0.1499715
 endloop
endfacet
facet normal -0.9989679 0.0001675869 -0.045421593
 outer loop
  vertex -0.5068589 -0.972597 -0.6271285
  vertex -0.5023059 -0.6760022 -0.7261685
  vertex -0.5023689 -0.9621019 -0.7258385
 endloop
endfacet
facet normal 0 1 0
 outer loop
  vertex -0.06390392 -1.494289 0.3234015
  vertex -0.03549192 -1.494289 0.5376915
  vertex 0.09887108 -1.494289 0.5212715
 endloop
endfacet
facet normal -0.37754562 -0.01605626 -0.92585176
 outer loop
  vertex -0.01150692 0.004957638 -1.184998
  vertex -0.3067429 -0.01569536 -1.064248
  vertex -0.2892259 0.2868566 -1.076638
 endloop
endfacet
facet normal 0 1 0
 outer loop
  vertex 0.09210708 1.505711 1.215602
  vertex -0.04226592 1.505711 1.216272
  vertex 0.09570608 1.505711 1.488572
 endloop
endfacet
facet normal -0.77645475 0.01897246 -0.6298873
 outer loop
  vertex -0.4388959 0.4673316 -0.9074485
  vertex -0.3072959 0.6709256 -1.063538
  vertex -0.3171009 0.4675236 -1.057578
 endloop
endfacet
facet normal 0.81846374 -0.4003205 0.41214144
 outer loop
  vertex 0.1821951 -0.6376826 -0.1571685
  vertex 0.4437781 -0.2832544 -0.3323785
  vertex 0.2836411 -0.4657414 -0.1916185
 endloop
endfacet
facet normal -0.6636874 -0.021703705 0.747695
 outer loop
  vertex -0.3912539 0.2922656 -0.3313085
  vertex -0.2356059 0.2836506 -0.1933985
  vertex -0.3813009 0.4667656 -0.3174085
 endloop
endfacet
facet normal 0 -1 -0
 outer loop
  vertex 0.3031841 1.495711 0.7859015
  vertex 0.3151031 1.495711 1.067092
  vertex 0.08719208 1.495711 0.8189415
 endloop
endfacet
facet normal 0 -1 -0
 outer loop
  vertex -0.3434809 -1.504289 -0.1423585
  vertex -0.1088189 -1.504289 -0.1206985
  vertex -0.3193249 -1.504289 0.1582915
 endloop
endfacet
facet normal 0.009357259 -0.9999479 -0.004067365
 outer loop
  vertex 0.3739381 -1.501741 0.1657615
  vertex 0.1791681 -1.504289 0.3440915
  vertex 0.09470208 -1.504289 0.1497715
 endloop
endfacet
facet normal 0.5613078 0.11742277 0.81923467
 outer loop
  vertex 0.1821951 -0.6376826 -0.1571685
  vertex 0.2997891 -0.8977834 -0.2004585
  vertex 0.4474301 -0.6581156 -0.3359685
 endloop
endfacet
facet normal -0.018209035 0.99983215 0.002031665
 outer loop
  vertex -0.3212879 1.50571 -0.5891285
  vertex -0.3453479 1.505711 -0.8052385
  vertex -0.5095139 1.502696 -0.7928785
 endloop
endfacet
facet normal -0.113471314 -0.99342954 -0.014897825
 outer loop
  vertex -0.5095349 1.500306 1.881442
  vertex -0.5095209 1.501519 1.800452
  vertex -0.4241809 1.495711 1.537742
 endloop
endfacet
facet normal -0.36305255 0.005223686 -0.931754
 outer loop
  vertex -0.007806915 0.4586736 -1.185328
  vertex -0.01147292 0.2698836 -1.184958
  vertex -0.2892259 0.2868566 -1.076638
 endloop
endfacet
facet normal -2.9550226e-06 1 1.5153445e-08
 outer loop
  vertex -0.04077792 1.505711 1.506442
  vertex -0.04226592 1.505711 1.216272
  vertex -0.3649129 1.50571 1.232452
 endloop
endfacet
facet normal 0 1 0
 outer loop
  vertex -0.03549192 -1.494289 0.5376915
  vertex -0.3722619 -1.494289 0.5479915
  vertex -0.3738739 -1.494289 0.8127715
 endloop
endfacet
facet normal 0.93630856 0.014097501 0.3508954
 outer loop
  vertex 0.4525741 0.2832006 -0.3453085
  vertex 0.5559831 -0.005543362 -0.6096385
  vertex 0.5574371 0.2794606 -0.6249685
 endloop
endfacet
facet normal -0.030336546 -0.9995368 0.002437418
 outer loop
  vertex -0.3434809 -1.504289 -0.1423585
  vertex -0.3193249 -1.504289 0.1582915
  vertex -0.5094669 -1.499192 -0.1180585
 endloop
endfacet
facet normal -0.5672291 -0.028773649 0.82305723
 outer loop
  vertex -0.3817009 -0.4666024 -0.3178385
  vertex -0.3907779 -0.6649574 -0.3310285
  vertex -0.1451949 -0.6446266 -0.1610685
 endloop
endfacet
facet normal -3.2792748e-06 1 1.9521242e-07
 outer loop
  vertex -0.3212879 1.50571 -0.5891285
  vertex -0.03036092 1.505711 -0.5873085
  vertex -0.04338292 1.505711 -0.8060585
 endloop
endfacet
facet normal 0 -1 -0
 outer loop
  vertex 0.08338908 1.495711 1.063262
  vertex 0.3151031 1.495711 1.067092
  vertex 0.1488391 1.495711 1.279852
 endloop
endfacet
facet normal -0.30726448 -0.0039975275 0.95161575
 outer loop
  vertex -0.02817292 -0.9274184 -0.1237585
  vertex -0.2289709 -1.209491 -0.1897785
  vertex -0.02236492 -1.216729 -0.1230985
 endloop
endfacet
facet normal 0.00879544 0.9999613 0.00031992942
 outer loop
  vertex 0.09880508 1.505711 1.031462
  vertex 0.09210708 1.505711 1.215602
  vertex 0.3736581 1.503223 1.251722
 endloop
endfacet
facet normal -0.98931193 -2.432479e-05 -0.14581469
 outer loop
  vertex -0.5022859 0.2974156 -0.7263585
  vertex -0.5024419 0.4673526 -0.7253285
  vertex -0.5023249 0.6840876 -0.7261585
 endloop
endfacet
facet normal 0 1 0
 outer loop
  vertex 0.3031841 -1.494289 0.7859015
  vertex 0.08719208 -1.494289 0.8189415
  vertex 0.3151001 -1.494289 1.067112
 endloop
endfacet
facet normal -0.010382829 0.9631632 -0.26871726
 outer loop
  vertex -0.04910592 1.491404 -1.160538
  vertex -0.3721509 1.501704 -1.111138
  vertex -0.04013292 1.504075 -1.115468
 endloop
endfacet
facet normal 0.9289132 0.035172813 0.36862335
 outer loop
  vertex 0.5572331 0.6762456 -0.6227585
  vertex 0.4462061 0.6188416 -0.3374985
  vertex 0.5547091 0.4640226 -0.5961485
 endloop
endfacet
facet normal 0.94245917 0.00044937443 -0.33432093
 outer loop
  vertex 0.4849441 -0.004911362 -0.9184885
  vertex 0.5533161 -0.006693362 -0.7257485
  vertex 0.5532311 -0.2822504 -0.7263585
 endloop
endfacet
facet normal -0.77813405 0.019114358 -0.62780726
 outer loop
  vertex -0.4303989 0.2751376 -0.9230085
  vertex -0.3072959 0.6709256 -1.063538
  vertex -0.3171009 0.4675236 -1.057578
 endloop
endfacet
facet normal 0 -1 0
 outer loop
  vertex 0.09463708 -1.504289 1.266142
  vertex 0.09463708 -1.504289 1.514612
  vertex -0.04077792 -1.504289 1.514602
 endloop
endfacet
facet normal -0.00818254 -0.99996644 0.0003517045
 outer loop
  vertex 0.3944101 1.50481 -0.8122685
  vertex 0.4112821 1.504751 -0.5875085
  vertex 0.3800791 1.505077 -0.3864685
 endloop
endfacet
facet normal 0.31220925 0.007450112 0.9499841
 outer loop
  vertex 0.2891251 -0.2747974 -0.1946185
  vertex 0.07092008 -0.2757674 -0.1228985
  vertex 0.07747908 -0.4664744 -0.1235585
 endloop
endfacet
facet normal 0.006368158 -0.9999798 -8.4835214e-05
 outer loop
  vertex 0.3597751 -1.502578 -0.1207485
  vertex 0.09470208 -1.504289 0.1497715
  vertex 0.09124508 -1.504289 -0.1097285
 endloop
endfacet
facet normal 0.3795823 -0.0047786534 -0.9251456
 outer loop
  vertex 0.06842208 -0.4687504 -1.184348
  vertex 0.3488781 -0.2829714 -1.070238
  vertex 0.3588751 -0.660156 -1.064188
 endloop
endfacet
facet normal -0 -1 -0
 outer loop
  vertex -0.3647239 -1.504289 1.801532
  vertex -0.04077792 -1.504289 1.514602
  vertex -0.04077792 -1.504289 1.810422
 endloop
endfacet
facet normal 0 1 0
 outer loop
  vertex 0.08339108 -1.494289 1.063262
  vertex -0.04218292 -1.494289 1.068942
  vertex 0.1488391 -1.494289 1.279842
 endloop
endfacet
facet normal 0.3778 -0.0025467547 -0.9258837
 outer loop
  vertex 0.07101608 0.9480606 -1.184078
  vertex 0.3451871 1.207469 -1.072918
  vertex 0.3474451 0.9643776 -1.071328
 endloop
endfacet
facet normal -0.367887 0.014404044 -0.9297589
 outer loop
  vertex -0.3072959 0.6709256 -1.063538
  vertex -0.007806915 0.4586736 -1.185328
  vertex -0.2892259 0.2868566 -1.076638
 endloop
endfacet
facet normal 0.0065876422 0.99960726 0.02723988
 outer loop
  vertex 0.09880508 1.505711 1.781442
  vertex 0.3766231 1.501155 1.881442
  vertex 0.4216191 1.50315 1.797352
 endloop
endfacet
facet normal 0.92394567 0.008631069 0.38242644
 outer loop
  vertex 0.4525741 0.2832006 -0.3453085
  vertex 0.5547091 0.4640226 -0.5961485
  vertex 0.4462061 0.6188416 -0.3374985
 endloop
endfacet
facet normal 0.9888195 -3.711599e-05 -0.14911783
 outer loop
  vertex 0.5533911 0.4639126 -0.7253285
  vertex 0.5532291 0.2858896 -0.7263585
  vertex 0.5532741 0.6813726 -0.7261585
 endloop
endfacet
facet normal 0.999041 0.00044333786 -0.043781567
 outer loop
  vertex 0.5576001 -0.2895864 -0.6267385
  vertex 0.5533611 -0.4724914 -0.7253185
  vertex 0.5532311 -0.2822504 -0.7263585
 endloop
endfacet
facet normal -0 -1 -0
 outer loop
  vertex -0.3193249 -1.504289 0.1582915
  vertex -0.04100892 -1.504289 0.1210615
  vertex -0.2969639 -1.504289 0.3493715
 endloop
endfacet
facet normal -0.9395868 -0.011287694 -0.3421244
 outer loop
  vertex -0.4308579 -0.6817597 -0.9221985
  vertex -0.5023059 -0.6760022 -0.7261685
  vertex -0.4387179 -0.4660714 -0.9077285
 endloop
endfacet
facet normal -0.61725324 0.4399224 0.65227807
 outer loop
  vertex 0.1974511 -1.494289 1.712112
  vertex 0.3723911 -1.499899 1.881442
  vertex 0.2883311 -1.494289 1.798112
 endloop
endfacet
facet normal 0.006470232 -0.99997616 0.0024030318
 outer loop
  vertex 0.1887371 -1.504289 -0.3722285
  vertex 0.3597751 -1.502578 -0.1207485
  vertex 0.09124508 -1.504289 -0.1097285
 endloop
endfacet
facet normal -0 -1 0
 outer loop
  vertex -0.3279969 -1.504289 -0.3829585
  vertex -0.3395489 -1.504289 -0.5558785
  vertex -0.04177792 -1.504289 -0.3888185
 endloop
endfacet
facet normal -0.7489633 -0.64591324 -0.14781754
 outer loop
  vertex -0.5075289 1.485995 -0.7299585
  vertex -0.5095139 1.502696 -0.7928785
  vertex -0.4722139 1.489349 -0.9235485
 endloop
endfacet
facet normal -0 -1 -0
 outer loop
  vertex -0.02860992 -1.504289 -0.7164985
  vertex 0.1057831 -1.504289 -0.8601385
  vertex 0.09647108 -1.504289 -0.5800685
 endloop
endfacet
facet normal 0.046459626 0.99892 0.0005401909
 outer loop
  vertex 0.3031841 -1.494289 0.7859015
  vertex 0.4181841 -1.4998 1.086012
  vertex 0.4172591 -1.499612 0.8179315
 endloop
endfacet
facet normal -0.09487569 -0.89610165 -0.43359014
 outer loop
  vertex -0.04910592 1.491404 -1.160538
  vertex -0.2870249 1.480401 -1.085738
  vertex -0.3721509 1.501704 -1.111138
 endloop
endfacet
facet normal -0 -1 0
 outer loop
  vertex 0.1488391 1.495711 1.279852
  vertex 0.3151031 1.495711 1.067092
  vertex 0.3891041 1.495711 1.282772
 endloop
endfacet
facet normal -0.030185714 0.99953854 -0.003383962
 outer loop
  vertex -0.5094779 1.500866 1.091222
  vertex -0.5094909 1.501494 1.276832
  vertex -0.3649129 1.50571 1.232452
 endloop
endfacet
facet normal 0 1 0
 outer loop
  vertex -0.03549192 -1.494289 0.5376915
  vertex -0.3738739 -1.494289 0.8127715
  vertex -0.03780792 -1.494289 0.8189515
 endloop
endfacet
facet normal -3.3047104e-06 1 4.261134e-06
 outer loop
  vertex -0.3212879 1.50571 -0.5891285
  vertex -0.04788092 1.50571 -0.3770885
  vertex -0.03036092 1.505711 -0.5873085
 endloop
endfacet
facet normal -0.73894805 -0.019226693 -0.673488
 outer loop
  vertex -0.2870249 1.480401 -1.085738
  vertex -0.2874589 1.212299 -1.077608
  vertex -0.4338669 1.201744 -0.9166685
 endloop
endfacet
facet normal 0.74638855 -0.0055264747 -0.6654874
 outer loop
  vertex 0.4808291 -0.2820804 -0.9257085
  vertex 0.4832811 -0.4675104 -0.9214185
  vertex 0.3532361 -0.4668614 -1.067278
 endloop
endfacet
facet normal 0.6351255 0.032667592 0.77171785
 outer loop
  vertex 0.4388051 0.4667316 -0.3249685
  vertex 0.4462061 0.6188416 -0.3374985
  vertex 0.2899351 0.2916906 -0.1950385
 endloop
endfacet
facet normal -0.58276415 0.8126411 -0.0006165194
 outer loop
  vertex -0.5094669 -1.499192 -0.1180585
  vertex -0.4724139 -1.472825 -0.3877785
  vertex -0.5094699 -1.499392 -0.3788485
 endloop
endfacet
facet normal -0.014965899 -0.9997906 -0.013955218
 outer loop
  vertex -0.1116469 -1.503907 -1.076208
  vertex -0.3483699 -1.504289 -0.7949685
  vertex -0.4393519 -1.498579 -1.106478
 endloop
endfacet
facet normal -0.70724446 -0.03200523 0.7062442
 outer loop
  vertex -0.3960869 0.6380016 -0.3380485
  vertex -0.2356059 0.2836506 -0.1933985
  vertex -0.2538669 0.4676166 -0.2033485
 endloop
endfacet
facet normal -0 -1 0
 outer loop
  vertex -0.03931992 1.495711 1.798102
  vertex 0.1452851 1.495711 1.490422
  vertex 0.1974511 1.495711 1.712112
 endloop
endfacet
facet normal -0.026384726 0.99965173 0.0005800543
 outer loop
  vertex -0.3298689 1.505711 1.039452
  vertex -0.3349489 1.505712 0.8065315
  vertex -0.5094799 1.501098 0.8193515
 endloop
endfacet
facet normal 0.013232258 0.99990946 0.0024498715
 outer loop
  vertex 0.3734911 1.503119 0.5397615
  vertex 0.1299911 1.505712 0.7966115
  vertex 0.4068301 1.501942 0.8400615
 endloop
endfacet
facet normal 0.011947036 0.9999221 -0.0036132557
 outer loop
  vertex 0.09880508 1.505711 1.031462
  vertex 0.3736581 1.503223 1.251722
  vertex 0.4032381 1.502184 1.062022
 endloop
endfacet
facet normal 0.009307897 0.9999559 -0.0012709883
 outer loop
  vertex 0.09463708 1.505712 0.5377015
  vertex 0.1299911 1.505712 0.7966115
  vertex 0.3734911 1.503119 0.5397615
 endloop
endfacet
facet normal -0.03599519 -0.9957492 -0.08478214
 outer loop
  vertex -0.4722139 1.489349 -0.9235485
  vertex -0.5095179 1.501773 -1.053628
  vertex -0.3721509 1.501704 -1.111138
 endloop
endfacet
facet normal -0.90715677 0.17891854 0.38086045
 outer loop
  vertex -0.3683409 -1.478216 -0.1373585
  vertex -0.4069819 -1.211572 -0.3546585
  vertex -0.4724139 -1.472825 -0.3877785
 endloop
endfacet
facet normal -0.055906832 0.9970702 0.052206185
 outer loop
  vertex -0.04551792 -1.462899 -0.08418848
  vertex -0.3683409 -1.478216 -0.1373585
  vertex -0.3822109 -1.494289 0.1547615
 endloop
endfacet
facet normal -0.14702019 0.9891334 -1.8514278e-05
 outer loop
  vertex -0.5094669 -1.499187 0.1494515
  vertex -0.3683409 -1.478216 -0.1373585
  vertex -0.5094669 -1.499192 -0.1180585
 endloop
endfacet
facet normal -0.9419418 -0.00041334194 -0.33577594
 outer loop
  vertex -0.5023349 0.9552376 -0.7259085
  vertex -0.5022909 1.212428 -0.7263485
  vertex -0.4352409 0.9741556 -0.9141485
 endloop
endfacet
facet normal -0.038516764 -0.9975134 0.05901943
 outer loop
  vertex -0.3822109 1.495711 0.1547715
  vertex -0.3627679 1.47748 -0.1406685
  vertex -0.04394692 1.468913 -0.07739848
 endloop
endfacet
facet normal 0 1 -0
 outer loop
  vertex -0.3626019 -1.494289 1.075202
  vertex -0.03780792 -1.494289 0.8189515
  vertex -0.3738739 -1.494289 0.8127715
 endloop
endfacet
facet normal -0.3197928 -0.006135173 0.9474676
 outer loop
  vertex -0.02141392 -0.01515536 -0.1230385
  vertex -0.2356059 0.2836506 -0.1933985
  vertex -0.2437999 0.01118164 -0.1979285
 endloop
endfacet
facet normal -0.67202985 -0.021378603 0.74021536
 outer loop
  vertex -0.2536329 -0.90202 -0.2032885
  vertex -0.3880649 -0.9598876 -0.3270085
  vertex -0.2289709 -1.209491 -0.1897785
 endloop
endfacet
facet normal 0 -1 0
 outer loop
  vertex -0.04902792 -1.504289 0.4877915
  vertex -0.3389349 -1.504289 0.5328815
  vertex -0.03510092 -1.504289 0.3498315
 endloop
endfacet
facet normal -0.009538106 0.99995446 -0.00027194645
 outer loop
  vertex -0.3212879 1.50571 -0.5891285
  vertex -0.5095349 1.503916 -0.5831685
  vertex -0.3266059 1.50571 -0.4026085
 endloop
endfacet
facet normal 0 1 0
 outer loop
  vertex -0.03600592 1.505711 0.8098215
  vertex 0.09210708 1.505711 1.215602
  vertex 0.09880508 1.505711 1.031462
 endloop
endfacet
facet normal 0.5019596 0.8644785 -0.026707616
 outer loop
  vertex 0.3982961 -1.494289 1.455542
  vertex 0.4115821 -1.500182 1.514502
  vertex 0.3891041 -1.494289 1.282782
 endloop
endfacet
facet normal -0.3612133 -0.027679529 -0.9320723
 outer loop
  vertex -0.2870249 1.480401 -1.085738
  vertex -0.009748915 1.209163 -1.185138
  vertex -0.2874589 1.212299 -1.077608
 endloop
endfacet
facet normal 0.8605643 0.35922918 0.3610865
 outer loop
  vertex 0.5567671 -1.410539 -0.6180585
  vertex 0.4592321 -1.454795 -0.3415785
  vertex 0.4953711 -1.503042 -0.3797085
 endloop
endfacet
facet normal 0 -1 -0
 outer loop
  vertex -0.04902792 -1.504289 0.4877915
  vertex 0.09668508 -1.504289 0.5230515
  vertex -0.04178992 -1.504289 0.8054815
 endloop
endfacet
facet normal -0.99908334 0.0010465385 -0.04279471
 outer loop
  vertex -0.5066479 -0.6672998 -0.6245885
  vertex -0.5023059 -0.6760022 -0.7261685
  vertex -0.5068589 -0.972597 -0.6271285
 endloop
endfacet
facet normal -0.942525 0.0004483179 -0.3341353
 outer loop
  vertex -0.4362499 -0.007203362 -0.9122785
  vertex -0.5022859 -0.2707034 -0.7263585
  vertex -0.5023719 0.003107638 -0.7257485
 endloop
endfacet
facet normal 0.95352215 -0.20647238 -0.21946432
 outer loop
  vertex 0.5320411 -1.504289 -0.7297585
  vertex 0.4926011 -1.475003 -0.9286685
  vertex 0.5533771 -1.410539 -0.7252585
 endloop
endfacet
facet normal -0.9316395 0.010061891 0.36324453
 outer loop
  vertex -0.5061619 -0.4661584 -0.6188285
  vertex -0.3927979 -0.2761594 -0.3333385
  vertex -0.5067529 -0.2710574 -0.6257485
 endloop
endfacet
facet normal 0.38073972 -0.12838364 -0.9157264
 outer loop
  vertex 0.1945251 -1.504027 -1.118868
  vertex 0.02711208 -1.504289 -1.188438
  vertex 0.07023508 -1.406859 -1.184168
 endloop
endfacet
facet normal -0 -1 0
 outer loop
  vertex -0.03549192 1.495711 0.5376915
  vertex -0.06390592 1.495711 0.3234015
  vertex 0.09887208 1.495711 0.5212815
 endloop
endfacet
facet normal -0 1 0
 outer loop
  vertex -0.3279969 -1.504289 -0.3829585
  vertex -0.3483699 -1.504289 -0.7949685
  vertex -0.3395489 -1.504289 -0.5558785
 endloop
endfacet
facet normal -0.3340136 -0.013874273 0.9424661
 outer loop
  vertex -0.02817292 -0.9274184 -0.1237585
  vertex -0.1451949 -0.6446266 -0.1610685
  vertex -0.2536329 -0.90202 -0.2032885
 endloop
endfacet
facet normal -0.029736463 0.99955547 0.0021665667
 outer loop
  vertex -0.5094869 1.500972 1.517722
  vertex -0.3503269 1.50571 1.516332
  vertex -0.5094909 1.501494 1.276832
 endloop
endfacet
facet normal 0 1 0
 outer loop
  vertex -0.03532292 1.505711 -0.1379085
  vertex -0.04733792 1.505711 0.1789015
  vertex 0.09404108 1.505711 0.1725115
 endloop
endfacet
facet normal 0 -1 0
 outer loop
  vertex 0.1887371 -1.504289 -0.3722285
  vertex 0.09124508 -1.504289 -0.1097285
  vertex -0.04177792 -1.504289 -0.3888185
 endloop
endfacet
facet normal 0 -1 -0
 outer loop
  vertex -0.3279969 -1.504289 -0.3829585
  vertex -0.1088189 -1.504289 -0.1206985
  vertex -0.3434809 -1.504289 -0.1423585
 endloop
endfacet
facet normal 0.0194278 0.9995471 0.022980891
 outer loop
  vertex 0.4747831 -1.497503 0.3439015
  vertex 0.3062311 -1.494289 0.3466015
  vertex 0.4017651 -1.500259 0.5255015
 endloop
endfacet
facet normal 0.00736179 -0.99976325 -0.020475922
 outer loop
  vertex -0.3483699 -1.504289 -0.7949685
  vertex -0.5095169 -1.500226 -1.051288
  vertex -0.4393519 -1.498579 -1.106478
 endloop
endfacet
facet normal -0.5237825 0.01812169 -0.85165924
 outer loop
  vertex 0.3938451 -1.503969 -0.8685485
  vertex 0.4848781 -1.22215 -0.9185385
  vertex 0.4926011 -1.475003 -0.9286685
 endloop
endfacet
facet normal 0.025448214 -0.999242 0.029461382
 outer loop
  vertex 0.4768231 1.500075 0.3472615
  vertex 0.3734911 1.503119 0.5397615
  vertex 0.3062311 1.495711 0.3466015
 endloop
endfacet
facet normal -0.038658846 -0.9992413 0.004730556
 outer loop
  vertex -0.3822109 1.495711 0.1547715
  vertex -0.3589539 1.495711 0.3448315
  vertex -0.5094669 1.500609 0.1494415
 endloop
endfacet
facet normal -7.5579064e-06 1 1.032028e-06
 outer loop
  vertex -0.04649192 1.505711 0.5437515
  vertex 0.1299911 1.505712 0.7966115
  vertex 0.09463708 1.505712 0.5377015
 endloop
endfacet
facet normal -0.99901575 0.00043931688 -0.04435404
 outer loop
  vertex -0.5022859 -0.2707034 -0.7263585
  vertex -0.5024179 -0.4659314 -0.7253185
  vertex -0.5067529 -0.2710574 -0.6257485
 endloop
endfacet
facet normal -0.008815628 0.9906937 0.13582438
 outer loop
  vertex 0.1207441 -1.494289 0.1499715
  vertex 0.2997761 -1.494289 0.1615915
  vertex 0.09596108 -1.462206 -0.08564848
 endloop
endfacet
facet normal -3.6957897e-06 1 5.933856e-06
 outer loop
  vertex -0.03036292 1.50571 0.3501915
  vertex -0.04733792 1.505711 0.1789015
  vertex -0.3213889 1.50571 0.1689315
 endloop
endfacet
facet normal -0.001143943 -0.99749136 0.07077933
 outer loop
  vertex 0.3723911 -1.499899 1.881442
  vertex 0.09422708 -1.49958 1.881442
  vertex 0.09880508 -1.504289 1.815152
 endloop
endfacet
facet normal 0.058007948 -0.99523735 0.078343354
 outer loop
  vertex 0.2955681 1.473186 -0.1214385
  vertex 0.2997771 1.495711 0.1615915
  vertex 0.09543508 1.464403 -0.08482848
 endloop
endfacet
facet normal 0 1 0
 outer loop
  vertex -0.04077792 1.505711 1.037692
  vertex -0.3298689 1.505711 1.039452
  vertex -0.04226592 1.505711 1.216272
 endloop
endfacet
facet normal 0.664905 -0.0073617427 0.7468916
 outer loop
  vertex 0.2891251 -0.2747974 -0.1946185
  vertex 0.2836411 -0.4657414 -0.1916185
  vertex 0.4437781 -0.2832544 -0.3323785
 endloop
endfacet
facet normal 0.31333157 0.003902979 0.9496358
 outer loop
  vertex 0.07138908 0.2914706 -0.1229285
  vertex 0.1221561 -0.02009836 -0.1383985
  vertex 0.2899351 0.2916906 -0.1950385
 endloop
endfacet
facet normal 0.08548919 -0.9946413 -0.058140207
 outer loop
  vertex 0.3857011 1.50277 0.1671715
  vertex 0.4768231 1.500075 0.3472615
  vertex 0.2997771 1.495711 0.1615915
 endloop
endfacet
facet normal -0.31851473 0.0058852755 0.94789964
 outer loop
  vertex -0.02141392 -0.01515536 -0.1230385
  vertex -0.2437999 0.01118164 -0.1979285
  vertex -0.2354119 -0.2821864 -0.1932885
 endloop
endfacet
facet normal -0.034477048 -0.99940467 -0.0013157709
 outer loop
  vertex -0.3589539 1.495711 0.3448315
  vertex -0.5094729 1.500624 0.5571815
  vertex -0.5094709 1.500896 0.3505015
 endloop
endfacet
facet normal -2.7328708e-06 1 4.445095e-06
 outer loop
  vertex -0.3298689 1.505711 1.039452
  vertex -0.3649129 1.50571 1.232452
  vertex -0.04226592 1.505711 1.216272
 endloop
endfacet
facet normal -0.16095899 -0.9860795 -0.041705396
 outer loop
  vertex -0.3626019 1.495711 1.075222
  vertex -0.4148739 1.495711 1.276962
  vertex -0.5094869 1.500972 1.517722
 endloop
endfacet
facet normal 0 -1 -0
 outer loop
  vertex -0.07103292 1.495711 0.1530715
  vertex 0.1330431 1.495711 0.3298415
  vertex -0.06390592 1.495711 0.3234015
 endloop
endfacet
facet normal 0 1 0
 outer loop
  vertex 0.09887108 -1.494289 0.5212715
  vertex -0.03549192 -1.494289 0.5376915
  vertex 0.08719208 -1.494289 0.8189415
 endloop
endfacet
facet normal 0 1 -0
 outer loop
  vertex 0.3031841 -1.494289 0.7859015
  vertex 0.3139691 -1.494289 0.5232315
  vertex 0.09887108 -1.494289 0.5212715
 endloop
endfacet
facet normal -0.0034569683 0.99080205 0.1352755
 outer loop
  vertex 0.1207441 -1.494289 0.1499715
  vertex 0.09596108 -1.462206 -0.08564848
  vertex -0.04551792 -1.462899 -0.08418848
 endloop
endfacet
facet normal 0.065910175 0.9978254 0.0006885803
 outer loop
  vertex 0.3723911 -1.499899 1.881442
  vertex 0.4007081 -1.501718 1.806912
  vertex 0.2883311 -1.494289 1.798112
 endloop
endfacet
facet normal -0.32457948 -0.011965001 0.94578284
 outer loop
  vertex -0.03186692 0.6449726 -0.1241085
  vertex -0.2370929 0.6719026 -0.1941985
  vertex -0.02249792 0.4666996 -0.1231485
 endloop
endfacet
facet normal -0.0019488118 -0.99834317 0.05750844
 outer loop
  vertex -0.04077792 -1.504289 1.810422
  vertex 0.09880508 -1.504289 1.815152
  vertex -0.04077592 -1.500198 1.881442
 endloop
endfacet
facet normal 0.014561608 0.9990897 0.04009494
 outer loop
  vertex 0.1974511 -1.494289 1.712112
  vertex -0.03931992 -1.494289 1.798102
  vertex 0.09422708 -1.49958 1.881442
 endloop
endfacet
facet normal 0.067918174 0.99768645 -0.0029754306
 outer loop
  vertex 0.4017651 -1.500259 0.5255015
  vertex 0.3062311 -1.494289 0.3466015
  vertex 0.3139691 -1.494289 0.5232315
 endloop
endfacet
facet normal -0.6639952 0.02572042 0.7472943
 outer loop
  vertex -0.2539699 -0.4657934 -0.2034585
  vertex -0.2354119 -0.2821864 -0.1932885
  vertex -0.3927979 -0.2761594 -0.3333385
 endloop
endfacet
facet normal 0.36859548 0.038207788 -0.92880434
 outer loop
  vertex 0.07043708 -1.170703 -1.184138
  vertex 0.3321791 -1.215487 -1.082108
  vertex 0.3456191 -1.475686 -1.087478
 endloop
endfacet
facet normal -0.35674733 0.017596325 -0.9340352
 outer loop
  vertex -0.2871379 -1.212005 -1.077758
  vertex -0.001141915 -1.160311 -1.186018
  vertex -0.01825592 -1.414388 -1.184268
 endloop
endfacet
facet normal 0.3889804 0.106720164 -0.9150437
 outer loop
  vertex 0.2713791 -0.8518412 -1.123738
  vertex 0.05627308 -0.5980394 -1.185578
  vertex 0.3588751 -0.660156 -1.064188
 endloop
endfacet
facet normal 0.3606327 0.0108498875 -0.9326448
 outer loop
  vertex 0.3396071 0.6718476 -1.077658
  vertex 0.07024508 0.4678036 -1.184188
  vertex 0.06181308 0.6758686 -1.185028
 endloop
endfacet
facet normal 0 -1 0
 outer loop
  vertex 0.08338908 1.495711 1.063262
  vertex -0.04218292 1.495711 1.068932
  vertex -0.03780792 1.495711 0.8189415
 endloop
endfacet
facet normal 0 -1 -0
 outer loop
  vertex -0.04100892 -1.504289 0.1210615
  vertex -0.03510092 -1.504289 0.3498315
  vertex -0.3389349 -1.504289 0.5328815
 endloop
endfacet
facet normal -0.027918506 -0.9996045 -0.0033680906
 outer loop
  vertex -0.3548949 -1.504289 1.247192
  vertex -0.5094929 -1.500071 1.276832
  vertex -0.5094779 -1.499446 1.091212
 endloop
endfacet
facet normal 0.9991605 -0.00084966945 -0.04095889
 outer loop
  vertex 0.5532101 -0.5980394 -0.7263985
  vertex 0.5533611 -0.4724914 -0.7253185
  vertex 0.5573891 -0.5964269 -0.6244885
 endloop
endfacet
facet normal 0.6751888 0.001765091 0.7376429
 outer loop
  vertex 0.4552351 1.209329 -0.3484485
  vertex 0.4621561 1.457988 -0.3553785
  vertex 0.2841741 1.216745 -0.1918885
 endloop
endfacet
facet normal 0.648663 0.0056708413 0.76105464
 outer loop
  vertex 0.2819491 0.9553686 -0.1907185
  vertex 0.2885651 0.6777056 -0.1942885
  vertex 0.4373181 0.8997726 -0.3227285
 endloop
endfacet
facet normal -0.027113883 0.99963236 2.2273705e-05
 outer loop
  vertex -0.5094669 1.500609 0.1494415
  vertex -0.3213889 1.50571 0.1689315
  vertex -0.5094669 1.500615 -0.1180585
 endloop
endfacet
facet normal 0.30454054 -0.17283162 0.9366879
 outer loop
  vertex 0.2841741 1.216745 -0.1918885
  vertex 0.09543508 1.464403 -0.08482848
  vertex 0.07030708 1.214233 -0.1228185
 endloop
endfacet
facet normal -0.1608898 0.9860918 -0.04168255
 outer loop
  vertex -0.4148729 -1.494289 1.276962
  vertex -0.3626019 -1.494289 1.075202
  vertex -0.5094869 -1.49955 1.517702
 endloop
endfacet
facet normal 0.0073382105 0.20385204 -0.9789742
 outer loop
  vertex 0.1821951 -0.6376826 -0.1571685
  vertex -0.1451949 -0.6446266 -0.1610685
  vertex -0.02201992 -0.4666184 -0.1230785
 endloop
endfacet
facet normal 0.1095143 -0.86500776 -0.48966122
 outer loop
  vertex 0.08758708 1.488818 -1.152928
  vertex 0.3970881 1.502127 -1.107218
  vertex 0.3522981 1.48081 -1.079578
 endloop
endfacet
facet normal -0.0039804396 0.9979656 0.0636308
 outer loop
  vertex -0.2476529 -1.494289 1.798102
  vertex -0.4804069 -1.494289 1.783542
  vertex -0.3399659 -1.499971 1.881442
 endloop
endfacet
facet normal -0.99908894 -0.00035997803 -0.04267445
 outer loop
  vertex -0.5066479 -0.6672998 -0.6245885
  vertex -0.5024179 -0.4659314 -0.7253185
  vertex -0.5023059 -0.6760022 -0.7261685
 endloop
endfacet
facet normal -0.922438 0.18828999 0.33712748
 outer loop
  vertex -0.4724139 -1.472825 -0.3877785
  vertex -0.4069819 -1.211572 -0.3546585
  vertex -0.5071519 -1.207637 -0.6309385
 endloop
endfacet
facet normal 0.006983832 -0.99877703 0.04894658
 outer loop
  vertex -0.5095349 1.500306 1.881442
  vertex -0.4804069 1.495711 1.783522
  vertex -0.3497909 1.501423 1.881442
 endloop
endfacet
facet normal 0.24784744 -0.301668 -0.9206345
 outer loop
  vertex 0.1945251 -1.504027 -1.118868
  vertex 0.07023508 -1.406859 -1.184168
  vertex 0.3456191 -1.475686 -1.087478
 endloop
endfacet
facet normal -0.034913454 -0.9993892 0.0014993085
 outer loop
  vertex -0.3626019 1.495711 1.075222
  vertex -0.5094779 1.500866 1.091222
  vertex -0.3738729 1.495711 0.8127615
 endloop
endfacet
facet normal 0.0144585 -0.99989444 0.0014464312
 outer loop
  vertex 0.4017651 -1.500259 0.5255015
  vertex 0.4172591 -1.499612 0.8179315
  vertex 0.09463708 -1.504289 0.8096815
 endloop
endfacet
facet normal 0.84882164 0.5272156 0.039315518
 outer loop
  vertex 0.5265871 1.488355 -0.5928585
  vertex 0.5601411 1.438893 -0.6540085
  vertex 0.5309721 1.491478 -0.7294085
 endloop
endfacet
facet normal 0.05474005 0.64129907 -0.7653358
 outer loop
  vertex -0.04910592 1.491404 -1.160538
  vertex 0.08758708 1.488818 -1.152928
  vertex 0.02804408 1.451594 -1.188378
 endloop
endfacet
facet normal -0.98347914 -0.021203 -0.17977518
 outer loop
  vertex -0.5075289 1.485995 -0.7299585
  vertex -0.4722139 1.489349 -0.9235485
  vertex -0.5022909 1.212428 -0.7263485
 endloop
endfacet
facet normal -0.7605183 0.0174511 -0.6490819
 outer loop
  vertex -0.4362499 -0.007203362 -0.9122785
  vertex -0.2892259 0.2868566 -1.076638
  vertex -0.3067429 -0.01569536 -1.064248
 endloop
endfacet
facet normal 0 -1 0
 outer loop
  vertex 0.1488391 1.495711 1.279852
  vertex 0.1452851 1.495711 1.490422
  vertex -0.1211829 1.495711 1.470962
 endloop
endfacet
facet normal 0.3184251 -0.00071164395 0.9479478
 outer loop
  vertex 0.07771008 0.4668556 -0.1236185
  vertex 0.2899351 0.2916906 -0.1950385
  vertex 0.2885651 0.6777056 -0.1942885
 endloop
endfacet
facet normal -0.94429004 -0.00017170822 -0.3291144
 outer loop
  vertex -0.4394109 -0.9586388 -0.9064785
  vertex -0.5023689 -0.9621019 -0.7258385
  vertex -0.5023059 -0.6760022 -0.7261685
 endloop
endfacet
facet normal 0.10423404 0.99111795 -0.08258588
 outer loop
  vertex 0.4747831 -1.497503 0.3439015
  vertex 0.3739381 -1.501741 0.1657615
  vertex 0.2997761 -1.494289 0.1615915
 endloop
endfacet
facet normal -0.9394067 0.009563634 -0.34267122
 outer loop
  vertex -0.4308579 -0.6817597 -0.9221985
  vertex -0.4394109 -0.9586388 -0.9064785
  vertex -0.5023059 -0.6760022 -0.7261685
 endloop
endfacet
facet normal 0.941037 0.0025370347 -0.3382942
 outer loop
  vertex 0.4849441 -0.004911362 -0.9184885
  vertex 0.4829111 0.2851336 -0.9219685
  vertex 0.5532291 0.2858896 -0.7263585
 endloop
endfacet
facet normal 0.0030187673 0.99999547 3.5930392e-05
 outer loop
  vertex 0.3944101 1.50481 -0.8122685
  vertex 0.09361908 1.505711 -0.6163785
  vertex 0.4112821 1.504751 -0.5875085
 endloop
endfacet
facet normal 0.9962562 0.07883207 -0.0354843
 outer loop
  vertex 0.5532361 1.211485 -0.7263585
  vertex 0.5309721 1.491478 -0.7294085
  vertex 0.5571351 1.209294 -0.6217585
 endloop
endfacet
facet normal 0.67846364 -0.0053990213 0.73461413
 outer loop
  vertex 0.4525741 0.2832006 -0.3453085
  vertex 0.2899351 0.2916906 -0.1950385
  vertex 0.2853651 0.06300664 -0.1924985
 endloop
endfacet
facet normal -0.7358335 -0.010642644 0.67707884
 outer loop
  vertex 0.4808291 -0.2820804 -0.9257085
  vertex 0.3532361 -0.4668614 -1.067278
  vertex 0.3588751 -0.660156 -1.064188
 endloop
endfacet
facet normal -0.034708787 -0.99939173 0.0033789221
 outer loop
  vertex -0.3626019 1.495711 1.075222
  vertex -0.5094909 1.501494 1.276832
  vertex -0.5094779 1.500866 1.091222
 endloop
endfacet
facet normal 0.011431615 0.9999335 0.0015225837
 outer loop
  vertex 0.09880508 1.505711 1.031462
  vertex 0.4032381 1.502184 1.062022
  vertex 0.1299911 1.505712 0.7966115
 endloop
endfacet
facet normal 0 -1 -0
 outer loop
  vertex -0.4241809 1.495711 1.537742
  vertex -0.03931992 1.495711 1.798102
  vertex -0.2476529 1.495711 1.798102
 endloop
endfacet
facet normal 0 -1 0
 outer loop
  vertex -0.3426679 -1.504289 1.053102
  vertex -0.3314789 -1.504289 0.8172515
  vertex -0.04178992 -1.504289 0.8054815
 endloop
endfacet
facet normal 3.6683699e-07 1 -4.006527e-06
 outer loop
  vertex -0.3266059 1.50571 -0.4026085
  vertex -0.03532292 1.505711 -0.1379085
  vertex -0.04788092 1.50571 -0.3770885
 endloop
endfacet
facet normal -0.37893283 0.006403591 -0.92540205
 outer loop
  vertex -0.3004699 -0.2803494 -1.068648
  vertex -0.3067429 -0.01569536 -1.064248
  vertex -0.01150692 0.004957638 -1.184998
 endloop
endfacet
facet normal -0.9389598 0.006386148 -0.3439677
 outer loop
  vertex -0.4303989 0.2751376 -0.9230085
  vertex -0.4362499 -0.007203362 -0.9122785
  vertex -0.5022859 0.2974156 -0.7263585
 endloop
endfacet
facet normal 0.9997096 0.007077629 -0.023033122
 outer loop
  vertex 0.5576001 -0.2895864 -0.6267385
  vertex 0.5533161 -0.006693362 -0.7257485
  vertex 0.5559831 -0.005543362 -0.6096385
 endloop
endfacet
facet normal -0 1 0
 outer loop
  vertex 0.3891041 -1.494289 1.282782
  vertex 0.3151001 -1.494289 1.067112
  vertex 0.1488391 -1.494289 1.279842
 endloop
endfacet
facet normal 0.27956086 0.0056923595 -0.96011114
 outer loop
  vertex 0.07043708 -1.170703 -1.184138
  vertex 0.06063908 -0.859871 -1.185148
  vertex 0.2713791 -0.8518412 -1.123738
 endloop
endfacet
facet normal 0.9413104 -1.9898816e-05 -0.33754224
 outer loop
  vertex 0.5532101 -0.5980394 -0.7263985
  vertex 0.4832811 -0.4675104 -0.9214185
  vertex 0.5532311 -0.2822504 -0.7263585
 endloop
endfacet
facet normal 0.73289937 0.049569007 -0.67852885
 outer loop
  vertex 0.3456191 -1.475686 -1.087478
  vertex 0.4848781 -1.22215 -0.9185385
  vertex 0.4926011 -1.475003 -0.9286685
 endloop
endfacet
facet normal 0.99971765 -0.0063320175 -0.022900488
 outer loop
  vertex 0.5533161 -0.006693362 -0.7257485
  vertex 0.5574371 0.2794606 -0.6249685
  vertex 0.5559831 -0.005543362 -0.6096385
 endloop
endfacet
facet normal 0.3312465 -0.00016330005 -0.9435442
 outer loop
  vertex 0.07043708 -1.170703 -1.184138
  vertex 0.3456191 -1.475686 -1.087478
  vertex 0.07023508 -1.406859 -1.184168
 endloop
endfacet
facet normal 0.99953294 0.0034452542 -0.030363573
 outer loop
  vertex 0.5574361 -1.150129 -0.6250885
  vertex 0.5532701 -0.8324144 -0.7261785
  vertex 0.5566161 -0.8340643 -0.6162185
 endloop
endfacet
facet normal -0.018759618 -0.9998158 -0.0040543377
 outer loop
  vertex -0.3483699 -1.504289 -0.7949685
  vertex -0.5095139 -1.501274 -0.7928685
  vertex -0.5095169 -1.500226 -1.051288
 endloop
endfacet
facet normal -0.02832887 0.9995983 0.00081911613
 outer loop
  vertex -0.5094669 1.500615 -0.1180585
  vertex -0.3213889 1.50571 0.1689315
  vertex -0.3302459 1.505712 -0.1398585
 endloop
endfacet
facet normal 0.009821196 0.9999518 -5.7733403e-05
 outer loop
  vertex 0.4045841 1.502638 -0.1206685
  vertex 0.09047008 1.505711 -0.3310585
  vertex 0.09171008 1.505711 -0.1201185
 endloop
endfacet
facet normal -0.30679116 -0.00297741 0.95177215
 outer loop
  vertex -0.08321792 0.9288446 -0.1432585
  vertex -0.02390592 1.207451 -0.1232685
  vertex -0.2270799 1.213988 -0.1887385
 endloop
endfacet
facet normal -0.034926224 0.99938875 0.0015001604
 outer loop
  vertex -0.3626019 -1.494289 1.075202
  vertex -0.3738739 -1.494289 0.8127715
  vertex -0.5094779 -1.499446 1.091212
 endloop
endfacet
facet normal -0 -1 0
 outer loop
  vertex -0.2969639 -1.504289 0.3493715
  vertex -0.04100892 -1.504289 0.1210615
  vertex -0.03510092 -1.504289 0.3498315
 endloop
endfacet
facet normal 0.7463905 0.011137082 -0.66541505
 outer loop
  vertex 0.4832811 -0.4675104 -0.9214185
  vertex 0.3588751 -0.660156 -1.064188
  vertex 0.3532361 -0.4668614 -1.067278
 endloop
endfacet
facet normal -0.034274418 0.9994036 0.0041948874
 outer loop
  vertex -0.5094709 -1.499475 0.3505015
  vertex -0.3589529 -1.494289 0.3447915
  vertex -0.3822109 -1.494289 0.1547615
 endloop
endfacet
facet normal -0.031906135 -0.99948853 0.0021629403
 outer loop
  vertex -0.3604219 -1.504289 1.526702
  vertex -0.5094869 -1.49955 1.517702
  vertex -0.5094929 -1.500071 1.276832
 endloop
endfacet
facet normal 0.013207703 -0.99991274 9.43704e-05
 outer loop
  vertex 0.4017651 -1.500259 0.5255015
  vertex 0.09463708 -1.504289 0.8096815
  vertex 0.09668508 -1.504289 0.5230515
 endloop
endfacet
facet normal 0.36039048 -0.008929618 -0.9327588
 outer loop
  vertex 0.07101608 0.9480606 -1.184078
  vertex 0.3396071 0.6718476 -1.077658
  vertex 0.06181308 0.6758686 -1.185028
 endloop
endfacet
facet normal 0 -1 -0
 outer loop
  vertex 0.1207471 1.495711 0.1499715
  vertex 0.3062311 1.495711 0.3466015
  vertex 0.1330431 1.495711 0.3298415
 endloop
endfacet
facet normal -0.3137107 0.00082267215 0.94951826
 outer loop
  vertex -0.02249792 0.4666996 -0.1231485
  vertex -0.2356059 0.2836506 -0.1933985
  vertex -0.02307792 0.2801476 -0.1231785
 endloop
endfacet
facet normal -0.4649257 0.0002850595 0.8853497
 outer loop
  vertex 0.07043708 -1.170703 -1.184138
  vertex 0.07023508 -1.406859 -1.184168
  vertex 0.1945251 -1.504027 -1.118868
 endloop
endfacet
facet normal 0.9992679 2.2808357e-05 -0.038259044
 outer loop
  vertex 0.5532771 0.9534316 -0.7259185
  vertex 0.5572331 0.6762456 -0.6227585
  vertex 0.5532741 0.6813726 -0.7261585
 endloop
endfacet
facet normal 3.6369308e-06 1 1.3793068e-07
 outer loop
  vertex -0.03532292 1.505711 -0.1379085
  vertex -0.3302459 1.505712 -0.1398585
  vertex -0.04733792 1.505711 0.1789015
 endloop
endfacet
facet normal -0.99326193 -0.115889646 0.0005748152
 outer loop
  vertex -0.5075289 1.485995 -0.7299585
  vertex -0.5095349 1.503916 -0.5831685
  vertex -0.5095139 1.502696 -0.7928785
 endloop
endfacet
facet normal 0 -1 0
 outer loop
  vertex -0.04077792 -1.504289 1.266142
  vertex -0.04077792 -1.504289 1.514602
  vertex -0.3604219 -1.504289 1.526702
 endloop
endfacet
facet normal 0.99999374 0.0035408034 0.00012700322
 outer loop
  vertex -0.5095339 -1.499332 1.881442
  vertex -0.5095209 -1.500097 1.800462
  vertex -0.5094869 -1.49955 1.517702
 endloop
endfacet
facet normal 0.7458319 0.032848425 0.66532385
 outer loop
  vertex 0.4953711 -1.503042 -0.3797085
  vertex 0.4561471 -1.213398 -0.3500385
  vertex 0.4592321 -1.454795 -0.3415785
 endloop
endfacet
facet normal 0.5686827 -0.021187833 0.82228404
 outer loop
  vertex 0.1749441 -1.20707 -0.1553985
  vertex 0.4561471 -1.213398 -0.3500385
  vertex 0.4453021 -0.941356 -0.3355285
 endloop
endfacet
facet normal -0.99934155 -0.0016033371 -0.036250133
 outer loop
  vertex -0.5065459 0.2967656 -0.6236685
  vertex -0.5023719 0.003107638 -0.7257485
  vertex -0.5062049 -0.01028136 -0.6194885
 endloop
endfacet
facet normal -0.99888235 -0.01969263 -0.042968005
 outer loop
  vertex -0.5075289 1.485995 -0.7299585
  vertex -0.5022909 1.212428 -0.7263485
  vertex -0.5067009 1.215917 -0.6254285
 endloop
endfacet
facet normal -0.5500342 -0.82581556 0.12446296
 outer loop
  vertex -0.5076219 1.466905 -0.5956885
  vertex -0.4710559 1.474844 -0.3814185
  vertex -0.5094699 1.500814 -0.3788685
 endloop
endfacet
facet normal 0 -1 0
 outer loop
  vertex -0.03600592 1.505711 0.8098215
  vertex -0.04226592 1.505711 1.216272
  vertex -0.04077792 1.505711 1.037692
 endloop
endfacet
facet normal -0.99999356 0.0032930644 -0.0014164721
 outer loop
  vertex -0.5080569 -1.468228 -0.5978785
  vertex -0.5071519 -1.207637 -0.6309385
  vertex -0.5079299 -1.48592 -0.7286385
 endloop
endfacet
facet normal 0 -1 0
 outer loop
  vertex -0.03549192 1.495711 0.5376915
  vertex -0.3738729 1.495711 0.8127615
  vertex -0.3722629 1.495711 0.5480015
 endloop
endfacet
facet normal 0.36764157 -0.025702512 -0.92961234
 outer loop
  vertex 0.05627308 -0.5980394 -1.185578
  vertex 0.06842208 -0.4687504 -1.184348
  vertex 0.3588751 -0.660156 -1.064188
 endloop
endfacet
facet normal 0.10158686 0.99479944 -0.0073646144
 outer loop
  vertex 0.5309721 1.491478 -0.7294085
  vertex 0.3944101 1.50481 -0.8122685
  vertex 0.4112821 1.504751 -0.5875085
 endloop
endfacet
facet normal 0.92534405 -0.012205829 0.37893203
 outer loop
  vertex 0.4373181 0.8997726 -0.3227285
  vertex 0.5572331 0.6762456 -0.6227585
  vertex 0.5561051 0.9598556 -0.6108685
 endloop
endfacet
facet normal -0.94375116 -0.000108342 -0.33065665
 outer loop
  vertex -0.4387179 -0.4660714 -0.9077285
  vertex -0.5023059 -0.6760022 -0.7261685
  vertex -0.5022859 -0.2707034 -0.7263585
 endloop
endfacet
facet normal -0 1 -0
 outer loop
  vertex 0.1452851 -1.494289 1.490422
  vertex 0.1488391 -1.494289 1.279842
  vertex -0.1211829 -1.494289 1.470962
 endloop
endfacet
facet normal 0.31226394 -0.0049847024 0.9499823
 outer loop
  vertex 0.2891251 -0.2747974 -0.1946185
  vertex 0.1221561 -0.02009836 -0.1383985
  vertex 0.07092008 -0.2757674 -0.1228985
 endloop
endfacet
facet normal 0.9402829 -0.00043120122 -0.3403938
 outer loop
  vertex 0.5532771 0.9534316 -0.7259185
  vertex 0.4811161 0.9273736 -0.9252185
  vertex 0.5532361 1.211485 -0.7263585
 endloop
endfacet
facet normal -0.67805856 0.0037809866 0.73499817
 outer loop
  vertex -0.2536329 -0.90202 -0.2032885
  vertex -0.3907779 -0.6649574 -0.3310285
  vertex -0.3880649 -0.9598876 -0.3270085
 endloop
endfacet
facet normal -0.9297725 -0.002420121 0.36812657
 outer loop
  vertex -0.5066479 -0.6672998 -0.6245885
  vertex -0.5068589 -0.972597 -0.6271285
  vertex -0.3880649 -0.9598876 -0.3270085
 endloop
endfacet
facet normal -0.932941 0.0112794675 0.3598525
 outer loop
  vertex -0.3960869 0.6380016 -0.3380485
  vertex -0.5068049 0.6800006 -0.6264085
  vertex -0.5060599 0.4675696 -0.6178185
 endloop
endfacet
facet normal -0.9355183 0.004856994 0.35324466
 outer loop
  vertex -0.4007929 1.209536 -0.3448585
  vertex -0.5067009 1.215917 -0.6254285
  vertex -0.5063129 0.9611806 -0.6208985
 endloop
endfacet
facet normal 0.0038760947 0.99995357 0.008818379
 outer loop
  vertex 0.4045841 1.502638 -0.1206685
  vertex 0.3800791 1.505077 -0.3864685
  vertex 0.09047008 1.505711 -0.3310585
 endloop
endfacet
facet normal 0.22532415 0.19140846 0.95529675
 outer loop
  vertex 0.2915001 -1.467204 -0.1307685
  vertex 0.1749441 -1.20707 -0.1553985
  vertex 0.09596108 -1.462206 -0.08564848
 endloop
endfacet
facet normal -0.94213855 0.0046503083 -0.3351915
 outer loop
  vertex -0.4388959 0.4673316 -0.9074485
  vertex -0.5023249 0.6840876 -0.7261585
  vertex -0.4360909 0.6665716 -0.9125685
 endloop
endfacet
facet normal -0.9246893 0.14095514 -0.35366848
 outer loop
  vertex -0.4731419 -1.487802 -0.9199585
  vertex -0.5022829 -1.193213 -0.7263585
  vertex -0.4330239 -1.22013 -0.9181685
 endloop
endfacet
facet normal -0.14396013 -0.9866948 0.07555621
 outer loop
  vertex -0.3627679 1.47748 -0.1406685
  vertex -0.5094669 1.500615 -0.1180585
  vertex -0.4710559 1.474844 -0.3814185
 endloop
endfacet
facet normal 3.1989412e-08 1 -4.9243563e-06
 outer loop
  vertex -0.3243829 1.50571 0.3482815
  vertex -0.04649192 1.505711 0.5437515
  vertex -0.03036292 1.50571 0.3501915
 endloop
endfacet
facet normal 0.00071273086 0.99135107 0.1312348
 outer loop
  vertex -0.07103292 -1.494289 0.1530715
  vertex -0.04551792 -1.462899 -0.08418848
  vertex -0.3822109 -1.494289 0.1547615
 endloop
endfacet
facet normal -0 -1 0
 outer loop
  vertex -0.4241809 1.495711 1.537742
  vertex -0.1211829 1.495711 1.470962
  vertex -0.03931992 1.495711 1.798102
 endloop
endfacet
facet normal 0.36794096 -0.0075770924 -0.9298183
 outer loop
  vertex 0.05761808 -0.2897524 -1.185438
  vertex 0.06572408 0.008156638 -1.184658
  vertex 0.3488781 -0.2829714 -1.070238
 endloop
endfacet
facet normal -0.37341264 -0.00011036589 -0.92766535
 outer loop
  vertex -0.01151592 -0.3012804 -1.184958
  vertex -0.3004699 -0.2803494 -1.068648
  vertex -0.01150692 0.004957638 -1.184998
 endloop
endfacet
facet normal 0.9991378 -0.0006690809 -0.041510053
 outer loop
  vertex 0.5533911 0.4639126 -0.7253285
  vertex 0.5574371 0.2794606 -0.6249685
  vertex 0.5532291 0.2858896 -0.7263585
 endloop
endfacet
facet normal -0.5970642 -0.43090585 0.67663467
 outer loop
  vertex -0.2270799 1.213988 -0.1887385
  vertex -0.3627679 1.47748 -0.1406685
  vertex -0.4007929 1.209536 -0.3448585
 endloop
endfacet
facet normal -0.99914026 -0.000665871 -0.04145267
 outer loop
  vertex -0.5022859 0.2974156 -0.7263585
  vertex -0.5065459 0.2967656 -0.6236685
  vertex -0.5024419 0.4673526 -0.7253285
 endloop
endfacet
facet normal 0.004187925 -0.9999789 0.0049649947
 outer loop
  vertex 0.4290481 -1.504289 -0.5749285
  vertex 0.4953711 -1.503042 -0.3797085
  vertex 0.1887371 -1.504289 -0.3722285
 endloop
endfacet
facet normal -0.00055994553 -0.9999991 -0.0012047814
 outer loop
  vertex -0.1116469 -1.503907 -1.076208
  vertex 0.1945251 -1.504027 -1.118868
  vertex 0.1057831 -1.504289 -0.8601385
 endloop
endfacet
facet normal -0.018628232 0.99982023 -0.003539018
 outer loop
  vertex -0.5095139 1.502696 -0.7928785
  vertex -0.3453479 1.505711 -0.8052385
  vertex -0.5095179 1.501773 -1.053628
 endloop
endfacet
facet normal 0 1 0
 outer loop
  vertex -0.3626019 -1.494289 1.075202
  vertex -0.04218292 -1.494289 1.068942
  vertex -0.03780792 -1.494289 0.8189515
 endloop
endfacet
facet normal 0 -1 -0
 outer loop
  vertex -0.04218292 1.495711 1.068932
  vertex 0.1488391 1.495711 1.279852
  vertex -0.1099279 1.495711 1.279352
 endloop
endfacet
facet normal 0 -1 0
 outer loop
  vertex 0.3982971 1.495711 1.455552
  vertex 0.1452851 1.495711 1.490422
  vertex 0.1488391 1.495711 1.279852
 endloop
endfacet
facet normal 0.055301744 -0.99675757 -0.058446538
 outer loop
  vertex 0.2883311 1.495711 1.798102
  vertex 0.1974511 1.495711 1.712112
  vertex 0.4216191 1.50315 1.797352
 endloop
endfacet
facet normal 0.94157076 0.023807492 0.33597273
 outer loop
  vertex 0.5567671 -1.410539 -0.6180585
  vertex 0.4561471 -1.213398 -0.3500385
  vertex 0.4592321 -1.454795 -0.3415785
 endloop
endfacet
facet normal 0.17597282 -0.96826863 -0.17745267
 outer loop
  vertex 0.3938451 -1.503969 -0.8685485
  vertex 0.4926011 -1.475003 -0.9286685
  vertex 0.5320411 -1.504289 -0.7297585
 endloop
endfacet
facet normal 0.4901774 -0.28956902 0.82211673
 outer loop
  vertex 0.5567671 -1.410539 -0.6180585
  vertex 0.4290481 -1.504289 -0.5749285
  vertex 0.5601701 -1.504289 -0.6531085
 endloop
endfacet
facet normal 0.95970505 0.07707013 0.27023408
 outer loop
  vertex 0.5571351 1.209294 -0.6217585
  vertex 0.5265871 1.488355 -0.5928585
  vertex 0.4621561 1.457988 -0.3553785
 endloop
endfacet
facet normal 0.6710263 -0.0067115817 0.7414032
 outer loop
  vertex 0.2885651 0.6777056 -0.1942885
  vertex 0.2834701 0.4676686 -0.1915785
  vertex 0.4462061 0.6188416 -0.3374985
 endloop
endfacet
facet normal 0.047007374 -0.16911003 0.98447555
 outer loop
  vertex -0.02390592 1.207451 -0.1232685
  vertex 0.09543508 1.464403 -0.08482848
  vertex -0.04394692 1.468913 -0.07739848
 endloop
endfacet
facet normal -0.19608513 -0.1840049 0.96316814
 outer loop
  vertex -0.02390592 1.207451 -0.1232685
  vertex -0.04394692 1.468913 -0.07739848
  vertex -0.3627679 1.47748 -0.1406685
 endloop
endfacet
facet normal 0.7143232 0.02170091 -0.6994794
 outer loop
  vertex 0.4811161 0.9273736 -0.9252185
  vertex 0.3628331 0.4668856 -1.060298
  vertex 0.3396071 0.6718476 -1.077658
 endloop
endfacet
facet normal 0.9363079 0.042563595 -0.34859115
 outer loop
  vertex 0.5532811 -1.149825 -0.7259785
  vertex 0.4926011 -1.475003 -0.9286685
  vertex 0.4848781 -1.22215 -0.9185385
 endloop
endfacet
facet normal -0.6733411 0.022188466 0.73899895
 outer loop
  vertex -0.3960869 0.6380016 -0.3380485
  vertex -0.2538669 0.4676166 -0.2033485
  vertex -0.2370929 0.6719026 -0.1941985
 endloop
endfacet
facet normal -0.5321664 0.03782958 0.8457942
 outer loop
  vertex -0.3817009 -0.4666024 -0.3178385
  vertex -0.1451949 -0.6446266 -0.1610685
  vertex -0.3927979 -0.2761594 -0.3333385
 endloop
endfacet
facet normal -0.98362815 0.020371253 -0.1790551
 outer loop
  vertex -0.4731419 -1.487802 -0.9199585
  vertex -0.5079299 -1.48592 -0.7286385
  vertex -0.5022829 -1.193213 -0.7263585
 endloop
endfacet
facet normal -0.09673364 0.9952657 -0.009418628
 outer loop
  vertex -0.4241819 -1.494289 1.537722
  vertex -0.5095209 -1.500097 1.800462
  vertex -0.5095339 -1.499332 1.881442
 endloop
endfacet
facet normal 0.84933877 0.28512132 0.44421786
 outer loop
  vertex 0.4953711 -1.503042 -0.3797085
  vertex 0.4592321 -1.454795 -0.3415785
  vertex 0.3597751 -1.502578 -0.1207485
 endloop
endfacet
facet normal -0 -1 0
 outer loop
  vertex -0.3193249 -1.504289 0.1582915
  vertex -0.1088189 -1.504289 -0.1206985
  vertex -0.04100892 -1.504289 0.1210615
 endloop
endfacet
facet normal 0.0041637155 -0.9999835 0.0039718025
 outer loop
  vertex 0.1887371 -1.504289 -0.3722285
  vertex 0.4953711 -1.503042 -0.3797085
  vertex 0.3597751 -1.502578 -0.1207485
 endloop
endfacet
facet normal 0 -1 -0
 outer loop
  vertex -0.2969639 -1.504289 0.3493715
  vertex -0.03510092 -1.504289 0.3498315
  vertex -0.3389349 -1.504289 0.5328815
 endloop
endfacet
facet normal -0.018782437 -0.9998067 -0.005818532
 outer loop
  vertex -0.3483699 -1.504289 -0.7949685
  vertex -0.5095349 -1.502494 -0.5831685
  vertex -0.5095139 -1.501274 -0.7928685
 endloop
endfacet
facet normal -0.026823997 -0.99964017 1.8709537e-05
 outer loop
  vertex -0.5094669 -1.499187 0.1494515
  vertex -0.5094669 -1.499192 -0.1180585
  vertex -0.3193249 -1.504289 0.1582915
 endloop
endfacet
facet normal -0.026756546 -0.99964094 -0.0014325437
 outer loop
  vertex -0.5094669 -1.499187 0.1494515
  vertex -0.3193249 -1.504289 0.1582915
  vertex -0.5094709 -1.499475 0.3505015
 endloop
endfacet
facet normal -0.0037631227 -0.99847263 0.055119205
 outer loop
  vertex -0.5095339 -1.499332 1.881442
  vertex -0.3647239 -1.504289 1.801532
  vertex -0.3399659 -1.499971 1.881442
 endloop
endfacet
facet normal -0.034373898 -0.999408 0.0014255923
 outer loop
  vertex -0.3589539 1.495711 0.3448315
  vertex -0.5094709 1.500896 0.3505015
  vertex -0.5094669 1.500609 0.1494415
 endloop
endfacet
facet normal -7.841373e-06 1 -5.58043e-06
 outer loop
  vertex -0.04649192 1.505711 0.5437515
  vertex 0.09463708 1.505712 0.5377015
  vertex -0.03036292 1.50571 0.3501915
 endloop
endfacet
facet normal 0 1 0
 outer loop
  vertex -0.04077792 1.505711 1.037692
  vertex -0.04226592 1.505711 1.216272
  vertex 0.09210708 1.505711 1.215602
 endloop
endfacet
facet normal 0 1 0
 outer loop
  vertex -0.03549192 -1.494289 0.5376915
  vertex -0.03780792 -1.494289 0.8189515
  vertex 0.08719208 -1.494289 0.8189415
 endloop
endfacet
facet normal 0.0008840673 0.9990721 0.04306107
 outer loop
  vertex 0.09880508 1.505711 1.781442
  vertex 0.09412208 1.501405 1.881442
  vertex 0.3766231 1.501155 1.881442
 endloop
endfacet
facet normal 0.0015926762 0.99904805 0.04359475
 outer loop
  vertex -0.04077792 1.505711 1.787692
  vertex -0.04077592 1.50162 1.881442
  vertex 0.09412208 1.501405 1.881442
 endloop
endfacet
facet normal -2.3665676e-08 1 -3.4874295e-06
 outer loop
  vertex -0.3503269 1.50571 1.516332
  vertex -0.3296139 1.505711 1.789652
  vertex -0.04077792 1.505711 1.787692
 endloop
endfacet
facet normal 2.803928e-08 1 4.605611e-06
 outer loop
  vertex -0.04077792 1.505711 1.037692
  vertex -0.3349489 1.505712 0.8065315
  vertex -0.3298689 1.505711 1.039452
 endloop
endfacet
facet normal 0.0098216245 0.9999518 0.00018587967
 outer loop
  vertex 0.3857011 1.50277 0.1671715
  vertex 0.4045841 1.502638 -0.1206685
  vertex 0.09171008 1.505711 -0.1201185
 endloop
endfacet
facet normal 0.5083217 0.8602851 -0.038969826
 outer loop
  vertex 0.4045841 1.502638 -0.1206685
  vertex 0.4621561 1.457988 -0.3553785
  vertex 0.3800791 1.505077 -0.3864685
 endloop
endfacet
facet normal 0.07167886 0.9945475 -0.075746134
 outer loop
  vertex 0.1974511 -1.494289 1.712112
  vertex 0.2883311 -1.494289 1.798112
  vertex 0.4007081 -1.501718 1.806912
 endloop
endfacet
facet normal -0 1 0
 outer loop
  vertex 0.08339108 -1.494289 1.063262
  vertex -0.03780792 -1.494289 0.8189515
  vertex -0.04218292 -1.494289 1.068942
 endloop
endfacet
facet normal -0 1 0
 outer loop
  vertex 0.3031841 -1.494289 0.7859015
  vertex 0.09887108 -1.494289 0.5212715
  vertex 0.08719208 -1.494289 0.8189415
 endloop
endfacet
facet normal -0.0045660506 0.9974912 0.07064433
 outer loop
  vertex -0.03931992 -1.494289 1.798102
  vertex -0.04077592 -1.500198 1.881442
  vertex 0.09422708 -1.49958 1.881442
 endloop
endfacet
facet normal 0.0037636417 0.99861073 0.052559063
 outer loop
  vertex -0.5095339 -1.499332 1.881442
  vertex -0.3399659 -1.499971 1.881442
  vertex -0.4804069 -1.494289 1.783542
 endloop
endfacet
facet normal 0 1 -0
 outer loop
  vertex 0.1330431 -1.494289 0.3298415
  vertex 0.3139691 -1.494289 0.5232315
  vertex 0.3062311 -1.494289 0.3466015
 endloop
endfacet
facet normal 0.25160307 -0.9375816 0.24007612
 outer loop
  vertex 0.2955681 1.473186 -0.1214385
  vertex 0.4621561 1.457988 -0.3553785
  vertex 0.4045841 1.502638 -0.1206685
 endloop
endfacet
facet normal -0 -1 -0
 outer loop
  vertex -0.3626019 1.495711 1.075222
  vertex -0.03780792 1.495711 0.8189415
  vertex -0.04218292 1.495711 1.068932
 endloop
endfacet
facet normal -0.0015902026 -0.9974965 0.07069812
 outer loop
  vertex -0.03931992 1.495711 1.798102
  vertex 0.09412208 1.501405 1.881442
  vertex -0.04077592 1.50162 1.881442
 endloop
endfacet
facet normal 0.37295222 -0.007934084 -0.92781657
 outer loop
  vertex 0.3481961 0.2850666 -1.070898
  vertex 0.07024508 0.4678036 -1.184188
  vertex 0.3396071 0.6718476 -1.077658
 endloop
endfacet
facet normal 0.92591673 -0.022262169 0.37707114
 outer loop
  vertex 0.4552351 1.209329 -0.3484485
  vertex 0.4373181 0.8997726 -0.3227285
  vertex 0.5561051 0.9598556 -0.6108685
 endloop
endfacet
facet normal 0.21735872 -0.0026154723 -0.9760882
 outer loop
  vertex 0.5532811 -1.149825 -0.7259785
  vertex 0.5533771 -1.410539 -0.7252585
  vertex 0.5320411 -1.504289 -0.7297585
 endloop
endfacet
facet normal 0.9581839 -0.0004375266 -0.28615296
 outer loop
  vertex 0.5532811 -1.149825 -0.7259785
  vertex 0.5533771 -1.410539 -0.7252585
  vertex 0.4926011 -1.475003 -0.9286685
 endloop
endfacet
facet normal -0.93967956 -0.005818438 -0.34200636
 outer loop
  vertex -0.4362499 -0.007203362 -0.9122785
  vertex -0.4310169 -0.2904004 -0.9218385
  vertex -0.5022859 -0.2707034 -0.7263585
 endloop
endfacet
facet normal -0.9396275 -0.013859723 -0.3419182
 outer loop
  vertex -0.4303989 0.2751376 -0.9230085
  vertex -0.5022859 0.2974156 -0.7263585
  vertex -0.4388959 0.4673316 -0.9074485
 endloop
endfacet
facet normal 0.99967855 0.005018005 -0.024852928
 outer loop
  vertex 0.5532771 0.9534316 -0.7259185
  vertex 0.5561051 0.9598556 -0.6108685
  vertex 0.5572331 0.6762456 -0.6227585
 endloop
endfacet
facet normal -0.74662614 -0.01777821 -0.6650063
 outer loop
  vertex -0.4308579 -0.6817597 -0.9221985
  vertex -0.3117519 -0.4661184 -1.061688
  vertex -0.2981379 -0.6578163 -1.071848
 endloop
endfacet
facet normal 0.1847283 -0.26797143 0.94555104
 outer loop
  vertex 0.2955681 1.473186 -0.1214385
  vertex 0.09543508 1.464403 -0.08482848
  vertex 0.2841741 1.216745 -0.1918885
 endloop
endfacet
facet normal -0.30589685 0.008490266 0.9520269
 outer loop
  vertex -0.1451949 -0.6446266 -0.1610685
  vertex -0.02201992 -0.4666184 -0.1230785
  vertex -0.2354119 -0.2821864 -0.1932885
 endloop
endfacet
facet normal 0.7371576 -0.005129902 -0.6757014
 outer loop
  vertex 0.4811161 0.9273736 -0.9252185
  vertex 0.3396071 0.6718476 -1.077658
  vertex 0.3474451 0.9643776 -1.071328
 endloop
endfacet
facet normal 0.77636486 -0.019524883 -0.62998134
 outer loop
  vertex 0.4892341 -0.9253945 -0.9108885
  vertex 0.3721551 -0.98038 -1.053468
  vertex 0.4732581 -0.6514014 -0.9390685
 endloop
endfacet
facet normal 0.9786646 0.07573925 -0.19099496
 outer loop
  vertex 0.5532361 1.211485 -0.7263585
  vertex 0.4911631 1.490451 -0.9337985
  vertex 0.5309721 1.491478 -0.7294085
 endloop
endfacet
facet normal 0.94291973 -0.0052570677 -0.33297855
 outer loop
  vertex 0.5532811 -1.149825 -0.7259785
  vertex 0.4848781 -1.22215 -0.9185385
  vertex 0.4892341 -0.9253945 -0.9108885
 endloop
endfacet
endsolid 
