solid STL generated by MeshLab_transformed_centered
  facet normal -7.712921e-01 2.301754e-02 -6.360650e-01
    outer loop
      vertex -3.022885e-01 -2.787088e-01 -1.016882e+00
      vertex -4.405365e-01 -4.644308e-01 -8.559616e-01
      vertex -3.135705e-01 -4.644778e-01 -1.009922e+00
    endloop
  endfacet
  facet normal 6.651403e-01 -6.130862e-04 7.467182e-01
    outer loop
      vertex 2.873065e-01 -2.731568e-01 -1.428516e-01
      vertex 4.413585e-01 -4.727809e-03 -2.798516e-01
      vertex 4.419595e-01 -2.816138e-01 -2.806116e-01
    endloop
  endfacet
  facet normal -5.607982e-01 8.201936e-01 1.130829e-01
    outer loop
      vertex -4.742325e-01 -1.471185e+00 -3.360116e-01
      vertex -5.112885e-01 -1.497752e+00 -3.270816e-01
      vertex -5.098755e-01 -1.466588e+00 -5.461116e-01
    endloop
  endfacet
  facet normal -4.299478e-07 -1.000000e+00 3.439716e-08
    outer loop
      vertex -7.285152e-02 -1.492649e+00 2.048384e-01
      vertex -3.607715e-01 -1.492649e+00 3.965584e-01
      vertex -6.572252e-02 -1.492649e+00 3.751684e-01
    endloop
  endfacet
  facet normal 4.299478e-07 1.000000e+00 -3.439716e-08
    outer loop
      vertex -7.285152e-02 -1.492649e+00 2.048384e-01
      vertex -6.572252e-02 -1.492649e+00 3.751684e-01
      vertex -3.607715e-01 -1.492649e+00 3.965584e-01
    endloop
  endfacet
  facet normal 3.536184e-01 2.692058e-02 -9.350023e-01
    outer loop
      vertex 6.919748e-02 9.497012e-01 -1.132312e+00
      vertex 3.433685e-01 1.209109e+00 -1.021152e+00
      vertex 4.707648e-02 1.162898e+00 -1.134542e+00
    endloop
  endfacet
  facet normal -9.409974e-01 1.936402e-03 -3.384081e-01
    outer loop
      vertex -4.356855e-01 1.203384e+00 -8.649016e-01
      vertex -5.041095e-01 1.214068e+00 -6.745816e-01
      vertex -4.370595e-01 9.757962e-01 -8.623816e-01
    endloop
  endfacet
  facet normal 4.354625e-01 1.803305e-02 -9.000263e-01
    outer loop
      vertex -3.368552e-02 6.466132e-01 -7.234163e-02
      vertex -8.503652e-02 9.304852e-01 -9.149163e-02
      vertex -2.431652e-02 4.683402e-01 -7.138163e-02
    endloop
  endfacet
  facet normal -4.354625e-01 -1.803305e-02 9.000263e-01
    outer loop
      vertex -3.368552e-02 6.466132e-01 -7.234163e-02
      vertex -2.431652e-02 4.683402e-01 -7.138163e-02
      vertex -8.503652e-02 9.304852e-01 -9.149163e-02
    endloop
  endfacet
  facet normal -2.591345e-02 -9.996634e-01 -1.229376e-03
    outer loop
      vertex -3.444865e-01 -1.502649e+00 1.104868e+00
      vertex -3.332975e-01 -1.502649e+00 8.690184e-01
      vertex -5.112985e-01 -1.498037e+00 8.711384e-01
    endloop
  endfacet
  facet normal -7.565684e-01 -1.266257e-03 -6.539134e-01
    outer loop
      vertex -4.379095e-01 6.682122e-01 -8.608016e-01
      vertex -3.054405e-01 9.644552e-01 -1.014642e+00
      vertex -4.370595e-01 9.757962e-01 -8.623816e-01
    endloop
  endfacet
  facet normal 2.959340e-04 9.990493e-01 4.359356e-02
    outer loop
      vertex -4.259652e-02 1.507351e+00 1.839458e+00
      vertex -4.259452e-02 1.503260e+00 1.933208e+00
      vertex -3.314325e-01 1.507351e+00 1.841418e+00
    endloop
  endfacet
  facet normal 1.370018e-08 1.000000e+00 -7.424674e-09
    outer loop
      vertex 3.964775e-01 -1.492649e+00 1.507308e+00
      vertex 1.956325e-01 -1.492649e+00 1.763878e+00
      vertex 1.434665e-01 -1.492649e+00 1.542188e+00
    endloop
  endfacet
  facet normal -3.472374e-02 9.993913e-01 3.362507e-03
    outer loop
      vertex -3.644205e-01 -1.492649e+00 1.126968e+00
      vertex -5.113115e-01 -1.498431e+00 1.328598e+00
      vertex -5.112965e-01 -1.497806e+00 1.142978e+00
    endloop
  endfacet
  facet normal -7.608595e-01 7.843155e-03 -6.488692e-01
    outer loop
      vertex -4.380685e-01 -5.562809e-03 -8.605116e-01
      vertex -4.328355e-01 -2.887598e-01 -8.700716e-01
      vertex -3.085615e-01 -1.405481e-02 -1.012482e+00
    endloop
  endfacet
  facet normal 1.923889e-01 9.671212e-01 1.663222e-01
    outer loop
      vertex -2.888435e-01 1.482041e+00 -1.033972e+00
      vertex -4.740325e-01 1.490989e+00 -8.717816e-01
      vertex -3.739695e-01 1.503344e+00 -1.059372e+00
    endloop
  endfacet
  facet normal -1.923889e-01 -9.671212e-01 -1.663222e-01
    outer loop
      vertex -2.888435e-01 1.482041e+00 -1.033972e+00
      vertex -3.739695e-01 1.503344e+00 -1.059372e+00
      vertex -4.740325e-01 1.490989e+00 -8.717816e-01
    endloop
  endfacet
  facet normal 6.349292e-04 -9.974949e-01 7.073604e-02
    outer loop
      vertex -4.113852e-02 1.497351e+00 1.849868e+00
      vertex -3.516095e-01 1.503063e+00 1.933208e+00
      vertex -4.259452e-02 1.503260e+00 1.933208e+00
    endloop
  endfacet
  facet normal 2.876357e-05 1.000000e+00 -6.676473e-08
    outer loop
      vertex -4.831052e-02 1.507351e+00 5.955184e-01
      vertex -4.915652e-02 1.507351e+00 2.306684e-01
      vertex -3.218152e-02 1.507350e+00 4.019584e-01
    endloop
  endfacet
  facet normal -2.876357e-05 -1.000000e+00 6.676473e-08
    outer loop
      vertex -4.831052e-02 1.507351e+00 5.955184e-01
      vertex -3.218152e-02 1.507350e+00 4.019584e-01
      vertex -4.915652e-02 1.507351e+00 2.306684e-01
    endloop
  endfacet
  facet normal 3.123217e-03 9.999945e-01 -1.134059e-03
    outer loop
      vertex 3.782605e-01 1.506717e+00 -3.347016e-01
      vertex 9.180048e-02 1.507351e+00 -5.646116e-01
      vertex 4.094635e-01 1.506391e+00 -5.357416e-01
    endloop
  endfacet
  facet normal 2.949967e-03 9.625241e-01 -2.711800e-01
    outer loop
      vertex -5.092452e-02 1.493044e+00 -1.108772e+00
      vertex 9.247548e-02 1.505720e+00 -1.062222e+00
      vertex -4.195152e-02 1.505715e+00 -1.063702e+00
    endloop
  endfacet
  facet normal -3.781325e-01 -1.723014e-03 -9.257500e-01
    outer loop
      vertex -2.999565e-01 -6.561757e-01 -1.020082e+00
      vertex -2.962375e-01 -9.434185e-01 -1.021062e+00
      vertex -2.464552e-02 -9.084201e-01 -1.132062e+00
    endloop
  endfacet
  facet normal 1.419719e-01 9.894969e-01 2.719596e-02
    outer loop
      vertex 5.247685e-01 1.489995e+00 -5.410916e-01
      vertex 4.094635e-01 1.506391e+00 -5.357416e-01
      vertex 5.291535e-01 1.493118e+00 -6.776416e-01
    endloop
  endfacet
  facet normal 3.007395e-01 1.725966e-03 9.537048e-01
    outer loop
      vertex 2.801305e-01 9.570092e-01 -1.389516e-01
      vertex 6.342748e-02 9.096442e-01 -7.053163e-02
      vertex 2.823555e-01 1.218385e+00 -1.401216e-01
    endloop
  endfacet
  facet normal -9.986754e-01 -5.145146e-02 -4.618975e-04
    outer loop
      vertex -5.094405e-01 1.468545e+00 -5.439216e-01
      vertex -5.113535e-01 1.505556e+00 -5.314016e-01
      vertex -5.112885e-01 1.502454e+00 -3.271016e-01
    endloop
  endfacet
  facet normal -1.493352e-03 -9.985166e-01 5.442756e-02
    outer loop
      vertex -3.665425e-01 -1.502649e+00 1.853298e+00
      vertex -3.417845e-01 -1.498330e+00 1.933208e+00
      vertex -4.259652e-02 -1.502649e+00 1.862188e+00
    endloop
  endfacet
  facet normal -2.047768e-02 -1.657731e-02 -9.996528e-01
    outer loop
      vertex 3.470595e-01 -2.813308e-01 -1.018472e+00
      vertex 3.514175e-01 -4.652208e-01 -1.015512e+00
      vertex 3.570565e-01 -6.585154e-01 -1.012422e+00
    endloop
  endfacet
  facet normal 2.047768e-02 1.657731e-02 9.996528e-01
    outer loop
      vertex 3.470595e-01 -2.813308e-01 -1.018472e+00
      vertex 3.570565e-01 -6.585154e-01 -1.012422e+00
      vertex 3.514175e-01 -4.652208e-01 -1.015512e+00
    endloop
  endfacet
  facet normal -5.685870e-01 3.956775e-03 8.226135e-01
    outer loop
      vertex 3.703365e-01 -9.787394e-01 -1.001702e+00
      vertex 2.695605e-01 -8.502006e-01 -1.071972e+00
      vertex 3.570565e-01 -6.585154e-01 -1.012422e+00
    endloop
  endfacet
  facet normal 5.685870e-01 -3.956775e-03 -8.226135e-01
    outer loop
      vertex 3.703365e-01 -9.787394e-01 -1.001702e+00
      vertex 3.570565e-01 -6.585154e-01 -1.012422e+00
      vertex 2.695605e-01 -8.502006e-01 -1.071972e+00
    endloop
  endfacet
  facet normal -2.695890e-02 -9.996362e-01 7.664443e-04
    outer loop
      vertex -3.298155e-01 -1.502649e+00 -3.311916e-01
      vertex -5.112885e-01 -1.497752e+00 -3.270816e-01
      vertex -5.112855e-01 -1.497552e+00 -6.629163e-02
    endloop
  endfacet
  facet normal 5.288401e-01 2.900738e-02 8.482256e-01
    outer loop
      vertex 1.803765e-01 -6.360420e-01 -1.054016e-01
      vertex 4.419595e-01 -2.816138e-01 -2.806116e-01
      vertex 4.344625e-01 -4.652958e-01 -2.696616e-01
    endloop
  endfacet
  facet normal 3.676606e-01 -1.720711e-02 -9.298008e-01
    outer loop
      vertex 3.463775e-01 2.867072e-01 -1.019132e+00
      vertex 6.842648e-02 4.694442e-01 -1.132422e+00
      vertex 5.668248e-02 2.811762e-01 -1.133582e+00
    endloop
  endfacet
  facet normal -7.714158e-01 1.457353e-02 -6.361644e-01
    outer loop
      vertex -4.326765e-01 -6.801191e-01 -8.704316e-01
      vertex -3.135705e-01 -4.644778e-01 -1.009922e+00
      vertex -4.405365e-01 -4.644308e-01 -8.559616e-01
    endloop
  endfacet
  facet normal 6.626045e-01 9.599836e-03 7.489079e-01
    outer loop
      vertex 4.443875e-01 6.204822e-01 -2.857316e-01
      vertex 2.881165e-01 2.933312e-01 -1.432716e-01
      vertex 2.816515e-01 4.693092e-01 -1.398116e-01
    endloop
  endfacet
  facet normal -9.963997e-01 -6.727203e-05 8.478037e-02
    outer loop
      vertex -5.078785e-01 4.692102e-01 -5.660516e-01
      vertex -5.083645e-01 2.984062e-01 -5.719016e-01
      vertex -5.086235e-01 6.816412e-01 -5.746416e-01
    endloop
  endfacet
  facet normal 9.963997e-01 6.727203e-05 -8.478037e-02
    outer loop
      vertex -5.078785e-01 4.692102e-01 -5.660516e-01
      vertex -5.086235e-01 6.816412e-01 -5.746416e-01
      vertex -5.083645e-01 2.984062e-01 -5.719016e-01
    endloop
  endfacet
  facet normal -4.809879e-03 9.999081e-01 -1.267672e-02
    outer loop
      vertex -3.739695e-01 1.503344e+00 -1.059372e+00
      vertex -3.471665e-01 1.507351e+00 -7.534716e-01
      vertex -5.113365e-01 1.503413e+00 -1.001862e+00
    endloop
  endfacet
  facet normal -1.896571e-06 1.000000e+00 1.128966e-07
    outer loop
      vertex 9.180048e-02 1.507351e+00 -5.646116e-01
      vertex -3.217952e-02 1.507351e+00 -5.355416e-01
      vertex -4.520152e-02 1.507351e+00 -7.542916e-01
    endloop
  endfacet
  facet normal -3.136819e-01 7.393007e-04 9.495279e-01
    outer loop
      vertex -2.431652e-02 4.683402e-01 -7.138163e-02
      vertex -2.374245e-01 2.852912e-01 -1.416316e-01
      vertex -2.389115e-01 6.735432e-01 -1.424316e-01
    endloop
  endfacet
  facet normal -3.565404e-02 9.993625e-01 1.815722e-03
    outer loop
      vertex -5.112985e-01 -1.498037e+00 8.711384e-01
      vertex -5.112915e-01 -1.497561e+00 6.089584e-01
      vertex -3.740805e-01 -1.492649e+00 5.997584e-01
    endloop
  endfacet
  facet normal 0.000000e+00 1.000000e+00 0.000000e+00
    outer loop
      vertex -3.298155e-01 -1.502649e+00 -3.311916e-01
      vertex -3.452995e-01 -1.502649e+00 -9.059163e-02
      vertex -3.413675e-01 -1.502649e+00 -5.041116e-01
    endloop
  endfacet
  facet normal -0.000000e+00 -1.000000e+00 0.000000e+00
    outer loop
      vertex -3.298155e-01 -1.502649e+00 -3.311916e-01
      vertex -3.413675e-01 -1.502649e+00 -5.041116e-01
      vertex -3.452995e-01 -1.502649e+00 -9.059163e-02
    endloop
  endfacet
  facet normal 4.766347e-01 -4.408753e-01 7.605578e-01
    outer loop
      vertex 4.413585e-01 -4.727809e-03 -2.798516e-01
      vertex 1.203375e-01 -1.845781e-02 -8.663163e-02
      vertex 2.835465e-01 6.464719e-02 -1.407316e-01
    endloop
  endfacet
  facet normal 9.368713e-01 -1.634444e-02 3.492923e-01
    outer loop
      vertex 4.534165e-01 1.210969e+00 -2.966816e-01
      vertex 4.603375e-01 1.459628e+00 -3.036116e-01
      vertex 5.553165e-01 1.210934e+00 -5.699916e-01
    endloop
  endfacet
  facet normal -9.368713e-01 1.634444e-02 -3.492923e-01
    outer loop
      vertex 4.534165e-01 1.210969e+00 -2.966816e-01
      vertex 5.553165e-01 1.210934e+00 -5.699916e-01
      vertex 4.603375e-01 1.459628e+00 -3.036116e-01
    endloop
  endfacet
  facet normal 9.396389e-01 1.304508e-02 -3.419191e-01
    outer loop
      vertex 4.898815e-01 6.555502e-01 -8.548016e-01
      vertex 5.514585e-01 9.550722e-01 -6.741516e-01
      vertex 4.792975e-01 9.290142e-01 -8.734516e-01
    endloop
  endfacet
  facet normal 2.253115e-07 1.000000e+00 7.696681e-08
    outer loop
      vertex -3.644205e-01 -1.492649e+00 1.126968e+00
      vertex -4.400152e-02 -1.492649e+00 1.120708e+00
      vertex -1.117455e-01 -1.492649e+00 1.331118e+00
    endloop
  endfacet
  facet normal -1.009216e-01 -2.760752e-05 9.948944e-01
    outer loop
      vertex 5.445448e-02 -5.963988e-01 -1.133812e+00
      vertex 5.579948e-02 -2.881118e-01 -1.133672e+00
      vertex 6.660348e-02 -4.671098e-01 -1.132582e+00
    endloop
  endfacet
  facet normal 1.009216e-01 2.760752e-05 -9.948944e-01
    outer loop
      vertex 5.445448e-02 -5.963988e-01 -1.133812e+00
      vertex 6.660348e-02 -4.671098e-01 -1.132582e+00
      vertex 5.579948e-02 -2.881118e-01 -1.133672e+00
    endloop
  endfacet
  facet normal 2.496897e-02 -8.555791e-03 -9.996516e-01
    outer loop
      vertex 6.861848e-02 -1.169062e+00 -1.132372e+00
      vertex -2.960519e-03 -1.158670e+00 -1.134252e+00
      vertex -2.007452e-02 -1.412748e+00 -1.132502e+00
    endloop
  endfacet
  facet normal 9.991531e-01 -9.895675e-04 -4.113407e-02
    outer loop
      vertex 5.557815e-01 -2.879458e-01 -5.749716e-01
      vertex 5.515425e-01 -4.708508e-01 -6.735516e-01
      vertex 5.555705e-01 -5.947863e-01 -5.727216e-01
    endloop
  endfacet
  facet normal -7.356388e-01 6.626881e-01 -1.402857e-01
    outer loop
      vertex -4.749605e-01 -1.486162e+00 -8.681916e-01
      vertex -5.097485e-01 -1.484279e+00 -6.768716e-01
      vertex -5.113325e-01 -1.499634e+00 -7.411016e-01
    endloop
  endfacet
  facet normal 0.000000e+00 -1.000000e+00 0.000000e+00
    outer loop
      vertex 1.312245e-01 1.497351e+00 3.816084e-01
      vertex 9.705348e-02 1.497351e+00 5.730484e-01
      vertex 3.121505e-01 1.497351e+00 5.749984e-01
    endloop
  endfacet
  facet normal 0.000000e+00 1.000000e+00 -0.000000e+00
    outer loop
      vertex 1.312245e-01 1.497351e+00 3.816084e-01
      vertex 3.121505e-01 1.497351e+00 5.749984e-01
      vertex 9.705348e-02 1.497351e+00 5.730484e-01
    endloop
  endfacet
  facet normal -4.085565e-02 -9.974298e-01 5.886021e-02
    outer loop
      vertex -3.840295e-01 1.497351e+00 2.065384e-01
      vertex -3.645865e-01 1.479120e+00 -8.890163e-02
      vertex -5.112855e-01 1.502249e+00 2.012084e-01
    endloop
  endfacet
  facet normal -9.442936e-01 3.880710e-04 -3.291039e-01
    outer loop
      vertex -4.412295e-01 -9.569982e-01 -8.547116e-01
      vertex -5.041875e-01 -9.604613e-01 -6.740716e-01
      vertex -5.041015e-01 -1.191573e+00 -6.745916e-01
    endloop
  endfacet
  facet normal 1.076007e-01 3.864598e-02 9.934428e-01
    outer loop
      vertex -2.323252e-02 -1.351481e-02 -7.127163e-02
      vertex 1.203375e-01 -1.845781e-02 -8.663163e-02
      vertex 6.910148e-02 -2.741268e-01 -7.113163e-02
    endloop
  endfacet
  facet normal -2.002671e-02 7.012467e-03 -9.997749e-01
    outer loop
      vertex -2.464552e-02 -9.084201e-01 -1.132062e+00
      vertex -2.960519e-03 -1.158670e+00 -1.134252e+00
      vertex 5.882048e-02 -8.582304e-01 -1.133382e+00
    endloop
  endfacet
  facet normal 3.205474e-01 -3.070623e-03 9.472275e-01
    outer loop
      vertex 7.589148e-02 4.684962e-01 -7.185163e-02
      vertex 7.826548e-02 6.504412e-01 -7.206163e-02
      vertex 2.867465e-01 6.793462e-01 -1.425216e-01
    endloop
  endfacet
  facet normal 7.416013e-01 -3.233572e-03 -6.708331e-01
    outer loop
      vertex 4.810925e-01 2.867742e-01 -8.702016e-01
      vertex 3.463775e-01 2.867072e-01 -1.019132e+00
      vertex 3.429935e-01 -1.130881e-02 -1.021432e+00
    endloop
  endfacet
  facet normal -5.301614e-03 -1.877198e-03 -9.999841e-01
    outer loop
      vertex 5.668248e-02 2.811762e-01 -1.133582e+00
      vertex -9.625519e-03 4.603142e-01 -1.133562e+00
      vertex -1.329152e-02 2.715242e-01 -1.133192e+00
    endloop
  endfacet
  facet normal 7.769563e-03 -1.722073e-01 9.850301e-01
    outer loop
      vertex -2.572452e-02 1.209091e+00 -7.150163e-02
      vertex -4.576552e-02 1.470553e+00 -2.563163e-02
      vertex 6.848848e-02 1.215873e+00 -7.105163e-02
    endloop
  endfacet
  facet normal 9.303882e-01 -6.414726e-03 3.665200e-01
    outer loop
      vertex 5.547975e-01 -8.324237e-01 -5.644516e-01
      vertex 4.434835e-01 -9.397154e-01 -2.837616e-01
      vertex 4.456115e-01 -6.564750e-01 -2.842016e-01
    endloop
  endfacet
  facet normal -4.020959e-02 9.991908e-01 -1.005236e-03
    outer loop
      vertex 4.729645e-01 -1.495863e+00 3.956684e-01
      vertex 3.999465e-01 -1.498618e+00 5.772684e-01
      vertex 3.721195e-01 -1.500100e+00 2.175284e-01
    endloop
  endfacet
  facet normal 4.020959e-02 -9.991908e-01 1.005236e-03
    outer loop
      vertex 4.729645e-01 -1.495863e+00 3.956684e-01
      vertex 3.721195e-01 -1.500100e+00 2.175284e-01
      vertex 3.999465e-01 -1.498618e+00 5.772684e-01
    endloop
  endfacet
  facet normal -1.001083e-01 3.125926e-05 -9.949765e-01
    outer loop
      vertex -2.464552e-02 -9.084201e-01 -1.132062e+00
      vertex -2.960519e-03 -1.158670e+00 -1.134252e+00
      vertex -7.125519e-03 -6.557030e-01 -1.133812e+00
    endloop
  endfacet
  facet normal 1.001083e-01 -3.125926e-05 9.949765e-01
    outer loop
      vertex -2.464552e-02 -9.084201e-01 -1.132062e+00
      vertex -7.125519e-03 -6.557030e-01 -1.133812e+00
      vertex -2.960519e-03 -1.158670e+00 -1.134252e+00
    endloop
  endfacet
  facet normal 0.000000e+00 -9.976593e-01 6.838186e-02
    outer loop
      vertex -4.113852e-02 1.497351e+00 1.849868e+00
      vertex -2.494715e-01 1.497351e+00 1.849868e+00
      vertex -3.516095e-01 1.503063e+00 1.933208e+00
    endloop
  endfacet
  facet normal -7.607927e-01 3.181025e-03 -6.489871e-01
    outer loop
      vertex -4.379095e-01 6.682122e-01 -8.608016e-01
      vertex -3.091145e-01 6.725662e-01 -1.011772e+00
      vertex -3.054405e-01 9.644552e-01 -1.014642e+00
    endloop
  endfacet
  facet normal -3.883411e-01 7.282609e-02 9.186335e-01
    outer loop
      vertex 2.622548e-02 1.453234e+00 -1.136612e+00
      vertex -1.156752e-02 1.210803e+00 -1.133372e+00
      vertex 2.001048e-02 1.419226e+00 -1.136552e+00
    endloop
  endfacet
  facet normal 3.883411e-01 -7.282609e-02 -9.186335e-01
    outer loop
      vertex 2.622548e-02 1.453234e+00 -1.136612e+00
      vertex 2.001048e-02 1.419226e+00 -1.136552e+00
      vertex -1.156752e-02 1.210803e+00 -1.133372e+00
    endloop
  endfacet
  facet normal -3.970768e-02 -9.992113e-01 -2.413659e-04
    outer loop
      vertex -5.112985e-01 1.502738e+00 8.711184e-01
      vertex -3.756915e-01 1.497351e+00 8.645284e-01
      vertex -3.740815e-01 1.497351e+00 5.997684e-01
    endloop
  endfacet
  facet normal -2.662989e-02 -9.995300e-01 1.518558e-02
    outer loop
      vertex -3.298155e-01 -1.502649e+00 -3.311916e-01
      vertex -5.113535e-01 -1.500854e+00 -5.314016e-01
      vertex -5.112885e-01 -1.497752e+00 -3.270816e-01
    endloop
  endfacet
  facet normal -6.685262e-01 3.529583e-02 7.428506e-01
    outer loop
      vertex -2.288985e-01 1.215628e+00 -1.369716e-01
      vertex -2.537585e-01 1.030421e+00 -1.505416e-01
      vertex -4.026115e-01 1.211176e+00 -2.930916e-01
    endloop
  endfacet
  facet normal -9.955698e-01 -3.401407e-05 -9.402502e-02
    outer loop
      vertex 5.547975e-01 -8.324237e-01 -5.644516e-01
      vertex 5.555705e-01 -5.947863e-01 -5.727216e-01
      vertex 5.535125e-01 -4.710068e-01 -5.509716e-01
    endloop
  endfacet
  facet normal 9.955698e-01 3.401407e-05 9.402502e-02
    outer loop
      vertex 5.547975e-01 -8.324237e-01 -5.644516e-01
      vertex 5.535125e-01 -4.710068e-01 -5.509716e-01
      vertex 5.555705e-01 -5.947863e-01 -5.727216e-01
    endloop
  endfacet
  facet normal 4.477065e-09 1.000000e+00 1.829548e-07
    outer loop
      vertex -4.260005e-01 -1.492649e+00 1.589488e+00
      vertex -4.113852e-02 -1.492649e+00 1.849868e+00
      vertex -2.494715e-01 -1.492649e+00 1.849868e+00
    endloop
  endfacet
  facet normal -6.648136e-01 -2.078180e-03 7.470065e-01
    outer loop
      vertex -3.946165e-01 -2.745188e-01 -2.815716e-01
      vertex -3.928635e-01 -4.463809e-03 -2.792616e-01
      vertex -2.372305e-01 -2.805458e-01 -1.415216e-01
    endloop
  endfacet
  facet normal -3.730249e-01 6.010354e-03 -9.278019e-01
    outer loop
      vertex -1.333452e-02 -2.996398e-01 -1.133192e+00
      vertex -3.022885e-01 -2.787088e-01 -1.016882e+00
      vertex -1.709652e-02 -4.754298e-01 -1.132812e+00
    endloop
  endfacet
  facet normal 3.352698e-02 -9.994373e-01 -9.527958e-04
    outer loop
      vertex 4.198005e-01 1.504790e+00 1.849118e+00
      vertex 4.006845e-01 1.504412e+00 1.572578e+00
      vertex 1.956325e-01 1.497351e+00 1.763878e+00
    endloop
  endfacet
  facet normal 7.596294e-04 9.974948e-01 7.073602e-02
    outer loop
      vertex -3.417845e-01 -1.498330e+00 1.933208e+00
      vertex -4.113852e-02 -1.492649e+00 1.849868e+00
      vertex -4.259452e-02 -1.498558e+00 1.933208e+00
    endloop
  endfacet
  facet normal 3.175159e-06 1.000000e+00 6.265638e-06
    outer loop
      vertex -3.231065e-01 1.507350e+00 -5.373616e-01
      vertex -3.471665e-01 1.507351e+00 -7.534716e-01
      vertex -4.520152e-02 1.507351e+00 -7.542916e-01
    endloop
  endfacet
  facet normal 6.796778e-01 -3.958521e-03 7.335002e-01
    outer loop
      vertex 4.434835e-01 -9.397154e-01 -2.837616e-01
      vertex 2.979705e-01 -8.961428e-01 -1.486916e-01
      vertex 4.456115e-01 -6.564750e-01 -2.842016e-01
    endloop
  endfacet
  facet normal 8.692583e-01 6.065953e-05 -4.943582e-01
    outer loop
      vertex 4.714395e-01 -6.497608e-01 -8.873016e-01
      vertex 4.814625e-01 -4.658698e-01 -8.696516e-01
      vertex 4.790105e-01 -2.804398e-01 -8.739416e-01
    endloop
  endfacet
  facet normal -8.692583e-01 -6.065953e-05 4.943582e-01
    outer loop
      vertex 4.714395e-01 -6.497608e-01 -8.873016e-01
      vertex 4.790105e-01 -2.804398e-01 -8.739416e-01
      vertex 4.814625e-01 -4.658698e-01 -8.696516e-01
    endloop
  endfacet
  facet normal 1.375312e-02 9.999050e-01 -8.664795e-04
    outer loop
      vertex 4.014195e-01 1.503824e+00 1.113788e+00
      vertex 1.281725e-01 1.507352e+00 8.483784e-01
      vertex 4.050115e-01 1.503582e+00 8.918284e-01
    endloop
  endfacet
  facet normal -1.375312e-02 -9.999050e-01 8.664795e-04
    outer loop
      vertex 4.014195e-01 1.503824e+00 1.113788e+00
      vertex 4.050115e-01 1.503582e+00 8.918284e-01
      vertex 1.281725e-01 1.507352e+00 8.483784e-01
    endloop
  endfacet
  facet normal -2.833590e-02 9.995981e-01 7.660260e-04
    outer loop
      vertex -5.112885e-01 1.502454e+00 -3.271016e-01
      vertex -3.320645e-01 1.507352e+00 -8.809163e-02
      vertex -5.112855e-01 1.502255e+00 -6.629163e-02
    endloop
  endfacet
  facet normal 9.964157e-01 1.459951e-05 -8.459131e-02
    outer loop
      vertex -5.079805e-01 -4.645178e-01 -5.670616e-01
      vertex -5.085715e-01 -2.694168e-01 -5.739816e-01
      vertex -5.084665e-01 -6.656592e-01 -5.728216e-01
    endloop
  endfacet
  facet normal -9.964157e-01 -1.459951e-05 8.459131e-02
    outer loop
      vertex -5.079805e-01 -4.645178e-01 -5.670616e-01
      vertex -5.084665e-01 -6.656592e-01 -5.728216e-01
      vertex -5.085715e-01 -2.694168e-01 -5.739816e-01
    endloop
  endfacet
  facet normal -8.848268e-04 -9.994527e-01 3.306701e-02
    outer loop
      vertex 9.230348e-02 1.503045e+00 1.933208e+00
      vertex 3.748045e-01 1.502795e+00 1.933208e+00
      vertex 1.956325e-01 1.497351e+00 1.763878e+00
    endloop
  endfacet
  facet normal -9.998166e-01 1.915039e-02 -1.770075e-05
    outer loop
      vertex -5.113115e-01 -1.498431e+00 1.328598e+00
      vertex -5.112965e-01 -1.497806e+00 1.142978e+00
      vertex -5.113055e-01 -1.497909e+00 1.569468e+00
    endloop
  endfacet
  facet normal 9.998166e-01 -1.915039e-02 1.770075e-05
    outer loop
      vertex -5.113115e-01 -1.498431e+00 1.328598e+00
      vertex -5.113055e-01 -1.497909e+00 1.569468e+00
      vertex -5.112965e-01 -1.497806e+00 1.142978e+00
    endloop
  endfacet
  facet normal 9.412866e-01 6.265370e-05 -3.376085e-01
    outer loop
      vertex 5.514555e-01 6.830132e-01 -6.743916e-01
      vertex 4.813955e-01 4.683022e-01 -8.697616e-01
      vertex 5.514105e-01 2.875302e-01 -6.745916e-01
    endloop
  endfacet
  facet normal 8.382931e-03 -9.999526e-01 -4.940784e-03
    outer loop
      vertex 4.097635e-01 -1.498541e+00 1.566268e+00
      vertex 9.698648e-02 -1.502649e+00 1.866918e+00
      vertex 3.988895e-01 -1.500077e+00 1.858678e+00
    endloop
  endfacet
  facet normal 9.835761e-02 9.921682e-01 7.699322e-02
    outer loop
      vertex 3.964775e-01 -1.492649e+00 1.507308e+00
      vertex 4.097635e-01 -1.498541e+00 1.566268e+00
      vertex 1.956325e-01 -1.492649e+00 1.763878e+00
    endloop
  endfacet
  facet normal -1.670747e-10 1.000000e+00 -1.034405e-08
    outer loop
      vertex 1.189255e-01 -1.492649e+00 2.017384e-01
      vertex 1.312245e-01 -1.492649e+00 3.816084e-01
      vertex -7.285152e-02 -1.492649e+00 2.048384e-01
    endloop
  endfacet
  facet normal -3.873872e-01 -2.300860e-02 -9.216299e-01
    outer loop
      vertex -5.902519e-03 7.005572e-01 -1.133962e+00
      vertex -2.765452e-02 9.787802e-01 -1.131762e+00
      vertex -3.054405e-01 9.644552e-01 -1.014642e+00
    endloop
  endfacet
  facet normal -2.589083e-02 -9.996645e-01 6.788676e-04
    outer loop
      vertex -3.332975e-01 -1.502649e+00 8.690184e-01
      vertex -3.407535e-01 -1.502649e+00 5.846484e-01
      vertex -5.112985e-01 -1.498037e+00 8.711384e-01
    endloop
  endfacet
  facet normal 0.000000e+00 -1.000000e+00 0.000000e+00
    outer loop
      vertex -3.731052e-02 1.497351e+00 5.894584e-01
      vertex -3.756915e-01 1.497351e+00 8.645284e-01
      vertex -3.962652e-02 1.497351e+00 8.707084e-01
    endloop
  endfacet
  facet normal -9.438707e-01 7.633576e-05 -3.303149e-01
    outer loop
      vertex -5.041045e-01 2.990562e-01 -6.745916e-01
      vertex -4.407145e-01 4.689722e-01 -8.556816e-01
      vertex -5.041435e-01 6.857282e-01 -6.743916e-01
    endloop
  endfacet
  facet normal -2.601834e-02 9.996604e-01 -1.428925e-03
    outer loop
      vertex -3.262015e-01 1.507350e+00 4.000484e-01
      vertex -5.112895e-01 1.502536e+00 4.022684e-01
      vertex -5.112855e-01 1.502249e+00 2.012084e-01
    endloop
  endfacet
  facet normal -1.938639e-06 1.000000e+00 5.460306e-06
    outer loop
      vertex -3.320645e-01 1.507352e+00 -8.809163e-02
      vertex -4.915652e-02 1.507351e+00 2.306684e-01
      vertex -3.232075e-01 1.507350e+00 2.206984e-01
    endloop
  endfacet
  facet normal 3.672981e-01 7.422883e-03 -9.300737e-01
    outer loop
      vertex 3.463775e-01 2.867072e-01 -1.019132e+00
      vertex 5.668248e-02 2.811762e-01 -1.133582e+00
      vertex 6.390548e-02 9.797191e-03 -1.132892e+00
    endloop
  endfacet
  facet normal 7.551745e-01 -2.260982e-02 -6.551339e-01
    outer loop
      vertex 3.463775e-01 2.867072e-01 -1.019132e+00
      vertex 4.813955e-01 4.683022e-01 -8.697616e-01
      vertex 3.610145e-01 4.685262e-01 -1.008532e+00
    endloop
  endfacet
  facet normal -9.993589e-01 2.954854e-03 -3.568106e-02
    outer loop
      vertex -5.041905e-01 4.748191e-03 -6.739816e-01
      vertex -5.080235e-01 -8.640809e-03 -5.677216e-01
      vertex -5.085715e-01 -2.694168e-01 -5.739816e-01
    endloop
  endfacet
  facet normal 7.628436e-01 -4.718924e-03 6.465659e-01
    outer loop
      vertex 4.344625e-01 -4.652958e-01 -2.696616e-01
      vertex 4.456115e-01 -6.564750e-01 -2.842016e-01
      vertex 4.434835e-01 -9.397154e-01 -2.837616e-01
    endloop
  endfacet
  facet normal -7.628436e-01 4.718924e-03 -6.465659e-01
    outer loop
      vertex 4.344625e-01 -4.652958e-01 -2.696616e-01
      vertex 4.434835e-01 -9.397154e-01 -2.837616e-01
      vertex 4.456115e-01 -6.564750e-01 -2.842016e-01
    endloop
  endfacet
  facet normal -6.621353e-03 -1.984868e-03 -9.999761e-01
    outer loop
      vertex -1.333452e-02 -2.996398e-01 -1.133192e+00
      vertex -1.709652e-02 -4.754298e-01 -1.132812e+00
      vertex 5.579948e-02 -2.881118e-01 -1.133672e+00
    endloop
  endfacet
  facet normal 0.000000e+00 1.000000e+00 0.000000e+00
    outer loop
      vertex 9.486648e-02 -1.502649e+00 5.748184e-01
      vertex 9.288348e-02 -1.502649e+00 2.015384e-01
      vertex 1.773495e-01 -1.502649e+00 3.958584e-01
    endloop
  endfacet
  facet normal 0.000000e+00 -1.000000e+00 -0.000000e+00
    outer loop
      vertex 9.486648e-02 -1.502649e+00 5.748184e-01
      vertex 1.773495e-01 -1.502649e+00 3.958584e-01
      vertex 9.288348e-02 -1.502649e+00 2.015384e-01
    endloop
  endfacet
  facet normal -9.408897e-01 -7.833161e-03 -3.386224e-01
    outer loop
      vertex -4.412295e-01 -9.569982e-01 -8.547116e-01
      vertex -5.041015e-01 -1.191573e+00 -6.745916e-01
      vertex -4.348425e-01 -1.218490e+00 -8.664016e-01
    endloop
  endfacet
  facet normal -8.179419e-01 -8.307669e-04 5.753003e-01
    outer loop
      vertex -3.835195e-01 -4.649618e-01 -2.660716e-01
      vertex -3.925965e-01 -6.633168e-01 -2.792616e-01
      vertex -3.946165e-01 -2.745188e-01 -2.815716e-01
    endloop
  endfacet
  facet normal 8.179419e-01 8.307669e-04 -5.753003e-01
    outer loop
      vertex -3.835195e-01 -4.649618e-01 -2.660716e-01
      vertex -3.946165e-01 -2.745188e-01 -2.815716e-01
      vertex -3.925965e-01 -6.633168e-01 -2.792616e-01
    endloop
  endfacet
  facet normal 9.448566e-01 -1.705934e-04 -3.274844e-01
    outer loop
      vertex 5.514515e-01 -8.307738e-01 -6.744116e-01
      vertex 4.874155e-01 -9.237539e-01 -8.591216e-01
      vertex 5.514625e-01 -1.148184e+00 -6.742116e-01
    endloop
  endfacet
  facet normal -9.885644e-01 -1.110599e-04 1.507994e-01
    outer loop
      vertex 5.514515e-01 -8.307738e-01 -6.744116e-01
      vertex 5.513915e-01 -5.963988e-01 -6.746316e-01
      vertex 5.515425e-01 -4.708508e-01 -6.735516e-01
    endloop
  endfacet
  facet normal 9.885644e-01 1.110599e-04 -1.507994e-01
    outer loop
      vertex 5.514515e-01 -8.307738e-01 -6.744116e-01
      vertex 5.515425e-01 -4.708508e-01 -6.735516e-01
      vertex 5.513915e-01 -5.963988e-01 -6.746316e-01
    endloop
  endfacet
  facet normal -1.008966e-01 -2.998218e-05 9.948969e-01
    outer loop
      vertex 5.445448e-02 -5.963988e-01 -1.133812e+00
      vertex 6.660348e-02 -4.671098e-01 -1.132582e+00
      vertex 5.882048e-02 -8.582304e-01 -1.133382e+00
    endloop
  endfacet
  facet normal 1.008966e-01 2.998218e-05 -9.948969e-01
    outer loop
      vertex 5.445448e-02 -5.963988e-01 -1.133812e+00
      vertex 5.882048e-02 -8.582304e-01 -1.133382e+00
      vertex 6.660348e-02 -4.671098e-01 -1.132582e+00
    endloop
  endfacet
  facet normal 9.408239e-01 -1.610955e-03 -3.388920e-01
    outer loop
      vertex 4.792975e-01 9.290142e-01 -8.734516e-01
      vertex 5.514175e-01 1.213125e+00 -6.745916e-01
      vertex 4.806385e-01 1.208418e+00 -8.710616e-01
    endloop
  endfacet
  facet normal -7.358806e-01 -1.047181e-02 -6.770303e-01
    outer loop
      vertex -4.322175e-01 2.767782e-01 -8.712416e-01
      vertex -4.380685e-01 -5.562809e-03 -8.605116e-01
      vertex -2.910445e-01 2.884972e-01 -1.024872e+00
    endloop
  endfacet
  facet normal 7.358806e-01 1.047181e-02 6.770303e-01
    outer loop
      vertex -4.322175e-01 2.767782e-01 -8.712416e-01
      vertex -2.910445e-01 2.884972e-01 -1.024872e+00
      vertex -4.380685e-01 -5.562809e-03 -8.605116e-01
    endloop
  endfacet
  facet normal 1.197403e-05 1.000000e+00 5.880365e-06
    outer loop
      vertex -3.316875e-01 1.507351e+00 1.091218e+00
      vertex -3.667315e-01 1.507350e+00 1.284218e+00
      vertex -3.367675e-01 1.507352e+00 8.582984e-01
    endloop
  endfacet
  facet normal -1.197403e-05 -1.000000e+00 -5.880365e-06
    outer loop
      vertex -3.316875e-01 1.507351e+00 1.091218e+00
      vertex -3.367675e-01 1.507352e+00 8.582984e-01
      vertex -3.667315e-01 1.507350e+00 1.284218e+00
    endloop
  endfacet
  facet normal -9.949601e-02 1.332832e-05 -9.950380e-01
    outer loop
      vertex -1.333452e-02 -2.996398e-01 -1.133192e+00
      vertex -1.709652e-02 -4.754298e-01 -1.132812e+00
      vertex -7.125519e-03 -6.557030e-01 -1.133812e+00
    endloop
  endfacet
  facet normal 9.949601e-02 -1.332832e-05 9.950380e-01
    outer loop
      vertex -1.333452e-02 -2.996398e-01 -1.133192e+00
      vertex -7.125519e-03 -6.557030e-01 -1.133812e+00
      vertex -1.709652e-02 -4.754298e-01 -1.132812e+00
    endloop
  endfacet
  facet normal -2.882672e-02 -9.995841e-01 8.513338e-04
    outer loop
      vertex -3.444865e-01 -1.502649e+00 1.104868e+00
      vertex -5.112985e-01 -1.498037e+00 8.711384e-01
      vertex -5.112965e-01 -1.497806e+00 1.142978e+00
    endloop
  endfacet
  facet normal -2.905161e-05 -1.000000e+00 -3.384831e-06
    outer loop
      vertex -3.231065e-01 1.507350e+00 -5.373616e-01
      vertex -3.471665e-01 1.507351e+00 -7.534716e-01
      vertex -3.284245e-01 1.507350e+00 -3.508416e-01
    endloop
  endfacet
  facet normal 2.905161e-05 1.000000e+00 3.384831e-06
    outer loop
      vertex -3.231065e-01 1.507350e+00 -5.373616e-01
      vertex -3.284245e-01 1.507350e+00 -3.508416e-01
      vertex -3.471665e-01 1.507351e+00 -7.534716e-01
    endloop
  endfacet
  facet normal -9.990769e-01 4.295606e-02 -3.328137e-04
    outer loop
      vertex -5.113535e-01 -1.500854e+00 -5.314016e-01
      vertex -5.098755e-01 -1.466588e+00 -5.461116e-01
      vertex -5.112885e-01 -1.497752e+00 -3.270816e-01
    endloop
  endfacet
  facet normal -7.566178e-01 -2.666160e-03 -6.538519e-01
    outer loop
      vertex -4.356855e-01 1.203384e+00 -8.649016e-01
      vertex -4.370595e-01 9.757962e-01 -8.623816e-01
      vertex -3.054405e-01 9.644552e-01 -1.014642e+00
    endloop
  endfacet
  facet normal 2.606500e-01 -9.652739e-01 1.754275e-02
    outer loop
      vertex 3.838825e-01 1.504410e+00 2.189384e-01
      vertex 4.027655e-01 1.504278e+00 -6.890163e-02
      vertex 2.937495e-01 1.474826e+00 -6.967163e-02
    endloop
  endfacet
  facet normal -9.425457e-01 -4.194804e-04 -3.340770e-01
    outer loop
      vertex -4.380685e-01 -5.562809e-03 -8.605116e-01
      vertex -5.041045e-01 2.990562e-01 -6.745916e-01
      vertex -5.041905e-01 4.748191e-03 -6.739816e-01
    endloop
  endfacet
  facet normal -9.989927e-01 1.752701e-06 -4.487208e-02
    outer loop
      vertex -5.041535e-01 9.568782e-01 -6.741416e-01
      vertex -5.086235e-01 6.816412e-01 -5.746416e-01
      vertex -5.041435e-01 6.857282e-01 -6.743916e-01
    endloop
  endfacet
  facet normal -2.999913e-01 -3.185106e-01 8.991976e-01
    outer loop
      vertex -2.572452e-02 1.209091e+00 -7.150163e-02
      vertex -2.288985e-01 1.215628e+00 -1.369716e-01
      vertex -3.645865e-01 1.479120e+00 -8.890163e-02
    endloop
  endfacet
  facet normal 2.999913e-01 3.185106e-01 -8.991976e-01
    outer loop
      vertex -2.572452e-02 1.209091e+00 -7.150163e-02
      vertex -3.645865e-01 1.479120e+00 -8.890163e-02
      vertex -2.288985e-01 1.215628e+00 -1.369716e-01
    endloop
  endfacet
  facet normal 9.424620e-01 -4.178570e-04 -3.343132e-01
    outer loop
      vertex 4.831255e-01 -3.270809e-03 -8.667216e-01
      vertex 5.514975e-01 -5.052809e-03 -6.739816e-01
      vertex 5.514105e-01 2.875302e-01 -6.745916e-01
    endloop
  endfacet
  facet normal -3.130146e-01 9.853881e-04 9.497479e-01
    outer loop
      vertex -2.323252e-02 -1.351481e-02 -7.127163e-02
      vertex -2.422552e-02 -2.846038e-01 -7.131163e-02
      vertex -2.372305e-01 -2.805458e-01 -1.415216e-01
    endloop
  endfacet
  facet normal -2.906558e-06 1.000000e+00 8.423794e-07
    outer loop
      vertex 9.547148e-02 1.507351e+00 -8.349716e-01
      vertex 9.180048e-02 1.507351e+00 -5.646116e-01
      vertex -4.520152e-02 1.507351e+00 -7.542916e-01
    endloop
  endfacet
  facet normal -5.601102e-01 -8.284180e-01 -6.295064e-04
    outer loop
      vertex -4.728745e-01 1.476484e+00 -3.296516e-01
      vertex -5.112885e-01 1.502454e+00 -3.271016e-01
      vertex -5.112855e-01 1.502255e+00 -6.629163e-02
    endloop
  endfacet
  facet normal -9.969416e-02 2.257401e-06 -9.950181e-01
    outer loop
      vertex -1.709652e-02 -4.754298e-01 -1.132812e+00
      vertex -2.464552e-02 -9.084201e-01 -1.132062e+00
      vertex -7.125519e-03 -6.557030e-01 -1.133812e+00
    endloop
  endfacet
  facet normal 9.969416e-02 -2.257401e-06 9.950181e-01
    outer loop
      vertex -1.709652e-02 -4.754298e-01 -1.132812e+00
      vertex -7.125519e-03 -6.557030e-01 -1.133812e+00
      vertex -2.464552e-02 -9.084201e-01 -1.132062e+00
    endloop
  endfacet
  facet normal 3.710731e-01 2.966237e-03 -9.285989e-01
    outer loop
      vertex 3.463775e-01 2.867072e-01 -1.019132e+00
      vertex 6.390548e-02 9.797191e-03 -1.132892e+00
      vertex 3.429935e-01 -1.130881e-02 -1.021432e+00
    endloop
  endfacet
  facet normal -1.362606e-06 1.000000e+00 1.017766e-06
    outer loop
      vertex -3.782452e-02 1.507351e+00 8.615884e-01
      vertex 9.028848e-02 1.507351e+00 1.267368e+00
      vertex -4.259652e-02 1.507351e+00 1.089458e+00
    endloop
  endfacet
  facet normal -5.398133e-06 1.000000e+00 4.359186e-06
    outer loop
      vertex -3.782452e-02 1.507351e+00 8.615884e-01
      vertex 1.281725e-01 1.507352e+00 8.483784e-01
      vertex 9.698648e-02 1.507351e+00 1.083228e+00
    endloop
  endfacet
  facet normal -0.000000e+00 -1.000000e+00 0.000000e+00
    outer loop
      vertex 3.044125e-01 1.497351e+00 3.983684e-01
      vertex 1.312245e-01 1.497351e+00 3.816084e-01
      vertex 3.121505e-01 1.497351e+00 5.749984e-01
    endloop
  endfacet
  facet normal 0.000000e+00 -1.000000e+00 0.000000e+00
    outer loop
      vertex 3.964785e-01 1.497351e+00 1.507318e+00
      vertex 3.872855e-01 1.497351e+00 1.334538e+00
      vertex 1.470205e-01 1.497351e+00 1.331618e+00
    endloop
  endfacet
  facet normal 6.115600e-05 1.000000e+00 -3.084097e-07
    outer loop
      vertex -3.262015e-01 1.507350e+00 4.000484e-01
      vertex -3.232075e-01 1.507350e+00 2.206984e-01
      vertex -3.213535e-01 1.507350e+00 5.884184e-01
    endloop
  endfacet
  facet normal -6.115600e-05 -1.000000e+00 3.084097e-07
    outer loop
      vertex -3.262015e-01 1.507350e+00 4.000484e-01
      vertex -3.213535e-01 1.507350e+00 5.884184e-01
      vertex -3.232075e-01 1.507350e+00 2.206984e-01
    endloop
  endfacet
  facet normal 0.000000e+00 -1.000000e+00 0.000000e+00
    outer loop
      vertex -4.259652e-02 -1.502649e+00 1.317908e+00
      vertex 9.281848e-02 -1.502649e+00 1.317908e+00
      vertex 8.755748e-02 -1.502649e+00 1.130108e+00
    endloop
  endfacet
  facet normal 0.000000e+00 -1.000000e+00 0.000000e+00
    outer loop
      vertex -4.700452e-02 -1.502649e+00 1.131258e+00
      vertex -3.567135e-01 -1.502649e+00 1.298958e+00
      vertex -4.259652e-02 -1.502649e+00 1.317908e+00
    endloop
  endfacet
  facet normal 7.659651e-02 -9.940090e-01 7.796938e-02
    outer loop
      vertex 3.838825e-01 1.504410e+00 2.189384e-01
      vertex 2.937495e-01 1.474826e+00 -6.967163e-02
      vertex 2.979585e-01 1.497351e+00 2.133584e-01
    endloop
  endfacet
  facet normal -2.557527e-02 9.996725e-01 8.922348e-04
    outer loop
      vertex 4.750045e-01 1.501715e+00 3.990284e-01
      vertex 3.044125e-01 1.497351e+00 3.983684e-01
      vertex 2.979585e-01 1.497351e+00 2.133584e-01
    endloop
  endfacet
  facet normal 2.557527e-02 -9.996725e-01 -8.922348e-04
    outer loop
      vertex 4.750045e-01 1.501715e+00 3.990284e-01
      vertex 2.979585e-01 1.497351e+00 2.133584e-01
      vertex 3.044125e-01 1.497351e+00 3.983684e-01
    endloop
  endfacet
  facet normal 1.295893e-02 -9.999160e-01 -1.922938e-04
    outer loop
      vertex 4.097635e-01 -1.498541e+00 1.566268e+00
      vertex 4.102185e-01 -1.498488e+00 1.320548e+00
      vertex 9.281848e-02 -1.502649e+00 1.566378e+00
    endloop
  endfacet
  facet normal -3.014137e-01 4.098999e-02 -9.526119e-01
    outer loop
      vertex -5.092452e-02 1.493044e+00 -1.108772e+00
      vertex -2.888435e-01 1.482041e+00 -1.033972e+00
      vertex -1.156752e-02 1.210803e+00 -1.133372e+00
    endloop
  endfacet
  facet normal -3.304677e-08 1.000000e+00 2.083944e-07
    outer loop
      vertex -4.260005e-01 -1.492649e+00 1.589488e+00
      vertex -2.494715e-01 -1.492649e+00 1.849868e+00
      vertex -4.822255e-01 -1.492649e+00 1.835308e+00
    endloop
  endfacet
  facet normal 6.525064e-01 2.515562e-02 7.573655e-01
    outer loop
      vertex 4.534165e-01 1.210969e+00 -2.966816e-01
      vertex 4.354995e-01 9.014132e-01 -2.709616e-01
      vertex 2.801305e-01 9.570092e-01 -1.389516e-01
    endloop
  endfacet
  facet normal -6.263524e-01 -2.413402e-01 -7.412405e-01
    outer loop
      vertex -1.134655e-01 -1.502267e+00 -1.024442e+00
      vertex 1.927848e-02 -1.502649e+00 -1.136482e+00
      vertex -2.007452e-02 -1.412748e+00 -1.132502e+00
    endloop
  endfacet
  facet normal 1.260640e-01 -9.871011e-01 9.868784e-02
    outer loop
      vertex 3.964785e-01 1.497351e+00 1.507318e+00
      vertex 1.956325e-01 1.497351e+00 1.763878e+00
      vertex 4.006845e-01 1.504412e+00 1.572578e+00
    endloop
  endfacet
  facet normal -9.999930e-01 -3.528923e-03 -1.194234e-03
    outer loop
      vertex -5.094405e-01 1.468545e+00 -5.439216e-01
      vertex -5.085195e-01 1.217557e+00 -5.736616e-01
      vertex -5.093475e-01 1.487635e+00 -6.781916e-01
    endloop
  endfacet
  facet normal 8.714016e-03 2.611788e-01 9.652512e-01
    outer loop
      vertex 1.731255e-01 -1.205429e+00 -1.036316e-01
      vertex 9.414248e-02 -1.460565e+00 -3.388163e-02
      vertex -4.733652e-02 -1.461258e+00 -3.242163e-02
    endloop
  endfacet
  facet normal 9.955416e-01 -1.209112e-05 9.432376e-02
    outer loop
      vertex 5.554145e-01 6.778862e-01 -5.709916e-01
      vertex 5.556185e-01 2.811012e-01 -5.732016e-01
      vertex 5.528905e-01 4.656632e-01 -5.443816e-01
    endloop
  endfacet
  facet normal -9.955416e-01 1.209112e-05 -9.432376e-02
    outer loop
      vertex 5.554145e-01 6.778862e-01 -5.709916e-01
      vertex 5.528905e-01 4.656632e-01 -5.443816e-01
      vertex 5.556185e-01 2.811012e-01 -5.732016e-01
    endloop
  endfacet
  facet normal 1.093219e-03 -9.999992e-01 -6.408610e-04
    outer loop
      vertex 1.927065e-01 -1.502386e+00 -1.067102e+00
      vertex 1.039645e-01 -1.502649e+00 -8.083716e-01
      vertex 3.920265e-01 -1.502329e+00 -8.167816e-01
    endloop
  endfacet
  facet normal 3.133475e-01 -7.576256e-03 9.496083e-01
    outer loop
      vertex 6.957048e-02 2.931112e-01 -7.116163e-02
      vertex 7.589148e-02 4.684962e-01 -7.185163e-02
      vertex 2.881165e-01 2.933312e-01 -1.432716e-01
    endloop
  endfacet
  facet normal 1.764736e-06 1.000000e+00 8.006769e-07
    outer loop
      vertex 8.989148e-02 1.507351e+00 -6.835163e-02
      vertex 9.222248e-02 1.507351e+00 2.242784e-01
      vertex -3.714152e-02 1.507351e+00 -8.614163e-02
    endloop
  endfacet
  facet normal 9.990386e-01 -2.106230e-04 -4.383869e-02
    outer loop
      vertex 5.557815e-01 -2.879458e-01 -5.749716e-01
      vertex 5.514975e-01 -5.052809e-03 -6.739816e-01
      vertex 5.514125e-01 -2.806098e-01 -6.745916e-01
    endloop
  endfacet
  facet normal -4.149012e-02 9.991378e-01 1.503682e-03
    outer loop
      vertex 4.198005e-01 1.504790e+00 1.849118e+00
      vertex 3.748045e-01 1.502795e+00 1.933208e+00
      vertex 4.006845e-01 1.504412e+00 1.572578e+00
    endloop
  endfacet
  facet normal 4.149012e-02 -9.991378e-01 -1.503682e-03
    outer loop
      vertex 4.198005e-01 1.504790e+00 1.849118e+00
      vertex 4.006845e-01 1.504412e+00 1.572578e+00
      vertex 3.748045e-01 1.502795e+00 1.933208e+00
    endloop
  endfacet
  facet normal -7.382572e-01 6.026166e-02 -6.718220e-01
    outer loop
      vertex -2.889565e-01 -1.210365e+00 -1.025992e+00
      vertex -4.348425e-01 -1.218490e+00 -8.664016e-01
      vertex -3.053075e-01 -1.472517e+00 -1.031532e+00
    endloop
  endfacet
  facet normal -4.372148e-08 1.000000e+00 8.857993e-08
    outer loop
      vertex 3.964775e-01 -1.492649e+00 1.507308e+00
      vertex 1.470205e-01 -1.492649e+00 1.331608e+00
      vertex 3.872855e-01 -1.492649e+00 1.334548e+00
    endloop
  endfacet
  facet normal -3.011675e-06 1.000000e+00 7.984296e-06
    outer loop
      vertex 1.674515e-01 1.507350e+00 4.019584e-01
      vertex -4.915652e-02 1.507351e+00 2.306684e-01
      vertex 9.222248e-02 1.507351e+00 2.242784e-01
    endloop
  endfacet
  facet normal 3.011675e-06 -1.000000e+00 -7.984296e-06
    outer loop
      vertex 1.674515e-01 1.507350e+00 4.019584e-01
      vertex 9.222248e-02 1.507351e+00 2.242784e-01
      vertex -4.915652e-02 1.507351e+00 2.306684e-01
    endloop
  endfacet
  facet normal -1.183639e-01 3.786583e-04 -9.929702e-01
    outer loop
      vertex 6.957048e-02 2.931112e-01 -7.116163e-02
      vertex 7.589148e-02 4.684962e-01 -7.185163e-02
      vertex 7.826548e-02 6.504412e-01 -7.206163e-02
    endloop
  endfacet
  facet normal 1.183639e-01 -3.786583e-04 9.929702e-01
    outer loop
      vertex 6.957048e-02 2.931112e-01 -7.116163e-02
      vertex 7.826548e-02 6.504412e-01 -7.206163e-02
      vertex 7.589148e-02 4.684962e-01 -7.185163e-02
    endloop
  endfacet
  facet normal 7.380995e-01 2.241408e-03 -6.746883e-01
    outer loop
      vertex 4.792975e-01 9.290142e-01 -8.734516e-01
      vertex 4.806385e-01 1.208418e+00 -8.710616e-01
      vertex 3.456265e-01 9.660182e-01 -1.019562e+00
    endloop
  endfacet
  facet normal 1.620039e-01 -9.830230e-01 8.614241e-02
    outer loop
      vertex -3.053075e-01 -1.472517e+00 -1.031532e+00
      vertex -4.411705e-01 -1.496938e+00 -1.054712e+00
      vertex -4.749605e-01 -1.486162e+00 -8.681916e-01
    endloop
  endfacet
  facet normal -1.620039e-01 9.830230e-01 -8.614241e-02
    outer loop
      vertex -3.053075e-01 -1.472517e+00 -1.031532e+00
      vertex -4.749605e-01 -1.486162e+00 -8.681916e-01
      vertex -4.411705e-01 -1.496938e+00 -1.054712e+00
    endloop
  endfacet
  facet normal -7.340872e-01 -4.176499e-02 -6.777697e-01
    outer loop
      vertex -4.322175e-01 2.767782e-01 -8.712416e-01
      vertex -2.910445e-01 2.884972e-01 -1.024872e+00
      vertex -3.189195e-01 4.691642e-01 -1.005812e+00
    endloop
  endfacet
  facet normal 0.000000e+00 -1.000000e+00 0.000000e+00
    outer loop
      vertex -5.534552e-02 -1.502649e+00 -5.419616e-01
      vertex -3.413675e-01 -1.502649e+00 -5.041116e-01
      vertex -4.359652e-02 -1.502649e+00 -3.370516e-01
    endloop
  endfacet
  facet normal 0.000000e+00 -1.000000e+00 0.000000e+00
    outer loop
      vertex -3.665425e-01 -1.502649e+00 1.853298e+00
      vertex -4.259652e-02 -1.502649e+00 1.566368e+00
      vertex -3.622405e-01 -1.502649e+00 1.578468e+00
    endloop
  endfacet
  facet normal -8.178749e-03 -9.999660e-01 -1.091154e-03
    outer loop
      vertex 9.698648e-02 1.507351e+00 1.083228e+00
      vertex 3.718395e-01 1.504863e+00 1.303488e+00
      vertex 1.281725e-01 1.507352e+00 8.483784e-01
    endloop
  endfacet
  facet normal 8.178749e-03 9.999660e-01 1.091154e-03
    outer loop
      vertex 9.698648e-02 1.507351e+00 1.083228e+00
      vertex 1.281725e-01 1.507352e+00 8.483784e-01
      vertex 3.718395e-01 1.504863e+00 1.303488e+00
    endloop
  endfacet
  facet normal -8.352501e-02 -3.511704e-04 -9.965057e-01
    outer loop
      vertex -5.902519e-03 7.005572e-01 -1.133962e+00
      vertex -1.329152e-02 2.715242e-01 -1.133192e+00
      vertex -9.625519e-03 4.603142e-01 -1.133562e+00
    endloop
  endfacet
  facet normal 8.352501e-02 3.511704e-04 9.965057e-01
    outer loop
      vertex -5.902519e-03 7.005572e-01 -1.133962e+00
      vertex -9.625519e-03 4.603142e-01 -1.133562e+00
      vertex -1.329152e-02 2.715242e-01 -1.133192e+00
    endloop
  endfacet
  facet normal 0.000000e+00 -1.000000e+00 0.000000e+00
    outer loop
      vertex -4.700452e-02 -1.502649e+00 1.131258e+00
      vertex -4.259652e-02 -1.502649e+00 1.317908e+00
      vertex 8.755748e-02 -1.502649e+00 1.130108e+00
    endloop
  endfacet
  facet normal 9.992412e-01 7.303598e-04 -3.894272e-02
    outer loop
      vertex 5.515725e-01 4.655532e-01 -6.735616e-01
      vertex 5.556185e-01 2.811012e-01 -5.732016e-01
      vertex 5.554145e-01 6.778862e-01 -5.709916e-01
    endloop
  endfacet
  facet normal 2.380530e-06 1.000000e+00 1.096165e-06
    outer loop
      vertex -3.782452e-02 1.507351e+00 8.615884e-01
      vertex -4.259652e-02 1.507351e+00 1.089458e+00
      vertex -3.367675e-01 1.507352e+00 8.582984e-01
    endloop
  endfacet
  facet normal 3.495299e-01 5.402796e-02 -9.353661e-01
    outer loop
      vertex 4.707648e-02 1.162898e+00 -1.134542e+00
      vertex 3.433685e-01 1.209109e+00 -1.021152e+00
      vertex 8.576848e-02 1.490458e+00 -1.101162e+00
    endloop
  endfacet
  facet normal -9.389843e-01 1.355079e-02 -3.436930e-01
    outer loop
      vertex -4.328355e-01 -2.887598e-01 -8.700716e-01
      vertex -5.041045e-01 -2.690628e-01 -6.745916e-01
      vertex -4.405365e-01 -4.644308e-01 -8.559616e-01
    endloop
  endfacet
  facet normal -3.033487e-01 -2.495199e-02 -9.525529e-01
    outer loop
      vertex 5.556175e-01 -1.148489e+00 -5.733216e-01
      vertex 4.272295e-01 -1.502649e+00 -5.231616e-01
      vertex 5.549485e-01 -1.408899e+00 -5.662916e-01
    endloop
  endfacet
  facet normal 3.033487e-01 2.495199e-02 9.525529e-01
    outer loop
      vertex 5.556175e-01 -1.148489e+00 -5.733216e-01
      vertex 5.549485e-01 -1.408899e+00 -5.662916e-01
      vertex 4.272295e-01 -1.502649e+00 -5.231616e-01
    endloop
  endfacet
  facet normal -3.388499e-02 -9.994256e-01 5.943026e-04
    outer loop
      vertex -5.113525e-01 -1.497692e+00 1.933208e+00
      vertex -3.665425e-01 -1.502649e+00 1.853298e+00
      vertex -5.113055e-01 -1.497909e+00 1.569468e+00
    endloop
  endfacet
  facet normal 0.000000e+00 1.000000e+00 0.000000e+00
    outer loop
      vertex -3.840295e-01 1.497351e+00 2.065384e-01
      vertex -3.607725e-01 1.497351e+00 3.965984e-01
      vertex -3.740815e-01 1.497351e+00 5.997684e-01
    endloop
  endfacet
  facet normal 0.000000e+00 -1.000000e+00 0.000000e+00
    outer loop
      vertex -3.840295e-01 1.497351e+00 2.065384e-01
      vertex -3.740815e-01 1.497351e+00 5.997684e-01
      vertex -3.607725e-01 1.497351e+00 3.965984e-01
    endloop
  endfacet
  facet normal 7.606527e-01 5.972866e-03 6.491316e-01
    outer loop
      vertex -4.407145e-01 4.689722e-01 -8.556816e-01
      vertex -4.379095e-01 6.682122e-01 -8.608016e-01
      vertex -3.091145e-01 6.725662e-01 -1.011772e+00
    endloop
  endfacet
  facet normal -7.606527e-01 -5.972866e-03 -6.491316e-01
    outer loop
      vertex -4.407145e-01 4.689722e-01 -8.556816e-01
      vertex -3.091145e-01 6.725662e-01 -1.011772e+00
      vertex -4.379095e-01 6.682122e-01 -8.608016e-01
    endloop
  endfacet
  facet normal -6.200171e-02 9.980742e-01 1.922603e-03
    outer loop
      vertex -4.260005e-01 -1.492649e+00 1.589488e+00
      vertex -5.113395e-01 -1.498456e+00 1.852228e+00
      vertex -5.113055e-01 -1.497909e+00 1.569468e+00
    endloop
  endfacet
  facet normal -2.909459e-02 9.995750e-01 1.826818e-03
    outer loop
      vertex -5.113535e-01 1.501946e+00 1.933208e+00
      vertex -5.113055e-01 1.502612e+00 1.569488e+00
      vertex -3.314325e-01 1.507351e+00 1.841418e+00
    endloop
  endfacet
  facet normal -5.580501e-03 1.447020e-04 -9.999844e-01
    outer loop
      vertex -1.332552e-02 6.598191e-03 -1.133232e+00
      vertex 5.668248e-02 2.811762e-01 -1.133582e+00
      vertex -1.329152e-02 2.715242e-01 -1.133192e+00
    endloop
  endfacet
  facet normal -8.712031e-01 2.587609e-04 4.909227e-01
    outer loop
      vertex 4.898815e-01 6.555502e-01 -8.548016e-01
      vertex 4.810925e-01 2.867742e-01 -8.702016e-01
      vertex 4.813955e-01 4.683022e-01 -8.697616e-01
    endloop
  endfacet
  facet normal 8.712031e-01 -2.587609e-04 -4.909227e-01
    outer loop
      vertex 4.898815e-01 6.555502e-01 -8.548016e-01
      vertex 4.813955e-01 4.683022e-01 -8.697616e-01
      vertex 4.810925e-01 2.867742e-01 -8.702016e-01
    endloop
  endfacet
  facet normal 0.000000e+00 -1.000000e+00 0.000000e+00
    outer loop
      vertex 8.157048e-02 1.497351e+00 1.115028e+00
      vertex -4.400152e-02 1.497351e+00 1.120698e+00
      vertex 1.470205e-01 1.497351e+00 1.331618e+00
    endloop
  endfacet
  facet normal -9.855230e-01 2.470585e-02 1.677319e-01
    outer loop
      vertex -4.742325e-01 -1.471185e+00 -3.360116e-01
      vertex -5.098755e-01 -1.466588e+00 -5.461116e-01
      vertex -5.089705e-01 -1.205997e+00 -5.791716e-01
    endloop
  endfacet
  facet normal -2.058806e-05 1.000000e+00 4.824214e-06
    outer loop
      vertex -3.218152e-02 1.507350e+00 4.019584e-01
      vertex -4.915652e-02 1.507351e+00 2.306684e-01
      vertex 9.281848e-02 1.507352e+00 5.894684e-01
    endloop
  endfacet
  facet normal 2.058806e-05 -1.000000e+00 -4.824214e-06
    outer loop
      vertex -3.218152e-02 1.507350e+00 4.019584e-01
      vertex 9.281848e-02 1.507352e+00 5.894684e-01
      vertex -4.915652e-02 1.507351e+00 2.306684e-01
    endloop
  endfacet
  facet normal -2.706591e-02 9.996336e-01 -4.531614e-04
    outer loop
      vertex -3.262015e-01 1.507350e+00 4.000484e-01
      vertex -5.112855e-01 1.502249e+00 2.012084e-01
      vertex -3.232075e-01 1.507350e+00 2.206984e-01
    endloop
  endfacet
  facet normal 9.992683e-01 3.927696e-04 -3.824482e-02
    outer loop
      vertex 5.515725e-01 4.655532e-01 -6.735616e-01
      vertex 5.554145e-01 6.778862e-01 -5.709916e-01
      vertex 5.514555e-01 6.830132e-01 -6.743916e-01
    endloop
  endfacet
  facet normal 2.763511e-04 -9.999993e-01 -1.126024e-03
    outer loop
      vertex -3.042852e-02 -1.502649e+00 -6.647316e-01
      vertex -1.134655e-01 -1.502267e+00 -1.024442e+00
      vertex -3.501885e-01 -1.502649e+00 -7.432016e-01
    endloop
  endfacet
  facet normal -2.263140e-02 9.996895e-01 -1.043067e-02
    outer loop
      vertex 3.721195e-01 -1.500100e+00 2.175284e-01
      vertex 9.486648e-02 -1.502649e+00 5.748184e-01
      vertex 1.773495e-01 -1.502649e+00 3.958584e-01
    endloop
  endfacet
  facet normal 2.263140e-02 -9.996895e-01 1.043067e-02
    outer loop
      vertex 3.721195e-01 -1.500100e+00 2.175284e-01
      vertex 1.773495e-01 -1.502649e+00 3.958584e-01
      vertex 9.486648e-02 -1.502649e+00 5.748184e-01
    endloop
  endfacet
  facet normal 3.319801e-01 -6.896908e-03 9.432611e-01
    outer loop
      vertex 1.803765e-01 -6.360420e-01 -1.054016e-01
      vertex 2.818225e-01 -4.641008e-01 -1.398516e-01
      vertex 2.979705e-01 -8.961428e-01 -1.486916e-01
    endloop
  endfacet
  facet normal -3.319801e-01 6.896908e-03 -9.432611e-01
    outer loop
      vertex 1.803765e-01 -6.360420e-01 -1.054016e-01
      vertex 2.979705e-01 -8.961428e-01 -1.486916e-01
      vertex 2.818225e-01 -4.641008e-01 -1.398516e-01
    endloop
  endfacet
  facet normal -9.987684e-01 -4.902092e-02 -7.661258e-03
    outer loop
      vertex -5.094405e-01 1.468545e+00 -5.439216e-01
      vertex -5.093475e-01 1.487635e+00 -6.781916e-01
      vertex -5.113535e-01 1.505556e+00 -5.314016e-01
    endloop
  endfacet
  facet normal 0.000000e+00 -1.000000e+00 0.000000e+00
    outer loop
      vertex -3.567135e-01 -1.502649e+00 1.298958e+00
      vertex -3.444865e-01 -1.502649e+00 1.104868e+00
      vertex -3.332975e-01 -1.502649e+00 8.690184e-01
    endloop
  endfacet
  facet normal 0.000000e+00 1.000000e+00 0.000000e+00
    outer loop
      vertex -3.567135e-01 -1.502649e+00 1.298958e+00
      vertex -3.332975e-01 -1.502649e+00 8.690184e-01
      vertex -3.444865e-01 -1.502649e+00 1.104868e+00
    endloop
  endfacet
  facet normal 4.628277e-01 8.860824e-01 -2.546705e-02
    outer loop
      vertex 3.721195e-01 -1.500100e+00 2.175284e-01
      vertex 2.896815e-01 -1.465563e+00 -7.900163e-02
      vertex 3.579565e-01 -1.500937e+00 -6.898163e-02
    endloop
  endfacet
  facet normal 3.317441e-01 -7.017336e-03 9.433433e-01
    outer loop
      vertex 1.803765e-01 -6.360420e-01 -1.054016e-01
      vertex 2.979705e-01 -8.961428e-01 -1.486916e-01
      vertex 8.050648e-02 -9.133311e-01 -7.234163e-02
    endloop
  endfacet
  facet normal -5.069027e-03 5.263564e-03 -9.999733e-01
    outer loop
      vertex -1.709652e-02 -4.754298e-01 -1.132812e+00
      vertex -7.125519e-03 -6.557030e-01 -1.133812e+00
      vertex 5.445448e-02 -5.963988e-01 -1.133812e+00
    endloop
  endfacet
  facet normal -3.427042e-02 -9.994038e-01 4.193522e-03
    outer loop
      vertex -3.840295e-01 1.497351e+00 2.065384e-01
      vertex -5.112895e-01 1.502536e+00 4.022684e-01
      vertex -3.607725e-01 1.497351e+00 3.965984e-01
    endloop
  endfacet
  facet normal 3.427042e-02 9.994038e-01 -4.193522e-03
    outer loop
      vertex -3.840295e-01 1.497351e+00 2.065384e-01
      vertex -3.607725e-01 1.497351e+00 3.965984e-01
      vertex -5.112895e-01 1.502536e+00 4.022684e-01
    endloop
  endfacet
  facet normal 5.570880e-01 -3.066906e-02 8.298870e-01
    outer loop
      vertex 1.803765e-01 -6.360420e-01 -1.054016e-01
      vertex 4.344625e-01 -4.652958e-01 -2.696616e-01
      vertex 4.456115e-01 -6.564750e-01 -2.842016e-01
    endloop
  endfacet
  facet normal 9.448404e-01 -6.698501e-05 -3.275310e-01
    outer loop
      vertex 5.514515e-01 -8.307738e-01 -6.744116e-01
      vertex 5.513915e-01 -5.963988e-01 -6.746316e-01
      vertex 4.874155e-01 -9.237539e-01 -8.591216e-01
    endloop
  endfacet
  facet normal 5.272960e-09 1.000000e+00 -1.662430e-08
    outer loop
      vertex -7.285152e-02 -1.492649e+00 2.048384e-01
      vertex 1.312245e-01 -1.492649e+00 3.816084e-01
      vertex -6.572252e-02 -1.492649e+00 3.751684e-01
    endloop
  endfacet
  facet normal -3.169414e-01 -7.638191e-03 -9.484143e-01
    outer loop
      vertex 1.803765e-01 -6.360420e-01 -1.054016e-01
      vertex 6.910148e-02 -2.741268e-01 -7.113163e-02
      vertex 7.566048e-02 -4.648338e-01 -7.179163e-02
    endloop
  endfacet
  facet normal 3.169414e-01 7.638191e-03 9.484143e-01
    outer loop
      vertex 1.803765e-01 -6.360420e-01 -1.054016e-01
      vertex 7.566048e-02 -4.648338e-01 -7.179163e-02
      vertex 6.910148e-02 -2.741268e-01 -7.113163e-02
    endloop
  endfacet
  facet normal 1.567268e-02 -9.989455e-01 4.315392e-02
    outer loop
      vertex -4.113852e-02 1.497351e+00 1.849868e+00
      vertex 9.230348e-02 1.503045e+00 1.933208e+00
      vertex 1.956325e-01 1.497351e+00 1.763878e+00
    endloop
  endfacet
  facet normal -5.658858e-01 3.486005e-03 -8.244763e-01
    outer loop
      vertex -3.022885e-01 -2.787088e-01 -1.016882e+00
      vertex -3.135705e-01 -4.644778e-01 -1.009922e+00
      vertex -2.999565e-01 -6.561757e-01 -1.020082e+00
    endloop
  endfacet
  facet normal 5.658858e-01 -3.486005e-03 8.244763e-01
    outer loop
      vertex -3.022885e-01 -2.787088e-01 -1.016882e+00
      vertex -2.999565e-01 -6.561757e-01 -1.020082e+00
      vertex -3.135705e-01 -4.644778e-01 -1.009922e+00
    endloop
  endfacet
  facet normal -7.410589e-01 -3.779127e-03 6.714293e-01
    outer loop
      vertex 4.831255e-01 -3.270809e-03 -8.667216e-01
      vertex 3.470595e-01 -2.813308e-01 -1.018472e+00
      vertex 3.429935e-01 -1.130881e-02 -1.021432e+00
    endloop
  endfacet
  facet normal 7.410589e-01 3.779127e-03 -6.714293e-01
    outer loop
      vertex 4.831255e-01 -3.270809e-03 -8.667216e-01
      vertex 3.429935e-01 -1.130881e-02 -1.021432e+00
      vertex 3.470595e-01 -2.813308e-01 -1.018472e+00
    endloop
  endfacet
  facet normal 7.412328e-01 -2.855265e-03 -6.712420e-01
    outer loop
      vertex 4.831255e-01 -3.270809e-03 -8.667216e-01
      vertex 4.810925e-01 2.867742e-01 -8.702016e-01
      vertex 3.429935e-01 -1.130881e-02 -1.021432e+00
    endloop
  endfacet
  facet normal 3.705754e-01 -4.628303e-03 -9.287909e-01
    outer loop
      vertex 3.429935e-01 -1.130881e-02 -1.021432e+00
      vertex 6.390548e-02 9.797191e-03 -1.132892e+00
      vertex 3.470595e-01 -2.813308e-01 -1.018472e+00
    endloop
  endfacet
  facet normal 0.000000e+00 -1.000000e+00 0.000000e+00
    outer loop
      vertex -4.259995e-01 1.497351e+00 1.589508e+00
      vertex -1.230015e-01 1.497351e+00 1.522728e+00
      vertex -4.166925e-01 1.497351e+00 1.328728e+00
    endloop
  endfacet
  facet normal 0.000000e+00 1.000000e+00 0.000000e+00
    outer loop
      vertex 9.486648e-02 -1.502649e+00 5.748184e-01
      vertex 9.281848e-02 -1.502649e+00 8.614484e-01
      vertex -4.360852e-02 -1.502649e+00 8.572484e-01
    endloop
  endfacet
  facet normal 0.000000e+00 -1.000000e+00 0.000000e+00
    outer loop
      vertex 9.486648e-02 -1.502649e+00 5.748184e-01
      vertex -4.360852e-02 -1.502649e+00 8.572484e-01
      vertex 9.281848e-02 -1.502649e+00 8.614484e-01
    endloop
  endfacet
  facet normal -1.060581e-02 1.221396e-01 9.924563e-01
    outer loop
      vertex 1.803765e-01 -6.360420e-01 -1.054016e-01
      vertex 8.050648e-02 -9.133311e-01 -7.234163e-02
      vertex -2.999152e-02 -9.257778e-01 -7.199163e-02
    endloop
  endfacet
  facet normal 9.993061e-01 9.603346e-05 -3.724691e-02
    outer loop
      vertex 5.514585e-01 9.550722e-01 -6.741516e-01
      vertex 5.553165e-01 1.210934e+00 -5.699916e-01
      vertex 5.514175e-01 1.213125e+00 -6.745916e-01
    endloop
  endfacet
  facet normal -7.702131e-07 1.000000e+00 0.000000e+00
    outer loop
      vertex -4.259652e-02 1.507351e+00 1.558208e+00
      vertex -4.259652e-02 1.507351e+00 1.839458e+00
      vertex -3.521455e-01 1.507350e+00 1.568098e+00
    endloop
  endfacet
  facet normal 1.448852e-02 -9.998950e-01 2.836893e-04
    outer loop
      vertex 8.755748e-02 -1.502649e+00 1.130108e+00
      vertex 4.154405e-01 -1.497972e+00 8.696984e-01
      vertex 9.281848e-02 -1.502649e+00 8.614484e-01
    endloop
  endfacet
  facet normal 7.552761e-01 1.811751e-02 -6.551563e-01
    outer loop
      vertex 4.898815e-01 6.555502e-01 -8.548016e-01
      vertex 3.610145e-01 4.685262e-01 -1.008532e+00
      vertex 4.813955e-01 4.683022e-01 -8.697616e-01
    endloop
  endfacet
  facet normal -3.629857e-01 7.800827e-05 9.317948e-01
    outer loop
      vertex -1.470135e-01 -6.429860e-01 -1.093016e-01
      vertex -2.554515e-01 -9.003794e-01 -1.515216e-01
      vertex -2.557885e-01 -4.641528e-01 -1.516916e-01
    endloop
  endfacet
  facet normal 3.629857e-01 -7.800827e-05 -9.317948e-01
    outer loop
      vertex -1.470135e-01 -6.429860e-01 -1.093016e-01
      vertex -2.557885e-01 -4.641528e-01 -1.516916e-01
      vertex -2.554515e-01 -9.003794e-01 -1.515216e-01
    endloop
  endfacet
  facet normal 6.104276e-02 -9.981328e-01 2.179049e-03
    outer loop
      vertex -4.260005e-01 -1.492649e+00 1.589488e+00
      vertex -4.166915e-01 -1.492649e+00 1.328728e+00
      vertex -5.113055e-01 -1.497909e+00 1.569468e+00
    endloop
  endfacet
  facet normal -6.104276e-02 9.981328e-01 -2.179049e-03
    outer loop
      vertex -4.260005e-01 -1.492649e+00 1.589488e+00
      vertex -5.113055e-01 -1.497909e+00 1.569468e+00
      vertex -4.166915e-01 -1.492649e+00 1.328728e+00
    endloop
  endfacet
  facet normal 1.071533e-04 -9.999939e-01 3.519839e-03
    outer loop
      vertex 1.927065e-01 -1.502386e+00 -1.067102e+00
      vertex 2.529348e-02 -1.502649e+00 -1.136672e+00
      vertex 1.927848e-02 -1.502649e+00 -1.136482e+00
    endloop
  endfacet
  facet normal 3.674262e-01 1.650973e-02 -9.299061e-01
    outer loop
      vertex 5.579948e-02 -2.881118e-01 -1.133672e+00
      vertex 6.660348e-02 -4.671098e-01 -1.132582e+00
      vertex 3.470595e-01 -2.813308e-01 -1.018472e+00
    endloop
  endfacet
  facet normal 3.015390e-06 1.000000e+00 -8.132802e-06
    outer loop
      vertex 8.989148e-02 1.507351e+00 -6.835163e-02
      vertex -3.714152e-02 1.507351e+00 -8.614163e-02
      vertex -4.969952e-02 1.507350e+00 -3.253216e-01
    endloop
  endfacet
  facet normal -3.015390e-06 -1.000000e+00 8.132802e-06
    outer loop
      vertex 8.989148e-02 1.507351e+00 -6.835163e-02
      vertex -4.969952e-02 1.507350e+00 -3.253216e-01
      vertex -3.714152e-02 1.507351e+00 -8.614163e-02
    endloop
  endfacet
  facet normal -3.098540e-02 -9.995178e-01 -1.994191e-03
    outer loop
      vertex -3.298155e-01 -1.502649e+00 -3.311916e-01
      vertex -5.112855e-01 -1.497552e+00 -6.629163e-02
      vertex -3.452995e-01 -1.502649e+00 -9.059163e-02
    endloop
  endfacet
  facet normal 6.916189e-01 6.301424e-03 -7.222351e-01
    outer loop
      vertex -3.909695e-01 9.251232e-01 -2.771516e-01
      vertex -3.979055e-01 6.396422e-01 -2.862816e-01
      vertex -2.556855e-01 4.692572e-01 -1.515816e-01
    endloop
  endfacet
  facet normal -6.916189e-01 -6.301424e-03 7.222351e-01
    outer loop
      vertex -3.909695e-01 9.251232e-01 -2.771516e-01
      vertex -2.556855e-01 4.692572e-01 -1.515816e-01
      vertex -3.979055e-01 6.396422e-01 -2.862816e-01
    endloop
  endfacet
  facet normal 1.905429e-02 9.998183e-01 -6.648006e-04
    outer loop
      vertex 4.729645e-01 -1.495863e+00 3.956684e-01
      vertex 3.044125e-01 -1.492649e+00 3.983684e-01
      vertex 2.979575e-01 -1.492649e+00 2.133584e-01
    endloop
  endfacet
  facet normal -1.905429e-02 -9.998183e-01 6.648006e-04
    outer loop
      vertex 4.729645e-01 -1.495863e+00 3.956684e-01
      vertex 2.979575e-01 -1.492649e+00 2.133584e-01
      vertex 3.044125e-01 -1.492649e+00 3.983684e-01
    endloop
  endfacet
  facet normal 1.001914e-02 -1.806549e-03 -9.999481e-01
    outer loop
      vertex -5.902519e-03 7.005572e-01 -1.133962e+00
      vertex -9.625519e-03 4.603142e-01 -1.133562e+00
      vertex 5.999448e-02 6.775092e-01 -1.133262e+00
    endloop
  endfacet
  facet normal -7.378565e-01 -7.665154e-03 -6.749141e-01
    outer loop
      vertex -2.889565e-01 -1.210365e+00 -1.025992e+00
      vertex -2.962375e-01 -9.434185e-01 -1.021062e+00
      vertex -4.348425e-01 -1.218490e+00 -8.664016e-01
    endloop
  endfacet
  facet normal 3.588564e-09 1.000000e+00 5.581569e-09
    outer loop
      vertex -1.117455e-01 -1.492649e+00 1.331118e+00
      vertex -4.400152e-02 -1.492649e+00 1.120708e+00
      vertex 1.470205e-01 -1.492649e+00 1.331608e+00
    endloop
  endfacet
  facet normal 4.976813e-01 2.954704e-02 -8.668566e-01
    outer loop
      vertex 4.707648e-02 1.162898e+00 -1.134542e+00
      vertex 8.576848e-02 1.490458e+00 -1.101162e+00
      vertex 2.622548e-02 1.453234e+00 -1.136612e+00
    endloop
  endfacet
  facet normal 9.399186e-01 -5.064324e-03 -3.413610e-01
    outer loop
      vertex 4.831255e-01 -3.270809e-03 -8.667216e-01
      vertex 4.790105e-01 -2.804398e-01 -8.739416e-01
      vertex 5.514125e-01 -2.806098e-01 -6.745916e-01
    endloop
  endfacet
  facet normal 0.000000e+00 -1.000000e+00 0.000000e+00
    outer loop
      vertex -3.042852e-02 -1.502649e+00 -6.647316e-01
      vertex -5.534552e-02 -1.502649e+00 -5.419616e-01
      vertex 9.465248e-02 -1.502649e+00 -5.283016e-01
    endloop
  endfacet
  facet normal 0.000000e+00 -1.000000e+00 0.000000e+00
    outer loop
      vertex -3.840295e-01 1.497351e+00 2.065384e-01
      vertex -3.607725e-01 1.497351e+00 3.965984e-01
      vertex -7.285152e-02 1.497351e+00 2.048384e-01
    endloop
  endfacet
  facet normal -0.000000e+00 1.000000e+00 0.000000e+00
    outer loop
      vertex -3.840295e-01 1.497351e+00 2.065384e-01
      vertex -7.285152e-02 1.497351e+00 2.048384e-01
      vertex -3.607725e-01 1.497351e+00 3.965984e-01
    endloop
  endfacet
  facet normal -4.229506e-02 9.991028e-01 -2.161624e-03
    outer loop
      vertex -3.644205e-01 -1.492649e+00 1.126968e+00
      vertex -5.113055e-01 -1.497909e+00 1.569468e+00
      vertex -5.113115e-01 -1.498431e+00 1.328598e+00
    endloop
  endfacet
  facet normal 4.569731e-03 -9.974533e-01 7.117536e-02
    outer loop
      vertex -4.259452e-02 -1.498558e+00 1.933208e+00
      vertex 9.240848e-02 -1.497939e+00 1.933208e+00
      vertex 9.698648e-02 -1.502649e+00 1.866918e+00
    endloop
  endfacet
  facet normal -9.337994e-01 -5.375925e-03 3.577565e-01
    outer loop
      vertex -3.979055e-01 6.396422e-01 -2.862816e-01
      vertex -5.086235e-01 6.816412e-01 -5.746416e-01
      vertex -5.081315e-01 9.628212e-01 -5.691316e-01
    endloop
  endfacet
  facet normal 1.532827e-01 1.401965e-01 9.781868e-01
    outer loop
      vertex 1.731255e-01 -1.205429e+00 -1.036316e-01
      vertex -4.733652e-02 -1.461258e+00 -3.242163e-02
      vertex -2.418352e-02 -1.215089e+00 -7.133163e-02
    endloop
  endfacet
  facet normal -1.361486e-01 9.876254e-01 7.784371e-02
    outer loop
      vertex -5.112855e-01 -1.497552e+00 -6.629163e-02
      vertex -4.742325e-01 -1.471185e+00 -3.360116e-01
      vertex -3.701595e-01 -1.476575e+00 -8.559163e-02
    endloop
  endfacet
  facet normal -9.955546e-01 -5.481055e-06 -9.418595e-02
    outer loop
      vertex 5.557815e-01 -2.879458e-01 -5.749716e-01
      vertex 5.535125e-01 -4.710068e-01 -5.509716e-01
      vertex 5.555705e-01 -5.947863e-01 -5.727216e-01
    endloop
  endfacet
  facet normal 9.955546e-01 5.481055e-06 9.418595e-02
    outer loop
      vertex 5.557815e-01 -2.879458e-01 -5.749716e-01
      vertex 5.555705e-01 -5.947863e-01 -5.727216e-01
      vertex 5.535125e-01 -4.710068e-01 -5.509716e-01
    endloop
  endfacet
  facet normal 9.911309e-01 -4.658677e-05 -1.328884e-01
    outer loop
      vertex 5.513915e-01 -5.963988e-01 -6.746316e-01
      vertex 5.515425e-01 -4.708508e-01 -6.735516e-01
      vertex 5.514125e-01 -2.806098e-01 -6.745916e-01
    endloop
  endfacet
  facet normal -9.911309e-01 4.658677e-05 1.328884e-01
    outer loop
      vertex 5.513915e-01 -5.963988e-01 -6.746316e-01
      vertex 5.514125e-01 -2.806098e-01 -6.745916e-01
      vertex 5.515425e-01 -4.708508e-01 -6.735516e-01
    endloop
  endfacet
  facet normal 1.366011e-02 -9.999066e-01 -3.826230e-04
    outer loop
      vertex 8.755748e-02 -1.502649e+00 1.130108e+00
      vertex 9.281848e-02 -1.502649e+00 1.317908e+00
      vertex 4.163655e-01 -1.498160e+00 1.137778e+00
    endloop
  endfacet
  facet normal 1.463431e-01 9.754714e-01 1.644359e-01
    outer loop
      vertex 5.247685e-01 1.489995e+00 -5.410916e-01
      vertex 4.603375e-01 1.459628e+00 -3.036116e-01
      vertex 4.094635e-01 1.506391e+00 -5.357416e-01
    endloop
  endfacet
  facet normal -6.790451e-01 -2.954087e-02 7.335019e-01
    outer loop
      vertex -2.307895e-01 -1.207850e+00 -1.380116e-01
      vertex -4.088005e-01 -1.209932e+00 -3.028916e-01
      vertex -3.898835e-01 -9.582470e-01 -2.752416e-01
    endloop
  endfacet
  facet normal -9.287235e-01 -2.993049e-04 3.707728e-01
    outer loop
      vertex -3.930725e-01 2.939062e-01 -2.795416e-01
      vertex -3.928635e-01 -4.463809e-03 -2.792616e-01
      vertex -5.080235e-01 -8.640809e-03 -5.677216e-01
    endloop
  endfacet
  facet normal -5.938421e-01 7.930338e-01 -1.358272e-01
    outer loop
      vertex -4.260005e-01 -1.492649e+00 1.589488e+00
      vertex -4.822255e-01 -1.492649e+00 1.835308e+00
      vertex -5.113525e-01 -1.497692e+00 1.933208e+00
    endloop
  endfacet
  facet normal 5.938421e-01 -7.930338e-01 1.358272e-01
    outer loop
      vertex -4.260005e-01 -1.492649e+00 1.589488e+00
      vertex -5.113525e-01 -1.497692e+00 1.933208e+00
      vertex -4.822255e-01 -1.492649e+00 1.835308e+00
    endloop
  endfacet
  facet normal 8.774815e-01 -2.721361e-05 4.796104e-01
    outer loop
      vertex -4.322175e-01 2.767782e-01 -8.712416e-01
      vertex -4.407145e-01 4.689722e-01 -8.556816e-01
      vertex -4.379095e-01 6.682122e-01 -8.608016e-01
    endloop
  endfacet
  facet normal -8.774815e-01 2.721361e-05 -4.796104e-01
    outer loop
      vertex -4.322175e-01 2.767782e-01 -8.712416e-01
      vertex -4.379095e-01 6.682122e-01 -8.608016e-01
      vertex -4.407145e-01 4.689722e-01 -8.556816e-01
    endloop
  endfacet
  facet normal 3.137573e-02 9.995074e-01 -5.808217e-04
    outer loop
      vertex 4.014195e-01 1.503824e+00 1.113788e+00
      vertex 3.718395e-01 1.504863e+00 1.303488e+00
      vertex 4.050115e-01 1.503582e+00 8.918284e-01
    endloop
  endfacet
  facet normal -3.137573e-02 -9.995074e-01 5.808217e-04
    outer loop
      vertex 4.014195e-01 1.503824e+00 1.113788e+00
      vertex 4.050115e-01 1.503582e+00 8.918284e-01
      vertex 3.718395e-01 1.504863e+00 1.303488e+00
    endloop
  endfacet
  facet normal -8.540505e-01 -4.635044e-01 2.361380e-01
    outer loop
      vertex -1.470135e-01 -6.429860e-01 -1.093016e-01
      vertex -3.946165e-01 -2.745188e-01 -2.815716e-01
      vertex -2.557885e-01 -4.641528e-01 -1.516916e-01
    endloop
  endfacet
  facet normal -3.593323e-02 9.993514e-01 -2.353633e-03
    outer loop
      vertex -3.607715e-01 -1.492649e+00 3.965584e-01
      vertex -3.740805e-01 -1.492649e+00 5.997584e-01
      vertex -5.112915e-01 -1.497561e+00 6.089584e-01
    endloop
  endfacet
  facet normal -9.992747e-01 2.491535e-03 -3.799767e-02
    outer loop
      vertex -5.041535e-01 9.568782e-01 -6.741416e-01
      vertex -5.081315e-01 9.628212e-01 -5.691316e-01
      vertex -5.086235e-01 6.816412e-01 -5.746416e-01
    endloop
  endfacet
  facet normal -8.129789e-01 -1.779837e-05 5.822931e-01
    outer loop
      vertex -3.979055e-01 6.396422e-01 -2.862816e-01
      vertex -3.831195e-01 4.684062e-01 -2.656416e-01
      vertex -3.930725e-01 2.939062e-01 -2.795416e-01
    endloop
  endfacet
  facet normal 8.129789e-01 1.779837e-05 -5.822931e-01
    outer loop
      vertex -3.979055e-01 6.396422e-01 -2.862816e-01
      vertex -3.930725e-01 2.939062e-01 -2.795416e-01
      vertex -3.831195e-01 4.684062e-01 -2.656416e-01
    endloop
  endfacet
  facet normal 0.000000e+00 -1.000000e+00 0.000000e+00
    outer loop
      vertex 4.272295e-01 -1.502649e+00 -5.231616e-01
      vertex 5.583515e-01 -1.502649e+00 -6.013416e-01
      vertex 5.302225e-01 -1.502649e+00 -6.779916e-01
    endloop
  endfacet
  facet normal -1.008298e-02 -9.999491e-01 7.951105e-05
    outer loop
      vertex 3.838825e-01 1.504410e+00 2.189384e-01
      vertex 8.989148e-02 1.507351e+00 -6.835163e-02
      vertex 9.222248e-02 1.507351e+00 2.242784e-01
    endloop
  endfacet
  facet normal 1.008298e-02 9.999491e-01 -7.951105e-05
    outer loop
      vertex 3.838825e-01 1.504410e+00 2.189384e-01
      vertex 9.222248e-02 1.507351e+00 2.242784e-01
      vertex 8.989148e-02 1.507351e+00 -6.835163e-02
    endloop
  endfacet
  facet normal 9.463865e-01 2.692146e-04 -3.230364e-01
    outer loop
      vertex 4.898815e-01 6.555502e-01 -8.548016e-01
      vertex 5.514555e-01 6.830132e-01 -6.743916e-01
      vertex 5.514585e-01 9.550722e-01 -6.741516e-01
    endloop
  endfacet
  facet normal 9.998024e-01 1.987401e-02 -1.793112e-05
    outer loop
      vertex -5.113535e-01 1.505556e+00 -5.314016e-01
      vertex -5.113325e-01 1.504336e+00 -7.411116e-01
      vertex -5.112885e-01 1.502454e+00 -3.271016e-01
    endloop
  endfacet
  facet normal -9.998024e-01 -1.987401e-02 1.793112e-05
    outer loop
      vertex -5.113535e-01 1.505556e+00 -5.314016e-01
      vertex -5.112885e-01 1.502454e+00 -3.271016e-01
      vertex -5.113325e-01 1.504336e+00 -7.411116e-01
    endloop
  endfacet
  facet normal -8.225167e-07 1.000000e+00 -1.637441e-06
    outer loop
      vertex -4.259652e-02 1.507351e+00 1.558208e+00
      vertex -3.521455e-01 1.507350e+00 1.568098e+00
      vertex -3.667315e-01 1.507350e+00 1.284218e+00
    endloop
  endfacet
  facet normal -9.949239e-01 1.006292e-01 4.882053e-04
    outer loop
      vertex -5.113535e-01 -1.500854e+00 -5.314016e-01
      vertex -5.113325e-01 -1.499634e+00 -7.411016e-01
      vertex -5.097485e-01 -1.484279e+00 -6.768716e-01
    endloop
  endfacet
  facet normal -5.875393e-02 9.982696e-01 -2.412456e-03
    outer loop
      vertex 3.013655e-01 1.497351e+00 8.376684e-01
      vertex 3.121505e-01 1.497351e+00 5.749984e-01
      vertex 4.050115e-01 1.503582e+00 8.918284e-01
    endloop
  endfacet
  facet normal 5.875393e-02 -9.982696e-01 2.412456e-03
    outer loop
      vertex 3.013655e-01 1.497351e+00 8.376684e-01
      vertex 4.050115e-01 1.503582e+00 8.918284e-01
      vertex 3.121505e-01 1.497351e+00 5.749984e-01
    endloop
  endfacet
  facet normal 2.495353e-06 9.976842e-01 6.801771e-02
    outer loop
      vertex -2.494715e-01 -1.492649e+00 1.849868e+00
      vertex -4.113852e-02 -1.492649e+00 1.849868e+00
      vertex -3.417845e-01 -1.498330e+00 1.933208e+00
    endloop
  endfacet
  facet normal -9.287355e-01 2.856300e-03 3.707319e-01
    outer loop
      vertex -3.946165e-01 -2.745188e-01 -2.815716e-01
      vertex -5.080235e-01 -8.640809e-03 -5.677216e-01
      vertex -3.928635e-01 -4.463809e-03 -2.792616e-01
    endloop
  endfacet
  facet normal -5.234464e-01 -8.503018e-01 5.468668e-02
    outer loop
      vertex 3.872855e-01 1.497351e+00 1.334538e+00
      vertex 3.718395e-01 1.504863e+00 1.303488e+00
      vertex 4.006845e-01 1.504412e+00 1.572578e+00
    endloop
  endfacet
  facet normal 5.234464e-01 8.503018e-01 -5.468668e-02
    outer loop
      vertex 3.872855e-01 1.497351e+00 1.334538e+00
      vertex 4.006845e-01 1.504412e+00 1.572578e+00
      vertex 3.718395e-01 1.504863e+00 1.303488e+00
    endloop
  endfacet
  facet normal 7.295311e-01 -4.087529e-02 -6.827251e-01
    outer loop
      vertex 3.303605e-01 -1.213847e+00 -1.030342e+00
      vertex 4.830595e-01 -1.220509e+00 -8.667716e-01
      vertex 3.703365e-01 -9.787394e-01 -1.001702e+00
    endloop
  endfacet
  facet normal -3.741180e-01 4.266434e-03 -9.273713e-01
    outer loop
      vertex -5.902519e-03 7.005572e-01 -1.133962e+00
      vertex -3.091145e-01 6.725662e-01 -1.011772e+00
      vertex -9.625519e-03 4.603142e-01 -1.133562e+00
    endloop
  endfacet
  facet normal -9.350770e-01 -1.325409e-01 -3.287308e-01
    outer loop
      vertex -4.356855e-01 1.203384e+00 -8.649016e-01
      vertex -4.740325e-01 1.490989e+00 -8.717816e-01
      vertex -5.041095e-01 1.214068e+00 -6.745816e-01
    endloop
  endfacet
  facet normal -8.422592e-01 -3.445160e-03 -5.390618e-01
    outer loop
      vertex 4.507555e-01 2.848412e-01 -2.935416e-01
      vertex 4.443875e-01 6.204822e-01 -2.857316e-01
      vertex 4.369865e-01 4.683722e-01 -2.732016e-01
    endloop
  endfacet
  facet normal 8.422592e-01 3.445160e-03 5.390618e-01
    outer loop
      vertex 4.507555e-01 2.848412e-01 -2.935416e-01
      vertex 4.369865e-01 4.683722e-01 -2.732016e-01
      vertex 4.443875e-01 6.204822e-01 -2.857316e-01
    endloop
  endfacet
  facet normal -1.389494e-03 -9.999986e-01 -9.242825e-04
    outer loop
      vertex 4.272295e-01 -1.502649e+00 -5.231616e-01
      vertex 5.302225e-01 -1.502649e+00 -6.779916e-01
      vertex 3.920265e-01 -1.502329e+00 -8.167816e-01
    endloop
  endfacet
  facet normal 9.257138e-01 5.392296e-03 3.781862e-01
    outer loop
      vertex 4.419595e-01 -2.816138e-01 -2.806116e-01
      vertex 5.535125e-01 -4.710068e-01 -5.509716e-01
      vertex 4.456115e-01 -6.564750e-01 -2.842016e-01
    endloop
  endfacet
  facet normal -9.989934e-01 3.685630e-04 -4.485708e-02
    outer loop
      vertex -5.041435e-01 6.857282e-01 -6.743916e-01
      vertex -5.086235e-01 6.816412e-01 -5.746416e-01
      vertex -5.042605e-01 4.689932e-01 -6.735616e-01
    endloop
  endfacet
  facet normal -6.870394e-01 2.735904e-02 7.261049e-01
    outer loop
      vertex 2.865125e-01 1.497351e+00 1.849868e+00
      vertex 1.956325e-01 1.497351e+00 1.763878e+00
      vertex 3.748045e-01 1.502795e+00 1.933208e+00
    endloop
  endfacet
  facet normal -3.865770e-02 9.992413e-01 4.731569e-03
    outer loop
      vertex -5.112855e-01 -1.497547e+00 2.012184e-01
      vertex -3.840295e-01 -1.492649e+00 2.065284e-01
      vertex -3.607715e-01 -1.492649e+00 3.965584e-01
    endloop
  endfacet
  facet normal 4.236065e-10 1.000000e+00 -5.799712e-09
    outer loop
      vertex 1.434665e-01 -1.492649e+00 1.542188e+00
      vertex -4.113852e-02 -1.492649e+00 1.849868e+00
      vertex -1.230015e-01 -1.492649e+00 1.522728e+00
    endloop
  endfacet
  facet normal 8.697839e-01 6.113007e-06 -4.934327e-01
    outer loop
      vertex 4.898815e-01 6.555502e-01 -8.548016e-01
      vertex 4.792975e-01 9.290142e-01 -8.734516e-01
      vertex 4.813955e-01 4.683022e-01 -8.697616e-01
    endloop
  endfacet
  facet normal -8.697839e-01 -6.113007e-06 4.934327e-01
    outer loop
      vertex 4.898815e-01 6.555502e-01 -8.548016e-01
      vertex 4.813955e-01 4.683022e-01 -8.697616e-01
      vertex 4.792975e-01 9.290142e-01 -8.734516e-01
    endloop
  endfacet
  facet normal 0.000000e+00 -1.000000e+00 0.000000e+00
    outer loop
      vertex 1.869185e-01 -1.502649e+00 -3.204616e-01
      vertex 9.465248e-02 -1.502649e+00 -5.283016e-01
      vertex -5.534552e-02 -1.502649e+00 -5.419616e-01
    endloop
  endfacet
  facet normal -3.818869e-02 -9.281062e-01 3.703518e-01
    outer loop
      vertex -5.092452e-02 1.493044e+00 -1.108772e+00
      vertex 9.247548e-02 1.505720e+00 -1.062222e+00
      vertex 8.576848e-02 1.490458e+00 -1.101162e+00
    endloop
  endfacet
  facet normal 3.818869e-02 9.281062e-01 -3.703518e-01
    outer loop
      vertex -5.092452e-02 1.493044e+00 -1.108772e+00
      vertex 8.576848e-02 1.490458e+00 -1.101162e+00
      vertex 9.247548e-02 1.505720e+00 -1.062222e+00
    endloop
  endfacet
  facet normal -6.168677e-01 4.146323e-02 7.859740e-01
    outer loop
      vertex -3.979055e-01 6.396422e-01 -2.862816e-01
      vertex -2.374245e-01 2.852912e-01 -1.416316e-01
      vertex -3.831195e-01 4.684062e-01 -2.656416e-01
    endloop
  endfacet
  facet normal -2.680937e-02 9.996405e-01 -3.795376e-04
    outer loop
      vertex -3.284245e-01 1.507350e+00 -3.508416e-01
      vertex -3.320645e-01 1.507352e+00 -8.809163e-02
      vertex -5.112885e-01 1.502454e+00 -3.271016e-01
    endloop
  endfacet
  facet normal -0.000000e+00 -1.000000e+00 0.000000e+00
    outer loop
      vertex 3.013655e-01 1.497351e+00 8.376684e-01
      vertex 9.705348e-02 1.497351e+00 5.730484e-01
      vertex 8.537348e-02 1.497351e+00 8.707084e-01
    endloop
  endfacet
  facet normal 8.028758e-03 9.999660e-01 -1.920597e-03
    outer loop
      vertex 9.698648e-02 1.507351e+00 1.833208e+00
      vertex 4.006845e-01 1.504412e+00 1.572578e+00
      vertex 4.198005e-01 1.504790e+00 1.849118e+00
    endloop
  endfacet
  facet normal 9.324540e-01 -1.641498e-02 3.609156e-01
    outer loop
      vertex 4.419595e-01 -2.816138e-01 -2.806116e-01
      vertex 5.541645e-01 -3.902809e-03 -5.578716e-01
      vertex 5.557815e-01 -2.879458e-01 -5.749716e-01
    endloop
  endfacet
  facet normal 0.000000e+00 1.000000e+00 0.000000e+00
    outer loop
      vertex 3.013655e-01 1.497351e+00 8.376684e-01
      vertex 9.705348e-02 1.497351e+00 5.730484e-01
      vertex 3.121505e-01 1.497351e+00 5.749984e-01
    endloop
  endfacet
  facet normal 0.000000e+00 -1.000000e+00 -0.000000e+00
    outer loop
      vertex 3.013655e-01 1.497351e+00 8.376684e-01
      vertex 3.121505e-01 1.497351e+00 5.749984e-01
      vertex 9.705348e-02 1.497351e+00 5.730484e-01
    endloop
  endfacet
  facet normal -6.986588e-03 9.989569e-01 4.512553e-02
    outer loop
      vertex -5.113535e-01 1.501946e+00 1.933208e+00
      vertex -3.314325e-01 1.507351e+00 1.841418e+00
      vertex -3.516095e-01 1.503063e+00 1.933208e+00
    endloop
  endfacet
  facet normal 1.421336e-02 9.301093e-01 -3.670076e-01
    outer loop
      vertex 8.576848e-02 1.490458e+00 -1.101162e+00
      vertex 3.952695e-01 1.503767e+00 -1.055452e+00
      vertex 9.247548e-02 1.505720e+00 -1.062222e+00
    endloop
  endfacet
  facet normal 9.369369e-01 1.139008e-02 3.493131e-01
    outer loop
      vertex 4.534165e-01 1.210969e+00 -2.966816e-01
      vertex 5.553165e-01 1.210934e+00 -5.699916e-01
      vertex 5.542865e-01 9.614962e-01 -5.591016e-01
    endloop
  endfacet
  facet normal -7.369672e-01 -2.465223e-02 6.754788e-01
    outer loop
      vertex 4.714395e-01 -6.497608e-01 -8.873016e-01
      vertex 3.570565e-01 -6.585154e-01 -1.012422e+00
      vertex 4.814625e-01 -4.658698e-01 -8.696516e-01
    endloop
  endfacet
  facet normal 7.369672e-01 2.465223e-02 -6.754788e-01
    outer loop
      vertex 4.714395e-01 -6.497608e-01 -8.873016e-01
      vertex 4.814625e-01 -4.658698e-01 -8.696516e-01
      vertex 3.570565e-01 -6.585154e-01 -1.012422e+00
    endloop
  endfacet
  facet normal 8.743194e-03 9.999615e-01 7.372948e-04
    outer loop
      vertex 9.028848e-02 1.507351e+00 1.267368e+00
      vertex 3.718395e-01 1.504863e+00 1.303488e+00
      vertex 4.006845e-01 1.504412e+00 1.572578e+00
    endloop
  endfacet
  facet normal -8.743194e-03 -9.999615e-01 -7.372948e-04
    outer loop
      vertex 9.028848e-02 1.507351e+00 1.267368e+00
      vertex 4.006845e-01 1.504412e+00 1.572578e+00
      vertex 3.718395e-01 1.504863e+00 1.303488e+00
    endloop
  endfacet
  facet normal -1.780462e-06 1.000000e+00 1.311522e-06
    outer loop
      vertex -3.262015e-01 1.507350e+00 4.000484e-01
      vertex -4.831052e-02 1.507351e+00 5.955184e-01
      vertex -3.213535e-01 1.507350e+00 5.884184e-01
    endloop
  endfacet
  facet normal -3.488884e-06 1.000000e+00 3.692290e-08
    outer loop
      vertex -4.259652e-02 1.507351e+00 1.558208e+00
      vertex 9.388748e-02 1.507351e+00 1.540338e+00
      vertex 9.698648e-02 1.507351e+00 1.833208e+00
    endloop
  endfacet
  facet normal -9.990463e-01 9.842857e-05 -4.366494e-02
    outer loop
      vertex -5.041535e-01 9.568782e-01 -6.741416e-01
      vertex -5.041095e-01 1.214068e+00 -6.745816e-01
      vertex -5.085195e-01 1.217557e+00 -5.736616e-01
    endloop
  endfacet
  facet normal -9.991462e-01 3.676601e-03 4.115107e-02
    outer loop
      vertex 5.556175e-01 -1.148489e+00 -5.733216e-01
      vertex 5.549485e-01 -1.408899e+00 -5.662916e-01
      vertex 5.514625e-01 -1.148184e+00 -6.742116e-01
    endloop
  endfacet
  facet normal 9.991462e-01 -3.676601e-03 -4.115107e-02
    outer loop
      vertex 5.556175e-01 -1.148489e+00 -5.733216e-01
      vertex 5.514625e-01 -1.148184e+00 -6.742116e-01
      vertex 5.549485e-01 -1.408899e+00 -5.662916e-01
    endloop
  endfacet
  facet normal -1.315501e-02 -9.999133e-01 5.069126e-04
    outer loop
      vertex 3.838825e-01 1.504410e+00 2.189384e-01
      vertex 1.674515e-01 1.507350e+00 4.019584e-01
      vertex 3.716725e-01 1.504759e+00 5.915284e-01
    endloop
  endfacet
  facet normal 1.315501e-02 9.999133e-01 -5.069126e-04
    outer loop
      vertex 3.838825e-01 1.504410e+00 2.189384e-01
      vertex 3.716725e-01 1.504759e+00 5.915284e-01
      vertex 1.674515e-01 1.507350e+00 4.019584e-01
    endloop
  endfacet
  facet normal 9.592439e-03 9.999540e-01 -1.264606e-04
    outer loop
      vertex 9.028848e-02 1.507351e+00 1.267368e+00
      vertex 4.006845e-01 1.504412e+00 1.572578e+00
      vertex 9.388748e-02 1.507351e+00 1.540338e+00
    endloop
  endfacet
  facet normal 7.718600e-01 5.063400e-03 -6.357723e-01
    outer loop
      vertex 4.874155e-01 -9.237539e-01 -8.591216e-01
      vertex 3.703365e-01 -9.787394e-01 -1.001702e+00
      vertex 4.830595e-01 -1.220509e+00 -8.667716e-01
    endloop
  endfacet
  facet normal -5.944590e-07 1.000000e+00 3.029201e-08
    outer loop
      vertex 1.189255e-01 -1.492649e+00 2.017384e-01
      vertex 3.044125e-01 -1.492649e+00 3.983684e-01
      vertex 1.312245e-01 -1.492649e+00 3.816084e-01
    endloop
  endfacet
  facet normal -7.764740e-01 1.665957e-02 -6.299291e-01
    outer loop
      vertex -4.322175e-01 2.767782e-01 -8.712416e-01
      vertex -3.189195e-01 4.691642e-01 -1.005812e+00
      vertex -4.407145e-01 4.689722e-01 -8.556816e-01
    endloop
  endfacet
  facet normal -9.711699e-03 9.999358e-01 -5.821510e-03
    outer loop
      vertex -3.231065e-01 1.507350e+00 -5.373616e-01
      vertex -5.113535e-01 1.505556e+00 -5.314016e-01
      vertex -5.113325e-01 1.504336e+00 -7.411116e-01
    endloop
  endfacet
  facet normal -7.470305e-01 -6.648710e-03 -6.647565e-01
    outer loop
      vertex -4.328355e-01 -2.887598e-01 -8.700716e-01
      vertex -3.022885e-01 -2.787088e-01 -1.016882e+00
      vertex -3.085615e-01 -1.405481e-02 -1.012482e+00
    endloop
  endfacet
  facet normal -7.384632e-01 -6.594962e-03 6.742616e-01
    outer loop
      vertex 4.831255e-01 -3.270809e-03 -8.667216e-01
      vertex 4.790105e-01 -2.804398e-01 -8.739416e-01
      vertex 3.470595e-01 -2.813308e-01 -1.018472e+00
    endloop
  endfacet
  facet normal 7.384632e-01 6.594962e-03 -6.742616e-01
    outer loop
      vertex 4.831255e-01 -3.270809e-03 -8.667216e-01
      vertex 3.470595e-01 -2.813308e-01 -1.018472e+00
      vertex 4.790105e-01 -2.804398e-01 -8.739416e-01
    endloop
  endfacet
  facet normal 4.243164e-03 2.496716e-03 -9.999878e-01
    outer loop
      vertex -1.332552e-02 6.598191e-03 -1.133232e+00
      vertex 5.579948e-02 -2.881118e-01 -1.133672e+00
      vertex 6.390548e-02 9.797191e-03 -1.132892e+00
    endloop
  endfacet
  facet normal 4.130560e-08 1.000000e+00 4.395483e-08
    outer loop
      vertex -3.840295e-01 -1.492649e+00 2.065284e-01
      vertex -3.607715e-01 -1.492649e+00 3.965584e-01
      vertex -3.740805e-01 -1.492649e+00 5.997584e-01
    endloop
  endfacet
  facet normal -4.130560e-08 -1.000000e+00 -4.395483e-08
    outer loop
      vertex -3.840295e-01 -1.492649e+00 2.065284e-01
      vertex -3.740805e-01 -1.492649e+00 5.997584e-01
      vertex -3.607715e-01 -1.492649e+00 3.965584e-01
    endloop
  endfacet
  facet normal -9.419829e-01 8.803097e-04 -3.356597e-01
    outer loop
      vertex -5.041535e-01 9.568782e-01 -6.741416e-01
      vertex -4.379095e-01 6.682122e-01 -8.608016e-01
      vertex -4.370595e-01 9.757962e-01 -8.623816e-01
    endloop
  endfacet
  facet normal 0.000000e+00 -1.000000e+00 -0.000000e+00
    outer loop
      vertex -3.644205e-01 1.497351e+00 1.126988e+00
      vertex -3.962652e-02 1.497351e+00 8.707084e-01
      vertex -3.756915e-01 1.497351e+00 8.645284e-01
    endloop
  endfacet
  facet normal -3.355485e-01 9.420151e-01 3.826487e-03
    outer loop
      vertex -5.113355e-01 -1.498585e+00 -9.995216e-01
      vertex -4.749605e-01 -1.486162e+00 -8.681916e-01
      vertex -5.113325e-01 -1.499634e+00 -7.411016e-01
    endloop
  endfacet
  facet normal 2.468982e-06 1.000000e+00 -6.926523e-06
    outer loop
      vertex -3.782452e-02 1.507351e+00 8.615884e-01
      vertex -3.367675e-01 1.507352e+00 8.582984e-01
      vertex -3.213535e-01 1.507350e+00 5.884184e-01
    endloop
  endfacet
  facet normal -2.468982e-06 -1.000000e+00 6.926523e-06
    outer loop
      vertex -3.782452e-02 1.507351e+00 8.615884e-01
      vertex -3.213535e-01 1.507350e+00 5.884184e-01
      vertex -3.367675e-01 1.507352e+00 8.582984e-01
    endloop
  endfacet
  facet normal 1.590292e-07 1.000000e+00 -4.548857e-08
    outer loop
      vertex -4.260005e-01 -1.492649e+00 1.589488e+00
      vertex -1.230015e-01 -1.492649e+00 1.522728e+00
      vertex -4.113852e-02 -1.492649e+00 1.849868e+00
    endloop
  endfacet
  facet normal 7.379282e-01 2.451108e-03 -6.748748e-01
    outer loop
      vertex 4.806385e-01 1.208418e+00 -8.710616e-01
      vertex 3.433685e-01 1.209109e+00 -1.021152e+00
      vertex 3.456265e-01 9.660182e-01 -1.019562e+00
    endloop
  endfacet
  facet normal 9.323644e-01 3.560995e-02 3.597618e-01
    outer loop
      vertex 4.419595e-01 -2.816138e-01 -2.806116e-01
      vertex 5.557815e-01 -2.879458e-01 -5.749716e-01
      vertex 5.535125e-01 -4.710068e-01 -5.509716e-01
    endloop
  endfacet
  facet normal 9.353721e-01 -4.102055e-02 3.512781e-01
    outer loop
      vertex 4.507555e-01 2.848412e-01 -2.935416e-01
      vertex 5.528905e-01 4.656632e-01 -5.443816e-01
      vertex 5.556185e-01 2.811012e-01 -5.732016e-01
    endloop
  endfacet
  facet normal -3.130431e-01 -6.711533e-04 9.497387e-01
    outer loop
      vertex -2.422552e-02 -2.846038e-01 -7.131163e-02
      vertex -2.383852e-02 -4.649778e-01 -7.131163e-02
      vertex -2.372305e-01 -2.805458e-01 -1.415216e-01
    endloop
  endfacet
  facet normal -3.790594e-01 6.745227e-03 -9.253477e-01
    outer loop
      vertex -2.889565e-01 -1.210365e+00 -1.025992e+00
      vertex -2.464552e-02 -9.084201e-01 -1.132062e+00
      vertex -2.962375e-01 -9.434185e-01 -1.021062e+00
    endloop
  endfacet
  facet normal 7.464078e-01 2.072073e-02 6.651663e-01
    outer loop
      vertex -4.328355e-01 -2.887598e-01 -8.700716e-01
      vertex -3.022885e-01 -2.787088e-01 -1.016882e+00
      vertex -4.405365e-01 -4.644308e-01 -8.559616e-01
    endloop
  endfacet
  facet normal -7.464078e-01 -2.072073e-02 -6.651663e-01
    outer loop
      vertex -4.328355e-01 -2.887598e-01 -8.700716e-01
      vertex -4.405365e-01 -4.644308e-01 -8.559616e-01
      vertex -3.022885e-01 -2.787088e-01 -1.016882e+00
    endloop
  endfacet
  facet normal 6.104492e-02 9.981326e-01 2.178503e-03
    outer loop
      vertex -5.113055e-01 1.502612e+00 1.569488e+00
      vertex -4.166925e-01 1.497351e+00 1.328728e+00
      vertex -4.259995e-01 1.497351e+00 1.589508e+00
    endloop
  endfacet
  facet normal -6.104492e-02 -9.981326e-01 -2.178503e-03
    outer loop
      vertex -5.113055e-01 1.502612e+00 1.569488e+00
      vertex -4.259995e-01 1.497351e+00 1.589508e+00
      vertex -4.166925e-01 1.497351e+00 1.328728e+00
    endloop
  endfacet
  facet normal -7.468957e-01 -1.468109e-02 -6.647791e-01
    outer loop
      vertex -4.326765e-01 -6.801191e-01 -8.704316e-01
      vertex -4.412295e-01 -9.569982e-01 -8.547116e-01
      vertex -2.999565e-01 -6.561757e-01 -1.020082e+00
    endloop
  endfacet
  facet normal 9.399236e-01 4.532763e-03 -3.413547e-01
    outer loop
      vertex 5.514125e-01 -2.806098e-01 -6.745916e-01
      vertex 4.790105e-01 -2.804398e-01 -8.739416e-01
      vertex 4.814625e-01 -4.658698e-01 -8.696516e-01
    endloop
  endfacet
  facet normal 6.318867e-04 -9.932989e-01 1.155722e-01
    outer loop
      vertex -3.840295e-01 1.497351e+00 2.065384e-01
      vertex -7.285152e-02 1.497351e+00 2.048384e-01
      vertex -4.576552e-02 1.470553e+00 -2.563163e-02
    endloop
  endfacet
  facet normal -7.401645e-01 1.779599e-02 -6.721902e-01
    outer loop
      vertex -4.356855e-01 1.203384e+00 -8.649016e-01
      vertex -3.054405e-01 9.644552e-01 -1.014642e+00
      vertex -2.892775e-01 1.213939e+00 -1.025842e+00
    endloop
  endfacet
  facet normal 9.135083e-01 -6.829084e-02 -4.010473e-01
    outer loop
      vertex 5.553165e-01 1.210934e+00 -5.699916e-01
      vertex 5.583225e-01 1.440533e+00 -6.022416e-01
      vertex 5.291535e-01 1.493118e+00 -6.776416e-01
    endloop
  endfacet
  facet normal -4.375105e-07 -1.000000e+00 -6.990677e-08
    outer loop
      vertex -6.572252e-02 -1.492649e+00 3.751684e-01
      vertex -3.607715e-01 -1.492649e+00 3.965584e-01
      vertex -3.740805e-01 -1.492649e+00 5.997584e-01
    endloop
  endfacet
  facet normal 4.375105e-07 1.000000e+00 6.990677e-08
    outer loop
      vertex -6.572252e-02 -1.492649e+00 3.751684e-01
      vertex -3.740805e-01 -1.492649e+00 5.997584e-01
      vertex -3.607715e-01 -1.492649e+00 3.965584e-01
    endloop
  endfacet
  facet normal 1.311909e-02 -9.999130e-01 -1.354526e-03
    outer loop
      vertex 9.281848e-02 -1.502649e+00 1.317908e+00
      vertex 4.102185e-01 -1.498488e+00 1.320548e+00
      vertex 4.163655e-01 -1.498160e+00 1.137778e+00
    endloop
  endfacet
  facet normal 3.580355e-09 1.000000e+00 9.931632e-09
    outer loop
      vertex -1.230015e-01 -1.492649e+00 1.522728e+00
      vertex -1.117455e-01 -1.492649e+00 1.331118e+00
      vertex 1.470205e-01 -1.492649e+00 1.331608e+00
    endloop
  endfacet
  facet normal 9.983460e-01 4.804473e-02 -3.157355e-02
    outer loop
      vertex 5.549485e-01 -1.408899e+00 -5.662916e-01
      vertex 5.515585e-01 -1.408899e+00 -6.734916e-01
      vertex 5.583515e-01 -1.502649e+00 -6.013416e-01
    endloop
  endfacet
  facet normal 8.594581e-01 3.128497e-04 5.112062e-01
    outer loop
      vertex 4.354995e-01 9.014132e-01 -2.709616e-01
      vertex 4.443875e-01 6.204822e-01 -2.857316e-01
      vertex 4.369865e-01 4.683722e-01 -2.732016e-01
    endloop
  endfacet
  facet normal -8.594581e-01 -3.128497e-04 -5.112062e-01
    outer loop
      vertex 4.354995e-01 9.014132e-01 -2.709616e-01
      vertex 4.369865e-01 4.683722e-01 -2.732016e-01
      vertex 4.443875e-01 6.204822e-01 -2.857316e-01
    endloop
  endfacet
  facet normal -2.938697e-01 -6.300462e-04 9.558452e-01
    outer loop
      vertex -2.422552e-02 -2.846038e-01 -7.131163e-02
      vertex -2.383852e-02 -4.649778e-01 -7.131163e-02
      vertex -1.470135e-01 -6.429860e-01 -1.093016e-01
    endloop
  endfacet
  facet normal 2.938697e-01 6.300462e-04 -9.558452e-01
    outer loop
      vertex -2.422552e-02 -2.846038e-01 -7.131163e-02
      vertex -1.470135e-01 -6.429860e-01 -1.093016e-01
      vertex -2.383852e-02 -4.649778e-01 -7.131163e-02
    endloop
  endfacet
  facet normal 9.461444e-02 9.915114e-01 8.918069e-02
    outer loop
      vertex 3.721195e-01 -1.500100e+00 2.175284e-01
      vertex 2.979575e-01 -1.492649e+00 2.133584e-01
      vertex 2.896815e-01 -1.465563e+00 -7.900163e-02
    endloop
  endfacet
  facet normal 0.000000e+00 1.000000e+00 0.000000e+00
    outer loop
      vertex 8.157248e-02 -1.492649e+00 1.115028e+00
      vertex -3.962652e-02 -1.492649e+00 8.707184e-01
      vertex 8.537348e-02 -1.492649e+00 8.707084e-01
    endloop
  endfacet
  facet normal 9.378521e-01 6.964713e-03 3.469655e-01
    outer loop
      vertex 5.556175e-01 -1.148489e+00 -5.733216e-01
      vertex 5.549485e-01 -1.408899e+00 -5.662916e-01
      vertex 4.543285e-01 -1.211758e+00 -2.982716e-01
    endloop
  endfacet
  facet normal 0.000000e+00 -1.000000e+00 0.000000e+00
    outer loop
      vertex -7.285152e-02 1.497351e+00 2.048384e-01
      vertex 1.312245e-01 1.497351e+00 3.816084e-01
      vertex 1.189285e-01 1.497351e+00 2.017384e-01
    endloop
  endfacet
  facet normal -2.876789e-02 -1.086200e-02 -9.995271e-01
    outer loop
      vertex 4.707648e-02 1.162898e+00 -1.134542e+00
      vertex 2.001048e-02 1.419226e+00 -1.136552e+00
      vertex -1.156752e-02 1.210803e+00 -1.133372e+00
    endloop
  endfacet
  facet normal -7.990329e-02 9.942050e-01 -7.191532e-02
    outer loop
      vertex -4.411705e-01 -1.496938e+00 -1.054712e+00
      vertex -4.749605e-01 -1.486162e+00 -8.681916e-01
      vertex -5.113355e-01 -1.498585e+00 -9.995216e-01
    endloop
  endfacet
  facet normal -1.961521e-03 -4.205430e-06 9.999981e-01
    outer loop
      vertex 6.910148e-02 -2.741268e-01 -7.113163e-02
      vertex -2.383852e-02 -4.649778e-01 -7.131163e-02
      vertex -2.422552e-02 -2.846038e-01 -7.131163e-02
    endloop
  endfacet
  facet normal 0.000000e+00 -1.000000e+00 0.000000e+00
    outer loop
      vertex 1.869185e-01 -1.502649e+00 -3.204616e-01
      vertex -5.534552e-02 -1.502649e+00 -5.419616e-01
      vertex -4.359652e-02 -1.502649e+00 -3.370516e-01
    endloop
  endfacet
  facet normal -2.471256e-01 -9.689832e-01 -6.681217e-04
    outer loop
      vertex 4.097635e-01 -1.498541e+00 1.566268e+00
      vertex 4.102185e-01 -1.498488e+00 1.320548e+00
      vertex 3.872855e-01 -1.492649e+00 1.334548e+00
    endloop
  endfacet
  facet normal 2.471256e-01 9.689832e-01 6.681217e-04
    outer loop
      vertex 4.097635e-01 -1.498541e+00 1.566268e+00
      vertex 3.872855e-01 -1.492649e+00 1.334548e+00
      vertex 4.102185e-01 -1.498488e+00 1.320548e+00
    endloop
  endfacet
  facet normal -8.782486e-01 8.074971e-05 -4.782042e-01
    outer loop
      vertex -4.326765e-01 -6.801191e-01 -8.704316e-01
      vertex -4.328355e-01 -2.887598e-01 -8.700716e-01
      vertex -4.405365e-01 -4.644308e-01 -8.559616e-01
    endloop
  endfacet
  facet normal 8.782486e-01 -8.074971e-05 4.782042e-01
    outer loop
      vertex -4.326765e-01 -6.801191e-01 -8.704316e-01
      vertex -4.405365e-01 -4.644308e-01 -8.559616e-01
      vertex -4.328355e-01 -2.887598e-01 -8.700716e-01
    endloop
  endfacet
  facet normal 0.000000e+00 -1.000000e+00 0.000000e+00
    outer loop
      vertex -3.298155e-01 -1.502649e+00 -3.311916e-01
      vertex -1.106375e-01 -1.502649e+00 -6.893163e-02
      vertex -4.359652e-02 -1.502649e+00 -3.370516e-01
    endloop
  endfacet
  facet normal 8.984803e-03 -9.999565e-01 2.477186e-03
    outer loop
      vertex 3.721195e-01 -1.500100e+00 2.175284e-01
      vertex 3.579565e-01 -1.500937e+00 -6.898163e-02
      vertex 9.288348e-02 -1.502649e+00 2.015384e-01
    endloop
  endfacet
  facet normal 0.000000e+00 -1.000000e+00 0.000000e+00
    outer loop
      vertex -3.691952e-02 -1.502649e+00 4.015984e-01
      vertex 1.773495e-01 -1.502649e+00 3.958584e-01
      vertex 9.288348e-02 -1.502649e+00 2.015384e-01
    endloop
  endfacet
  facet normal -9.286993e-01 -1.715595e-02 3.704365e-01
    outer loop
      vertex -3.909695e-01 9.251232e-01 -2.771516e-01
      vertex -5.081315e-01 9.628212e-01 -5.691316e-01
      vertex -4.026115e-01 1.211176e+00 -2.930916e-01
    endloop
  endfacet
  facet normal 0.000000e+00 -1.000000e+00 0.000000e+00
    outer loop
      vertex -4.259652e-02 -1.502649e+00 1.317908e+00
      vertex -4.259652e-02 -1.502649e+00 1.566368e+00
      vertex 9.281848e-02 -1.502649e+00 1.317908e+00
    endloop
  endfacet
  facet normal -5.593120e-01 -8.190233e-01 -1.279485e-01
    outer loop
      vertex -5.113535e-01 1.501946e+00 1.933208e+00
      vertex -4.822255e-01 1.497351e+00 1.835288e+00
      vertex -4.259995e-01 1.497351e+00 1.589508e+00
    endloop
  endfacet
  facet normal 5.593120e-01 8.190233e-01 1.279485e-01
    outer loop
      vertex -5.113535e-01 1.501946e+00 1.933208e+00
      vertex -4.259995e-01 1.497351e+00 1.589508e+00
      vertex -4.822255e-01 1.497351e+00 1.835288e+00
    endloop
  endfacet
  facet normal -8.098443e-01 -5.166687e-01 2.778594e-01
    outer loop
      vertex 3.872855e-01 1.497351e+00 1.334538e+00
      vertex 3.132845e-01 1.497351e+00 1.118858e+00
      vertex 3.718395e-01 1.504863e+00 1.303488e+00
    endloop
  endfacet
  facet normal 8.098443e-01 5.166687e-01 -2.778594e-01
    outer loop
      vertex 3.872855e-01 1.497351e+00 1.334538e+00
      vertex 3.718395e-01 1.504863e+00 1.303488e+00
      vertex 3.132845e-01 1.497351e+00 1.118858e+00
    endloop
  endfacet
  facet normal 2.685570e-07 1.000000e+00 2.549824e-08
    outer loop
      vertex -1.230015e-01 -1.492649e+00 1.522728e+00
      vertex -4.166915e-01 -1.492649e+00 1.328728e+00
      vertex -1.117455e-01 -1.492649e+00 1.331118e+00
    endloop
  endfacet
  facet normal -6.114091e-01 4.447706e-01 6.544907e-01
    outer loop
      vertex -3.701595e-01 -1.476575e+00 -8.559163e-02
      vertex -4.088005e-01 -1.209932e+00 -3.028916e-01
      vertex -2.307895e-01 -1.207850e+00 -1.380116e-01
    endloop
  endfacet
  facet normal 0.000000e+00 1.000000e+00 0.000000e+00
    outer loop
      vertex -3.607725e-01 1.497351e+00 3.965984e-01
      vertex -7.285152e-02 1.497351e+00 2.048384e-01
      vertex -6.572452e-02 1.497351e+00 3.751684e-01
    endloop
  endfacet
  facet normal 0.000000e+00 -1.000000e+00 0.000000e+00
    outer loop
      vertex -3.607725e-01 1.497351e+00 3.965984e-01
      vertex -6.572452e-02 1.497351e+00 3.751684e-01
      vertex -7.285152e-02 1.497351e+00 2.048384e-01
    endloop
  endfacet
  facet normal -0.000000e+00 -1.000000e+00 0.000000e+00
    outer loop
      vertex 9.281848e-02 -1.502649e+00 1.566378e+00
      vertex -4.259652e-02 -1.502649e+00 1.566368e+00
      vertex -4.259652e-02 -1.502649e+00 1.862188e+00
    endloop
  endfacet
  facet normal -6.763628e-01 1.731785e-02 -7.363650e-01
    outer loop
      vertex 4.354995e-01 9.014132e-01 -2.709616e-01
      vertex 2.816515e-01 4.693092e-01 -1.398116e-01
      vertex 4.443875e-01 6.204822e-01 -2.857316e-01
    endloop
  endfacet
  facet normal 6.763628e-01 -1.731785e-02 7.363650e-01
    outer loop
      vertex 4.354995e-01 9.014132e-01 -2.709616e-01
      vertex 4.443875e-01 6.204822e-01 -2.857316e-01
      vertex 2.816515e-01 4.693092e-01 -1.398116e-01
    endloop
  endfacet
  facet normal -9.298303e-01 2.959314e-02 3.667967e-01
    outer loop
      vertex -5.086775e-01 -9.709564e-01 -5.753616e-01
      vertex -3.898835e-01 -9.582470e-01 -2.752416e-01
      vertex -4.088005e-01 -1.209932e+00 -3.028916e-01
    endloop
  endfacet
  facet normal 1.133853e-01 9.931821e-01 -2.707725e-02
    outer loop
      vertex 5.291535e-01 1.493118e+00 -6.776416e-01
      vertex 3.925915e-01 1.506450e+00 -7.605016e-01
      vertex 4.893445e-01 1.492091e+00 -8.820316e-01
    endloop
  endfacet
  facet normal 1.076303e-03 -9.999987e-01 -1.219913e-03
    outer loop
      vertex 1.039645e-01 -1.502649e+00 -8.083716e-01
      vertex 4.272295e-01 -1.502649e+00 -5.231616e-01
      vertex 3.920265e-01 -1.502329e+00 -8.167816e-01
    endloop
  endfacet
  facet normal -9.990159e-01 -2.125565e-04 -4.435074e-02
    outer loop
      vertex -5.041045e-01 -2.690628e-01 -6.745916e-01
      vertex -5.041905e-01 4.748191e-03 -6.739816e-01
      vertex -5.085715e-01 -2.694168e-01 -5.739816e-01
    endloop
  endfacet
  facet normal 8.620052e-02 9.962420e-01 8.438374e-03
    outer loop
      vertex 4.097635e-01 -1.498541e+00 1.566268e+00
      vertex 3.988895e-01 -1.500077e+00 1.858678e+00
      vertex 3.705725e-01 -1.498258e+00 1.933208e+00
    endloop
  endfacet
  facet normal -8.620052e-02 -9.962420e-01 -8.438374e-03
    outer loop
      vertex 4.097635e-01 -1.498541e+00 1.566268e+00
      vertex 3.705725e-01 -1.498258e+00 1.933208e+00
      vertex 3.988895e-01 -1.500077e+00 1.858678e+00
    endloop
  endfacet
  facet normal 1.316077e-02 -9.998950e-01 6.065717e-03
    outer loop
      vertex 3.999465e-01 -1.498618e+00 5.772684e-01
      vertex 1.773495e-01 -1.502649e+00 3.958584e-01
      vertex 9.486648e-02 -1.502649e+00 5.748184e-01
    endloop
  endfacet
  facet normal -3.437625e-02 9.994079e-01 1.428339e-03
    outer loop
      vertex -5.112855e-01 -1.497547e+00 2.012184e-01
      vertex -3.607715e-01 -1.492649e+00 3.965584e-01
      vertex -5.112895e-01 -1.497834e+00 4.022684e-01
    endloop
  endfacet
  facet normal -9.275473e-01 1.058436e-02 3.735557e-01
    outer loop
      vertex -3.909695e-01 9.251232e-01 -2.771516e-01
      vertex -3.979055e-01 6.396422e-01 -2.862816e-01
      vertex -5.081315e-01 9.628212e-01 -5.691316e-01
    endloop
  endfacet
  facet normal -7.780988e-01 2.374451e-02 -6.276931e-01
    outer loop
      vertex -4.326765e-01 -6.801191e-01 -8.704316e-01
      vertex -3.135705e-01 -4.644778e-01 -1.009922e+00
      vertex -3.022885e-01 -2.787088e-01 -1.016882e+00
    endloop
  endfacet
  facet normal 7.780988e-01 -2.374451e-02 6.276931e-01
    outer loop
      vertex -4.326765e-01 -6.801191e-01 -8.704316e-01
      vertex -3.022885e-01 -2.787088e-01 -1.016882e+00
      vertex -3.135705e-01 -4.644778e-01 -1.009922e+00
    endloop
  endfacet
  facet normal 6.750774e-01 -2.432685e-03 7.377430e-01
    outer loop
      vertex 4.534165e-01 1.210969e+00 -2.966816e-01
      vertex 2.801305e-01 9.570092e-01 -1.389516e-01
      vertex 2.823555e-01 1.218385e+00 -1.401216e-01
    endloop
  endfacet
  facet normal -2.486333e-02 -9.905664e-01 1.347589e-01
    outer loop
      vertex 1.189285e-01 1.497351e+00 2.017384e-01
      vertex 9.361648e-02 1.466043e+00 -3.306163e-02
      vertex -4.576552e-02 1.470553e+00 -2.563163e-02
    endloop
  endfacet
  facet normal 1.024600e-04 -9.999937e-01 3.531559e-03
    outer loop
      vertex -1.134655e-01 -1.502267e+00 -1.024442e+00
      vertex 1.927065e-01 -1.502386e+00 -1.067102e+00
      vertex 1.927848e-02 -1.502649e+00 -1.136482e+00
    endloop
  endfacet
  facet normal -1.573959e-02 9.998719e-01 -2.900915e-03
    outer loop
      vertex 3.999465e-01 -1.498618e+00 5.772684e-01
      vertex 1.773495e-01 -1.502649e+00 3.958584e-01
      vertex 3.721195e-01 -1.500100e+00 2.175284e-01
    endloop
  endfacet
  facet normal 1.573959e-02 -9.998719e-01 2.900915e-03
    outer loop
      vertex 3.999465e-01 -1.498618e+00 5.772684e-01
      vertex 3.721195e-01 -1.500100e+00 2.175284e-01
      vertex 1.773495e-01 -1.502649e+00 3.958584e-01
    endloop
  endfacet
  facet normal -6.700848e-01 -7.424041e-03 7.422474e-01
    outer loop
      vertex -2.456185e-01 1.282219e-02 -1.461616e-01
      vertex -2.372305e-01 -2.805458e-01 -1.415216e-01
      vertex -3.928635e-01 -4.463809e-03 -2.792616e-01
    endloop
  endfacet
  facet normal -8.765418e-07 1.000000e+00 4.463497e-06
    outer loop
      vertex -4.969952e-02 1.507350e+00 -3.253216e-01
      vertex -3.217952e-02 1.507351e+00 -5.355416e-01
      vertex 9.180048e-02 1.507351e+00 -5.646116e-01
    endloop
  endfacet
  facet normal -2.950348e-02 -9.995647e-01 -2.916035e-05
    outer loop
      vertex 3.838825e-01 1.504410e+00 2.189384e-01
      vertex 3.716725e-01 1.504759e+00 5.915284e-01
      vertex 4.750045e-01 1.501715e+00 3.990284e-01
    endloop
  endfacet
  facet normal 2.950348e-02 9.995647e-01 2.916035e-05
    outer loop
      vertex 3.838825e-01 1.504410e+00 2.189384e-01
      vertex 4.750045e-01 1.501715e+00 3.990284e-01
      vertex 3.716725e-01 1.504759e+00 5.915284e-01
    endloop
  endfacet
  facet normal -9.401290e-01 -4.361858e-03 3.407908e-01
    outer loop
      vertex -5.086775e-01 -9.709564e-01 -5.753616e-01
      vertex -4.088005e-01 -1.209932e+00 -3.028916e-01
      vertex -5.089705e-01 -1.205997e+00 -5.791716e-01
    endloop
  endfacet
  facet normal 0.000000e+00 -1.000000e+00 0.000000e+00
    outer loop
      vertex -4.282752e-02 -1.502649e+00 1.728284e-01
      vertex 9.288348e-02 -1.502649e+00 2.015384e-01
      vertex 8.942648e-02 -1.502649e+00 -5.796163e-02
    endloop
  endfacet
  facet normal 9.999964e-01 -2.701823e-03 1.511066e-05
    outer loop
      vertex -5.112855e-01 -1.497547e+00 2.012184e-01
      vertex -5.112895e-01 -1.497834e+00 4.022684e-01
      vertex -5.112915e-01 -1.497561e+00 6.089584e-01
    endloop
  endfacet
  facet normal -9.999964e-01 2.701823e-03 -1.511066e-05
    outer loop
      vertex -5.112855e-01 -1.497547e+00 2.012184e-01
      vertex -5.112915e-01 -1.497561e+00 6.089584e-01
      vertex -5.112895e-01 -1.497834e+00 4.022684e-01
    endloop
  endfacet
  facet normal 7.384627e-01 6.645989e-03 -6.742615e-01
    outer loop
      vertex 4.790105e-01 -2.804398e-01 -8.739416e-01
      vertex 3.470595e-01 -2.813308e-01 -1.018472e+00
      vertex 3.514175e-01 -4.652208e-01 -1.015512e+00
    endloop
  endfacet
  facet normal 6.474324e-01 -1.525555e-01 7.466982e-01
    outer loop
      vertex 1.731255e-01 -1.205429e+00 -1.036316e-01
      vertex 2.979705e-01 -8.961428e-01 -1.486916e-01
      vertex 4.434835e-01 -9.397154e-01 -2.837616e-01
    endloop
  endfacet
  facet normal -9.918520e-01 -1.087782e-05 -1.273956e-01
    outer loop
      vertex -5.041045e-01 -2.690628e-01 -6.745916e-01
      vertex -5.042365e-01 -4.642908e-01 -6.735516e-01
      vertex -5.041245e-01 -6.743616e-01 -6.744016e-01
    endloop
  endfacet
  facet normal 9.918520e-01 1.087782e-05 1.273956e-01
    outer loop
      vertex -5.041045e-01 -2.690628e-01 -6.745916e-01
      vertex -5.041245e-01 -6.743616e-01 -6.744016e-01
      vertex -5.042365e-01 -4.642908e-01 -6.735516e-01
    endloop
  endfacet
  facet normal -2.693529e-02 9.996359e-01 -1.545462e-03
    outer loop
      vertex -5.112915e-01 1.502264e+00 6.089484e-01
      vertex -3.213535e-01 1.507350e+00 5.884184e-01
      vertex -3.367675e-01 1.507352e+00 8.582984e-01
    endloop
  endfacet
  facet normal -5.154066e-01 1.411078e-01 8.452483e-01
    outer loop
      vertex -8.503652e-02 9.304852e-01 -9.149163e-02
      vertex -2.389115e-01 6.735432e-01 -1.424316e-01
      vertex -3.909695e-01 9.251232e-01 -2.771516e-01
    endloop
  endfacet
  facet normal -7.602767e-04 -9.983449e-01 5.750528e-02
    outer loop
      vertex -3.417845e-01 -1.498330e+00 1.933208e+00
      vertex -4.259452e-02 -1.498558e+00 1.933208e+00
      vertex -4.259652e-02 -1.502649e+00 1.862188e+00
    endloop
  endfacet
  facet normal -2.967365e-01 1.762581e-01 9.385523e-01
    outer loop
      vertex -2.418352e-02 -1.215089e+00 -7.133163e-02
      vertex -4.733652e-02 -1.461258e+00 -3.242163e-02
      vertex -2.307895e-01 -1.207850e+00 -1.380116e-01
    endloop
  endfacet
  facet normal -6.705981e-01 2.324269e-04 7.418208e-01
    outer loop
      vertex -3.930725e-01 2.939062e-01 -2.795416e-01
      vertex -2.456185e-01 1.282219e-02 -1.461616e-01
      vertex -3.928635e-01 -4.463809e-03 -2.792616e-01
    endloop
  endfacet
  facet normal 0.000000e+00 -1.000000e+00 0.000000e+00
    outer loop
      vertex -5.084652e-02 -1.502649e+00 5.395584e-01
      vertex 1.773495e-01 -1.502649e+00 3.958584e-01
      vertex -3.691952e-02 -1.502649e+00 4.015984e-01
    endloop
  endfacet
  facet normal -7.535218e-01 -7.501979e-03 -6.573802e-01
    outer loop
      vertex -2.999565e-01 -6.561757e-01 -1.020082e+00
      vertex -4.412295e-01 -9.569982e-01 -8.547116e-01
      vertex -2.962375e-01 -9.434185e-01 -1.021062e+00
    endloop
  endfacet
  facet normal -3.973731e-02 -9.992098e-01 -8.522705e-04
    outer loop
      vertex -5.112965e-01 1.502506e+00 1.142988e+00
      vertex -3.756915e-01 1.497351e+00 8.645284e-01
      vertex -5.112985e-01 1.502738e+00 8.711184e-01
    endloop
  endfacet
  facet normal -9.422839e-01 2.650074e-04 -3.348150e-01
    outer loop
      vertex -5.041535e-01 9.568782e-01 -6.741416e-01
      vertex -5.041435e-01 6.857282e-01 -6.743916e-01
      vertex -4.379095e-01 6.682122e-01 -8.608016e-01
    endloop
  endfacet
  facet normal 9.470598e-01 -1.730625e-02 -3.205908e-01
    outer loop
      vertex 4.898815e-01 6.555502e-01 -8.548016e-01
      vertex 4.813955e-01 4.683022e-01 -8.697616e-01
      vertex 5.514555e-01 6.830132e-01 -6.743916e-01
    endloop
  endfacet
  facet normal 3.309836e-01 3.871303e-03 9.436286e-01
    outer loop
      vertex 8.050648e-02 -9.133311e-01 -7.234163e-02
      vertex 2.979705e-01 -8.961428e-01 -1.486916e-01
      vertex 1.731255e-01 -1.205429e+00 -1.036316e-01
    endloop
  endfacet
  facet normal -5.540892e-01 2.324128e-03 -8.324541e-01
    outer loop
      vertex -3.189195e-01 4.691642e-01 -1.005812e+00
      vertex -2.910445e-01 2.884972e-01 -1.024872e+00
      vertex -3.091145e-01 6.725662e-01 -1.011772e+00
    endloop
  endfacet
  facet normal 5.540892e-01 -2.324128e-03 8.324541e-01
    outer loop
      vertex -3.189195e-01 4.691642e-01 -1.005812e+00
      vertex -3.091145e-01 6.725662e-01 -1.011772e+00
      vertex -2.910445e-01 2.884972e-01 -1.024872e+00
    endloop
  endfacet
  facet normal 3.088441e-01 2.156353e-03 9.511102e-01
    outer loop
      vertex 1.803765e-01 -6.360420e-01 -1.054016e-01
      vertex 8.050648e-02 -9.133311e-01 -7.234163e-02
      vertex 7.566048e-02 -4.648338e-01 -7.179163e-02
    endloop
  endfacet
  facet normal -3.088441e-01 -2.156353e-03 -9.511102e-01
    outer loop
      vertex 1.803765e-01 -6.360420e-01 -1.054016e-01
      vertex 7.566048e-02 -4.648338e-01 -7.179163e-02
      vertex 8.050648e-02 -9.133311e-01 -7.234163e-02
    endloop
  endfacet
  facet normal 4.755450e-01 8.767076e-01 7.239176e-02
    outer loop
      vertex 4.603375e-01 1.459628e+00 -3.036116e-01
      vertex 3.782605e-01 1.506717e+00 -3.347016e-01
      vertex 4.094635e-01 1.506391e+00 -5.357416e-01
    endloop
  endfacet
  facet normal 7.931249e-01 -1.938718e-01 5.773790e-01
    outer loop
      vertex 2.937495e-01 1.474826e+00 -6.967163e-02
      vertex 4.603375e-01 1.459628e+00 -3.036116e-01
      vertex 2.823555e-01 1.218385e+00 -1.401216e-01
    endloop
  endfacet
  facet normal -9.302494e-01 3.963054e-03 3.669066e-01
    outer loop
      vertex -3.930725e-01 2.939062e-01 -2.795416e-01
      vertex -5.080235e-01 -8.640809e-03 -5.677216e-01
      vertex -5.083645e-01 2.984062e-01 -5.719016e-01
    endloop
  endfacet
  facet normal -6.490314e-01 -5.795201e-03 -7.607396e-01
    outer loop
      vertex -3.135705e-01 -4.644778e-01 -1.009922e+00
      vertex -2.962375e-01 -9.434185e-01 -1.021062e+00
      vertex -2.999565e-01 -6.561757e-01 -1.020082e+00
    endloop
  endfacet
  facet normal 6.490314e-01 5.795201e-03 7.607396e-01
    outer loop
      vertex -3.135705e-01 -4.644778e-01 -1.009922e+00
      vertex -2.999565e-01 -6.561757e-01 -1.020082e+00
      vertex -2.962375e-01 -9.434185e-01 -1.021062e+00
    endloop
  endfacet
  facet normal -0.000000e+00 1.000000e+00 -0.000000e+00
    outer loop
      vertex -3.607725e-01 1.497351e+00 3.965984e-01
      vertex -6.572452e-02 1.497351e+00 3.751684e-01
      vertex -3.740815e-01 1.497351e+00 5.997684e-01
    endloop
  endfacet
  facet normal 0.000000e+00 -1.000000e+00 0.000000e+00
    outer loop
      vertex -3.607725e-01 1.497351e+00 3.965984e-01
      vertex -3.740815e-01 1.497351e+00 5.997684e-01
      vertex -6.572452e-02 1.497351e+00 3.751684e-01
    endloop
  endfacet
  facet normal 9.269569e-03 9.999503e-01 3.679368e-03
    outer loop
      vertex 9.281848e-02 1.507352e+00 5.894684e-01
      vertex 1.674515e-01 1.507350e+00 4.019584e-01
      vertex 3.716725e-01 1.504759e+00 5.915284e-01
    endloop
  endfacet
  facet normal -9.269569e-03 -9.999503e-01 -3.679368e-03
    outer loop
      vertex 9.281848e-02 1.507352e+00 5.894684e-01
      vertex 3.716725e-01 1.504759e+00 5.915284e-01
      vertex 1.674515e-01 1.507350e+00 4.019584e-01
    endloop
  endfacet
  facet normal 0.000000e+00 -1.000000e+00 0.000000e+00
    outer loop
      vertex -5.084652e-02 -1.502649e+00 5.395584e-01
      vertex -3.332975e-01 -1.502649e+00 8.690184e-01
      vertex -4.360852e-02 -1.502649e+00 8.572484e-01
    endloop
  endfacet
  facet normal 9.403057e-01 -4.192066e-02 -3.377396e-01
    outer loop
      vertex 5.514175e-01 1.213125e+00 -6.745916e-01
      vertex 4.893445e-01 1.492091e+00 -8.820316e-01
      vertex 4.806385e-01 1.208418e+00 -8.710616e-01
    endloop
  endfacet
  facet normal 4.489014e-07 1.000000e+00 -5.932984e-09
    outer loop
      vertex -7.285152e-02 -1.492649e+00 2.048384e-01
      vertex -3.607715e-01 -1.492649e+00 3.965584e-01
      vertex -3.840295e-01 -1.492649e+00 2.065284e-01
    endloop
  endfacet
  facet normal -4.489014e-07 -1.000000e+00 5.932984e-09
    outer loop
      vertex -7.285152e-02 -1.492649e+00 2.048384e-01
      vertex -3.840295e-01 -1.492649e+00 2.065284e-01
      vertex -3.607715e-01 -1.492649e+00 3.965584e-01
    endloop
  endfacet
  facet normal -9.302838e-01 -9.914378e-03 3.667065e-01
    outer loop
      vertex -3.930725e-01 2.939062e-01 -2.795416e-01
      vertex -5.083645e-01 2.984062e-01 -5.719016e-01
      vertex -5.078785e-01 4.692102e-01 -5.660516e-01
    endloop
  endfacet
  facet normal 0.000000e+00 1.000000e+00 0.000000e+00
    outer loop
      vertex -4.700452e-02 -1.502649e+00 1.131258e+00
      vertex -4.360852e-02 -1.502649e+00 8.572484e-01
      vertex 9.281848e-02 -1.502649e+00 8.614484e-01
    endloop
  endfacet
  facet normal 0.000000e+00 -1.000000e+00 0.000000e+00
    outer loop
      vertex -4.700452e-02 -1.502649e+00 1.131258e+00
      vertex 9.281848e-02 -1.502649e+00 8.614484e-01
      vertex -4.360852e-02 -1.502649e+00 8.572484e-01
    endloop
  endfacet
  facet normal -3.416141e-06 1.000000e+00 0.000000e+00
    outer loop
      vertex -4.259652e-02 1.507351e+00 1.558208e+00
      vertex 9.698648e-02 1.507351e+00 1.833208e+00
      vertex -4.259652e-02 1.507351e+00 1.839458e+00
    endloop
  endfacet
  facet normal -2.963429e-02 -9.995599e-01 1.322442e-03
    outer loop
      vertex -5.112895e-01 -1.497834e+00 4.022684e-01
      vertex -5.112915e-01 -1.497561e+00 6.089584e-01
      vertex -3.407535e-01 -1.502649e+00 5.846484e-01
    endloop
  endfacet
  facet normal -1.978202e-01 -3.044305e-02 9.797655e-01
    outer loop
      vertex 3.303605e-01 -1.213847e+00 -1.030342e+00
      vertex 3.438005e-01 -1.474045e+00 -1.035712e+00
      vertex 1.927065e-01 -1.502386e+00 -1.067102e+00
    endloop
  endfacet
  facet normal 1.978202e-01 3.044305e-02 -9.797655e-01
    outer loop
      vertex 3.303605e-01 -1.213847e+00 -1.030342e+00
      vertex 1.927065e-01 -1.502386e+00 -1.067102e+00
      vertex 3.438005e-01 -1.474045e+00 -1.035712e+00
    endloop
  endfacet
  facet normal -6.834012e-01 1.285658e-02 7.299298e-01
    outer loop
      vertex -3.909695e-01 9.251232e-01 -2.771516e-01
      vertex -4.026115e-01 1.211176e+00 -2.930916e-01
      vertex -2.537585e-01 1.030421e+00 -1.505416e-01
    endloop
  endfacet
  facet normal 5.380202e-02 9.985490e-01 -2.279821e-03
    outer loop
      vertex 3.013655e-01 -1.492649e+00 8.376684e-01
      vertex 4.163655e-01 -1.498160e+00 1.137778e+00
      vertex 3.132815e-01 -1.492649e+00 1.118878e+00
    endloop
  endfacet
  facet normal -5.380202e-02 -9.985490e-01 2.279821e-03
    outer loop
      vertex 3.013655e-01 -1.492649e+00 8.376684e-01
      vertex 3.132815e-01 -1.492649e+00 1.118878e+00
      vertex 4.163655e-01 -1.498160e+00 1.137778e+00
    endloop
  endfacet
  facet normal 3.073579e-01 -3.444442e-03 9.515877e-01
    outer loop
      vertex 6.342748e-02 9.096442e-01 -7.053163e-02
      vertex 6.848848e-02 1.215873e+00 -7.105163e-02
      vertex 2.823555e-01 1.218385e+00 -1.401216e-01
    endloop
  endfacet
  facet normal -5.717809e-01 1.074730e-01 8.133365e-01
    outer loop
      vertex -1.470135e-01 -6.429860e-01 -1.093016e-01
      vertex -2.554515e-01 -9.003794e-01 -1.515216e-01
      vertex -3.925965e-01 -6.633168e-01 -2.792616e-01
    endloop
  endfacet
  facet normal -6.005695e-07 1.000000e+00 3.605637e-08
    outer loop
      vertex 1.189255e-01 -1.492649e+00 2.017384e-01
      vertex 2.979575e-01 -1.492649e+00 2.133584e-01
      vertex 3.044125e-01 -1.492649e+00 3.983684e-01
    endloop
  endfacet
  facet normal 6.005695e-07 -1.000000e+00 -3.605637e-08
    outer loop
      vertex 1.189255e-01 -1.492649e+00 2.017384e-01
      vertex 3.044125e-01 -1.492649e+00 3.983684e-01
      vertex 2.979575e-01 -1.492649e+00 2.133584e-01
    endloop
  endfacet
  facet normal 1.000654e-01 -3.442700e-05 9.949809e-01
    outer loop
      vertex -5.902519e-03 7.005572e-01 -1.133962e+00
      vertex -2.765452e-02 9.787802e-01 -1.131762e+00
      vertex -1.156752e-02 1.210803e+00 -1.133372e+00
    endloop
  endfacet
  facet normal -1.000654e-01 3.442700e-05 -9.949809e-01
    outer loop
      vertex -5.902519e-03 7.005572e-01 -1.133962e+00
      vertex -1.156752e-02 1.210803e+00 -1.133372e+00
      vertex -2.765452e-02 9.787802e-01 -1.131762e+00
    endloop
  endfacet
  facet normal -3.448058e-02 9.994045e-01 -1.322976e-03
    outer loop
      vertex -5.112895e-01 -1.497834e+00 4.022684e-01
      vertex -3.607715e-01 -1.492649e+00 3.965584e-01
      vertex -5.112915e-01 -1.497561e+00 6.089584e-01
    endloop
  endfacet
  facet normal 5.421906e-01 -8.209760e-01 -1.789633e-01
    outer loop
      vertex 5.549485e-01 -1.408899e+00 -5.662916e-01
      vertex 4.272295e-01 -1.502649e+00 -5.231616e-01
      vertex 4.935525e-01 -1.501402e+00 -3.279416e-01
    endloop
  endfacet
  facet normal -1.689358e-01 2.723977e-01 9.472382e-01
    outer loop
      vertex -4.733652e-02 -1.461258e+00 -3.242163e-02
      vertex -3.701595e-01 -1.476575e+00 -8.559163e-02
      vertex -2.307895e-01 -1.207850e+00 -1.380116e-01
    endloop
  endfacet
  facet normal -3.014824e-01 9.263207e-01 2.259166e-01
    outer loop
      vertex 3.952695e-01 1.503767e+00 -1.055452e+00
      vertex 4.893445e-01 1.492091e+00 -8.820316e-01
      vertex 3.504795e-01 1.482450e+00 -1.027812e+00
    endloop
  endfacet
  facet normal 3.014824e-01 -9.263207e-01 -2.259166e-01
    outer loop
      vertex 3.952695e-01 1.503767e+00 -1.055452e+00
      vertex 3.504795e-01 1.482450e+00 -1.027812e+00
      vertex 4.893445e-01 1.492091e+00 -8.820316e-01
    endloop
  endfacet
  facet normal -1.250036e-01 9.921412e-01 5.476433e-03
    outer loop
      vertex 3.716725e-01 1.504759e+00 5.915284e-01
      vertex 3.121505e-01 1.497351e+00 5.749984e-01
      vertex 3.044125e-01 1.497351e+00 3.983684e-01
    endloop
  endfacet
  facet normal 1.250036e-01 -9.921412e-01 -5.476433e-03
    outer loop
      vertex 3.716725e-01 1.504759e+00 5.915284e-01
      vertex 3.044125e-01 1.497351e+00 3.983684e-01
      vertex 3.121505e-01 1.497351e+00 5.749984e-01
    endloop
  endfacet
  facet normal -3.157916e-01 2.420221e-03 -9.488255e-01
    outer loop
      vertex 2.873065e-01 -2.731568e-01 -1.428516e-01
      vertex 2.835465e-01 6.464719e-02 -1.407316e-01
      vertex 1.203375e-01 -1.845781e-02 -8.663163e-02
    endloop
  endfacet
  facet normal 3.157916e-01 -2.420221e-03 9.488255e-01
    outer loop
      vertex 2.873065e-01 -2.731568e-01 -1.428516e-01
      vertex 1.203375e-01 -1.845781e-02 -8.663163e-02
      vertex 2.835465e-01 6.464719e-02 -1.407316e-01
    endloop
  endfacet
  facet normal 8.697430e-01 -4.763422e-05 -4.935049e-01
    outer loop
      vertex 4.874155e-01 -9.237539e-01 -8.591216e-01
      vertex 4.814625e-01 -4.658698e-01 -8.696516e-01
      vertex 4.714395e-01 -6.497608e-01 -8.873016e-01
    endloop
  endfacet
  facet normal -8.697430e-01 4.763422e-05 4.935049e-01
    outer loop
      vertex 4.874155e-01 -9.237539e-01 -8.591216e-01
      vertex 4.714395e-01 -6.497608e-01 -8.873016e-01
      vertex 4.814625e-01 -4.658698e-01 -8.696516e-01
    endloop
  endfacet
  facet normal 0.000000e+00 -1.000000e+00 0.000000e+00
    outer loop
      vertex -4.166925e-01 1.497351e+00 1.328728e+00
      vertex -1.230015e-01 1.497351e+00 1.522728e+00
      vertex -1.117465e-01 1.497351e+00 1.331118e+00
    endloop
  endfacet
  facet normal -2.250256e-07 1.000000e+00 -3.500764e-09
    outer loop
      vertex 8.157248e-02 -1.492649e+00 1.115028e+00
      vertex 8.537348e-02 -1.492649e+00 8.707084e-01
      vertex 3.132815e-01 -1.492649e+00 1.118878e+00
    endloop
  endfacet
  facet normal -3.593950e-02 -9.993512e-01 -2.354182e-03
    outer loop
      vertex -3.607725e-01 1.497351e+00 3.965984e-01
      vertex -5.112915e-01 1.502264e+00 6.089484e-01
      vertex -3.740815e-01 1.497351e+00 5.997684e-01
    endloop
  endfacet
  facet normal -0.000000e+00 -1.000000e+00 0.000000e+00
    outer loop
      vertex -4.700452e-02 -1.502649e+00 1.131258e+00
      vertex -3.444865e-01 -1.502649e+00 1.104868e+00
      vertex -3.567135e-01 -1.502649e+00 1.298958e+00
    endloop
  endfacet
  facet normal -3.317084e-01 3.590169e-02 -9.426985e-01
    outer loop
      vertex -5.092452e-02 1.493044e+00 -1.108772e+00
      vertex -1.156752e-02 1.210803e+00 -1.133372e+00
      vertex 2.001048e-02 1.419226e+00 -1.136552e+00
    endloop
  endfacet
  facet normal 0.000000e+00 -1.000000e+00 -0.000000e+00
    outer loop
      vertex 8.157048e-02 1.497351e+00 1.115028e+00
      vertex 8.537348e-02 1.497351e+00 8.707084e-01
      vertex -3.962652e-02 1.497351e+00 8.707084e-01
    endloop
  endfacet
  facet normal 5.334625e-09 1.000000e+00 -1.850813e-08
    outer loop
      vertex 1.312245e-01 -1.492649e+00 3.816084e-01
      vertex 9.705248e-02 -1.492649e+00 5.730384e-01
      vertex -6.572252e-02 -1.492649e+00 3.751684e-01
    endloop
  endfacet
  facet normal -2.478676e-02 9.995774e-01 1.518538e-02
    outer loop
      vertex -3.284245e-01 1.507350e+00 -3.508416e-01
      vertex -5.112885e-01 1.502454e+00 -3.271016e-01
      vertex -5.113535e-01 1.505556e+00 -5.314016e-01
    endloop
  endfacet
  facet normal 0.000000e+00 -1.000000e+00 0.000000e+00
    outer loop
      vertex -3.644205e-01 1.497351e+00 1.126988e+00
      vertex -4.166925e-01 1.497351e+00 1.328728e+00
      vertex -1.117465e-01 1.497351e+00 1.331118e+00
    endloop
  endfacet
  facet normal 3.451031e-02 9.994042e-01 5.401967e-04
    outer loop
      vertex -5.113525e-01 -1.497692e+00 1.933208e+00
      vertex -3.622405e-01 -1.502649e+00 1.578468e+00
      vertex -3.665425e-01 -1.502649e+00 1.853298e+00
    endloop
  endfacet
  facet normal -3.451031e-02 -9.994042e-01 -5.401967e-04
    outer loop
      vertex -5.113525e-01 -1.497692e+00 1.933208e+00
      vertex -3.665425e-01 -1.502649e+00 1.853298e+00
      vertex -3.622405e-01 -1.502649e+00 1.578468e+00
    endloop
  endfacet
  facet normal 9.265723e-01 -1.230040e-02 3.759155e-01
    outer loop
      vertex 4.507555e-01 2.848412e-01 -2.935416e-01
      vertex 5.541645e-01 -3.902809e-03 -5.578716e-01
      vertex 4.413585e-01 -4.727809e-03 -2.798516e-01
    endloop
  endfacet
  facet normal 3.022674e-03 9.999955e-01 4.192576e-05
    outer loop
      vertex 9.547148e-02 1.507351e+00 -8.349716e-01
      vertex 3.925915e-01 1.506450e+00 -7.605016e-01
      vertex 9.180048e-02 1.507351e+00 -5.646116e-01
    endloop
  endfacet
  facet normal 9.995373e-01 2.275169e-04 -3.041510e-02
    outer loop
      vertex 5.514515e-01 -8.307738e-01 -6.744116e-01
      vertex 5.547975e-01 -8.324237e-01 -5.644516e-01
      vertex 5.513915e-01 -5.963988e-01 -6.746316e-01
    endloop
  endfacet
  facet normal -9.991183e-01 -9.750153e-04 -4.197415e-02
    outer loop
      vertex -5.042605e-01 4.689932e-01 -6.735616e-01
      vertex -5.086235e-01 6.816412e-01 -5.746416e-01
      vertex -5.083645e-01 2.984062e-01 -5.719016e-01
    endloop
  endfacet
  facet normal -4.061397e-02 9.977698e-01 5.297115e-02
    outer loop
      vertex -5.112855e-01 -1.497547e+00 2.012184e-01
      vertex -3.701595e-01 -1.476575e+00 -8.559163e-02
      vertex -3.840295e-01 -1.492649e+00 2.065284e-01
    endloop
  endfacet
  facet normal 1.194284e-06 1.000000e+00 2.665481e-06
    outer loop
      vertex -3.218152e-02 1.507350e+00 4.019584e-01
      vertex -4.915652e-02 1.507351e+00 2.306684e-01
      vertex 1.674515e-01 1.507350e+00 4.019584e-01
    endloop
  endfacet
  facet normal -7.420775e-02 9.970973e-01 -1.703160e-02
    outer loop
      vertex 4.014195e-01 1.503824e+00 1.113788e+00
      vertex 3.718395e-01 1.504863e+00 1.303488e+00
      vertex 3.132845e-01 1.497351e+00 1.118858e+00
    endloop
  endfacet
  facet normal 7.420775e-02 -9.970973e-01 1.703160e-02
    outer loop
      vertex 4.014195e-01 1.503824e+00 1.113788e+00
      vertex 3.132845e-01 1.497351e+00 1.118858e+00
      vertex 3.718395e-01 1.504863e+00 1.303488e+00
    endloop
  endfacet
  facet normal 3.254398e-01 -9.421152e-01 8.067092e-02
    outer loop
      vertex 3.920265e-01 -1.502329e+00 -8.167816e-01
      vertex 4.907825e-01 -1.473362e+00 -8.769016e-01
      vertex 4.653005e-01 -1.496428e+00 -1.043472e+00
    endloop
  endfacet
  facet normal -8.075796e-01 -2.213413e-03 -5.897545e-01
    outer loop
      vertex 4.419595e-01 -2.816138e-01 -2.806116e-01
      vertex 4.344625e-01 -4.652958e-01 -2.696616e-01
      vertex 4.456115e-01 -6.564750e-01 -2.842016e-01
    endloop
  endfacet
  facet normal 8.075796e-01 2.213413e-03 5.897545e-01
    outer loop
      vertex 4.419595e-01 -2.816138e-01 -2.806116e-01
      vertex 4.456115e-01 -6.564750e-01 -2.842016e-01
      vertex 4.344625e-01 -4.652958e-01 -2.696616e-01
    endloop
  endfacet
  facet normal -8.961021e-01 -1.814932e-01 4.050446e-01
    outer loop
      vertex -4.026115e-01 1.211176e+00 -2.930916e-01
      vertex -4.728745e-01 1.476484e+00 -3.296516e-01
      vertex -3.645865e-01 1.479120e+00 -8.890163e-02
    endloop
  endfacet
  facet normal -3.608546e-01 1.854934e-02 -9.324377e-01
    outer loop
      vertex -2.892775e-01 1.213939e+00 -1.025842e+00
      vertex -2.765452e-02 9.787802e-01 -1.131762e+00
      vertex -1.156752e-02 1.210803e+00 -1.133372e+00
    endloop
  endfacet
  facet normal 9.294893e-01 -1.044669e-02 3.687012e-01
    outer loop
      vertex 5.547975e-01 -8.324237e-01 -5.644516e-01
      vertex 4.456115e-01 -6.564750e-01 -2.842016e-01
      vertex 5.535125e-01 -4.710068e-01 -5.509716e-01
    endloop
  endfacet
  facet normal 6.686359e-01 -1.793080e-02 7.433737e-01
    outer loop
      vertex 4.354995e-01 9.014132e-01 -2.709616e-01
      vertex 4.443875e-01 6.204822e-01 -2.857316e-01
      vertex 2.867465e-01 6.793462e-01 -1.425216e-01
    endloop
  endfacet
  facet normal -1.338362e-01 4.260695e-02 9.900871e-01
    outer loop
      vertex -3.368552e-02 6.466132e-01 -7.234163e-02
      vertex -8.503652e-02 9.304852e-01 -9.149163e-02
      vertex 6.342748e-02 9.096442e-01 -7.053163e-02
    endloop
  endfacet
  facet normal 5.058066e-01 1.438334e-01 8.505713e-01
    outer loop
      vertex 2.873065e-01 -2.731568e-01 -1.428516e-01
      vertex 1.203375e-01 -1.845781e-02 -8.663163e-02
      vertex 4.413585e-01 -4.727809e-03 -2.798516e-01
    endloop
  endfacet
  facet normal 6.646007e-01 1.374456e-02 7.470723e-01
    outer loop
      vertex 4.507555e-01 2.848412e-01 -2.935416e-01
      vertex 4.413585e-01 -4.727809e-03 -2.798516e-01
      vertex 2.835465e-01 6.464719e-02 -1.407316e-01
    endloop
  endfacet
  facet normal -2.565750e-03 -1.556062e-04 9.999967e-01
    outer loop
      vertex -2.431652e-02 4.683402e-01 -7.138163e-02
      vertex 6.957048e-02 2.931112e-01 -7.116163e-02
      vertex -2.489652e-02 2.817882e-01 -7.141163e-02
    endloop
  endfacet
  facet normal -3.974664e-02 9.992093e-01 -8.504128e-04
    outer loop
      vertex -5.112985e-01 -1.498037e+00 8.711384e-01
      vertex -3.756925e-01 -1.492649e+00 8.645384e-01
      vertex -5.112965e-01 -1.497806e+00 1.142978e+00
    endloop
  endfacet
  facet normal -8.094362e-01 8.803410e-04 5.872071e-01
    outer loop
      vertex -3.909695e-01 9.251232e-01 -2.771516e-01
      vertex -3.831195e-01 4.684062e-01 -2.656416e-01
      vertex -3.979055e-01 6.396422e-01 -2.862816e-01
    endloop
  endfacet
  facet normal 8.094362e-01 -8.803410e-04 -5.872071e-01
    outer loop
      vertex -3.909695e-01 9.251232e-01 -2.771516e-01
      vertex -3.979055e-01 6.396422e-01 -2.862816e-01
      vertex -3.831195e-01 4.684062e-01 -2.656416e-01
    endloop
  endfacet
  facet normal -2.844717e-02 9.995819e-01 -5.161736e-03
    outer loop
      vertex -3.316875e-01 1.507351e+00 1.091218e+00
      vertex -3.667315e-01 1.507350e+00 1.284218e+00
      vertex -5.112965e-01 1.502506e+00 1.142988e+00
    endloop
  endfacet
  facet normal 2.660518e-01 -3.039842e-02 -9.634793e-01
    outer loop
      vertex 8.576848e-02 1.490458e+00 -1.101162e+00
      vertex 3.433685e-01 1.209109e+00 -1.021152e+00
      vertex 3.504795e-01 1.482450e+00 -1.027812e+00
    endloop
  endfacet
  facet normal -2.655803e-02 9.996457e-01 -1.809705e-03
    outer loop
      vertex -5.112915e-01 1.502264e+00 6.089484e-01
      vertex -3.367675e-01 1.507352e+00 8.582984e-01
      vertex -5.112985e-01 1.502738e+00 8.711184e-01
    endloop
  endfacet
  facet normal 9.368268e-01 1.872212e-02 3.492923e-01
    outer loop
      vertex 5.556175e-01 -1.148489e+00 -5.733216e-01
      vertex 4.543285e-01 -1.211758e+00 -2.982716e-01
      vertex 4.434835e-01 -9.397154e-01 -2.837616e-01
    endloop
  endfacet
  facet normal 4.796456e-07 -1.000000e+00 1.050821e-07
    outer loop
      vertex 1.312245e-01 -1.492649e+00 3.816084e-01
      vertex 9.705248e-02 -1.492649e+00 5.730384e-01
      vertex 3.121505e-01 -1.492649e+00 5.749984e-01
    endloop
  endfacet
  facet normal -4.796456e-07 1.000000e+00 -1.050821e-07
    outer loop
      vertex 1.312245e-01 -1.492649e+00 3.816084e-01
      vertex 3.121505e-01 -1.492649e+00 5.749984e-01
      vertex 9.705248e-02 -1.492649e+00 5.730384e-01
    endloop
  endfacet
  facet normal -2.980956e-01 2.574248e-03 9.545326e-01
    outer loop
      vertex -2.999152e-02 -9.257778e-01 -7.199163e-02
      vertex -1.470135e-01 -6.429860e-01 -1.093016e-01
      vertex -2.383852e-02 -4.649778e-01 -7.131163e-02
    endloop
  endfacet
  facet normal 2.980956e-01 -2.574248e-03 -9.545326e-01
    outer loop
      vertex -2.999152e-02 -9.257778e-01 -7.199163e-02
      vertex -2.383852e-02 -4.649778e-01 -7.131163e-02
      vertex -1.470135e-01 -6.429860e-01 -1.093016e-01
    endloop
  endfacet
  facet normal -9.983215e-06 1.000000e+00 -1.071605e-06
    outer loop
      vertex 8.989148e-02 1.507351e+00 -6.835163e-02
      vertex -4.969952e-02 1.507350e+00 -3.253216e-01
      vertex 8.865148e-02 1.507351e+00 -2.792916e-01
    endloop
  endfacet
  facet normal -9.317665e-01 -6.763070e-03 3.629951e-01
    outer loop
      vertex -3.946165e-01 -2.745188e-01 -2.815716e-01
      vertex -5.085715e-01 -2.694168e-01 -5.739816e-01
      vertex -5.080235e-01 -8.640809e-03 -5.677216e-01
    endloop
  endfacet
  facet normal 8.624143e-07 1.000000e+00 -8.154667e-06
    outer loop
      vertex -3.284245e-01 1.507350e+00 -3.508416e-01
      vertex -3.714152e-02 1.507351e+00 -8.614163e-02
      vertex -3.320645e-01 1.507352e+00 -8.809163e-02
    endloop
  endfacet
  facet normal -8.624143e-07 -1.000000e+00 8.154667e-06
    outer loop
      vertex -3.284245e-01 1.507350e+00 -3.508416e-01
      vertex -3.320645e-01 1.507352e+00 -8.809163e-02
      vertex -3.714152e-02 1.507351e+00 -8.614163e-02
    endloop
  endfacet
  facet normal 9.991534e-01 2.511142e-04 -4.113952e-02
    outer loop
      vertex 5.556175e-01 -1.148489e+00 -5.733216e-01
      vertex 5.514625e-01 -1.148184e+00 -6.742116e-01
      vertex 5.515585e-01 -1.408899e+00 -6.734916e-01
    endloop
  endfacet
  facet normal -2.672603e-02 -9.996418e-01 -1.399097e-03
    outer loop
      vertex -3.211435e-01 -1.502649e+00 2.100584e-01
      vertex -5.112895e-01 -1.497834e+00 4.022684e-01
      vertex -3.407535e-01 -1.502649e+00 5.846484e-01
    endloop
  endfacet
  facet normal -2.055137e-05 -1.000000e+00 1.992109e-06
    outer loop
      vertex 9.281848e-02 1.507352e+00 5.894684e-01
      vertex 1.674515e-01 1.507350e+00 4.019584e-01
      vertex 9.222248e-02 1.507351e+00 2.242784e-01
    endloop
  endfacet
  facet normal 2.055137e-05 1.000000e+00 -1.992109e-06
    outer loop
      vertex 9.281848e-02 1.507352e+00 5.894684e-01
      vertex 9.222248e-02 1.507351e+00 2.242784e-01
      vertex 1.674515e-01 1.507350e+00 4.019584e-01
    endloop
  endfacet
  facet normal -5.894722e-02 9.982591e-01 -2.041354e-03
    outer loop
      vertex 3.013655e-01 1.497351e+00 8.376684e-01
      vertex 4.050115e-01 1.503582e+00 8.918284e-01
      vertex 4.014195e-01 1.503824e+00 1.113788e+00
    endloop
  endfacet
  facet normal 5.894722e-02 -9.982591e-01 2.041354e-03
    outer loop
      vertex 3.013655e-01 1.497351e+00 8.376684e-01
      vertex 4.014195e-01 1.503824e+00 1.113788e+00
      vertex 4.050115e-01 1.503582e+00 8.918284e-01
    endloop
  endfacet
  facet normal -2.737694e-02 -9.996251e-01 -5.414110e-04
    outer loop
      vertex -3.567135e-01 -1.502649e+00 1.298958e+00
      vertex -5.113115e-01 -1.498431e+00 1.328598e+00
      vertex -3.622405e-01 -1.502649e+00 1.578468e+00
    endloop
  endfacet
  facet normal 9.422691e-01 4.546636e-03 -3.348258e-01
    outer loop
      vertex 4.874155e-01 -9.237539e-01 -8.591216e-01
      vertex 5.513915e-01 -5.963988e-01 -6.746316e-01
      vertex 4.814625e-01 -4.658698e-01 -8.696516e-01
    endloop
  endfacet
  facet normal -3.566174e-02 -9.993623e-01 1.807608e-03
    outer loop
      vertex -5.112915e-01 1.502264e+00 6.089484e-01
      vertex -5.112985e-01 1.502738e+00 8.711184e-01
      vertex -3.740815e-01 1.497351e+00 5.997684e-01
    endloop
  endfacet
  facet normal 3.185693e-01 1.262976e-02 9.478154e-01
    outer loop
      vertex 6.342748e-02 9.096442e-01 -7.053163e-02
      vertex 2.867465e-01 6.793462e-01 -1.425216e-01
      vertex 7.826548e-02 6.504412e-01 -7.206163e-02
    endloop
  endfacet
  facet normal 0.000000e+00 -1.000000e+00 0.000000e+00
    outer loop
      vertex -3.731052e-02 1.497351e+00 5.894584e-01
      vertex 8.537348e-02 1.497351e+00 8.707084e-01
      vertex 9.705348e-02 1.497351e+00 5.730484e-01
    endloop
  endfacet
  facet normal 0.000000e+00 -1.000000e+00 0.000000e+00
    outer loop
      vertex 3.964785e-01 1.497351e+00 1.507318e+00
      vertex 1.434665e-01 1.497351e+00 1.542188e+00
      vertex 1.956325e-01 1.497351e+00 1.763878e+00
    endloop
  endfacet
  facet normal 6.798681e-02 9.976693e-01 -5.808543e-03
    outer loop
      vertex 3.999465e-01 -1.498618e+00 5.772684e-01
      vertex 4.154405e-01 -1.497972e+00 8.696984e-01
      vertex 3.121505e-01 -1.492649e+00 5.749984e-01
    endloop
  endfacet
  facet normal -5.936049e-01 8.822388e-04 8.047560e-01
    outer loop
      vertex 3.463775e-01 2.867072e-01 -1.019132e+00
      vertex 3.377885e-01 6.734882e-01 -1.025892e+00
      vertex 3.610145e-01 4.685262e-01 -1.008532e+00
    endloop
  endfacet
  facet normal 5.936049e-01 -8.822388e-04 -8.047560e-01
    outer loop
      vertex 3.463775e-01 2.867072e-01 -1.019132e+00
      vertex 3.610145e-01 4.685262e-01 -1.008532e+00
      vertex 3.377885e-01 6.734882e-01 -1.025892e+00
    endloop
  endfacet
  facet normal -6.200367e-02 -9.980741e-01 1.922319e-03
    outer loop
      vertex -5.113055e-01 1.502612e+00 1.569488e+00
      vertex -5.113395e-01 1.503159e+00 1.852218e+00
      vertex -4.259995e-01 1.497351e+00 1.589508e+00
    endloop
  endfacet
  facet normal -7.542436e-01 1.094324e-02 -6.565035e-01
    outer loop
      vertex -2.962375e-01 -9.434185e-01 -1.021062e+00
      vertex -4.412295e-01 -9.569982e-01 -8.547116e-01
      vertex -4.348425e-01 -1.218490e+00 -8.664016e-01
    endloop
  endfacet
  facet normal -9.301478e-01 -3.548347e-03 3.671683e-01
    outer loop
      vertex -5.084665e-01 -6.656592e-01 -5.728216e-01
      vertex -3.925965e-01 -6.633168e-01 -2.792616e-01
      vertex -3.898835e-01 -9.582470e-01 -2.752416e-01
    endloop
  endfacet
  facet normal -9.578778e-01 -2.299755e-01 1.719923e-01
    outer loop
      vertex -5.094405e-01 1.468545e+00 -5.439216e-01
      vertex -4.728745e-01 1.476484e+00 -3.296516e-01
      vertex -4.026115e-01 1.211176e+00 -2.930916e-01
    endloop
  endfacet
  facet normal 2.685733e-07 1.000000e+00 2.342130e-08
    outer loop
      vertex -4.166915e-01 -1.492649e+00 1.328728e+00
      vertex -3.644205e-01 -1.492649e+00 1.126968e+00
      vertex -1.117455e-01 -1.492649e+00 1.331118e+00
    endloop
  endfacet
  facet normal 1.310784e-02 -9.999141e-01 0.000000e+00
    outer loop
      vertex 9.281848e-02 -1.502649e+00 1.317908e+00
      vertex 9.281848e-02 -1.502649e+00 1.566378e+00
      vertex 4.102185e-01 -1.498488e+00 1.320548e+00
    endloop
  endfacet
  facet normal 0.000000e+00 -1.000000e+00 0.000000e+00
    outer loop
      vertex -3.501885e-01 -1.502649e+00 -7.432016e-01
      vertex -3.413675e-01 -1.502649e+00 -5.041116e-01
      vertex -5.534552e-02 -1.502649e+00 -5.419616e-01
    endloop
  endfacet
  facet normal -9.991407e-01 2.038139e-04 -4.144553e-02
    outer loop
      vertex -5.041045e-01 2.990562e-01 -6.745916e-01
      vertex -5.083645e-01 2.984062e-01 -5.719016e-01
      vertex -5.041905e-01 4.748191e-03 -6.739816e-01
    endloop
  endfacet
  facet normal 2.194298e-03 9.999976e-01 2.337914e-05
    outer loop
      vertex 8.865148e-02 1.507351e+00 -2.792916e-01
      vertex 9.180048e-02 1.507351e+00 -5.646116e-01
      vertex 3.782605e-01 1.506717e+00 -3.347016e-01
    endloop
  endfacet
  facet normal -5.264901e-02 1.969383e-02 -9.984188e-01
    outer loop
      vertex 6.861848e-02 -1.169062e+00 -1.132372e+00
      vertex -2.007452e-02 -1.412748e+00 -1.132502e+00
      vertex 2.529348e-02 -1.502649e+00 -1.136672e+00
    endloop
  endfacet
  facet normal -1.045671e-02 -9.999452e-01 5.170483e-04
    outer loop
      vertex -3.298155e-01 -1.502649e+00 -3.311916e-01
      vertex -3.501885e-01 -1.502649e+00 -7.432016e-01
      vertex -5.113535e-01 -1.500854e+00 -5.314016e-01
    endloop
  endfacet
  facet normal -2.334706e-07 1.000000e+00 2.549895e-06
    outer loop
      vertex -3.231065e-01 1.507350e+00 -5.373616e-01
      vertex -4.969952e-02 1.507350e+00 -3.253216e-01
      vertex -3.284245e-01 1.507350e+00 -3.508416e-01
    endloop
  endfacet
  facet normal -9.999963e-01 -2.708212e-03 -1.510329e-05
    outer loop
      vertex -5.112855e-01 1.502249e+00 2.012084e-01
      vertex -5.112895e-01 1.502536e+00 4.022684e-01
      vertex -5.112915e-01 1.502264e+00 6.089484e-01
    endloop
  endfacet
  facet normal 9.999963e-01 2.708212e-03 1.510329e-05
    outer loop
      vertex -5.112855e-01 1.502249e+00 2.012084e-01
      vertex -5.112915e-01 1.502264e+00 6.089484e-01
      vertex -5.112895e-01 1.502536e+00 4.022684e-01
    endloop
  endfacet
  facet normal -9.294552e-01 -5.804155e-03 3.688894e-01
    outer loop
      vertex -3.979055e-01 6.396422e-01 -2.862816e-01
      vertex -3.930725e-01 2.939062e-01 -2.795416e-01
      vertex -5.078785e-01 4.692102e-01 -5.660516e-01
    endloop
  endfacet
  facet normal 0.000000e+00 -1.000000e+00 0.000000e+00
    outer loop
      vertex 8.157048e-02 1.497351e+00 1.115028e+00
      vertex 3.132845e-01 1.497351e+00 1.118858e+00
      vertex 8.537348e-02 1.497351e+00 8.707084e-01
    endloop
  endfacet
  facet normal 7.248229e-01 -4.882289e-02 -6.872031e-01
    outer loop
      vertex 4.806385e-01 1.208418e+00 -8.710616e-01
      vertex 4.893445e-01 1.492091e+00 -8.820316e-01
      vertex 3.504795e-01 1.482450e+00 -1.027812e+00
    endloop
  endfacet
  facet normal -3.225470e-01 5.531430e-03 9.465373e-01
    outer loop
      vertex -3.368552e-02 6.466132e-01 -7.234163e-02
      vertex -2.389115e-01 6.735432e-01 -1.424316e-01
      vertex -8.503652e-02 9.304852e-01 -9.149163e-02
    endloop
  endfacet
  facet normal -4.711361e-01 5.445247e-05 -8.820606e-01
    outer loop
      vertex 2.867465e-01 6.793462e-01 -1.425216e-01
      vertex 2.816515e-01 4.693092e-01 -1.398116e-01
      vertex 2.881165e-01 2.933312e-01 -1.432716e-01
    endloop
  endfacet
  facet normal 4.711361e-01 -5.445247e-05 8.820606e-01
    outer loop
      vertex 2.867465e-01 6.793462e-01 -1.425216e-01
      vertex 2.881165e-01 2.933312e-01 -1.432716e-01
      vertex 2.816515e-01 4.693092e-01 -1.398116e-01
    endloop
  endfacet
  facet normal -5.581523e-01 -3.018206e-03 8.297331e-01
    outer loop
      vertex 2.695605e-01 -8.502006e-01 -1.071972e+00
      vertex 3.514175e-01 -4.652208e-01 -1.015512e+00
      vertex 3.570565e-01 -6.585154e-01 -1.012422e+00
    endloop
  endfacet
  facet normal 5.581523e-01 3.018206e-03 -8.297331e-01
    outer loop
      vertex 2.695605e-01 -8.502006e-01 -1.071972e+00
      vertex 3.570565e-01 -6.585154e-01 -1.012422e+00
      vertex 3.514175e-01 -4.652208e-01 -1.015512e+00
    endloop
  endfacet
  facet normal 9.991522e-01 -4.673351e-03 -4.090136e-02
    outer loop
      vertex 5.547975e-01 -8.324237e-01 -5.644516e-01
      vertex 5.555705e-01 -5.947863e-01 -5.727216e-01
      vertex 5.513915e-01 -5.963988e-01 -6.746316e-01
    endloop
  endfacet
  facet normal -9.931249e-02 1.461550e-04 9.950563e-01
    outer loop
      vertex -3.368552e-02 6.466132e-01 -7.234163e-02
      vertex -2.431652e-02 4.683402e-01 -7.138163e-02
      vertex -2.489652e-02 2.817882e-01 -7.141163e-02
    endloop
  endfacet
  facet normal 9.931249e-02 -1.461550e-04 -9.950563e-01
    outer loop
      vertex -3.368552e-02 6.466132e-01 -7.234163e-02
      vertex -2.489652e-02 2.817882e-01 -7.141163e-02
      vertex -2.431652e-02 4.683402e-01 -7.138163e-02
    endloop
  endfacet
  facet normal -3.971708e-02 9.992110e-01 -2.416945e-04
    outer loop
      vertex -5.112985e-01 -1.498037e+00 8.711384e-01
      vertex -3.740805e-01 -1.492649e+00 5.997584e-01
      vertex -3.756925e-01 -1.492649e+00 8.645384e-01
    endloop
  endfacet
  facet normal 0.000000e+00 1.000000e+00 -0.000000e+00
    outer loop
      vertex -3.211435e-01 -1.502649e+00 2.100584e-01
      vertex -2.987825e-01 -1.502649e+00 4.011384e-01
      vertex -3.407535e-01 -1.502649e+00 5.846484e-01
    endloop
  endfacet
  facet normal 0.000000e+00 -1.000000e+00 0.000000e+00
    outer loop
      vertex -3.211435e-01 -1.502649e+00 2.100584e-01
      vertex -3.407535e-01 -1.502649e+00 5.846484e-01
      vertex -2.987825e-01 -1.502649e+00 4.011384e-01
    endloop
  endfacet
  facet normal -4.087541e-03 9.999663e-01 -7.121002e-03
    outer loop
      vertex 9.547148e-02 1.507351e+00 -8.349716e-01
      vertex -4.520152e-02 1.507351e+00 -7.542916e-01
      vertex 9.247548e-02 1.505720e+00 -1.062222e+00
    endloop
  endfacet
  facet normal -9.932622e-01 1.031362e-01 5.284943e-02
    outer loop
      vertex 3.964785e-01 1.497351e+00 1.507318e+00
      vertex 3.872855e-01 1.497351e+00 1.334538e+00
      vertex 4.006845e-01 1.504412e+00 1.572578e+00
    endloop
  endfacet
  facet normal 9.932622e-01 -1.031362e-01 -5.284943e-02
    outer loop
      vertex 3.964785e-01 1.497351e+00 1.507318e+00
      vertex 4.006845e-01 1.504412e+00 1.572578e+00
      vertex 3.872855e-01 1.497351e+00 1.334538e+00
    endloop
  endfacet
  facet normal 3.771438e-01 9.917097e-03 -9.261016e-01
    outer loop
      vertex 6.919748e-02 9.497012e-01 -1.132312e+00
      vertex 3.377885e-01 6.734882e-01 -1.025892e+00
      vertex 3.456265e-01 9.660182e-01 -1.019562e+00
    endloop
  endfacet
  facet normal 0.000000e+00 -1.000000e+00 0.000000e+00
    outer loop
      vertex 9.281848e-02 -1.502649e+00 1.566378e+00
      vertex -4.259652e-02 -1.502649e+00 1.862188e+00
      vertex 9.698648e-02 -1.502649e+00 1.866918e+00
    endloop
  endfacet
  facet normal -0.000000e+00 -1.000000e+00 0.000000e+00
    outer loop
      vertex 4.272295e-01 -1.502649e+00 -5.231616e-01
      vertex 9.465248e-02 -1.502649e+00 -5.283016e-01
      vertex 1.869185e-01 -1.502649e+00 -3.204616e-01
    endloop
  endfacet
  facet normal 2.122108e-03 9.913291e-01 1.313855e-01
    outer loop
      vertex 1.189255e-01 -1.492649e+00 2.017384e-01
      vertex -7.285152e-02 -1.492649e+00 2.048384e-01
      vertex -4.733652e-02 -1.461258e+00 -3.242163e-02
    endloop
  endfacet
  facet normal 9.589816e-03 9.999540e-01 -1.014891e-04
    outer loop
      vertex 9.698648e-02 1.507351e+00 1.833208e+00
      vertex 9.388748e-02 1.507351e+00 1.540338e+00
      vertex 4.006845e-01 1.504412e+00 1.572578e+00
    endloop
  endfacet
  facet normal 0.000000e+00 -1.000000e+00 0.000000e+00
    outer loop
      vertex -3.731052e-02 1.497351e+00 5.894584e-01
      vertex -3.962652e-02 1.497351e+00 8.707084e-01
      vertex 8.537348e-02 1.497351e+00 8.707084e-01
    endloop
  endfacet
  facet normal 9.953325e-01 5.162352e-05 9.650547e-02
    outer loop
      vertex 5.556175e-01 -1.148489e+00 -5.733216e-01
      vertex 5.583515e-01 -1.502649e+00 -6.013416e-01
      vertex 5.549485e-01 -1.408899e+00 -5.662916e-01
    endloop
  endfacet
  facet normal -9.953325e-01 -5.162352e-05 -9.650547e-02
    outer loop
      vertex 5.556175e-01 -1.148489e+00 -5.733216e-01
      vertex 5.549485e-01 -1.408899e+00 -5.662916e-01
      vertex 5.583515e-01 -1.502649e+00 -6.013416e-01
    endloop
  endfacet
  facet normal 7.310433e-01 5.180641e-02 -6.803615e-01
    outer loop
      vertex 3.303605e-01 -1.213847e+00 -1.030342e+00
      vertex 3.438005e-01 -1.474045e+00 -1.035712e+00
      vertex 4.830595e-01 -1.220509e+00 -8.667716e-01
    endloop
  endfacet
  facet normal -0.000000e+00 -1.000000e+00 0.000000e+00
    outer loop
      vertex -4.259652e-02 -1.502649e+00 1.317908e+00
      vertex -3.567135e-01 -1.502649e+00 1.298958e+00
      vertex -3.622405e-01 -1.502649e+00 1.578468e+00
    endloop
  endfacet
  facet normal -3.264838e-01 -9.451969e-01 3.350280e-03
    outer loop
      vertex -5.113325e-01 1.504336e+00 -7.411116e-01
      vertex -4.740325e-01 1.490989e+00 -8.717816e-01
      vertex -5.113365e-01 1.503413e+00 -1.001862e+00
    endloop
  endfacet
  facet normal 7.416044e-01 3.963226e-04 -6.708373e-01
    outer loop
      vertex 4.810925e-01 2.867742e-01 -8.702016e-01
      vertex 4.813955e-01 4.683022e-01 -8.697616e-01
      vertex 3.463775e-01 2.867072e-01 -1.019132e+00
    endloop
  endfacet
  facet normal -7.416044e-01 -3.963226e-04 6.708373e-01
    outer loop
      vertex 4.810925e-01 2.867742e-01 -8.702016e-01
      vertex 3.463775e-01 2.867072e-01 -1.019132e+00
      vertex 4.813955e-01 4.683022e-01 -8.697616e-01
    endloop
  endfacet
  facet normal 4.847422e-03 9.999620e-01 -7.238785e-03
    outer loop
      vertex 9.547148e-02 1.507351e+00 -8.349716e-01
      vertex 9.247548e-02 1.505720e+00 -1.062222e+00
      vertex 3.925915e-01 1.506450e+00 -7.605016e-01
    endloop
  endfacet
  facet normal 1.926587e-03 9.990683e-01 4.311393e-02
    outer loop
      vertex 9.698648e-02 1.507351e+00 1.833208e+00
      vertex 9.230348e-02 1.503045e+00 1.933208e+00
      vertex -4.259652e-02 1.507351e+00 1.839458e+00
    endloop
  endfacet
  facet normal -3.008144e-02 -9.995458e-01 -1.817729e-03
    outer loop
      vertex -5.112985e-01 -1.498037e+00 8.711384e-01
      vertex -3.407535e-01 -1.502649e+00 5.846484e-01
      vertex -5.112915e-01 -1.497561e+00 6.089584e-01
    endloop
  endfacet
  facet normal -1.557779e-01 -9.877921e-01 -2.112954e-05
    outer loop
      vertex -5.112855e-01 1.502249e+00 2.012084e-01
      vertex -3.645865e-01 1.479120e+00 -8.890163e-02
      vertex -5.112855e-01 1.502255e+00 -6.629163e-02
    endloop
  endfacet
  facet normal -3.734262e-01 -4.440739e-03 -9.276493e-01
    outer loop
      vertex -5.902519e-03 7.005572e-01 -1.133962e+00
      vertex -3.054405e-01 9.644552e-01 -1.014642e+00
      vertex -3.091145e-01 6.725662e-01 -1.011772e+00
    endloop
  endfacet
  facet normal 3.124782e-01 5.940677e-03 9.499063e-01
    outer loop
      vertex 1.803765e-01 -6.360420e-01 -1.054016e-01
      vertex 2.873065e-01 -2.731568e-01 -1.428516e-01
      vertex 2.818225e-01 -4.641008e-01 -1.398516e-01
    endloop
  endfacet
  facet normal -3.124782e-01 -5.940677e-03 -9.499063e-01
    outer loop
      vertex 1.803765e-01 -6.360420e-01 -1.054016e-01
      vertex 2.818225e-01 -4.641008e-01 -1.398516e-01
      vertex 2.873065e-01 -2.731568e-01 -1.428516e-01
    endloop
  endfacet
  facet normal -3.732987e-01 5.550042e-03 -9.276946e-01
    outer loop
      vertex -1.709652e-02 -4.754298e-01 -1.132812e+00
      vertex -3.022885e-01 -2.787088e-01 -1.016882e+00
      vertex -2.999565e-01 -6.561757e-01 -1.020082e+00
    endloop
  endfacet
  facet normal 1.295893e-02 -9.999160e-01 -1.797420e-04
    outer loop
      vertex 4.097635e-01 -1.498541e+00 1.566268e+00
      vertex 9.281848e-02 -1.502649e+00 1.566378e+00
      vertex 9.698648e-02 -1.502649e+00 1.866918e+00
    endloop
  endfacet
  facet normal -4.230621e-02 -9.991024e-01 -2.164813e-03
    outer loop
      vertex -3.644205e-01 1.497351e+00 1.126988e+00
      vertex -5.113095e-01 1.503134e+00 1.328598e+00
      vertex -5.113055e-01 1.502612e+00 1.569488e+00
    endloop
  endfacet
  facet normal 5.444952e-01 3.174906e-01 7.763534e-01
    outer loop
      vertex 2.896815e-01 -1.465563e+00 -7.900163e-02
      vertex 1.731255e-01 -1.205429e+00 -1.036316e-01
      vertex 4.543285e-01 -1.211758e+00 -2.982716e-01
    endloop
  endfacet
  facet normal 0.000000e+00 -1.000000e+00 -0.000000e+00
    outer loop
      vertex -4.282752e-02 -1.502649e+00 1.728284e-01
      vertex 8.942648e-02 -1.502649e+00 -5.796163e-02
      vertex -1.106375e-01 -1.502649e+00 -6.893163e-02
    endloop
  endfacet
  facet normal 7.373748e-01 -3.561961e-02 -6.745439e-01
    outer loop
      vertex 4.806385e-01 1.208418e+00 -8.710616e-01
      vertex 3.504795e-01 1.482450e+00 -1.027812e+00
      vertex 3.433685e-01 1.209109e+00 -1.021152e+00
    endloop
  endfacet
  facet normal -2.632977e-03 5.253830e-03 9.999828e-01
    outer loop
      vertex -3.368552e-02 6.466132e-01 -7.234163e-02
      vertex 7.826548e-02 6.504412e-01 -7.206163e-02
      vertex -2.431652e-02 4.683402e-01 -7.138163e-02
    endloop
  endfacet
  facet normal -9.106306e-04 -9.999992e-01 -8.520173e-04
    outer loop
      vertex -3.042852e-02 -1.502649e+00 -6.647316e-01
      vertex 1.039645e-01 -1.502649e+00 -8.083716e-01
      vertex -1.134655e-01 -1.502267e+00 -1.024442e+00
    endloop
  endfacet
  facet normal 9.996917e-01 -5.186643e-03 -2.428421e-02
    outer loop
      vertex 5.514585e-01 9.550722e-01 -6.741516e-01
      vertex 5.542865e-01 9.614962e-01 -5.591016e-01
      vertex 5.553165e-01 1.210934e+00 -5.699916e-01
    endloop
  endfacet
  facet normal 3.020846e-01 -5.059818e-03 9.532677e-01
    outer loop
      vertex 2.801305e-01 9.570092e-01 -1.389516e-01
      vertex 2.867465e-01 6.793462e-01 -1.425216e-01
      vertex 6.342748e-02 9.096442e-01 -7.053163e-02
    endloop
  endfacet
  facet normal 5.697737e-02 5.890048e-01 -8.061185e-01
    outer loop
      vertex 1.927065e-01 -1.502386e+00 -1.067102e+00
      vertex 4.653005e-01 -1.496428e+00 -1.043472e+00
      vertex 3.438005e-01 -1.474045e+00 -1.035712e+00
    endloop
  endfacet
  facet normal 1.284478e-01 -9.915503e-01 -1.814685e-02
    outer loop
      vertex 3.716725e-01 1.504759e+00 5.915284e-01
      vertex 3.121505e-01 1.497351e+00 5.749984e-01
      vertex 4.050115e-01 1.503582e+00 8.918284e-01
    endloop
  endfacet
  facet normal 7.741475e-01 -1.320679e-02 -6.328676e-01
    outer loop
      vertex 4.898815e-01 6.555502e-01 -8.548016e-01
      vertex 4.792975e-01 9.290142e-01 -8.734516e-01
      vertex 3.610145e-01 4.685262e-01 -1.008532e+00
    endloop
  endfacet
  facet normal 1.536929e-08 1.000000e+00 4.682094e-09
    outer loop
      vertex 3.964775e-01 -1.492649e+00 1.507308e+00
      vertex 1.434665e-01 -1.492649e+00 1.542188e+00
      vertex 1.470205e-01 -1.492649e+00 1.331608e+00
    endloop
  endfacet
  facet normal -7.302983e-03 9.998957e-01 -1.245811e-02
    outer loop
      vertex -4.195152e-02 1.505715e+00 -1.063702e+00
      vertex -3.471665e-01 1.507351e+00 -7.534716e-01
      vertex -3.739695e-01 1.503344e+00 -1.059372e+00
    endloop
  endfacet
  facet normal 0.000000e+00 -1.000000e+00 0.000000e+00
    outer loop
      vertex -4.700452e-02 -1.502649e+00 1.131258e+00
      vertex 8.755748e-02 -1.502649e+00 1.130108e+00
      vertex 9.281848e-02 -1.502649e+00 8.614484e-01
    endloop
  endfacet
  facet normal 0.000000e+00 1.000000e+00 0.000000e+00
    outer loop
      vertex -4.700452e-02 -1.502649e+00 1.131258e+00
      vertex 9.281848e-02 -1.502649e+00 8.614484e-01
      vertex 8.755748e-02 -1.502649e+00 1.130108e+00
    endloop
  endfacet
  facet normal -5.264449e-05 1.000000e+00 -1.914786e-06
    outer loop
      vertex 9.698648e-02 1.507351e+00 1.083228e+00
      vertex 1.281725e-01 1.507352e+00 8.483784e-01
      vertex 9.028848e-02 1.507351e+00 1.267368e+00
    endloop
  endfacet
  facet normal 5.264449e-05 -1.000000e+00 1.914786e-06
    outer loop
      vertex 9.698648e-02 1.507351e+00 1.083228e+00
      vertex 9.028848e-02 1.507351e+00 1.267368e+00
      vertex 1.281725e-01 1.507352e+00 8.483784e-01
    endloop
  endfacet
  facet normal -9.989744e-01 1.976495e-03 -4.523420e-02
    outer loop
      vertex -5.086775e-01 -9.709564e-01 -5.753616e-01
      vertex -5.089705e-01 -1.205997e+00 -5.791716e-01
      vertex -5.041875e-01 -9.604613e-01 -6.740716e-01
    endloop
  endfacet
  facet normal -6.700206e-01 -7.468168e-03 7.423050e-01
    outer loop
      vertex -3.909695e-01 9.251232e-01 -2.771516e-01
      vertex -2.389115e-01 6.735432e-01 -1.424316e-01
      vertex -3.979055e-01 6.396422e-01 -2.862816e-01
    endloop
  endfacet
  facet normal 1.366865e-02 -9.999062e-01 -7.488252e-04
    outer loop
      vertex 8.755748e-02 -1.502649e+00 1.130108e+00
      vertex 4.163655e-01 -1.498160e+00 1.137778e+00
      vertex 4.154405e-01 -1.497972e+00 8.696984e-01
    endloop
  endfacet
  facet normal -2.973803e-02 9.995552e-01 2.252775e-03
    outer loop
      vertex -5.113055e-01 1.502612e+00 1.569488e+00
      vertex -3.521455e-01 1.507350e+00 1.568098e+00
      vertex -3.314325e-01 1.507351e+00 1.841418e+00
    endloop
  endfacet
  facet normal 9.276460e-03 -9.995672e-01 2.791821e-02
    outer loop
      vertex 3.705725e-01 -1.498258e+00 1.933208e+00
      vertex 3.988895e-01 -1.500077e+00 1.858678e+00
      vertex 9.698648e-02 -1.502649e+00 1.866918e+00
    endloop
  endfacet
  facet normal -9.986548e-01 1.964064e-02 -4.798766e-02
    outer loop
      vertex -5.089705e-01 -1.205997e+00 -5.791716e-01
      vertex -5.097485e-01 -1.484279e+00 -6.768716e-01
      vertex -5.041015e-01 -1.191573e+00 -6.745916e-01
    endloop
  endfacet
  facet normal 9.986548e-01 -1.964064e-02 4.798766e-02
    outer loop
      vertex -5.089705e-01 -1.205997e+00 -5.791716e-01
      vertex -5.041015e-01 -1.191573e+00 -6.745916e-01
      vertex -5.097485e-01 -1.484279e+00 -6.768716e-01
    endloop
  endfacet
  facet normal -2.055084e-01 -9.761115e-01 7.051745e-02
    outer loop
      vertex 3.872855e-01 -1.492649e+00 1.334548e+00
      vertex 4.102185e-01 -1.498488e+00 1.320548e+00
      vertex 3.132815e-01 -1.492649e+00 1.118878e+00
    endloop
  endfacet
  facet normal 2.055084e-01 9.761115e-01 -7.051745e-02
    outer loop
      vertex 3.872855e-01 -1.492649e+00 1.334548e+00
      vertex 3.132815e-01 -1.492649e+00 1.118878e+00
      vertex 4.102185e-01 -1.498488e+00 1.320548e+00
    endloop
  endfacet
  facet normal 0.000000e+00 -1.000000e+00 0.000000e+00
    outer loop
      vertex -4.259995e-01 1.497351e+00 1.589508e+00
      vertex -4.822255e-01 1.497351e+00 1.835288e+00
      vertex -2.494715e-01 1.497351e+00 1.849868e+00
    endloop
  endfacet
  facet normal -3.379764e-03 7.632988e-03 -9.999652e-01
    outer loop
      vertex 6.919748e-02 9.497012e-01 -1.132312e+00
      vertex -2.765452e-02 9.787802e-01 -1.131762e+00
      vertex -5.902519e-03 7.005572e-01 -1.133962e+00
    endloop
  endfacet
  facet normal 1.003547e-01 -1.413323e-04 9.949517e-01
    outer loop
      vertex 6.342748e-02 9.096442e-01 -7.053163e-02
      vertex 7.826548e-02 6.504412e-01 -7.206163e-02
      vertex 7.589148e-02 4.684962e-01 -7.185163e-02
    endloop
  endfacet
  facet normal -1.003547e-01 1.413323e-04 -9.949517e-01
    outer loop
      vertex 6.342748e-02 9.096442e-01 -7.053163e-02
      vertex 7.589148e-02 4.684962e-01 -7.185163e-02
      vertex 7.826548e-02 6.504412e-01 -7.206163e-02
    endloop
  endfacet
  facet normal 5.575592e-02 -9.984254e-01 6.146768e-03
    outer loop
      vertex 2.865125e-01 1.497351e+00 1.849868e+00
      vertex 3.748045e-01 1.502795e+00 1.933208e+00
      vertex 4.198005e-01 1.504790e+00 1.849118e+00
    endloop
  endfacet
  facet normal 9.210603e-01 -1.933902e-01 -3.380063e-01
    outer loop
      vertex 5.302225e-01 -1.502649e+00 -6.779916e-01
      vertex 5.583515e-01 -1.502649e+00 -6.013416e-01
      vertex 5.515585e-01 -1.408899e+00 -6.734916e-01
    endloop
  endfacet
  facet normal -3.504299e-01 -2.217275e-02 -9.363264e-01
    outer loop
      vertex -2.889565e-01 -1.210365e+00 -1.025992e+00
      vertex -2.960519e-03 -1.158670e+00 -1.134252e+00
      vertex -2.464552e-02 -9.084201e-01 -1.132062e+00
    endloop
  endfacet
  facet normal -3.383878e-06 1.000000e+00 8.390101e-07
    outer loop
      vertex -4.259652e-02 1.507351e+00 1.558208e+00
      vertex -4.408452e-02 1.507351e+00 1.268038e+00
      vertex 9.388748e-02 1.507351e+00 1.540338e+00
    endloop
  endfacet
  facet normal -9.990864e-01 -3.904000e-04 -4.273537e-02
    outer loop
      vertex -5.084665e-01 -6.656592e-01 -5.728216e-01
      vertex -5.042365e-01 -4.642908e-01 -6.735516e-01
      vertex -5.085715e-01 -2.694168e-01 -5.739816e-01
    endloop
  endfacet
  facet normal 0.000000e+00 -1.000000e+00 0.000000e+00
    outer loop
      vertex -5.084652e-02 -1.502649e+00 5.395584e-01
      vertex -3.407535e-01 -1.502649e+00 5.846484e-01
      vertex -3.332975e-01 -1.502649e+00 8.690184e-01
    endloop
  endfacet
  facet normal -3.729326e-01 4.882806e-03 -9.278456e-01
    outer loop
      vertex -1.709652e-02 -4.754298e-01 -1.132812e+00
      vertex -2.999565e-01 -6.561757e-01 -1.020082e+00
      vertex -2.464552e-02 -9.084201e-01 -1.132062e+00
    endloop
  endfacet
  facet normal 2.344491e-02 -9.995551e-01 -1.843919e-02
    outer loop
      vertex 1.927065e-01 -1.502386e+00 -1.067102e+00
      vertex 3.920265e-01 -1.502329e+00 -8.167816e-01
      vertex 4.653005e-01 -1.496428e+00 -1.043472e+00
    endloop
  endfacet
  facet normal 0.000000e+00 -1.000000e+00 0.000000e+00
    outer loop
      vertex -6.572452e-02 1.497351e+00 3.751684e-01
      vertex 9.705348e-02 1.497351e+00 5.730484e-01
      vertex 1.312245e-01 1.497351e+00 3.816084e-01
    endloop
  endfacet
  facet normal -9.992855e-01 -2.192042e-03 -3.773304e-02
    outer loop
      vertex -5.041535e-01 9.568782e-01 -6.741416e-01
      vertex -5.085195e-01 1.217557e+00 -5.736616e-01
      vertex -5.081315e-01 9.628212e-01 -5.691316e-01
    endloop
  endfacet
  facet normal -0.000000e+00 -1.000000e+00 0.000000e+00
    outer loop
      vertex -3.042852e-02 -1.502649e+00 -6.647316e-01
      vertex -3.501885e-01 -1.502649e+00 -7.432016e-01
      vertex -5.534552e-02 -1.502649e+00 -5.419616e-01
    endloop
  endfacet
  facet normal -3.137766e-01 -1.326201e-03 9.494959e-01
    outer loop
      vertex -2.323252e-02 -1.351481e-02 -7.127163e-02
      vertex -2.374245e-01 2.852912e-01 -1.416316e-01
      vertex -2.489652e-02 2.817882e-01 -7.141163e-02
    endloop
  endfacet
  facet normal -9.991534e-01 -1.031361e-05 4.114025e-02
    outer loop
      vertex 5.556175e-01 -1.148489e+00 -5.733216e-01
      vertex 5.514625e-01 -1.148184e+00 -6.742116e-01
      vertex 5.514515e-01 -8.307738e-01 -6.744116e-01
    endloop
  endfacet
  facet normal 9.991534e-01 1.031361e-05 -4.114025e-02
    outer loop
      vertex 5.556175e-01 -1.148489e+00 -5.733216e-01
      vertex 5.514515e-01 -8.307738e-01 -6.744116e-01
      vertex 5.514625e-01 -1.148184e+00 -6.742116e-01
    endloop
  endfacet
  facet normal 3.811045e-01 1.268489e-02 -9.244449e-01
    outer loop
      vertex -1.470135e-01 -6.429860e-01 -1.093016e-01
      vertex -2.372305e-01 -2.805458e-01 -1.415216e-01
      vertex -2.557885e-01 -4.641528e-01 -1.516916e-01
    endloop
  endfacet
  facet normal -3.811045e-01 -1.268489e-02 9.244449e-01
    outer loop
      vertex -1.470135e-01 -6.429860e-01 -1.093016e-01
      vertex -2.557885e-01 -4.641528e-01 -1.516916e-01
      vertex -2.372305e-01 -2.805458e-01 -1.415216e-01
    endloop
  endfacet
  facet normal 0.000000e+00 -1.000000e+00 -0.000000e+00
    outer loop
      vertex -4.113852e-02 1.497351e+00 1.849868e+00
      vertex 1.434665e-01 1.497351e+00 1.542188e+00
      vertex -1.230015e-01 1.497351e+00 1.522728e+00
    endloop
  endfacet
  facet normal -2.263643e-07 1.000000e+00 7.700410e-08
    outer loop
      vertex 8.157248e-02 -1.492649e+00 1.115028e+00
      vertex 3.132815e-01 -1.492649e+00 1.118878e+00
      vertex 1.470205e-01 -1.492649e+00 1.331608e+00
    endloop
  endfacet
  facet normal 1.194284e-06 1.000000e+00 -9.696755e-06
    outer loop
      vertex -3.218152e-02 1.507350e+00 4.019584e-01
      vertex 1.674515e-01 1.507350e+00 4.019584e-01
      vertex 9.281848e-02 1.507352e+00 5.894684e-01
    endloop
  endfacet
  facet normal -3.261155e-01 7.914366e-03 9.452968e-01
    outer loop
      vertex -8.503652e-02 9.304852e-01 -9.149163e-02
      vertex -2.389115e-01 6.735432e-01 -1.424316e-01
      vertex -2.537585e-01 1.030421e+00 -1.505416e-01
    endloop
  endfacet
  facet normal 3.261155e-01 -7.914366e-03 -9.452968e-01
    outer loop
      vertex -8.503652e-02 9.304852e-01 -9.149163e-02
      vertex -2.537585e-01 1.030421e+00 -1.505416e-01
      vertex -2.389115e-01 6.735432e-01 -1.424316e-01
    endloop
  endfacet
  facet normal -2.944439e-02 -9.995646e-01 -1.854814e-03
    outer loop
      vertex -3.567135e-01 -1.502649e+00 1.298958e+00
      vertex -3.444865e-01 -1.502649e+00 1.104868e+00
      vertex -5.112965e-01 -1.497806e+00 1.142978e+00
    endloop
  endfacet
  facet normal 9.311521e-01 1.029514e-02 3.644855e-01
    outer loop
      vertex 4.354995e-01 9.014132e-01 -2.709616e-01
      vertex 5.554145e-01 6.778862e-01 -5.709916e-01
      vertex 4.443875e-01 6.204822e-01 -2.857316e-01
    endloop
  endfacet
  facet normal 9.991403e-01 2.098790e-04 -4.145620e-02
    outer loop
      vertex 5.514975e-01 -5.052809e-03 -6.739816e-01
      vertex 5.556185e-01 2.811012e-01 -5.732016e-01
      vertex 5.514105e-01 2.875302e-01 -6.745916e-01
    endloop
  endfacet
  facet normal 6.774216e-01 -3.063141e-02 7.349570e-01
    outer loop
      vertex 4.507555e-01 2.848412e-01 -2.935416e-01
      vertex 2.881165e-01 2.933312e-01 -1.432716e-01
      vertex 4.369865e-01 4.683722e-01 -2.732016e-01
    endloop
  endfacet
  facet normal -5.010064e-01 -8.313940e-02 -8.614409e-01
    outer loop
      vertex 1.803765e-01 -6.360420e-01 -1.054016e-01
      vertex 2.979705e-01 -8.961428e-01 -1.486916e-01
      vertex 4.344625e-01 -4.652958e-01 -2.696616e-01
    endloop
  endfacet
  facet normal 5.010064e-01 8.313940e-02 8.614409e-01
    outer loop
      vertex 1.803765e-01 -6.360420e-01 -1.054016e-01
      vertex 4.344625e-01 -4.652958e-01 -2.696616e-01
      vertex 2.979705e-01 -8.961428e-01 -1.486916e-01
    endloop
  endfacet
  facet normal -2.869444e-02 9.995872e-01 1.472604e-03
    outer loop
      vertex -3.521455e-01 1.507350e+00 1.568098e+00
      vertex -5.113095e-01 1.503134e+00 1.328598e+00
      vertex -3.667315e-01 1.507350e+00 1.284218e+00
    endloop
  endfacet
  facet normal 9.266282e-01 9.763077e-04 3.759776e-01
    outer loop
      vertex 4.419595e-01 -2.816138e-01 -2.806116e-01
      vertex 4.413585e-01 -4.727809e-03 -2.798516e-01
      vertex 5.541645e-01 -3.902809e-03 -5.578716e-01
    endloop
  endfacet
  facet normal 1.372463e-01 9.905065e-01 -7.764472e-03
    outer loop
      vertex 3.952695e-01 1.503767e+00 -1.055452e+00
      vertex 4.893445e-01 1.492091e+00 -8.820316e-01
      vertex 3.925915e-01 1.506450e+00 -7.605016e-01
    endloop
  endfacet
  facet normal -1.372463e-01 -9.905065e-01 7.764472e-03
    outer loop
      vertex 3.952695e-01 1.503767e+00 -1.055452e+00
      vertex 3.925915e-01 1.506450e+00 -7.605016e-01
      vertex 4.893445e-01 1.492091e+00 -8.820316e-01
    endloop
  endfacet
  facet normal 5.111629e-01 -7.490176e-02 -8.562139e-01
    outer loop
      vertex -3.835195e-01 -4.649618e-01 -2.660716e-01
      vertex -2.554515e-01 -9.003794e-01 -1.515216e-01
      vertex -1.470135e-01 -6.429860e-01 -1.093016e-01
    endloop
  endfacet
  facet normal -5.111629e-01 7.490176e-02 8.562139e-01
    outer loop
      vertex -3.835195e-01 -4.649618e-01 -2.660716e-01
      vertex -1.470135e-01 -6.429860e-01 -1.093016e-01
      vertex -2.554515e-01 -9.003794e-01 -1.515216e-01
    endloop
  endfacet
  facet normal -6.358347e-04 9.989172e-01 4.651971e-02
    outer loop
      vertex -3.516095e-01 1.503063e+00 1.933208e+00
      vertex -3.314325e-01 1.507351e+00 1.841418e+00
      vertex -4.259452e-02 1.503260e+00 1.933208e+00
    endloop
  endfacet
  facet normal 5.738664e-01 2.187408e-03 -8.189460e-01
    outer loop
      vertex 3.303605e-01 -1.213847e+00 -1.030342e+00
      vertex 3.703365e-01 -9.787394e-01 -1.001702e+00
      vertex 2.695605e-01 -8.502006e-01 -1.071972e+00
    endloop
  endfacet
  facet normal -5.738664e-01 -2.187408e-03 8.189460e-01
    outer loop
      vertex 3.303605e-01 -1.213847e+00 -1.030342e+00
      vertex 2.695605e-01 -8.502006e-01 -1.071972e+00
      vertex 3.703365e-01 -9.787394e-01 -1.001702e+00
    endloop
  endfacet
  facet normal -3.979294e-03 -9.979722e-01 6.352621e-02
    outer loop
      vertex -3.516095e-01 1.503063e+00 1.933208e+00
      vertex -2.494715e-01 1.497351e+00 1.849868e+00
      vertex -4.822255e-01 1.497351e+00 1.835288e+00
    endloop
  endfacet
  facet normal -1.214334e-02 -6.101107e-03 -9.999076e-01
    outer loop
      vertex -2.464552e-02 -9.084201e-01 -1.132062e+00
      vertex 5.882048e-02 -8.582304e-01 -1.133382e+00
      vertex -7.125519e-03 -6.557030e-01 -1.133812e+00
    endloop
  endfacet
  facet normal 3.137976e-01 5.507292e-03 9.494740e-01
    outer loop
      vertex 1.803765e-01 -6.360420e-01 -1.054016e-01
      vertex 7.566048e-02 -4.648338e-01 -7.179163e-02
      vertex 2.873065e-01 -2.731568e-01 -1.428516e-01
    endloop
  endfacet
  facet normal -2.599328e-02 9.996618e-01 6.703107e-04
    outer loop
      vertex -3.262015e-01 1.507350e+00 4.000484e-01
      vertex -3.213535e-01 1.507350e+00 5.884184e-01
      vertex -5.112895e-01 1.502536e+00 4.022684e-01
    endloop
  endfacet
  facet normal 0.000000e+00 -1.000000e+00 0.000000e+00
    outer loop
      vertex -4.282752e-02 -1.502649e+00 1.728284e-01
      vertex -3.691952e-02 -1.502649e+00 4.015984e-01
      vertex 9.288348e-02 -1.502649e+00 2.015384e-01
    endloop
  endfacet
  facet normal -3.135023e-01 5.538015e-02 -9.479710e-01
    outer loop
      vertex -5.092452e-02 1.493044e+00 -1.108772e+00
      vertex 2.001048e-02 1.419226e+00 -1.136552e+00
      vertex 2.622548e-02 1.453234e+00 -1.136612e+00
    endloop
  endfacet
  facet normal 3.557550e-01 -4.738107e-02 -9.333774e-01
    outer loop
      vertex 6.861848e-02 -1.169062e+00 -1.132372e+00
      vertex 3.303605e-01 -1.213847e+00 -1.030342e+00
      vertex 2.695605e-01 -8.502006e-01 -1.071972e+00
    endloop
  endfacet
  facet normal 7.377487e-01 7.998820e-03 -6.750280e-01
    outer loop
      vertex 3.703365e-01 -9.787394e-01 -1.001702e+00
      vertex 4.714395e-01 -6.497608e-01 -8.873016e-01
      vertex 3.570565e-01 -6.585154e-01 -1.012422e+00
    endloop
  endfacet
  facet normal 1.613014e-01 5.502564e-03 9.868898e-01
    outer loop
      vertex -2.999152e-02 -9.257778e-01 -7.199163e-02
      vertex 1.731255e-01 -1.205429e+00 -1.036316e-01
      vertex -2.418352e-02 -1.215089e+00 -7.133163e-02
    endloop
  endfacet
  facet normal -9.349542e-01 -4.513701e-02 3.518853e-01
    outer loop
      vertex -5.094405e-01 1.468545e+00 -5.439216e-01
      vertex -4.026115e-01 1.211176e+00 -2.930916e-01
      vertex -5.085195e-01 1.217557e+00 -5.736616e-01
    endloop
  endfacet
  facet normal -0.000000e+00 -1.000000e+00 0.000000e+00
    outer loop
      vertex 1.470205e-01 1.497351e+00 1.331618e+00
      vertex -1.117465e-01 1.497351e+00 1.331118e+00
      vertex -1.230015e-01 1.497351e+00 1.522728e+00
    endloop
  endfacet
  facet normal 9.994944e-01 -3.419765e-03 -3.160987e-02
    outer loop
      vertex 5.556175e-01 -1.148489e+00 -5.733216e-01
      vertex 5.515585e-01 -1.408899e+00 -6.734916e-01
      vertex 5.549485e-01 -1.408899e+00 -5.662916e-01
    endloop
  endfacet
  facet normal -7.306729e-02 9.973222e-01 3.097048e-03
    outer loop
      vertex 3.013655e-01 1.497351e+00 8.376684e-01
      vertex 4.014195e-01 1.503824e+00 1.113788e+00
      vertex 3.132845e-01 1.497351e+00 1.118858e+00
    endloop
  endfacet
  facet normal 7.306729e-02 -9.973222e-01 -3.097048e-03
    outer loop
      vertex 3.013655e-01 1.497351e+00 8.376684e-01
      vertex 3.132845e-01 1.497351e+00 1.118858e+00
      vertex 4.014195e-01 1.503824e+00 1.113788e+00
    endloop
  endfacet
  facet normal -6.629172e-01 7.504852e-03 7.486551e-01
    outer loop
      vertex -3.930725e-01 2.939062e-01 -2.795416e-01
      vertex -2.374245e-01 2.852912e-01 -1.416316e-01
      vertex -2.456185e-01 1.282219e-02 -1.461616e-01
    endloop
  endfacet
  facet normal 2.796527e-01 3.068459e-03 -9.600963e-01
    outer loop
      vertex 2.695605e-01 -8.502006e-01 -1.071972e+00
      vertex 5.445448e-02 -5.963988e-01 -1.133812e+00
      vertex 5.882048e-02 -8.582304e-01 -1.133382e+00
    endloop
  endfacet
  facet normal -6.580390e-01 -1.055765e-01 -7.455456e-01
    outer loop
      vertex -2.888435e-01 1.482041e+00 -1.033972e+00
      vertex -4.740325e-01 1.490989e+00 -8.717816e-01
      vertex -4.356855e-01 1.203384e+00 -8.649016e-01
    endloop
  endfacet
  facet normal -5.940499e-06 1.000000e+00 -2.454055e-06
    outer loop
      vertex -3.782452e-02 1.507351e+00 8.615884e-01
      vertex -4.831052e-02 1.507351e+00 5.955184e-01
      vertex 1.281725e-01 1.507352e+00 8.483784e-01
    endloop
  endfacet
  facet normal 5.940499e-06 -1.000000e+00 2.454055e-06
    outer loop
      vertex -3.782452e-02 1.507351e+00 8.615884e-01
      vertex 1.281725e-01 1.507352e+00 8.483784e-01
      vertex -4.831052e-02 1.507351e+00 5.955184e-01
    endloop
  endfacet
  facet normal 2.218306e-09 1.000000e+00 -4.722903e-09
    outer loop
      vertex 1.434665e-01 -1.492649e+00 1.542188e+00
      vertex 1.956325e-01 -1.492649e+00 1.763878e+00
      vertex -4.113852e-02 -1.492649e+00 1.849868e+00
    endloop
  endfacet
  facet normal 2.716542e-02 9.996302e-01 -1.238021e-03
    outer loop
      vertex 4.014195e-01 1.503824e+00 1.113788e+00
      vertex 4.006845e-01 1.504412e+00 1.572578e+00
      vertex 3.718395e-01 1.504863e+00 1.303488e+00
    endloop
  endfacet
  facet normal -2.716542e-02 -9.996302e-01 1.238021e-03
    outer loop
      vertex 4.014195e-01 1.503824e+00 1.113788e+00
      vertex 3.718395e-01 1.504863e+00 1.303488e+00
      vertex 4.006845e-01 1.504412e+00 1.572578e+00
    endloop
  endfacet
  facet normal 8.194268e-07 1.000000e+00 -1.315655e-06
    outer loop
      vertex -3.262015e-01 1.507350e+00 4.000484e-01
      vertex -3.232075e-01 1.507350e+00 2.206984e-01
      vertex -3.218152e-02 1.507350e+00 4.019584e-01
    endloop
  endfacet
  facet normal -3.422730e-01 -2.289473e-02 9.393216e-01
    outer loop
      vertex -8.503652e-02 9.304852e-01 -9.149163e-02
      vertex -2.537585e-01 1.030421e+00 -1.505416e-01
      vertex -2.288985e-01 1.215628e+00 -1.369716e-01
    endloop
  endfacet
  facet normal 3.422730e-01 2.289473e-02 -9.393216e-01
    outer loop
      vertex -8.503652e-02 9.304852e-01 -9.149163e-02
      vertex -2.288985e-01 1.215628e+00 -1.369716e-01
      vertex -2.537585e-01 1.030421e+00 -1.505416e-01
    endloop
  endfacet
  facet normal 8.924667e-01 5.126823e-02 4.481905e-01
    outer loop
      vertex 5.553165e-01 1.210934e+00 -5.699916e-01
      vertex 5.247685e-01 1.489995e+00 -5.410916e-01
      vertex 5.583225e-01 1.440533e+00 -6.022416e-01
    endloop
  endfacet
  facet normal -1.112819e-05 9.999861e-01 -5.284533e-03
    outer loop
      vertex -4.195152e-02 1.505715e+00 -1.063702e+00
      vertex -4.520152e-02 1.507351e+00 -7.542916e-01
      vertex -3.471665e-01 1.507351e+00 -7.534716e-01
    endloop
  endfacet
  facet normal -9.999958e-01 2.916759e-03 -1.270673e-04
    outer loop
      vertex -5.113535e-01 1.501946e+00 1.933208e+00
      vertex -5.113055e-01 1.502612e+00 1.569488e+00
      vertex -5.113395e-01 1.503159e+00 1.852218e+00
    endloop
  endfacet
  facet normal 9.999958e-01 -2.916759e-03 1.270673e-04
    outer loop
      vertex -5.113535e-01 1.501946e+00 1.933208e+00
      vertex -5.113395e-01 1.503159e+00 1.852218e+00
      vertex -5.113055e-01 1.502612e+00 1.569488e+00
    endloop
  endfacet
  facet normal 0.000000e+00 -1.000000e+00 0.000000e+00
    outer loop
      vertex 1.189285e-01 1.497351e+00 2.017384e-01
      vertex 3.044125e-01 1.497351e+00 3.983684e-01
      vertex 2.979585e-01 1.497351e+00 2.133584e-01
    endloop
  endfacet
  facet normal 0.000000e+00 1.000000e+00 0.000000e+00
    outer loop
      vertex 1.189285e-01 1.497351e+00 2.017384e-01
      vertex 2.979585e-01 1.497351e+00 2.133584e-01
      vertex 3.044125e-01 1.497351e+00 3.983684e-01
    endloop
  endfacet
  facet normal -3.174772e-02 -9.994958e-01 -4.969533e-04
    outer loop
      vertex -3.665425e-01 -1.502649e+00 1.853298e+00
      vertex -3.622405e-01 -1.502649e+00 1.578468e+00
      vertex -5.113055e-01 -1.497909e+00 1.569468e+00
    endloop
  endfacet
  facet normal -9.144272e-02 -3.690797e-01 9.248883e-01
    outer loop
      vertex -1.134655e-01 -1.502267e+00 -1.024442e+00
      vertex -4.411705e-01 -1.496938e+00 -1.054712e+00
      vertex -3.053075e-01 -1.472517e+00 -1.031532e+00
    endloop
  endfacet
  facet normal 9.144272e-02 3.690797e-01 -9.248883e-01
    outer loop
      vertex -1.134655e-01 -1.502267e+00 -1.024442e+00
      vertex -3.053075e-01 -1.472517e+00 -1.031532e+00
      vertex -4.411705e-01 -1.496938e+00 -1.054712e+00
    endloop
  endfacet
  facet normal 9.405494e-01 -4.131581e-04 3.396567e-01
    outer loop
      vertex -5.041015e-01 -1.191573e+00 -6.745916e-01
      vertex -5.041875e-01 -9.604613e-01 -6.740716e-01
      vertex -4.348425e-01 -1.218490e+00 -8.664016e-01
    endloop
  endfacet
  facet normal -9.405494e-01 4.131581e-04 -3.396567e-01
    outer loop
      vertex -5.041015e-01 -1.191573e+00 -6.745916e-01
      vertex -4.348425e-01 -1.218490e+00 -8.664016e-01
      vertex -5.041875e-01 -9.604613e-01 -6.740716e-01
    endloop
  endfacet
  facet normal 5.273305e-02 9.986022e-01 3.566645e-03
    outer loop
      vertex 4.163655e-01 -1.498160e+00 1.137778e+00
      vertex 4.102185e-01 -1.498488e+00 1.320548e+00
      vertex 3.132815e-01 -1.492649e+00 1.118878e+00
    endloop
  endfacet
  facet normal -5.273305e-02 -9.986022e-01 -3.566645e-03
    outer loop
      vertex 4.163655e-01 -1.498160e+00 1.137778e+00
      vertex 3.132815e-01 -1.492649e+00 1.118878e+00
      vertex 4.102185e-01 -1.498488e+00 1.320548e+00
    endloop
  endfacet
  facet normal -4.835598e-01 -3.398093e-01 8.066594e-01
    outer loop
      vertex -8.503652e-02 9.304852e-01 -9.149163e-02
      vertex -3.909695e-01 9.251232e-01 -2.771516e-01
      vertex -2.537585e-01 1.030421e+00 -1.505416e-01
    endloop
  endfacet
  facet normal 3.349596e-02 9.994178e-01 6.495242e-03
    outer loop
      vertex 1.956325e-01 -1.492649e+00 1.763878e+00
      vertex 4.097635e-01 -1.498541e+00 1.566268e+00
      vertex 3.988895e-01 -1.500077e+00 1.858678e+00
    endloop
  endfacet
  facet normal 5.511007e-01 -5.130386e-01 6.580877e-01
    outer loop
      vertex 5.514625e-01 -1.148184e+00 -6.742116e-01
      vertex 4.907825e-01 -1.473362e+00 -8.769016e-01
      vertex 3.920265e-01 -1.502329e+00 -8.167816e-01
    endloop
  endfacet
  facet normal -5.511007e-01 5.130386e-01 -6.580877e-01
    outer loop
      vertex 5.514625e-01 -1.148184e+00 -6.742116e-01
      vertex 3.920265e-01 -1.502329e+00 -8.167816e-01
      vertex 4.907825e-01 -1.473362e+00 -8.769016e-01
    endloop
  endfacet
  facet normal 2.093650e-05 9.999861e-01 -5.284197e-03
    outer loop
      vertex 9.247548e-02 1.505720e+00 -1.062222e+00
      vertex -4.520152e-02 1.507351e+00 -7.542916e-01
      vertex -4.195152e-02 1.505715e+00 -1.063702e+00
    endloop
  endfacet
  facet normal -1.391559e-02 -9.999014e-01 1.902006e-03
    outer loop
      vertex 9.281848e-02 1.507352e+00 5.894684e-01
      vertex 1.281725e-01 1.507352e+00 8.483784e-01
      vertex 4.050115e-01 1.503582e+00 8.918284e-01
    endloop
  endfacet
  facet normal 1.391559e-02 9.999014e-01 -1.902006e-03
    outer loop
      vertex 9.281848e-02 1.507352e+00 5.894684e-01
      vertex 4.050115e-01 1.503582e+00 8.918284e-01
      vertex 1.281725e-01 1.507352e+00 8.483784e-01
    endloop
  endfacet
  facet normal -2.671523e-02 9.996427e-01 8.532228e-04
    outer loop
      vertex -3.316875e-01 1.507351e+00 1.091218e+00
      vertex -5.112965e-01 1.502506e+00 1.142988e+00
      vertex -5.112985e-01 1.502738e+00 8.711184e-01
    endloop
  endfacet
  facet normal -3.633314e-01 1.805817e-04 -9.316599e-01
    outer loop
      vertex -1.332552e-02 6.598191e-03 -1.133232e+00
      vertex -1.329152e-02 2.715242e-01 -1.133192e+00
      vertex -2.910445e-01 2.884972e-01 -1.024872e+00
    endloop
  endfacet
  facet normal -8.784389e-02 -7.284917e-01 -6.793992e-01
    outer loop
      vertex -1.134655e-01 -1.502267e+00 -1.024442e+00
      vertex -2.007452e-02 -1.412748e+00 -1.132502e+00
      vertex -3.053075e-01 -1.472517e+00 -1.031532e+00
    endloop
  endfacet
  facet normal 1.000690e-02 9.999409e-01 -4.230131e-03
    outer loop
      vertex 3.838825e-01 1.504410e+00 2.189384e-01
      vertex 1.674515e-01 1.507350e+00 4.019584e-01
      vertex 9.222248e-02 1.507351e+00 2.242784e-01
    endloop
  endfacet
  facet normal -9.986988e-01 -2.564193e-04 -5.099788e-02
    outer loop
      vertex -5.089705e-01 -1.205997e+00 -5.791716e-01
      vertex -5.041015e-01 -1.191573e+00 -6.745916e-01
      vertex -5.041875e-01 -9.604613e-01 -6.740716e-01
    endloop
  endfacet
  facet normal 9.410476e-01 -7.475573e-04 -3.382733e-01
    outer loop
      vertex 4.810925e-01 2.867742e-01 -8.702016e-01
      vertex 5.514105e-01 2.875302e-01 -6.745916e-01
      vertex 4.813955e-01 4.683022e-01 -8.697616e-01
    endloop
  endfacet
  facet normal -3.410598e-01 4.114313e-02 -9.391408e-01
    outer loop
      vertex -2.889565e-01 -1.210365e+00 -1.025992e+00
      vertex -3.053075e-01 -1.472517e+00 -1.031532e+00
      vertex -2.007452e-02 -1.412748e+00 -1.132502e+00
    endloop
  endfacet
  facet normal -3.877359e-01 -1.622641e-02 -9.216276e-01
    outer loop
      vertex -3.054405e-01 9.644552e-01 -1.014642e+00
      vertex -2.765452e-02 9.787802e-01 -1.131762e+00
      vertex -2.892775e-01 1.213939e+00 -1.025842e+00
    endloop
  endfacet
  facet normal 3.127046e-01 4.303284e-03 9.498407e-01
    outer loop
      vertex 2.881165e-01 2.933312e-01 -1.432716e-01
      vertex 2.835465e-01 6.464719e-02 -1.407316e-01
      vertex 1.203375e-01 -1.845781e-02 -8.663163e-02
    endloop
  endfacet
  facet normal 2.088360e-02 9.997429e-01 -8.835242e-03
    outer loop
      vertex 3.716725e-01 1.504759e+00 5.915284e-01
      vertex 1.674515e-01 1.507350e+00 4.019584e-01
      vertex 9.222248e-02 1.507351e+00 2.242784e-01
    endloop
  endfacet
  facet normal -2.088360e-02 -9.997429e-01 8.835242e-03
    outer loop
      vertex 3.716725e-01 1.504759e+00 5.915284e-01
      vertex 9.222248e-02 1.507351e+00 2.242784e-01
      vertex 1.674515e-01 1.507350e+00 4.019584e-01
    endloop
  endfacet
  facet normal -8.637084e-03 -9.910681e-01 1.330766e-01
    outer loop
      vertex 1.189285e-01 1.497351e+00 2.017384e-01
      vertex 2.979585e-01 1.497351e+00 2.133584e-01
      vertex 9.361648e-02 1.466043e+00 -3.306163e-02
    endloop
  endfacet
  facet normal -4.784333e-01 -3.752917e-05 8.781239e-01
    outer loop
      vertex -2.374245e-01 2.852912e-01 -1.416316e-01
      vertex -2.556855e-01 4.692572e-01 -1.515816e-01
      vertex -2.389115e-01 6.735432e-01 -1.424316e-01
    endloop
  endfacet
  facet normal 4.784333e-01 3.752917e-05 -8.781239e-01
    outer loop
      vertex -2.374245e-01 2.852912e-01 -1.416316e-01
      vertex -2.389115e-01 6.735432e-01 -1.424316e-01
      vertex -2.556855e-01 4.692572e-01 -1.515816e-01
    endloop
  endfacet
  facet normal -9.991652e-01 4.034374e-02 -6.427148e-03
    outer loop
      vertex -5.113535e-01 -1.500854e+00 -5.314016e-01
      vertex -5.097485e-01 -1.484279e+00 -6.768716e-01
      vertex -5.098755e-01 -1.466588e+00 -5.461116e-01
    endloop
  endfacet
  facet normal 0.000000e+00 -1.000000e+00 0.000000e+00
    outer loop
      vertex -5.084652e-02 -1.502649e+00 5.395584e-01
      vertex 9.486648e-02 -1.502649e+00 5.748184e-01
      vertex 1.773495e-01 -1.502649e+00 3.958584e-01
    endloop
  endfacet
  facet normal 1.678244e-06 -1.000000e+00 2.622032e-06
    outer loop
      vertex -3.782452e-02 1.507351e+00 8.615884e-01
      vertex -4.831052e-02 1.507351e+00 5.955184e-01
      vertex -3.213535e-01 1.507350e+00 5.884184e-01
    endloop
  endfacet
  facet normal -1.678244e-06 1.000000e+00 -2.622032e-06
    outer loop
      vertex -3.782452e-02 1.507351e+00 8.615884e-01
      vertex -3.213535e-01 1.507350e+00 5.884184e-01
      vertex -4.831052e-02 1.507351e+00 5.955184e-01
    endloop
  endfacet
  facet normal -2.662627e-02 9.996446e-01 1.316593e-03
    outer loop
      vertex -5.112895e-01 1.502536e+00 4.022684e-01
      vertex -3.213535e-01 1.507350e+00 5.884184e-01
      vertex -5.112915e-01 1.502264e+00 6.089484e-01
    endloop
  endfacet
  facet normal 9.998025e-01 -1.987527e-02 -1.788163e-05
    outer loop
      vertex -5.113535e-01 -1.500854e+00 -5.314016e-01
      vertex -5.112885e-01 -1.497752e+00 -3.270816e-01
      vertex -5.113325e-01 -1.499634e+00 -7.411016e-01
    endloop
  endfacet
  facet normal -9.998025e-01 1.987527e-02 1.788163e-05
    outer loop
      vertex -5.113535e-01 -1.500854e+00 -5.314016e-01
      vertex -5.113325e-01 -1.499634e+00 -7.411016e-01
      vertex -5.112885e-01 -1.497752e+00 -3.270816e-01
    endloop
  endfacet
  facet normal -0.000000e+00 -1.000000e+00 0.000000e+00
    outer loop
      vertex -3.731052e-02 1.497351e+00 5.894584e-01
      vertex -6.572452e-02 1.497351e+00 3.751684e-01
      vertex -3.740815e-01 1.497351e+00 5.997684e-01
    endloop
  endfacet
  facet normal 1.688922e-01 9.724794e-01 -1.604967e-01
    outer loop
      vertex 4.653005e-01 -1.496428e+00 -1.043472e+00
      vertex 4.907825e-01 -1.473362e+00 -8.769016e-01
      vertex 3.438005e-01 -1.474045e+00 -1.035712e+00
    endloop
  endfacet
  facet normal -1.688922e-01 -9.724794e-01 1.604967e-01
    outer loop
      vertex 4.653005e-01 -1.496428e+00 -1.043472e+00
      vertex 3.438005e-01 -1.474045e+00 -1.035712e+00
      vertex 4.907825e-01 -1.473362e+00 -8.769016e-01
    endloop
  endfacet
  facet normal -6.939996e-01 1.087611e-01 -7.117131e-01
    outer loop
      vertex -3.053075e-01 -1.472517e+00 -1.031532e+00
      vertex -4.348425e-01 -1.218490e+00 -8.664016e-01
      vertex -4.749605e-01 -1.486162e+00 -8.681916e-01
    endloop
  endfacet
  facet normal 0.000000e+00 1.000000e+00 0.000000e+00
    outer loop
      vertex -4.700452e-02 -1.502649e+00 1.131258e+00
      vertex -3.444865e-01 -1.502649e+00 1.104868e+00
      vertex -4.360852e-02 -1.502649e+00 8.572484e-01
    endloop
  endfacet
  facet normal 0.000000e+00 -1.000000e+00 -0.000000e+00
    outer loop
      vertex -4.700452e-02 -1.502649e+00 1.131258e+00
      vertex -4.360852e-02 -1.502649e+00 8.572484e-01
      vertex -3.444865e-01 -1.502649e+00 1.104868e+00
    endloop
  endfacet
  facet normal 0.000000e+00 -1.000000e+00 0.000000e+00
    outer loop
      vertex 1.039645e-01 -1.502649e+00 -8.083716e-01
      vertex 9.465248e-02 -1.502649e+00 -5.283016e-01
      vertex 4.272295e-01 -1.502649e+00 -5.231616e-01
    endloop
  endfacet
  facet normal 7.618561e-08 1.000000e+00 -1.328063e-06
    outer loop
      vertex -3.262015e-01 1.507350e+00 4.000484e-01
      vertex -3.232075e-01 1.507350e+00 2.206984e-01
      vertex -4.831052e-02 1.507351e+00 5.955184e-01
    endloop
  endfacet
  facet normal -7.618561e-08 -1.000000e+00 1.328063e-06
    outer loop
      vertex -3.262015e-01 1.507350e+00 4.000484e-01
      vertex -4.831052e-02 1.507351e+00 5.955184e-01
      vertex -3.232075e-01 1.507350e+00 2.206984e-01
    endloop
  endfacet
  facet normal 7.812235e-01 3.181631e-02 6.234401e-01
    outer loop
      vertex 2.896815e-01 -1.465563e+00 -7.900163e-02
      vertex 4.543285e-01 -1.211758e+00 -2.982716e-01
      vertex 4.574135e-01 -1.453154e+00 -2.898116e-01
    endloop
  endfacet
  facet normal -7.750092e-01 4.786861e-02 -6.301344e-01
    outer loop
      vertex -1.134655e-01 -1.502267e+00 -1.024442e+00
      vertex -2.007452e-02 -1.412748e+00 -1.132502e+00
      vertex -2.960519e-03 -1.158670e+00 -1.134252e+00
    endloop
  endfacet
  facet normal 7.750092e-01 -4.786861e-02 6.301344e-01
    outer loop
      vertex -1.134655e-01 -1.502267e+00 -1.024442e+00
      vertex -2.960519e-03 -1.158670e+00 -1.134252e+00
      vertex -2.007452e-02 -1.412748e+00 -1.132502e+00
    endloop
  endfacet
  facet normal -9.288054e-01 -2.624347e-03 3.705586e-01
    outer loop
      vertex -5.079805e-01 -4.645178e-01 -5.670616e-01
      vertex -3.946165e-01 -2.745188e-01 -2.815716e-01
      vertex -3.925965e-01 -6.633168e-01 -2.792616e-01
    endloop
  endfacet
  facet normal 4.638632e-02 9.947838e-01 9.084909e-02
    outer loop
      vertex 2.896815e-01 -1.465563e+00 -7.900163e-02
      vertex 2.979575e-01 -1.492649e+00 2.133584e-01
      vertex 9.414248e-02 -1.460565e+00 -3.388163e-02
    endloop
  endfacet
  facet normal 9.305670e-01 -7.863932e-03 3.660370e-01
    outer loop
      vertex 5.556175e-01 -1.148489e+00 -5.733216e-01
      vertex 4.434835e-01 -9.397154e-01 -2.837616e-01
      vertex 5.547975e-01 -8.324237e-01 -5.644516e-01
    endloop
  endfacet
  facet normal -7.818033e-01 2.662902e-02 6.229562e-01
    outer loop
      vertex 4.898815e-01 6.555502e-01 -8.548016e-01
      vertex 3.463775e-01 2.867072e-01 -1.019132e+00
      vertex 3.610145e-01 4.685262e-01 -1.008532e+00
    endloop
  endfacet
  facet normal 7.818033e-01 -2.662902e-02 -6.229562e-01
    outer loop
      vertex 4.898815e-01 6.555502e-01 -8.548016e-01
      vertex 3.610145e-01 4.685262e-01 -1.008532e+00
      vertex 3.463775e-01 2.867072e-01 -1.019132e+00
    endloop
  endfacet
  facet normal -9.301090e-01 -8.256861e-03 3.671906e-01
    outer loop
      vertex -5.079805e-01 -4.645178e-01 -5.670616e-01
      vertex -3.925965e-01 -6.633168e-01 -2.792616e-01
      vertex -5.084665e-01 -6.656592e-01 -5.728216e-01
    endloop
  endfacet
  facet normal -3.311224e-01 1.490228e-02 9.434701e-01
    outer loop
      vertex -2.999152e-02 -9.257778e-01 -7.199163e-02
      vertex -2.307895e-01 -1.207850e+00 -1.380116e-01
      vertex -2.554515e-01 -9.003794e-01 -1.515216e-01
    endloop
  endfacet
  facet normal 6.654469e-03 9.999371e-01 -9.036169e-03
    outer loop
      vertex 3.952695e-01 1.503767e+00 -1.055452e+00
      vertex 3.925915e-01 1.506450e+00 -7.605016e-01
      vertex 9.247548e-02 1.505720e+00 -1.062222e+00
    endloop
  endfacet
  facet normal -7.662605e-07 -1.000000e+00 -1.523610e-07
    outer loop
      vertex -4.260005e-01 -1.492649e+00 1.589488e+00
      vertex -3.644205e-01 -1.492649e+00 1.126968e+00
      vertex -4.166915e-01 -1.492649e+00 1.328728e+00
    endloop
  endfacet
  facet normal 7.662605e-07 1.000000e+00 1.523610e-07
    outer loop
      vertex -4.260005e-01 -1.492649e+00 1.589488e+00
      vertex -4.166915e-01 -1.492649e+00 1.328728e+00
      vertex -3.644205e-01 -1.492649e+00 1.126968e+00
    endloop
  endfacet
  facet normal 0.000000e+00 -1.000000e+00 0.000000e+00
    outer loop
      vertex -4.359652e-02 -1.502649e+00 -3.370516e-01
      vertex -1.106375e-01 -1.502649e+00 -6.893163e-02
      vertex 8.942648e-02 -1.502649e+00 -5.796163e-02
    endloop
  endfacet
  facet normal 1.145724e-03 9.994895e-01 3.192731e-02
    outer loop
      vertex 1.956325e-01 -1.492649e+00 1.763878e+00
      vertex 3.705725e-01 -1.498258e+00 1.933208e+00
      vertex 9.240848e-02 -1.497939e+00 1.933208e+00
    endloop
  endfacet
  facet normal 0.000000e+00 1.000000e+00 0.000000e+00
    outer loop
      vertex -3.644205e-01 1.497351e+00 1.126988e+00
      vertex -4.259995e-01 1.497351e+00 1.589508e+00
      vertex -4.166925e-01 1.497351e+00 1.328728e+00
    endloop
  endfacet
  facet normal 0.000000e+00 -1.000000e+00 0.000000e+00
    outer loop
      vertex -3.644205e-01 1.497351e+00 1.126988e+00
      vertex -4.166925e-01 1.497351e+00 1.328728e+00
      vertex -4.259995e-01 1.497351e+00 1.589508e+00
    endloop
  endfacet
  facet normal 3.644557e-01 8.471961e-03 -9.311822e-01
    outer loop
      vertex 6.861848e-02 -1.169062e+00 -1.132372e+00
      vertex 3.303605e-01 -1.213847e+00 -1.030342e+00
      vertex 5.882048e-02 -8.582304e-01 -1.133382e+00
    endloop
  endfacet
  facet normal -3.644557e-01 -8.471961e-03 9.311822e-01
    outer loop
      vertex 6.861848e-02 -1.169062e+00 -1.132372e+00
      vertex 5.882048e-02 -8.582304e-01 -1.133382e+00
      vertex 3.303605e-01 -1.213847e+00 -1.030342e+00
    endloop
  endfacet
  facet normal -4.965105e-02 9.987666e-01 1.239723e-04
    outer loop
      vertex 4.097635e-01 -1.498541e+00 1.566268e+00
      vertex 4.102185e-01 -1.498488e+00 1.320548e+00
      vertex 4.163655e-01 -1.498160e+00 1.137778e+00
    endloop
  endfacet
  facet normal 4.965105e-02 -9.987666e-01 -1.239723e-04
    outer loop
      vertex 4.097635e-01 -1.498541e+00 1.566268e+00
      vertex 4.163655e-01 -1.498160e+00 1.137778e+00
      vertex 4.102185e-01 -1.498488e+00 1.320548e+00
    endloop
  endfacet
  facet normal 3.875062e-01 8.493847e-01 3.583078e-01
    outer loop
      vertex 2.896815e-01 -1.465563e+00 -7.900163e-02
      vertex 4.574135e-01 -1.453154e+00 -2.898116e-01
      vertex 3.579565e-01 -1.500937e+00 -6.898163e-02
    endloop
  endfacet
  facet normal -1.002492e-05 1.000000e+00 -9.462566e-07
    outer loop
      vertex -4.969952e-02 1.507350e+00 -3.253216e-01
      vertex 9.180048e-02 1.507351e+00 -5.646116e-01
      vertex 8.865148e-02 1.507351e+00 -2.792916e-01
    endloop
  endfacet
  facet normal -9.998556e-01 -1.698880e-02 -1.703231e-05
    outer loop
      vertex -5.113055e-01 1.502612e+00 1.569488e+00
      vertex -5.112965e-01 1.502506e+00 1.142988e+00
      vertex -5.113095e-01 1.503134e+00 1.328598e+00
    endloop
  endfacet
  facet normal 9.998556e-01 1.698880e-02 1.703231e-05
    outer loop
      vertex -5.113055e-01 1.502612e+00 1.569488e+00
      vertex -5.113095e-01 1.503134e+00 1.328598e+00
      vertex -5.112965e-01 1.502506e+00 1.142988e+00
    endloop
  endfacet
  facet normal 1.981559e-07 1.000000e+00 1.320802e-07
    outer loop
      vertex -4.260005e-01 -1.492649e+00 1.589488e+00
      vertex -4.166915e-01 -1.492649e+00 1.328728e+00
      vertex -1.230015e-01 -1.492649e+00 1.522728e+00
    endloop
  endfacet
  facet normal 3.410016e-07 1.000000e+00 -6.259586e-08
    outer loop
      vertex -6.572252e-02 -1.492649e+00 3.751684e-01
      vertex -3.731052e-02 -1.492649e+00 5.894584e-01
      vertex -3.740805e-01 -1.492649e+00 5.997584e-01
    endloop
  endfacet
  facet normal -4.608051e-02 -9.989359e-01 -1.892269e-03
    outer loop
      vertex 3.013655e-01 -1.492649e+00 8.376684e-01
      vertex 4.154405e-01 -1.497972e+00 8.696984e-01
      vertex 3.121505e-01 -1.492649e+00 5.749984e-01
    endloop
  endfacet
  facet normal 4.608051e-02 9.989359e-01 1.892269e-03
    outer loop
      vertex 3.013655e-01 -1.492649e+00 8.376684e-01
      vertex 3.121505e-01 -1.492649e+00 5.749984e-01
      vertex 4.154405e-01 -1.497972e+00 8.696984e-01
    endloop
  endfacet
  facet normal 0.000000e+00 -1.000000e+00 0.000000e+00
    outer loop
      vertex -3.644205e-01 1.497351e+00 1.126988e+00
      vertex -1.117465e-01 1.497351e+00 1.331118e+00
      vertex -4.400152e-02 1.497351e+00 1.120698e+00
    endloop
  endfacet
  facet normal 1.868982e-03 -9.932806e-01 1.157155e-01
    outer loop
      vertex -7.285152e-02 1.497351e+00 2.048384e-01
      vertex 1.189285e-01 1.497351e+00 2.017384e-01
      vertex -4.576552e-02 1.470553e+00 -2.563163e-02
    endloop
  endfacet
  facet normal -9.989676e-01 1.681396e-04 -4.542616e-02
    outer loop
      vertex -5.086775e-01 -9.709564e-01 -5.753616e-01
      vertex -5.041875e-01 -9.604613e-01 -6.740716e-01
      vertex -5.041245e-01 -6.743616e-01 -6.744016e-01
    endloop
  endfacet
  facet normal 4.730514e-09 1.000000e+00 -1.801118e-08
    outer loop
      vertex -6.572252e-02 -1.492649e+00 3.751684e-01
      vertex 9.705248e-02 -1.492649e+00 5.730384e-01
      vertex -3.731052e-02 -1.492649e+00 5.894584e-01
    endloop
  endfacet
  facet normal -3.775469e-01 -1.605696e-02 -9.258512e-01
    outer loop
      vertex -1.332552e-02 6.598191e-03 -1.133232e+00
      vertex -2.910445e-01 2.884972e-01 -1.024872e+00
      vertex -3.085615e-01 -1.405481e-02 -1.012482e+00
    endloop
  endfacet
  facet normal -1.774178e-06 1.000000e+00 2.338964e-08
    outer loop
      vertex 9.028848e-02 1.507351e+00 1.267368e+00
      vertex 9.388748e-02 1.507351e+00 1.540338e+00
      vertex -4.408452e-02 1.507351e+00 1.268038e+00
    endloop
  endfacet
  facet normal -7.764434e-01 1.897662e-02 -6.299012e-01
    outer loop
      vertex -4.407145e-01 4.689722e-01 -8.556816e-01
      vertex -3.189195e-01 4.691642e-01 -1.005812e+00
      vertex -3.091145e-01 6.725662e-01 -1.011772e+00
    endloop
  endfacet
  facet normal 8.184676e-01 -4.003372e-01 4.121176e-01
    outer loop
      vertex 1.803765e-01 -6.360420e-01 -1.054016e-01
      vertex 2.818225e-01 -4.641008e-01 -1.398516e-01
      vertex 4.419595e-01 -2.816138e-01 -2.806116e-01
    endloop
  endfacet
  facet normal -6.636852e-01 -2.170888e-02 7.476969e-01
    outer loop
      vertex -3.930725e-01 2.939062e-01 -2.795416e-01
      vertex -3.831195e-01 4.684062e-01 -2.656416e-01
      vertex -2.374245e-01 2.852912e-01 -1.416316e-01
    endloop
  endfacet
  facet normal 0.000000e+00 -1.000000e+00 0.000000e+00
    outer loop
      vertex 3.013655e-01 1.497351e+00 8.376684e-01
      vertex 8.537348e-02 1.497351e+00 8.707084e-01
      vertex 3.132845e-01 1.497351e+00 1.118858e+00
    endloop
  endfacet
  facet normal 0.000000e+00 -1.000000e+00 0.000000e+00
    outer loop
      vertex -3.452995e-01 -1.502649e+00 -9.059163e-02
      vertex -3.211435e-01 -1.502649e+00 2.100584e-01
      vertex -1.106375e-01 -1.502649e+00 -6.893163e-02
    endloop
  endfacet
  facet normal 0.000000e+00 1.000000e+00 0.000000e+00
    outer loop
      vertex -3.452995e-01 -1.502649e+00 -9.059163e-02
      vertex -1.106375e-01 -1.502649e+00 -6.893163e-02
      vertex -3.211435e-01 -1.502649e+00 2.100584e-01
    endloop
  endfacet
  facet normal 9.359574e-03 -9.999480e-01 -4.068355e-03
    outer loop
      vertex 3.721195e-01 -1.500100e+00 2.175284e-01
      vertex 9.288348e-02 -1.502649e+00 2.015384e-01
      vertex 1.773495e-01 -1.502649e+00 3.958584e-01
    endloop
  endfacet
  facet normal 5.613130e-01 1.174300e-01 8.192300e-01
    outer loop
      vertex 1.803765e-01 -6.360420e-01 -1.054016e-01
      vertex 4.456115e-01 -6.564750e-01 -2.842016e-01
      vertex 2.979705e-01 -8.961428e-01 -1.486916e-01
    endloop
  endfacet
  facet normal -1.821383e-02 9.998321e-01 2.034351e-03
    outer loop
      vertex -3.231065e-01 1.507350e+00 -5.373616e-01
      vertex -5.113325e-01 1.504336e+00 -7.411116e-01
      vertex -3.471665e-01 1.507351e+00 -7.534716e-01
    endloop
  endfacet
  facet normal -1.134650e-01 -9.934303e-01 -1.489685e-02
    outer loop
      vertex -5.113535e-01 1.501946e+00 1.933208e+00
      vertex -4.259995e-01 1.497351e+00 1.589508e+00
      vertex -5.113395e-01 1.503159e+00 1.852218e+00
    endloop
  endfacet
  facet normal -3.630599e-01 5.205763e-03 -9.317513e-01
    outer loop
      vertex -9.625519e-03 4.603142e-01 -1.133562e+00
      vertex -2.910445e-01 2.884972e-01 -1.024872e+00
      vertex -1.329152e-02 2.715242e-01 -1.133192e+00
    endloop
  endfacet
  facet normal -2.913851e-06 1.000000e+00 8.365994e-07
    outer loop
      vertex -4.259652e-02 1.507351e+00 1.558208e+00
      vertex -3.667315e-01 1.507350e+00 1.284218e+00
      vertex -4.408452e-02 1.507351e+00 1.268038e+00
    endloop
  endfacet
  facet normal 3.449165e-07 1.000000e+00 6.541214e-08
    outer loop
      vertex -3.731052e-02 -1.492649e+00 5.894584e-01
      vertex -3.756925e-01 -1.492649e+00 8.645384e-01
      vertex -3.740805e-01 -1.492649e+00 5.997584e-01
    endloop
  endfacet
  facet normal 9.363097e-01 1.409460e-02 3.508925e-01
    outer loop
      vertex 4.507555e-01 2.848412e-01 -2.935416e-01
      vertex 5.556185e-01 2.811012e-01 -5.732016e-01
      vertex 5.541645e-01 -3.902809e-03 -5.578716e-01
    endloop
  endfacet
  facet normal 4.446447e-03 -2.411828e-03 -9.999872e-01
    outer loop
      vertex -1.332552e-02 6.598191e-03 -1.133232e+00
      vertex 6.390548e-02 9.797191e-03 -1.132892e+00
      vertex 5.668248e-02 2.811762e-01 -1.133582e+00
    endloop
  endfacet
  facet normal -3.033701e-02 -9.995368e-01 2.437403e-03
    outer loop
      vertex -3.452995e-01 -1.502649e+00 -9.059163e-02
      vertex -5.112855e-01 -1.497552e+00 -6.629163e-02
      vertex -3.211435e-01 -1.502649e+00 2.100584e-01
    endloop
  endfacet
  facet normal -5.672286e-01 -2.877993e-02 8.230574e-01
    outer loop
      vertex -3.835195e-01 -4.649618e-01 -2.660716e-01
      vertex -1.470135e-01 -6.429860e-01 -1.093016e-01
      vertex -3.925965e-01 -6.633168e-01 -2.792616e-01
    endloop
  endfacet
  facet normal -1.639636e-06 1.000000e+00 9.760216e-08
    outer loop
      vertex -3.231065e-01 1.507350e+00 -5.373616e-01
      vertex -4.520152e-02 1.507351e+00 -7.542916e-01
      vertex -3.217952e-02 1.507351e+00 -5.355416e-01
    endloop
  endfacet
  facet normal 0.000000e+00 -1.000000e+00 0.000000e+00
    outer loop
      vertex 8.157048e-02 1.497351e+00 1.115028e+00
      vertex 1.470205e-01 1.497351e+00 1.331618e+00
      vertex 3.132845e-01 1.497351e+00 1.118858e+00
    endloop
  endfacet
  facet normal -3.072673e-01 -3.985597e-03 9.516149e-01
    outer loop
      vertex -2.999152e-02 -9.257778e-01 -7.199163e-02
      vertex -2.418352e-02 -1.215089e+00 -7.133163e-02
      vertex -2.307895e-01 -1.207850e+00 -1.380116e-01
    endloop
  endfacet
  facet normal 8.796727e-03 9.999613e-01 3.199547e-04
    outer loop
      vertex 9.698648e-02 1.507351e+00 1.083228e+00
      vertex 3.718395e-01 1.504863e+00 1.303488e+00
      vertex 9.028848e-02 1.507351e+00 1.267368e+00
    endloop
  endfacet
  facet normal -9.893534e-01 -2.294513e-05 -1.455333e-01
    outer loop
      vertex -5.041045e-01 2.990562e-01 -6.745916e-01
      vertex -5.041435e-01 6.857282e-01 -6.743916e-01
      vertex -5.042605e-01 4.689932e-01 -6.735616e-01
    endloop
  endfacet
  facet normal 9.893534e-01 2.294513e-05 1.455333e-01
    outer loop
      vertex -5.041045e-01 2.990562e-01 -6.745916e-01
      vertex -5.042605e-01 4.689932e-01 -6.735616e-01
      vertex -5.041435e-01 6.857282e-01 -6.743916e-01
    endloop
  endfacet
  facet normal -2.436879e-07 1.000000e+00 1.363793e-08
    outer loop
      vertex 3.013655e-01 -1.492649e+00 8.376684e-01
      vertex 3.132815e-01 -1.492649e+00 1.118878e+00
      vertex 8.537348e-02 -1.492649e+00 8.707084e-01
    endloop
  endfacet
  facet normal 9.857439e-02 -1.933310e-05 -9.951297e-01
    outer loop
      vertex 5.668248e-02 2.811762e-01 -1.133582e+00
      vertex 6.842648e-02 4.694442e-01 -1.132422e+00
      vertex 5.999448e-02 6.775092e-01 -1.133262e+00
    endloop
  endfacet
  facet normal -9.857439e-02 1.933310e-05 9.951297e-01
    outer loop
      vertex 5.668248e-02 2.811762e-01 -1.133582e+00
      vertex 5.999448e-02 6.775092e-01 -1.133262e+00
      vertex 6.842648e-02 4.694442e-01 -1.132422e+00
    endloop
  endfacet
  facet normal -1.037936e-02 9.631659e-01 -2.687072e-01
    outer loop
      vertex -5.092452e-02 1.493044e+00 -1.108772e+00
      vertex -4.195152e-02 1.505715e+00 -1.063702e+00
      vertex -3.739695e-01 1.503344e+00 -1.059372e+00
    endloop
  endfacet
  facet normal 9.289140e-01 3.517519e-02 3.686211e-01
    outer loop
      vertex 5.554145e-01 6.778862e-01 -5.709916e-01
      vertex 5.528905e-01 4.656632e-01 -5.443816e-01
      vertex 4.443875e-01 6.204822e-01 -2.857316e-01
    endloop
  endfacet
  facet normal 9.424645e-01 4.501859e-04 -3.343060e-01
    outer loop
      vertex 4.831255e-01 -3.270809e-03 -8.667216e-01
      vertex 5.514125e-01 -2.806098e-01 -6.745916e-01
      vertex 5.514975e-01 -5.052809e-03 -6.739816e-01
    endloop
  endfacet
  facet normal 7.781327e-01 -1.911937e-02 6.278089e-01
    outer loop
      vertex -4.322175e-01 2.767782e-01 -8.712416e-01
      vertex -3.091145e-01 6.725662e-01 -1.011772e+00
      vertex -3.189195e-01 4.691642e-01 -1.005812e+00
    endloop
  endfacet
  facet normal -7.781327e-01 1.911937e-02 -6.278089e-01
    outer loop
      vertex -4.322175e-01 2.767782e-01 -8.712416e-01
      vertex -3.189195e-01 4.691642e-01 -1.005812e+00
      vertex -3.091145e-01 6.725662e-01 -1.011772e+00
    endloop
  endfacet
  facet normal 0.000000e+00 -1.000000e+00 0.000000e+00
    outer loop
      vertex 9.281848e-02 -1.502649e+00 1.317908e+00
      vertex -4.259652e-02 -1.502649e+00 1.566368e+00
      vertex 9.281848e-02 -1.502649e+00 1.566378e+00
    endloop
  endfacet
  facet normal -8.158093e-03 -9.999667e-01 3.525332e-04
    outer loop
      vertex 3.925915e-01 1.506450e+00 -7.605016e-01
      vertex 3.782605e-01 1.506717e+00 -3.347016e-01
      vertex 4.094635e-01 1.506391e+00 -5.357416e-01
    endloop
  endfacet
  facet normal 8.158093e-03 9.999667e-01 -3.525332e-04
    outer loop
      vertex 3.925915e-01 1.506450e+00 -7.605016e-01
      vertex 4.094635e-01 1.506391e+00 -5.357416e-01
      vertex 3.782605e-01 1.506717e+00 -3.347016e-01
    endloop
  endfacet
  facet normal 3.984202e-02 1.865229e-02 -9.990319e-01
    outer loop
      vertex -1.134655e-01 -1.502267e+00 -1.024442e+00
      vertex -2.889565e-01 -1.210365e+00 -1.025992e+00
      vertex -3.053075e-01 -1.472517e+00 -1.031532e+00
    endloop
  endfacet
  facet normal -3.984202e-02 -1.865229e-02 9.990319e-01
    outer loop
      vertex -1.134655e-01 -1.502267e+00 -1.024442e+00
      vertex -3.053075e-01 -1.472517e+00 -1.031532e+00
      vertex -2.889565e-01 -1.210365e+00 -1.025992e+00
    endloop
  endfacet
  facet normal 3.121935e-01 7.469463e-03 9.499891e-01
    outer loop
      vertex 2.873065e-01 -2.731568e-01 -1.428516e-01
      vertex 7.566048e-02 -4.648338e-01 -7.179163e-02
      vertex 6.910148e-02 -2.741268e-01 -7.113163e-02
    endloop
  endfacet
  facet normal 6.370296e-03 -9.999797e-01 -8.486544e-05
    outer loop
      vertex 3.579565e-01 -1.500937e+00 -6.898163e-02
      vertex 8.942648e-02 -1.502649e+00 -5.796163e-02
      vertex 9.288348e-02 -1.502649e+00 2.015384e-01
    endloop
  endfacet
  facet normal -6.370296e-03 9.999797e-01 8.486544e-05
    outer loop
      vertex 3.579565e-01 -1.500937e+00 -6.898163e-02
      vertex 9.288348e-02 -1.502649e+00 2.015384e-01
      vertex 8.942648e-02 -1.502649e+00 -5.796163e-02
    endloop
  endfacet
  facet normal 3.795901e-01 -4.779286e-03 -9.251424e-01
    outer loop
      vertex 6.660348e-02 -4.671098e-01 -1.132582e+00
      vertex 3.570565e-01 -6.585154e-01 -1.012422e+00
      vertex 3.470595e-01 -2.813308e-01 -1.018472e+00
    endloop
  endfacet
  facet normal 0.000000e+00 -1.000000e+00 0.000000e+00
    outer loop
      vertex -3.665425e-01 -1.502649e+00 1.853298e+00
      vertex -4.259652e-02 -1.502649e+00 1.862188e+00
      vertex -4.259652e-02 -1.502649e+00 1.566368e+00
    endloop
  endfacet
  facet normal 3.840179e-10 1.000000e+00 8.484090e-09
    outer loop
      vertex 8.157248e-02 -1.492649e+00 1.115028e+00
      vertex 1.470205e-01 -1.492649e+00 1.331608e+00
      vertex -4.400152e-02 -1.492649e+00 1.120708e+00
    endloop
  endfacet
  facet normal 3.777913e-01 -2.533872e-03 -9.258873e-01
    outer loop
      vertex 6.919748e-02 9.497012e-01 -1.132312e+00
      vertex 3.456265e-01 9.660182e-01 -1.019562e+00
      vertex 3.433685e-01 1.209109e+00 -1.021152e+00
    endloop
  endfacet
  facet normal -3.679029e-01 1.440248e-02 -9.297527e-01
    outer loop
      vertex -3.091145e-01 6.725662e-01 -1.011772e+00
      vertex -2.910445e-01 2.884972e-01 -1.024872e+00
      vertex -9.625519e-03 4.603142e-01 -1.133562e+00
    endloop
  endfacet
  facet normal 1.052140e-01 -3.219013e-02 9.939284e-01
    outer loop
      vertex -2.323252e-02 -1.351481e-02 -7.127163e-02
      vertex 6.957048e-02 2.931112e-01 -7.116163e-02
      vertex 1.203375e-01 -1.845781e-02 -8.663163e-02
    endloop
  endfacet
  facet normal 6.588885e-03 9.996072e-01 2.724163e-02
    outer loop
      vertex 9.698648e-02 1.507351e+00 1.833208e+00
      vertex 4.198005e-01 1.504790e+00 1.849118e+00
      vertex 3.748045e-01 1.502795e+00 1.933208e+00
    endloop
  endfacet
  facet normal 9.239473e-01 8.637493e-03 3.824221e-01
    outer loop
      vertex 4.507555e-01 2.848412e-01 -2.935416e-01
      vertex 4.443875e-01 6.204822e-01 -2.857316e-01
      vertex 5.528905e-01 4.656632e-01 -5.443816e-01
    endloop
  endfacet
  facet normal 9.888055e-01 -3.722749e-05 -1.492108e-01
    outer loop
      vertex 5.515725e-01 4.655532e-01 -6.735616e-01
      vertex 5.514555e-01 6.830132e-01 -6.743916e-01
      vertex 5.514105e-01 2.875302e-01 -6.745916e-01
    endloop
  endfacet
  facet normal -9.888055e-01 3.722749e-05 1.492108e-01
    outer loop
      vertex 5.515725e-01 4.655532e-01 -6.735616e-01
      vertex 5.514105e-01 2.875302e-01 -6.745916e-01
      vertex 5.514555e-01 6.830132e-01 -6.743916e-01
    endloop
  endfacet
  facet normal 9.990407e-01 4.447776e-04 -4.379052e-02
    outer loop
      vertex 5.557815e-01 -2.879458e-01 -5.749716e-01
      vertex 5.514125e-01 -2.806098e-01 -6.745916e-01
      vertex 5.515425e-01 -4.708508e-01 -6.735516e-01
    endloop
  endfacet
  facet normal 0.000000e+00 -1.000000e+00 0.000000e+00
    outer loop
      vertex -3.211435e-01 -1.502649e+00 2.100584e-01
      vertex -2.987825e-01 -1.502649e+00 4.011384e-01
      vertex -4.282752e-02 -1.502649e+00 1.728284e-01
    endloop
  endfacet
  facet normal -9.395870e-01 -1.128582e-02 -3.421242e-01
    outer loop
      vertex -4.326765e-01 -6.801191e-01 -8.704316e-01
      vertex -4.405365e-01 -4.644308e-01 -8.559616e-01
      vertex -5.041245e-01 -6.743616e-01 -6.744016e-01
    endloop
  endfacet
  facet normal -6.172062e-01 4.400405e-01 6.522430e-01
    outer loop
      vertex 1.956325e-01 -1.492649e+00 1.763878e+00
      vertex 2.865125e-01 -1.492649e+00 1.849878e+00
      vertex 3.705725e-01 -1.498258e+00 1.933208e+00
    endloop
  endfacet
  facet normal 6.472377e-03 -9.999762e-01 2.403862e-03
    outer loop
      vertex 1.869185e-01 -1.502649e+00 -3.204616e-01
      vertex 8.942648e-02 -1.502649e+00 -5.796163e-02
      vertex 3.579565e-01 -1.500937e+00 -6.898163e-02
    endloop
  endfacet
  facet normal 0.000000e+00 -1.000000e+00 -0.000000e+00
    outer loop
      vertex -3.298155e-01 -1.502649e+00 -3.311916e-01
      vertex -4.359652e-02 -1.502649e+00 -3.370516e-01
      vertex -3.413675e-01 -1.502649e+00 -5.041116e-01
    endloop
  endfacet
  facet normal -7.489673e-01 -6.459099e-01 -1.478119e-01
    outer loop
      vertex -5.093475e-01 1.487635e+00 -6.781916e-01
      vertex -4.740325e-01 1.490989e+00 -8.717816e-01
      vertex -5.113325e-01 1.504336e+00 -7.411116e-01
    endloop
  endfacet
  facet normal 0.000000e+00 -1.000000e+00 0.000000e+00
    outer loop
      vertex -3.042852e-02 -1.502649e+00 -6.647316e-01
      vertex 9.465248e-02 -1.502649e+00 -5.283016e-01
      vertex 1.039645e-01 -1.502649e+00 -8.083716e-01
    endloop
  endfacet
  facet normal -6.931588e-03 -1.243584e-04 -9.999760e-01
    outer loop
      vertex -1.333452e-02 -2.996398e-01 -1.133192e+00
      vertex 5.579948e-02 -2.881118e-01 -1.133672e+00
      vertex -1.332552e-02 6.598191e-03 -1.133232e+00
    endloop
  endfacet
  facet normal 4.645936e-02 9.989201e-01 5.406444e-04
    outer loop
      vertex 3.013655e-01 -1.492649e+00 8.376684e-01
      vertex 4.154405e-01 -1.497972e+00 8.696984e-01
      vertex 4.163655e-01 -1.498160e+00 1.137778e+00
    endloop
  endfacet
  facet normal -4.645936e-02 -9.989201e-01 -5.406444e-04
    outer loop
      vertex 3.013655e-01 -1.492649e+00 8.376684e-01
      vertex 4.163655e-01 -1.498160e+00 1.137778e+00
      vertex 4.154405e-01 -1.497972e+00 8.696984e-01
    endloop
  endfacet
  facet normal -9.487097e-02 -8.961272e-01 -4.335383e-01
    outer loop
      vertex -5.092452e-02 1.493044e+00 -1.108772e+00
      vertex -3.739695e-01 1.503344e+00 -1.059372e+00
      vertex -2.888435e-01 1.482041e+00 -1.033972e+00
    endloop
  endfacet
  facet normal 0.000000e+00 -1.000000e+00 0.000000e+00
    outer loop
      vertex 1.470205e-01 1.497351e+00 1.331618e+00
      vertex 3.872855e-01 1.497351e+00 1.334538e+00
      vertex 3.132845e-01 1.497351e+00 1.118858e+00
    endloop
  endfacet
  facet normal -3.018368e-02 9.995387e-01 -3.382712e-03
    outer loop
      vertex -5.112965e-01 1.502506e+00 1.142988e+00
      vertex -3.667315e-01 1.507350e+00 1.284218e+00
      vertex -5.113095e-01 1.503134e+00 1.328598e+00
    endloop
  endfacet
  facet normal 2.937077e-07 1.000000e+00 2.418517e-09
    outer loop
      vertex -3.731052e-02 -1.492649e+00 5.894584e-01
      vertex -3.962652e-02 -1.492649e+00 8.707184e-01
      vertex -3.756925e-01 -1.492649e+00 8.645384e-01
    endloop
  endfacet
  facet normal -1.666475e-06 1.000000e+00 4.397665e-06
    outer loop
      vertex -3.231065e-01 1.507350e+00 -5.373616e-01
      vertex -3.217952e-02 1.507351e+00 -5.355416e-01
      vertex -4.969952e-02 1.507350e+00 -3.253216e-01
    endloop
  endfacet
  facet normal -7.389357e-01 -1.923615e-02 -6.735013e-01
    outer loop
      vertex -2.888435e-01 1.482041e+00 -1.033972e+00
      vertex -4.356855e-01 1.203384e+00 -8.649016e-01
      vertex -2.892775e-01 1.213939e+00 -1.025842e+00
    endloop
  endfacet
  facet normal 7.463709e-01 -5.521436e-03 -6.655072e-01
    outer loop
      vertex 4.790105e-01 -2.804398e-01 -8.739416e-01
      vertex 3.514175e-01 -4.652208e-01 -1.015512e+00
      vertex 4.814625e-01 -4.658698e-01 -8.696516e-01
    endloop
  endfacet
  facet normal 6.350731e-01 3.270153e-02 7.717596e-01
    outer loop
      vertex 4.369865e-01 4.683722e-01 -2.732016e-01
      vertex 2.881165e-01 2.933312e-01 -1.432716e-01
      vertex 4.443875e-01 6.204822e-01 -2.857316e-01
    endloop
  endfacet
  facet normal -5.827699e-01 8.126371e-01 -6.164342e-04
    outer loop
      vertex -5.112855e-01 -1.497552e+00 -6.629163e-02
      vertex -5.112885e-01 -1.497752e+00 -3.270816e-01
      vertex -4.742325e-01 -1.471185e+00 -3.360116e-01
    endloop
  endfacet
  facet normal -1.496759e-02 -9.997905e-01 -1.395695e-02
    outer loop
      vertex -1.134655e-01 -1.502267e+00 -1.024442e+00
      vertex -4.411705e-01 -1.496938e+00 -1.054712e+00
      vertex -3.501885e-01 -1.502649e+00 -7.432016e-01
    endloop
  endfacet
  facet normal -7.072783e-01 -3.204270e-02 7.062086e-01
    outer loop
      vertex -3.979055e-01 6.396422e-01 -2.862816e-01
      vertex -2.556855e-01 4.692572e-01 -1.515816e-01
      vertex -2.374245e-01 2.852912e-01 -1.416316e-01
    endloop
  endfacet
  facet normal 0.000000e+00 -1.000000e+00 0.000000e+00
    outer loop
      vertex -4.113852e-02 1.497351e+00 1.849868e+00
      vertex 1.956325e-01 1.497351e+00 1.763878e+00
      vertex 1.434665e-01 1.497351e+00 1.542188e+00
    endloop
  endfacet
  facet normal -2.638248e-02 9.996517e-01 5.815009e-04
    outer loop
      vertex -3.316875e-01 1.507351e+00 1.091218e+00
      vertex -5.112985e-01 1.502738e+00 8.711184e-01
      vertex -3.367675e-01 1.507352e+00 8.582984e-01
    endloop
  endfacet
  facet normal 1.323263e-02 9.999095e-01 2.450200e-03
    outer loop
      vertex 3.716725e-01 1.504759e+00 5.915284e-01
      vertex 4.050115e-01 1.503582e+00 8.918284e-01
      vertex 1.281725e-01 1.507352e+00 8.483784e-01
    endloop
  endfacet
  facet normal -1.323263e-02 -9.999095e-01 -2.450200e-03
    outer loop
      vertex 3.716725e-01 1.504759e+00 5.915284e-01
      vertex 1.281725e-01 1.507352e+00 8.483784e-01
      vertex 4.050115e-01 1.503582e+00 8.918284e-01
    endloop
  endfacet
  facet normal 1.194780e-02 9.999222e-01 -3.612554e-03
    outer loop
      vertex 9.698648e-02 1.507351e+00 1.083228e+00
      vertex 4.014195e-01 1.503824e+00 1.113788e+00
      vertex 3.718395e-01 1.504863e+00 1.303488e+00
    endloop
  endfacet
  facet normal 9.306203e-03 9.999559e-01 -1.272597e-03
    outer loop
      vertex 9.281848e-02 1.507352e+00 5.894684e-01
      vertex 3.716725e-01 1.504759e+00 5.915284e-01
      vertex 1.281725e-01 1.507352e+00 8.483784e-01
    endloop
  endfacet
  facet normal -3.599778e-02 -9.957486e-01 -8.478705e-02
    outer loop
      vertex -4.740325e-01 1.490989e+00 -8.717816e-01
      vertex -3.739695e-01 1.503344e+00 -1.059372e+00
      vertex -5.113365e-01 1.503413e+00 -1.001862e+00
    endloop
  endfacet
  facet normal -9.071566e-01 1.789181e-01 3.808611e-01
    outer loop
      vertex -3.701595e-01 -1.476575e+00 -8.559163e-02
      vertex -4.742325e-01 -1.471185e+00 -3.360116e-01
      vertex -4.088005e-01 -1.209932e+00 -3.028916e-01
    endloop
  endfacet
  facet normal -5.590684e-02 9.970702e-01 5.220656e-02
    outer loop
      vertex -4.733652e-02 -1.461258e+00 -3.242163e-02
      vertex -3.840295e-01 -1.492649e+00 2.065284e-01
      vertex -3.701595e-01 -1.476575e+00 -8.559163e-02
    endloop
  endfacet
  facet normal -1.470223e-01 9.891332e-01 -1.869579e-05
    outer loop
      vertex -5.112855e-01 -1.497547e+00 2.012184e-01
      vertex -5.112855e-01 -1.497552e+00 -6.629163e-02
      vertex -3.701595e-01 -1.476575e+00 -8.559163e-02
    endloop
  endfacet
  facet normal -9.419423e-01 -4.053394e-04 -3.357745e-01
    outer loop
      vertex -5.041535e-01 9.568782e-01 -6.741416e-01
      vertex -4.370595e-01 9.757962e-01 -8.623816e-01
      vertex -5.041095e-01 1.214068e+00 -6.745816e-01
    endloop
  endfacet
  facet normal -1.943835e-03 -1.617455e-04 9.999981e-01
    outer loop
      vertex -2.323252e-02 -1.351481e-02 -7.127163e-02
      vertex 6.910148e-02 -2.741268e-01 -7.113163e-02
      vertex -2.422552e-02 -2.846038e-01 -7.131163e-02
    endloop
  endfacet
  facet normal 2.321456e-03 2.462925e-03 9.999943e-01
    outer loop
      vertex -2.431652e-02 4.683402e-01 -7.138163e-02
      vertex 7.826548e-02 6.504412e-01 -7.206163e-02
      vertex 6.957048e-02 2.931112e-01 -7.116163e-02
    endloop
  endfacet
  facet normal -3.851764e-02 -9.975135e-01 5.901925e-02
    outer loop
      vertex -3.840295e-01 1.497351e+00 2.065384e-01
      vertex -4.576552e-02 1.470553e+00 -2.563163e-02
      vertex -3.645865e-01 1.479120e+00 -8.890163e-02
    endloop
  endfacet
  facet normal 2.920904e-07 1.000000e+00 9.036791e-08
    outer loop
      vertex -3.644205e-01 -1.492649e+00 1.126968e+00
      vertex -3.756925e-01 -1.492649e+00 8.645384e-01
      vertex -3.962652e-02 -1.492649e+00 8.707184e-01
    endloop
  endfacet
  facet normal -3.197914e-01 -6.115215e-03 9.474683e-01
    outer loop
      vertex -2.323252e-02 -1.351481e-02 -7.127163e-02
      vertex -2.456185e-01 1.282219e-02 -1.461616e-01
      vertex -2.374245e-01 2.852912e-01 -1.416316e-01
    endloop
  endfacet
  facet normal -6.720242e-01 -2.137187e-02 7.402207e-01
    outer loop
      vertex -2.554515e-01 -9.003794e-01 -1.515216e-01
      vertex -2.307895e-01 -1.207850e+00 -1.380116e-01
      vertex -3.898835e-01 -9.582470e-01 -2.752416e-01
    endloop
  endfacet
  facet normal -0.000000e+00 -1.000000e+00 -0.000000e+00
    outer loop
      vertex -5.084652e-02 -1.502649e+00 5.395584e-01
      vertex -3.691952e-02 -1.502649e+00 4.015984e-01
      vertex -3.407535e-01 -1.502649e+00 5.846484e-01
    endloop
  endfacet
  facet normal -9.536135e-03 9.999545e-01 -2.693250e-04
    outer loop
      vertex -3.231065e-01 1.507350e+00 -5.373616e-01
      vertex -3.284245e-01 1.507350e+00 -3.508416e-01
      vertex -5.113535e-01 1.505556e+00 -5.314016e-01
    endloop
  endfacet
  facet normal 1.668760e-06 1.000000e+00 6.069617e-08
    outer loop
      vertex -3.782452e-02 1.507351e+00 8.615884e-01
      vertex 9.698648e-02 1.507351e+00 1.083228e+00
      vertex 9.028848e-02 1.507351e+00 1.267368e+00
    endloop
  endfacet
  facet normal 5.019569e-01 8.644801e-01 -2.670878e-02
    outer loop
      vertex 3.964775e-01 -1.492649e+00 1.507308e+00
      vertex 3.872855e-01 -1.492649e+00 1.334548e+00
      vertex 4.097635e-01 -1.498541e+00 1.566268e+00
    endloop
  endfacet
  facet normal -5.019569e-01 -8.644801e-01 2.670878e-02
    outer loop
      vertex 3.964775e-01 -1.492649e+00 1.507308e+00
      vertex 4.097635e-01 -1.498541e+00 1.566268e+00
      vertex 3.872855e-01 -1.492649e+00 1.334548e+00
    endloop
  endfacet
  facet normal -3.612323e-01 -2.769036e-02 -9.320647e-01
    outer loop
      vertex -2.888435e-01 1.482041e+00 -1.033972e+00
      vertex -2.892775e-01 1.213939e+00 -1.025842e+00
      vertex -1.156752e-02 1.210803e+00 -1.133372e+00
    endloop
  endfacet
  facet normal 3.612323e-01 2.769036e-02 9.320647e-01
    outer loop
      vertex -2.888435e-01 1.482041e+00 -1.033972e+00
      vertex -1.156752e-02 1.210803e+00 -1.133372e+00
      vertex -2.892775e-01 1.213939e+00 -1.025842e+00
    endloop
  endfacet
  facet normal 8.605660e-01 3.592184e-01 3.610931e-01
    outer loop
      vertex 5.549485e-01 -1.408899e+00 -5.662916e-01
      vertex 4.935525e-01 -1.501402e+00 -3.279416e-01
      vertex 4.574135e-01 -1.453154e+00 -2.898116e-01
    endloop
  endfacet
  facet normal 0.000000e+00 -1.000000e+00 0.000000e+00
    outer loop
      vertex -5.084652e-02 -1.502649e+00 5.395584e-01
      vertex -4.360852e-02 -1.502649e+00 8.572484e-01
      vertex 9.486648e-02 -1.502649e+00 5.748184e-01
    endloop
  endfacet
  facet normal -9.990834e-01 1.048955e-03 -4.279383e-02
    outer loop
      vertex -5.084665e-01 -6.656592e-01 -5.728216e-01
      vertex -5.086775e-01 -9.709564e-01 -5.753616e-01
      vertex -5.041245e-01 -6.743616e-01 -6.744016e-01
    endloop
  endfacet
  facet normal -9.091303e-03 -1.139159e-02 -9.998938e-01
    outer loop
      vertex 6.919748e-02 9.497012e-01 -1.132312e+00
      vertex 4.707648e-02 1.162898e+00 -1.134542e+00
      vertex -2.765452e-02 9.787802e-01 -1.131762e+00
    endloop
  endfacet
  facet normal -9.425305e-01 4.509828e-04 -3.341197e-01
    outer loop
      vertex -4.380685e-01 -5.562809e-03 -8.605116e-01
      vertex -5.041905e-01 4.748191e-03 -6.739816e-01
      vertex -5.041045e-01 -2.690628e-01 -6.745916e-01
    endloop
  endfacet
  facet normal 9.535238e-01 -2.064704e-01 -2.194593e-01
    outer loop
      vertex 5.302225e-01 -1.502649e+00 -6.779916e-01
      vertex 5.515585e-01 -1.408899e+00 -6.734916e-01
      vertex 4.907825e-01 -1.473362e+00 -8.769016e-01
    endloop
  endfacet
  facet normal -9.316412e-01 1.006448e-02 3.632400e-01
    outer loop
      vertex -5.079805e-01 -4.645178e-01 -5.670616e-01
      vertex -5.085715e-01 -2.694168e-01 -5.739816e-01
      vertex -3.946165e-01 -2.745188e-01 -2.815716e-01
    endloop
  endfacet
  facet normal 3.807518e-01 -1.283652e-01 -9.157239e-01
    outer loop
      vertex 1.927065e-01 -1.502386e+00 -1.067102e+00
      vertex 6.841648e-02 -1.405218e+00 -1.132402e+00
      vertex 2.529348e-02 -1.502649e+00 -1.136672e+00
    endloop
  endfacet
  facet normal 0.000000e+00 -1.000000e+00 -0.000000e+00
    outer loop
      vertex -3.731052e-02 1.497351e+00 5.894584e-01
      vertex 9.705348e-02 1.497351e+00 5.730484e-01
      vertex -6.572452e-02 1.497351e+00 3.751684e-01
    endloop
  endfacet
  facet normal 0.000000e+00 1.000000e+00 0.000000e+00
    outer loop
      vertex -3.298155e-01 -1.502649e+00 -3.311916e-01
      vertex -3.413675e-01 -1.502649e+00 -5.041116e-01
      vertex -3.501885e-01 -1.502649e+00 -7.432016e-01
    endloop
  endfacet
  facet normal 0.000000e+00 -1.000000e+00 0.000000e+00
    outer loop
      vertex -3.298155e-01 -1.502649e+00 -3.311916e-01
      vertex -3.501885e-01 -1.502649e+00 -7.432016e-01
      vertex -3.413675e-01 -1.502649e+00 -5.041116e-01
    endloop
  endfacet
  facet normal -3.340109e-01 -1.387948e-02 9.424670e-01
    outer loop
      vertex -2.999152e-02 -9.257778e-01 -7.199163e-02
      vertex -2.554515e-01 -9.003794e-01 -1.515216e-01
      vertex -1.470135e-01 -6.429860e-01 -1.093016e-01
    endloop
  endfacet
  facet normal -2.973878e-02 9.995553e-01 2.167220e-03
    outer loop
      vertex -5.113055e-01 1.502612e+00 1.569488e+00
      vertex -5.113095e-01 1.503134e+00 1.328598e+00
      vertex -3.521455e-01 1.507350e+00 1.568098e+00
    endloop
  endfacet
  facet normal -3.242171e-06 1.000000e+00 2.887267e-06
    outer loop
      vertex -3.714152e-02 1.507351e+00 -8.614163e-02
      vertex 9.222248e-02 1.507351e+00 2.242784e-01
      vertex -4.915652e-02 1.507351e+00 2.306684e-01
    endloop
  endfacet
  facet normal -0.000000e+00 -1.000000e+00 0.000000e+00
    outer loop
      vertex 1.869185e-01 -1.502649e+00 -3.204616e-01
      vertex -4.359652e-02 -1.502649e+00 -3.370516e-01
      vertex 8.942648e-02 -1.502649e+00 -5.796163e-02
    endloop
  endfacet
  facet normal 0.000000e+00 -1.000000e+00 0.000000e+00
    outer loop
      vertex -3.298155e-01 -1.502649e+00 -3.311916e-01
      vertex -3.452995e-01 -1.502649e+00 -9.059163e-02
      vertex -1.106375e-01 -1.502649e+00 -6.893163e-02
    endloop
  endfacet
  facet normal 0.000000e+00 1.000000e+00 -0.000000e+00
    outer loop
      vertex -3.298155e-01 -1.502649e+00 -3.311916e-01
      vertex -1.106375e-01 -1.502649e+00 -6.893163e-02
      vertex -3.452995e-01 -1.502649e+00 -9.059163e-02
    endloop
  endfacet
  facet normal -1.942691e-02 -9.995472e-01 -2.297961e-02
    outer loop
      vertex 4.729645e-01 -1.495863e+00 3.956684e-01
      vertex 3.044125e-01 -1.492649e+00 3.983684e-01
      vertex 3.999465e-01 -1.498618e+00 5.772684e-01
    endloop
  endfacet
  facet normal 1.942691e-02 9.995472e-01 2.297961e-02
    outer loop
      vertex 4.729645e-01 -1.495863e+00 3.956684e-01
      vertex 3.999465e-01 -1.498618e+00 5.772684e-01
      vertex 3.044125e-01 -1.492649e+00 3.983684e-01
    endloop
  endfacet
  facet normal 7.358423e-03 -9.997633e-01 -2.047723e-02
    outer loop
      vertex -3.501885e-01 -1.502649e+00 -7.432016e-01
      vertex -4.411705e-01 -1.496938e+00 -1.054712e+00
      vertex -5.113355e-01 -1.498585e+00 -9.995216e-01
    endloop
  endfacet
  facet normal -5.237801e-01 1.812733e-02 -8.516606e-01
    outer loop
      vertex 3.920265e-01 -1.502329e+00 -8.167816e-01
      vertex 4.907825e-01 -1.473362e+00 -8.769016e-01
      vertex 4.830595e-01 -1.220509e+00 -8.667716e-01
    endloop
  endfacet
  facet normal 5.237801e-01 -1.812733e-02 8.516606e-01
    outer loop
      vertex 3.920265e-01 -1.502329e+00 -8.167816e-01
      vertex 4.830595e-01 -1.220509e+00 -8.667716e-01
      vertex 4.907825e-01 -1.473362e+00 -8.769016e-01
    endloop
  endfacet
  facet normal -2.544750e-02 9.992418e-01 -2.946328e-02
    outer loop
      vertex 4.750045e-01 1.501715e+00 3.990284e-01
      vertex 3.716725e-01 1.504759e+00 5.915284e-01
      vertex 3.044125e-01 1.497351e+00 3.983684e-01
    endloop
  endfacet
  facet normal 2.544750e-02 -9.992418e-01 2.946328e-02
    outer loop
      vertex 4.750045e-01 1.501715e+00 3.990284e-01
      vertex 3.044125e-01 1.497351e+00 3.983684e-01
      vertex 3.716725e-01 1.504759e+00 5.915284e-01
    endloop
  endfacet
  facet normal -3.865695e-02 -9.992414e-01 4.730281e-03
    outer loop
      vertex -3.840295e-01 1.497351e+00 2.065384e-01
      vertex -5.112855e-01 1.502249e+00 2.012084e-01
      vertex -3.607725e-01 1.497351e+00 3.965984e-01
    endloop
  endfacet
  facet normal 8.476194e-06 -1.000000e+00 6.842835e-07
    outer loop
      vertex -4.831052e-02 1.507351e+00 5.955184e-01
      vertex 1.281725e-01 1.507352e+00 8.483784e-01
      vertex 9.281848e-02 1.507352e+00 5.894684e-01
    endloop
  endfacet
  facet normal -8.476194e-06 1.000000e+00 -6.842835e-07
    outer loop
      vertex -4.831052e-02 1.507351e+00 5.955184e-01
      vertex 9.281848e-02 1.507352e+00 5.894684e-01
      vertex 1.281725e-01 1.507352e+00 8.483784e-01
    endloop
  endfacet
  facet normal -9.990160e-01 4.353132e-04 -4.434846e-02
    outer loop
      vertex -5.041045e-01 -2.690628e-01 -6.745916e-01
      vertex -5.085715e-01 -2.694168e-01 -5.739816e-01
      vertex -5.042365e-01 -4.642908e-01 -6.735516e-01
    endloop
  endfacet
  facet normal -8.815861e-03 9.906937e-01 1.358238e-01
    outer loop
      vertex 1.189255e-01 -1.492649e+00 2.017384e-01
      vertex 9.414248e-02 -1.460565e+00 -3.388163e-02
      vertex 2.979575e-01 -1.492649e+00 2.133584e-01
    endloop
  endfacet
  facet normal 1.847916e-06 -1.000000e+00 -2.966978e-06
    outer loop
      vertex -3.218152e-02 1.507350e+00 4.019584e-01
      vertex -4.915652e-02 1.507351e+00 2.306684e-01
      vertex -3.232075e-01 1.507350e+00 2.206984e-01
    endloop
  endfacet
  facet normal -1.847916e-06 1.000000e+00 2.966978e-06
    outer loop
      vertex -3.218152e-02 1.507350e+00 4.019584e-01
      vertex -3.232075e-01 1.507350e+00 2.206984e-01
      vertex -4.915652e-02 1.507351e+00 2.306684e-01
    endloop
  endfacet
  facet normal -1.143434e-03 -9.974910e-01 7.078344e-02
    outer loop
      vertex 3.705725e-01 -1.498258e+00 1.933208e+00
      vertex 9.698648e-02 -1.502649e+00 1.866918e+00
      vertex 9.240848e-02 -1.497939e+00 1.933208e+00
    endloop
  endfacet
  facet normal 5.800595e-02 -9.952375e-01 7.834361e-02
    outer loop
      vertex 2.937495e-01 1.474826e+00 -6.967163e-02
      vertex 9.361648e-02 1.466043e+00 -3.306163e-02
      vertex 2.979585e-01 1.497351e+00 2.133584e-01
    endloop
  endfacet
  facet normal -1.641383e-06 1.000000e+00 1.321392e-06
    outer loop
      vertex -4.259652e-02 1.507351e+00 1.089458e+00
      vertex -4.408452e-02 1.507351e+00 1.268038e+00
      vertex -3.316875e-01 1.507351e+00 1.091218e+00
    endloop
  endfacet
  facet normal 6.649163e-01 -7.370584e-03 7.468815e-01
    outer loop
      vertex 2.873065e-01 -2.731568e-01 -1.428516e-01
      vertex 4.419595e-01 -2.816138e-01 -2.806116e-01
      vertex 2.818225e-01 -4.641008e-01 -1.398516e-01
    endloop
  endfacet
  facet normal 3.133436e-01 3.921442e-03 9.496318e-01
    outer loop
      vertex 6.957048e-02 2.931112e-01 -7.116163e-02
      vertex 2.881165e-01 2.933312e-01 -1.432716e-01
      vertex 1.203375e-01 -1.845781e-02 -8.663163e-02
    endloop
  endfacet
  facet normal 8.548271e-02 -9.946421e-01 -5.813575e-02
    outer loop
      vertex 3.838825e-01 1.504410e+00 2.189384e-01
      vertex 2.979585e-01 1.497351e+00 2.133584e-01
      vertex 4.750045e-01 1.501715e+00 3.990284e-01
    endloop
  endfacet
  facet normal -8.548271e-02 9.946421e-01 5.813575e-02
    outer loop
      vertex 3.838825e-01 1.504410e+00 2.189384e-01
      vertex 4.750045e-01 1.501715e+00 3.990284e-01
      vertex 2.979585e-01 1.497351e+00 2.133584e-01
    endloop
  endfacet
  facet normal -3.185158e-01 5.880383e-03 9.478993e-01
    outer loop
      vertex -2.323252e-02 -1.351481e-02 -7.127163e-02
      vertex -2.372305e-01 -2.805458e-01 -1.415216e-01
      vertex -2.456185e-01 1.282219e-02 -1.461616e-01
    endloop
  endfacet
  facet normal -3.447798e-02 -9.994046e-01 -1.316981e-03
    outer loop
      vertex -3.607725e-01 1.497351e+00 3.965984e-01
      vertex -5.112895e-01 1.502536e+00 4.022684e-01
      vertex -5.112915e-01 1.502264e+00 6.089484e-01
    endloop
  endfacet
  facet normal -2.795448e-06 1.000000e+00 3.198522e-06
    outer loop
      vertex -3.316875e-01 1.507351e+00 1.091218e+00
      vertex -4.408452e-02 1.507351e+00 1.268038e+00
      vertex -3.667315e-01 1.507350e+00 1.284218e+00
    endloop
  endfacet
  facet normal -1.609658e-01 -9.860783e-01 -4.170816e-02
    outer loop
      vertex -3.644205e-01 1.497351e+00 1.126988e+00
      vertex -5.113055e-01 1.502612e+00 1.569488e+00
      vertex -4.166925e-01 1.497351e+00 1.328728e+00
    endloop
  endfacet
  facet normal 0.000000e+00 -1.000000e+00 0.000000e+00
    outer loop
      vertex -7.285152e-02 1.497351e+00 2.048384e-01
      vertex -6.572452e-02 1.497351e+00 3.751684e-01
      vertex 1.312245e-01 1.497351e+00 3.816084e-01
    endloop
  endfacet
  facet normal 6.580621e-09 1.000000e+00 -2.870520e-09
    outer loop
      vertex 9.705248e-02 -1.492649e+00 5.730384e-01
      vertex 8.537348e-02 -1.492649e+00 8.707084e-01
      vertex -3.731052e-02 -1.492649e+00 5.894584e-01
    endloop
  endfacet
  facet normal -4.821361e-07 1.000000e+00 1.681238e-07
    outer loop
      vertex 3.013655e-01 -1.492649e+00 8.376684e-01
      vertex 9.705248e-02 -1.492649e+00 5.730384e-01
      vertex 3.121505e-01 -1.492649e+00 5.749984e-01
    endloop
  endfacet
  facet normal 4.821361e-07 -1.000000e+00 -1.681238e-07
    outer loop
      vertex 3.013655e-01 -1.492649e+00 8.376684e-01
      vertex 3.121505e-01 -1.492649e+00 5.749984e-01
      vertex 9.705248e-02 -1.492649e+00 5.730384e-01
    endloop
  endfacet
  facet normal -3.454912e-03 9.908021e-01 1.352747e-01
    outer loop
      vertex 1.189255e-01 -1.492649e+00 2.017384e-01
      vertex -4.733652e-02 -1.461258e+00 -3.242163e-02
      vertex 9.414248e-02 -1.460565e+00 -3.388163e-02
    endloop
  endfacet
  facet normal 6.590448e-02 9.978257e-01 6.884694e-04
    outer loop
      vertex 3.705725e-01 -1.498258e+00 1.933208e+00
      vertex 2.865125e-01 -1.492649e+00 1.849878e+00
      vertex 3.988895e-01 -1.500077e+00 1.858678e+00
    endloop
  endfacet
  facet normal -3.245839e-01 -1.195897e-02 9.457814e-01
    outer loop
      vertex -3.368552e-02 6.466132e-01 -7.234163e-02
      vertex -2.431652e-02 4.683402e-01 -7.138163e-02
      vertex -2.389115e-01 6.735432e-01 -1.424316e-01
    endloop
  endfacet
  facet normal -1.948743e-03 -9.983433e-01 5.750522e-02
    outer loop
      vertex -4.259652e-02 -1.502649e+00 1.862188e+00
      vertex -4.259452e-02 -1.498558e+00 1.933208e+00
      vertex 9.698648e-02 -1.502649e+00 1.866918e+00
    endloop
  endfacet
  facet normal 1.455935e-02 9.990899e-01 4.009198e-02
    outer loop
      vertex 1.956325e-01 -1.492649e+00 1.763878e+00
      vertex 9.240848e-02 -1.497939e+00 1.933208e+00
      vertex -4.113852e-02 -1.492649e+00 1.849868e+00
    endloop
  endfacet
  facet normal -6.791486e-02 -9.976867e-01 2.975264e-03
    outer loop
      vertex 3.999465e-01 -1.498618e+00 5.772684e-01
      vertex 3.044125e-01 -1.492649e+00 3.983684e-01
      vertex 3.121505e-01 -1.492649e+00 5.749984e-01
    endloop
  endfacet
  facet normal 6.791486e-02 9.976867e-01 -2.975264e-03
    outer loop
      vertex 3.999465e-01 -1.498618e+00 5.772684e-01
      vertex 3.121505e-01 -1.492649e+00 5.749984e-01
      vertex 3.044125e-01 -1.492649e+00 3.983684e-01
    endloop
  endfacet
  facet normal -6.640007e-01 2.572129e-02 7.472894e-01
    outer loop
      vertex -2.557885e-01 -4.641528e-01 -1.516916e-01
      vertex -3.946165e-01 -2.745188e-01 -2.815716e-01
      vertex -2.372305e-01 -2.805458e-01 -1.415216e-01
    endloop
  endfacet
  facet normal 3.686146e-01 3.821335e-02 -9.287966e-01
    outer loop
      vertex 6.861848e-02 -1.169062e+00 -1.132372e+00
      vertex 3.438005e-01 -1.474045e+00 -1.035712e+00
      vertex 3.303605e-01 -1.213847e+00 -1.030342e+00
    endloop
  endfacet
  facet normal -3.686146e-01 -3.821335e-02 9.287966e-01
    outer loop
      vertex 6.861848e-02 -1.169062e+00 -1.132372e+00
      vertex 3.303605e-01 -1.213847e+00 -1.030342e+00
      vertex 3.438005e-01 -1.474045e+00 -1.035712e+00
    endloop
  endfacet
  facet normal -3.567520e-01 1.760669e-02 -9.340332e-01
    outer loop
      vertex -2.889565e-01 -1.210365e+00 -1.025992e+00
      vertex -2.007452e-02 -1.412748e+00 -1.132502e+00
      vertex -2.960519e-03 -1.158670e+00 -1.134252e+00
    endloop
  endfacet
  facet normal 3.890049e-01 1.067288e-01 -9.150324e-01
    outer loop
      vertex 2.695605e-01 -8.502006e-01 -1.071972e+00
      vertex 3.570565e-01 -6.585154e-01 -1.012422e+00
      vertex 5.445448e-02 -5.963988e-01 -1.133812e+00
    endloop
  endfacet
  facet normal 3.606293e-01 1.085197e-02 -9.326461e-01
    outer loop
      vertex 3.377885e-01 6.734882e-01 -1.025892e+00
      vertex 5.999448e-02 6.775092e-01 -1.133262e+00
      vertex 6.842648e-02 4.694442e-01 -1.132422e+00
    endloop
  endfacet
  facet normal -0.000000e+00 -1.000000e+00 0.000000e+00
    outer loop
      vertex 8.157048e-02 1.497351e+00 1.115028e+00
      vertex -3.962652e-02 1.497351e+00 8.707084e-01
      vertex -4.400152e-02 1.497351e+00 1.120698e+00
    endloop
  endfacet
  facet normal 0.000000e+00 1.000000e+00 -0.000000e+00
    outer loop
      vertex -4.282752e-02 -1.502649e+00 1.728284e-01
      vertex -3.691952e-02 -1.502649e+00 4.015984e-01
      vertex -3.407535e-01 -1.502649e+00 5.846484e-01
    endloop
  endfacet
  facet normal 0.000000e+00 -1.000000e+00 0.000000e+00
    outer loop
      vertex -4.282752e-02 -1.502649e+00 1.728284e-01
      vertex -3.407535e-01 -1.502649e+00 5.846484e-01
      vertex -3.691952e-02 -1.502649e+00 4.015984e-01
    endloop
  endfacet
  facet normal 1.007079e-01 5.299388e-05 -9.949160e-01
    outer loop
      vertex 6.919748e-02 9.497012e-01 -1.132312e+00
      vertex 4.707648e-02 1.162898e+00 -1.134542e+00
      vertex 5.999448e-02 6.775092e-01 -1.133262e+00
    endloop
  endfacet
  facet normal -1.007079e-01 -5.299388e-05 9.949160e-01
    outer loop
      vertex 6.919748e-02 9.497012e-01 -1.132312e+00
      vertex 5.999448e-02 6.775092e-01 -1.133262e+00
      vertex 4.707648e-02 1.162898e+00 -1.134542e+00
    endloop
  endfacet
  facet normal -2.791837e-02 -9.996045e-01 -3.368374e-03
    outer loop
      vertex -3.567135e-01 -1.502649e+00 1.298958e+00
      vertex -5.112965e-01 -1.497806e+00 1.142978e+00
      vertex -5.113115e-01 -1.498431e+00 1.328598e+00
    endloop
  endfacet
  facet normal 9.991603e-01 -8.494988e-04 -4.096219e-02
    outer loop
      vertex 5.513915e-01 -5.963988e-01 -6.746316e-01
      vertex 5.555705e-01 -5.947863e-01 -5.727216e-01
      vertex 5.515425e-01 -4.708508e-01 -6.735516e-01
    endloop
  endfacet
  facet normal 6.751772e-01 1.758679e-03 7.376535e-01
    outer loop
      vertex 4.534165e-01 1.210969e+00 -2.966816e-01
      vertex 2.823555e-01 1.218385e+00 -1.401216e-01
      vertex 4.603375e-01 1.459628e+00 -3.036116e-01
    endloop
  endfacet
  facet normal 6.486663e-01 5.670832e-03 7.610519e-01
    outer loop
      vertex 2.801305e-01 9.570092e-01 -1.389516e-01
      vertex 4.354995e-01 9.014132e-01 -2.709616e-01
      vertex 2.867465e-01 6.793462e-01 -1.425216e-01
    endloop
  endfacet
  facet normal -2.711506e-02 9.996323e-01 2.138281e-05
    outer loop
      vertex -5.112855e-01 1.502249e+00 2.012084e-01
      vertex -5.112855e-01 1.502255e+00 -6.629163e-02
      vertex -3.232075e-01 1.507350e+00 2.206984e-01
    endloop
  endfacet
  facet normal 3.045350e-01 -1.728469e-01 9.366869e-01
    outer loop
      vertex 2.823555e-01 1.218385e+00 -1.401216e-01
      vertex 6.848848e-02 1.215873e+00 -7.105163e-02
      vertex 9.361648e-02 1.466043e+00 -3.306163e-02
    endloop
  endfacet
  facet normal -1.608846e-01 9.860927e-01 -4.168167e-02
    outer loop
      vertex -4.166915e-01 -1.492649e+00 1.328728e+00
      vertex -5.113055e-01 -1.497909e+00 1.569468e+00
      vertex -3.644205e-01 -1.492649e+00 1.126968e+00
    endloop
  endfacet
  facet normal -7.334390e-03 -2.038376e-01 9.789773e-01
    outer loop
      vertex 1.803765e-01 -6.360420e-01 -1.054016e-01
      vertex -1.470135e-01 -6.429860e-01 -1.093016e-01
      vertex -2.383852e-02 -4.649778e-01 -7.131163e-02
    endloop
  endfacet
  facet normal -2.638359e-03 4.501781e-04 9.999964e-01
    outer loop
      vertex -2.323252e-02 -1.351481e-02 -7.127163e-02
      vertex -2.489652e-02 2.817882e-01 -7.141163e-02
      vertex 6.957048e-02 2.931112e-01 -7.116163e-02
    endloop
  endfacet
  facet normal 1.095299e-01 -8.649727e-01 -4.897198e-01
    outer loop
      vertex 8.576848e-02 1.490458e+00 -1.101162e+00
      vertex 3.504795e-01 1.482450e+00 -1.027812e+00
      vertex 3.952695e-01 1.503767e+00 -1.055452e+00
    endloop
  endfacet
  facet normal -3.981270e-03 9.979661e-01 6.362401e-02
    outer loop
      vertex -2.494715e-01 -1.492649e+00 1.849868e+00
      vertex -3.417845e-01 -1.498330e+00 1.933208e+00
      vertex -4.822255e-01 -1.492649e+00 1.835308e+00
    endloop
  endfacet
  facet normal -9.990890e-01 -3.593581e-04 -4.267342e-02
    outer loop
      vertex -5.084665e-01 -6.656592e-01 -5.728216e-01
      vertex -5.041245e-01 -6.743616e-01 -6.744016e-01
      vertex -5.042365e-01 -4.642908e-01 -6.735516e-01
    endloop
  endfacet
  facet normal -2.246627e-03 -6.044737e-03 9.999793e-01
    outer loop
      vertex -3.368552e-02 6.466132e-01 -7.234163e-02
      vertex 6.342748e-02 9.096442e-01 -7.053163e-02
      vertex 7.826548e-02 6.504412e-01 -7.206163e-02
    endloop
  endfacet
  facet normal -9.224401e-01 1.882908e-01 3.371212e-01
    outer loop
      vertex -4.742325e-01 -1.471185e+00 -3.360116e-01
      vertex -5.089705e-01 -1.205997e+00 -5.791716e-01
      vertex -4.088005e-01 -1.209932e+00 -3.028916e-01
    endloop
  endfacet
  facet normal 9.224401e-01 -1.882908e-01 -3.371212e-01
    outer loop
      vertex -4.742325e-01 -1.471185e+00 -3.360116e-01
      vertex -4.088005e-01 -1.209932e+00 -3.028916e-01
      vertex -5.089705e-01 -1.205997e+00 -5.791716e-01
    endloop
  endfacet
  facet normal 6.985330e-03 -9.987770e-01 4.894671e-02
    outer loop
      vertex -5.113535e-01 1.501946e+00 1.933208e+00
      vertex -3.516095e-01 1.503063e+00 1.933208e+00
      vertex -4.822255e-01 1.497351e+00 1.835288e+00
    endloop
  endfacet
  facet normal 2.478341e-01 -3.016839e-01 -9.206330e-01
    outer loop
      vertex 1.927065e-01 -1.502386e+00 -1.067102e+00
      vertex 3.438005e-01 -1.474045e+00 -1.035712e+00
      vertex 6.841648e-02 -1.405218e+00 -1.132402e+00
    endloop
  endfacet
  facet normal -3.491512e-02 -9.993892e-01 1.499391e-03
    outer loop
      vertex -3.644205e-01 1.497351e+00 1.126988e+00
      vertex -3.756915e-01 1.497351e+00 8.645284e-01
      vertex -5.112965e-01 1.502506e+00 1.142988e+00
    endloop
  endfacet
  facet normal 1.445879e-02 -9.998944e-01 1.445440e-03
    outer loop
      vertex 3.999465e-01 -1.498618e+00 5.772684e-01
      vertex 9.281848e-02 -1.502649e+00 8.614484e-01
      vertex 4.154405e-01 -1.497972e+00 8.696984e-01
    endloop
  endfacet
  facet normal 8.488255e-01 5.272087e-01 3.932437e-02
    outer loop
      vertex 5.247685e-01 1.489995e+00 -5.410916e-01
      vertex 5.291535e-01 1.493118e+00 -6.776416e-01
      vertex 5.583225e-01 1.440533e+00 -6.022416e-01
    endloop
  endfacet
  facet normal 5.476340e-02 6.413233e-01 -7.653139e-01
    outer loop
      vertex -5.092452e-02 1.493044e+00 -1.108772e+00
      vertex 2.622548e-02 1.453234e+00 -1.136612e+00
      vertex 8.576848e-02 1.490458e+00 -1.101162e+00
    endloop
  endfacet
  facet normal -9.834801e-01 -2.120400e-02 -1.797700e-01
    outer loop
      vertex -5.093475e-01 1.487635e+00 -6.781916e-01
      vertex -5.041095e-01 1.214068e+00 -6.745816e-01
      vertex -4.740325e-01 1.490989e+00 -8.717816e-01
    endloop
  endfacet
  facet normal 7.605019e-01 -1.744806e-02 6.491012e-01
    outer loop
      vertex -4.380685e-01 -5.562809e-03 -8.605116e-01
      vertex -2.910445e-01 2.884972e-01 -1.024872e+00
      vertex -3.085615e-01 -1.405481e-02 -1.012482e+00
    endloop
  endfacet
  facet normal -7.605019e-01 1.744806e-02 -6.491012e-01
    outer loop
      vertex -4.380685e-01 -5.562809e-03 -8.605116e-01
      vertex -3.085615e-01 -1.405481e-02 -1.012482e+00
      vertex -2.910445e-01 2.884972e-01 -1.024872e+00
    endloop
  endfacet
  facet normal 0.000000e+00 -1.000000e+00 0.000000e+00
    outer loop
      vertex 1.470205e-01 1.497351e+00 1.331618e+00
      vertex -1.230015e-01 1.497351e+00 1.522728e+00
      vertex 1.434665e-01 1.497351e+00 1.542188e+00
    endloop
  endfacet
  facet normal 3.184415e-01 -7.250718e-04 9.479423e-01
    outer loop
      vertex 7.589148e-02 4.684962e-01 -7.185163e-02
      vertex 2.867465e-01 6.793462e-01 -1.425216e-01
      vertex 2.881165e-01 2.933312e-01 -1.432716e-01
    endloop
  endfacet
  facet normal -9.442903e-01 -1.768399e-04 -3.291136e-01
    outer loop
      vertex -4.412295e-01 -9.569982e-01 -8.547116e-01
      vertex -5.041245e-01 -6.743616e-01 -6.744016e-01
      vertex -5.041875e-01 -9.604613e-01 -6.740716e-01
    endloop
  endfacet
  facet normal 1.042226e-01 9.911201e-01 -8.257401e-02
    outer loop
      vertex 4.729645e-01 -1.495863e+00 3.956684e-01
      vertex 2.979575e-01 -1.492649e+00 2.133584e-01
      vertex 3.721195e-01 -1.500100e+00 2.175284e-01
    endloop
  endfacet
  facet normal -1.042226e-01 -9.911201e-01 8.257401e-02
    outer loop
      vertex 4.729645e-01 -1.495863e+00 3.956684e-01
      vertex 3.721195e-01 -1.500100e+00 2.175284e-01
      vertex 2.979575e-01 -1.492649e+00 2.133584e-01
    endloop
  endfacet
  facet normal -9.394069e-01 9.558526e-03 -3.426708e-01
    outer loop
      vertex -4.326765e-01 -6.801191e-01 -8.704316e-01
      vertex -5.041245e-01 -6.743616e-01 -6.744016e-01
      vertex -4.412295e-01 -9.569982e-01 -8.547116e-01
    endloop
  endfacet
  facet normal 9.410408e-01 2.539147e-03 -3.382835e-01
    outer loop
      vertex 4.831255e-01 -3.270809e-03 -8.667216e-01
      vertex 5.514105e-01 2.875302e-01 -6.745916e-01
      vertex 4.810925e-01 2.867742e-01 -8.702016e-01
    endloop
  endfacet
  facet normal 3.017120e-03 9.999955e-01 3.339630e-05
    outer loop
      vertex 3.925915e-01 1.506450e+00 -7.605016e-01
      vertex 4.094635e-01 1.506391e+00 -5.357416e-01
      vertex 9.180048e-02 1.507351e+00 -5.646116e-01
    endloop
  endfacet
  facet normal 9.962564e-01 7.883009e-02 -3.548348e-02
    outer loop
      vertex 5.514175e-01 1.213125e+00 -6.745916e-01
      vertex 5.553165e-01 1.210934e+00 -5.699916e-01
      vertex 5.291535e-01 1.493118e+00 -6.776416e-01
    endloop
  endfacet
  facet normal 6.784412e-01 -5.396422e-03 7.346349e-01
    outer loop
      vertex 4.507555e-01 2.848412e-01 -2.935416e-01
      vertex 2.835465e-01 6.464719e-02 -1.407316e-01
      vertex 2.881165e-01 2.933312e-01 -1.432716e-01
    endloop
  endfacet
  facet normal -7.358197e-01 -1.064096e-02 6.770939e-01
    outer loop
      vertex 4.790105e-01 -2.804398e-01 -8.739416e-01
      vertex 3.570565e-01 -6.585154e-01 -1.012422e+00
      vertex 3.514175e-01 -4.652208e-01 -1.015512e+00
    endloop
  endfacet
  facet normal 7.358197e-01 1.064096e-02 -6.770939e-01
    outer loop
      vertex 4.790105e-01 -2.804398e-01 -8.739416e-01
      vertex 3.514175e-01 -4.652208e-01 -1.015512e+00
      vertex 3.570565e-01 -6.585154e-01 -1.012422e+00
    endloop
  endfacet
  facet normal -3.471063e-02 -9.993917e-01 3.377379e-03
    outer loop
      vertex -3.644205e-01 1.497351e+00 1.126988e+00
      vertex -5.112965e-01 1.502506e+00 1.142988e+00
      vertex -5.113095e-01 1.503134e+00 1.328598e+00
    endloop
  endfacet
  facet normal 1.143232e-02 9.999335e-01 1.523205e-03
    outer loop
      vertex 9.698648e-02 1.507351e+00 1.083228e+00
      vertex 1.281725e-01 1.507352e+00 8.483784e-01
      vertex 4.014195e-01 1.503824e+00 1.113788e+00
    endloop
  endfacet
  facet normal 0.000000e+00 -1.000000e+00 0.000000e+00
    outer loop
      vertex -4.259995e-01 1.497351e+00 1.589508e+00
      vertex -2.494715e-01 1.497351e+00 1.849868e+00
      vertex -4.113852e-02 1.497351e+00 1.849868e+00
    endloop
  endfacet
  facet normal 0.000000e+00 -1.000000e+00 0.000000e+00
    outer loop
      vertex -3.444865e-01 -1.502649e+00 1.104868e+00
      vertex -4.360852e-02 -1.502649e+00 8.572484e-01
      vertex -3.332975e-01 -1.502649e+00 8.690184e-01
    endloop
  endfacet
  facet normal 7.336777e-07 1.000000e+00 -8.013002e-06
    outer loop
      vertex -3.284245e-01 1.507350e+00 -3.508416e-01
      vertex -4.969952e-02 1.507350e+00 -3.253216e-01
      vertex -3.714152e-02 1.507351e+00 -8.614163e-02
    endloop
  endfacet
  facet normal -7.336777e-07 -1.000000e+00 8.013002e-06
    outer loop
      vertex -3.284245e-01 1.507350e+00 -3.508416e-01
      vertex -3.714152e-02 1.507351e+00 -8.614163e-02
      vertex -4.969952e-02 1.507350e+00 -3.253216e-01
    endloop
  endfacet
  facet normal -3.789346e-01 6.411348e-03 -9.254013e-01
    outer loop
      vertex -3.022885e-01 -2.787088e-01 -1.016882e+00
      vertex -1.332552e-02 6.598191e-03 -1.133232e+00
      vertex -3.085615e-01 -1.405481e-02 -1.012482e+00
    endloop
  endfacet
  facet normal -9.389617e-01 6.391061e-03 -3.439623e-01
    outer loop
      vertex -4.322175e-01 2.767782e-01 -8.712416e-01
      vertex -5.041045e-01 2.990562e-01 -6.745916e-01
      vertex -4.380685e-01 -5.562809e-03 -8.605116e-01
    endloop
  endfacet
  facet normal 9.997095e-01 7.079382e-03 -2.303788e-02
    outer loop
      vertex 5.557815e-01 -2.879458e-01 -5.749716e-01
      vertex 5.541645e-01 -3.902809e-03 -5.578716e-01
      vertex 5.514975e-01 -5.052809e-03 -6.739816e-01
    endloop
  endfacet
  facet normal -4.530989e-08 1.000000e+00 2.185086e-07
    outer loop
      vertex 3.872855e-01 -1.492649e+00 1.334548e+00
      vertex 1.470205e-01 -1.492649e+00 1.331608e+00
      vertex 3.132815e-01 -1.492649e+00 1.118878e+00
    endloop
  endfacet
  facet normal 2.795570e-01 5.701918e-03 -9.601122e-01
    outer loop
      vertex 6.861848e-02 -1.169062e+00 -1.132372e+00
      vertex 2.695605e-01 -8.502006e-01 -1.071972e+00
      vertex 5.882048e-02 -8.582304e-01 -1.133382e+00
    endloop
  endfacet
  facet normal 9.413129e-01 -1.361161e-05 -3.375351e-01
    outer loop
      vertex 5.513915e-01 -5.963988e-01 -6.746316e-01
      vertex 5.514125e-01 -2.806098e-01 -6.745916e-01
      vertex 4.814625e-01 -4.658698e-01 -8.696516e-01
    endloop
  endfacet
  facet normal 7.328919e-01 4.957493e-02 -6.785365e-01
    outer loop
      vertex 3.438005e-01 -1.474045e+00 -1.035712e+00
      vertex 4.907825e-01 -1.473362e+00 -8.769016e-01
      vertex 4.830595e-01 -1.220509e+00 -8.667716e-01
    endloop
  endfacet
  facet normal 9.997175e-01 -6.331655e-03 -2.290523e-02
    outer loop
      vertex 5.514975e-01 -5.052809e-03 -6.739816e-01
      vertex 5.541645e-01 -3.902809e-03 -5.578716e-01
      vertex 5.556185e-01 2.811012e-01 -5.732016e-01
    endloop
  endfacet
  facet normal 3.312315e-01 -1.927955e-04 -9.435495e-01
    outer loop
      vertex 6.861848e-02 -1.169062e+00 -1.132372e+00
      vertex 6.841648e-02 -1.405218e+00 -1.132402e+00
      vertex 3.438005e-01 -1.474045e+00 -1.035712e+00
    endloop
  endfacet
  facet normal 9.995330e-01 3.443175e-03 -3.036672e-02
    outer loop
      vertex 5.556175e-01 -1.148489e+00 -5.733216e-01
      vertex 5.547975e-01 -8.324237e-01 -5.644516e-01
      vertex 5.514515e-01 -8.307738e-01 -6.744116e-01
    endloop
  endfacet
  facet normal -9.995330e-01 -3.443175e-03 3.036672e-02
    outer loop
      vertex 5.556175e-01 -1.148489e+00 -5.733216e-01
      vertex 5.514515e-01 -8.307738e-01 -6.744116e-01
      vertex 5.547975e-01 -8.324237e-01 -5.644516e-01
    endloop
  endfacet
  facet normal -1.875926e-02 -9.998158e-01 -4.057816e-03
    outer loop
      vertex -3.501885e-01 -1.502649e+00 -7.432016e-01
      vertex -5.113355e-01 -1.498585e+00 -9.995216e-01
      vertex -5.113325e-01 -1.499634e+00 -7.411016e-01
    endloop
  endfacet
  facet normal -2.832959e-02 9.995983e-01 8.179076e-04
    outer loop
      vertex -5.112855e-01 1.502255e+00 -6.629163e-02
      vertex -3.320645e-01 1.507352e+00 -8.809163e-02
      vertex -3.232075e-01 1.507350e+00 2.206984e-01
    endloop
  endfacet
  facet normal 9.823470e-03 9.999517e-01 -5.886664e-05
    outer loop
      vertex 4.027655e-01 1.504278e+00 -6.890163e-02
      vertex 8.989148e-02 1.507351e+00 -6.835163e-02
      vertex 8.865148e-02 1.507351e+00 -2.792916e-01
    endloop
  endfacet
  facet normal 4.757808e-04 -7.169054e-02 9.974268e-01
    outer loop
      vertex -8.503652e-02 9.304852e-01 -9.149163e-02
      vertex -2.572452e-02 1.209091e+00 -7.150163e-02
      vertex 6.848848e-02 1.215873e+00 -7.105163e-02
    endloop
  endfacet
  facet normal -3.067825e-01 -3.002825e-03 9.517749e-01
    outer loop
      vertex -8.503652e-02 9.304852e-01 -9.149163e-02
      vertex -2.288985e-01 1.215628e+00 -1.369716e-01
      vertex -2.572452e-02 1.209091e+00 -7.150163e-02
    endloop
  endfacet
  facet normal -3.492659e-02 9.993888e-01 1.500307e-03
    outer loop
      vertex -3.644205e-01 -1.492649e+00 1.126968e+00
      vertex -5.112965e-01 -1.497806e+00 1.142978e+00
      vertex -3.756925e-01 -1.492649e+00 8.645384e-01
    endloop
  endfacet
  facet normal 0.000000e+00 -1.000000e+00 0.000000e+00
    outer loop
      vertex -2.987825e-01 -1.502649e+00 4.011384e-01
      vertex -3.691952e-02 -1.502649e+00 4.015984e-01
      vertex -4.282752e-02 -1.502649e+00 1.728284e-01
    endloop
  endfacet
  facet normal 7.463729e-01 1.113517e-02 -6.654348e-01
    outer loop
      vertex 4.814625e-01 -4.658698e-01 -8.696516e-01
      vertex 3.514175e-01 -4.652208e-01 -1.015512e+00
      vertex 3.570565e-01 -6.585154e-01 -1.012422e+00
    endloop
  endfacet
  facet normal 3.427108e-02 -9.994037e-01 -4.194668e-03
    outer loop
      vertex -5.112895e-01 -1.497834e+00 4.022684e-01
      vertex -3.607715e-01 -1.492649e+00 3.965584e-01
      vertex -3.840295e-01 -1.492649e+00 2.065284e-01
    endloop
  endfacet
  facet normal -3.427108e-02 9.994037e-01 4.194668e-03
    outer loop
      vertex -5.112895e-01 -1.497834e+00 4.022684e-01
      vertex -3.840295e-01 -1.492649e+00 2.065284e-01
      vertex -3.607715e-01 -1.492649e+00 3.965584e-01
    endloop
  endfacet
  facet normal -3.190808e-02 -9.994884e-01 2.164221e-03
    outer loop
      vertex -3.622405e-01 -1.502649e+00 1.578468e+00
      vertex -5.113115e-01 -1.498431e+00 1.328598e+00
      vertex -5.113055e-01 -1.497909e+00 1.569468e+00
    endloop
  endfacet
  facet normal 1.320894e-02 -9.999127e-01 9.440233e-05
    outer loop
      vertex 3.999465e-01 -1.498618e+00 5.772684e-01
      vertex 9.486648e-02 -1.502649e+00 5.748184e-01
      vertex 9.281848e-02 -1.502649e+00 8.614484e-01
    endloop
  endfacet
  facet normal 3.603867e-01 -8.942935e-03 -9.327601e-01
    outer loop
      vertex 6.919748e-02 9.497012e-01 -1.132312e+00
      vertex 5.999448e-02 6.775092e-01 -1.133262e+00
      vertex 3.377885e-01 6.734882e-01 -1.025892e+00
    endloop
  endfacet
  facet normal 0.000000e+00 -1.000000e+00 0.000000e+00
    outer loop
      vertex 1.189285e-01 1.497351e+00 2.017384e-01
      vertex 1.312245e-01 1.497351e+00 3.816084e-01
      vertex 3.044125e-01 1.497351e+00 3.983684e-01
    endloop
  endfacet
  facet normal -3.137449e-01 8.206476e-04 9.495070e-01
    outer loop
      vertex -2.431652e-02 4.683402e-01 -7.138163e-02
      vertex -2.489652e-02 2.817882e-01 -7.141163e-02
      vertex -2.374245e-01 2.852912e-01 -1.416316e-01
    endloop
  endfacet
  facet normal 4.649072e-01 -3.131482e-04 -8.853594e-01
    outer loop
      vertex 6.861848e-02 -1.169062e+00 -1.132372e+00
      vertex 6.841648e-02 -1.405218e+00 -1.132402e+00
      vertex 1.927065e-01 -1.502386e+00 -1.067102e+00
    endloop
  endfacet
  facet normal -4.649072e-01 3.131482e-04 8.853594e-01
    outer loop
      vertex 6.861848e-02 -1.169062e+00 -1.132372e+00
      vertex 1.927065e-01 -1.502386e+00 -1.067102e+00
      vertex 6.841648e-02 -1.405218e+00 -1.132402e+00
    endloop
  endfacet
  facet normal 9.992677e-01 2.100379e-05 -3.826323e-02
    outer loop
      vertex 5.514585e-01 9.550722e-01 -6.741516e-01
      vertex 5.514555e-01 6.830132e-01 -6.743916e-01
      vertex 5.554145e-01 6.778862e-01 -5.709916e-01
    endloop
  endfacet
  facet normal -2.419397e-02 -5.258575e-03 -9.996935e-01
    outer loop
      vertex 4.707648e-02 1.162898e+00 -1.134542e+00
      vertex -1.156752e-02 1.210803e+00 -1.133372e+00
      vertex -2.765452e-02 9.787802e-01 -1.131762e+00
    endloop
  endfacet
  facet normal 7.882767e-07 1.000000e+00 3.040132e-06
    outer loop
      vertex -3.714152e-02 1.507351e+00 -8.614163e-02
      vertex -4.915652e-02 1.507351e+00 2.306684e-01
      vertex -3.320645e-01 1.507352e+00 -8.809163e-02
    endloop
  endfacet
  facet normal -9.932623e-01 -1.158866e-01 5.774532e-04
    outer loop
      vertex -5.093475e-01 1.487635e+00 -6.781916e-01
      vertex -5.113325e-01 1.504336e+00 -7.411116e-01
      vertex -5.113535e-01 1.505556e+00 -5.314016e-01
    endloop
  endfacet
  facet normal 0.000000e+00 -1.000000e+00 0.000000e+00
    outer loop
      vertex -4.259652e-02 -1.502649e+00 1.317908e+00
      vertex -3.622405e-01 -1.502649e+00 1.578468e+00
      vertex -4.259652e-02 -1.502649e+00 1.566368e+00
    endloop
  endfacet
  facet normal 9.999941e-01 3.450593e-03 1.264037e-04
    outer loop
      vertex -5.113525e-01 -1.497692e+00 1.933208e+00
      vertex -5.113055e-01 -1.497909e+00 1.569468e+00
      vertex -5.113395e-01 -1.498456e+00 1.852228e+00
    endloop
  endfacet
  facet normal -9.999941e-01 -3.450593e-03 -1.264037e-04
    outer loop
      vertex -5.113525e-01 -1.497692e+00 1.933208e+00
      vertex -5.113395e-01 -1.498456e+00 1.852228e+00
      vertex -5.113055e-01 -1.497909e+00 1.569468e+00
    endloop
  endfacet
  facet normal -7.458317e-01 -3.283075e-02 -6.653249e-01
    outer loop
      vertex 4.935525e-01 -1.501402e+00 -3.279416e-01
      vertex 4.543285e-01 -1.211758e+00 -2.982716e-01
      vertex 4.574135e-01 -1.453154e+00 -2.898116e-01
    endloop
  endfacet
  facet normal 7.458317e-01 3.283075e-02 6.653249e-01
    outer loop
      vertex 4.935525e-01 -1.501402e+00 -3.279416e-01
      vertex 4.574135e-01 -1.453154e+00 -2.898116e-01
      vertex 4.543285e-01 -1.211758e+00 -2.982716e-01
    endloop
  endfacet
  facet normal -9.856741e-02 -1.186278e-05 9.951304e-01
    outer loop
      vertex 6.861848e-02 -1.169062e+00 -1.132372e+00
      vertex 6.841648e-02 -1.405218e+00 -1.132402e+00
      vertex 2.529348e-02 -1.502649e+00 -1.136672e+00
    endloop
  endfacet
  facet normal 9.856741e-02 1.186278e-05 -9.951304e-01
    outer loop
      vertex 6.861848e-02 -1.169062e+00 -1.132372e+00
      vertex 2.529348e-02 -1.502649e+00 -1.136672e+00
      vertex 6.841648e-02 -1.405218e+00 -1.132402e+00
    endloop
  endfacet
  facet normal 5.686706e-01 -2.117065e-02 8.222929e-01
    outer loop
      vertex 1.731255e-01 -1.205429e+00 -1.036316e-01
      vertex 4.434835e-01 -9.397154e-01 -2.837616e-01
      vertex 4.543285e-01 -1.211758e+00 -2.982716e-01
    endloop
  endfacet
  facet normal -9.993414e-01 -1.603312e-03 -3.625476e-02
    outer loop
      vertex -5.083645e-01 2.984062e-01 -5.719016e-01
      vertex -5.080235e-01 -8.640809e-03 -5.677216e-01
      vertex -5.041905e-01 4.748191e-03 -6.739816e-01
    endloop
  endfacet
  facet normal -9.988821e-01 -1.969441e-02 -4.297335e-02
    outer loop
      vertex -5.093475e-01 1.487635e+00 -6.781916e-01
      vertex -5.085195e-01 1.217557e+00 -5.736616e-01
      vertex -5.041095e-01 1.214068e+00 -6.745816e-01
    endloop
  endfacet
  facet normal -5.500294e-01 -8.258183e-01 1.244660e-01
    outer loop
      vertex -5.094405e-01 1.468545e+00 -5.439216e-01
      vertex -5.112885e-01 1.502454e+00 -3.271016e-01
      vertex -4.728745e-01 1.476484e+00 -3.296516e-01
    endloop
  endfacet
  facet normal 2.289712e-05 1.000000e+00 1.525884e-06
    outer loop
      vertex -3.782452e-02 1.507351e+00 8.615884e-01
      vertex -4.408452e-02 1.507351e+00 1.268038e+00
      vertex -4.259652e-02 1.507351e+00 1.089458e+00
    endloop
  endfacet
  facet normal -2.289712e-05 -1.000000e+00 -1.525884e-06
    outer loop
      vertex -3.782452e-02 1.507351e+00 8.615884e-01
      vertex -4.259652e-02 1.507351e+00 1.089458e+00
      vertex -4.408452e-02 1.507351e+00 1.268038e+00
    endloop
  endfacet
  facet normal 9.999936e-01 -3.293384e-03 1.415501e-03
    outer loop
      vertex -5.098755e-01 -1.466588e+00 -5.461116e-01
      vertex -5.089705e-01 -1.205997e+00 -5.791716e-01
      vertex -5.097485e-01 -1.484279e+00 -6.768716e-01
    endloop
  endfacet
  facet normal -9.999936e-01 3.293384e-03 -1.415501e-03
    outer loop
      vertex -5.098755e-01 -1.466588e+00 -5.461116e-01
      vertex -5.097485e-01 -1.484279e+00 -6.768716e-01
      vertex -5.089705e-01 -1.205997e+00 -5.791716e-01
    endloop
  endfacet
  facet normal 0.000000e+00 -1.000000e+00 0.000000e+00
    outer loop
      vertex -3.731052e-02 1.497351e+00 5.894584e-01
      vertex -3.740815e-01 1.497351e+00 5.997684e-01
      vertex -3.756915e-01 1.497351e+00 8.645284e-01
    endloop
  endfacet
  facet normal 3.676730e-01 -2.566226e-02 -9.296010e-01
    outer loop
      vertex 5.445448e-02 -5.963988e-01 -1.133812e+00
      vertex 3.570565e-01 -6.585154e-01 -1.012422e+00
      vertex 6.660348e-02 -4.671098e-01 -1.132582e+00
    endloop
  endfacet
  facet normal 1.015836e-01 9.947997e-01 -7.367133e-03
    outer loop
      vertex 5.291535e-01 1.493118e+00 -6.776416e-01
      vertex 4.094635e-01 1.506391e+00 -5.357416e-01
      vertex 3.925915e-01 1.506450e+00 -7.605016e-01
    endloop
  endfacet
  facet normal 9.253438e-01 -1.221248e-02 3.789324e-01
    outer loop
      vertex 4.354995e-01 9.014132e-01 -2.709616e-01
      vertex 5.542865e-01 9.614962e-01 -5.591016e-01
      vertex 5.554145e-01 6.778862e-01 -5.709916e-01
    endloop
  endfacet
  facet normal -9.437518e-01 -1.049760e-04 -3.306546e-01
    outer loop
      vertex -4.405365e-01 -4.644308e-01 -8.559616e-01
      vertex -5.041045e-01 -2.690628e-01 -6.745916e-01
      vertex -5.041245e-01 -6.743616e-01 -6.744016e-01
    endloop
  endfacet
  facet normal -3.226312e-10 1.000000e+00 4.417231e-09
    outer loop
      vertex 1.434665e-01 -1.492649e+00 1.542188e+00
      vertex -1.230015e-01 -1.492649e+00 1.522728e+00
      vertex 1.470205e-01 -1.492649e+00 1.331608e+00
    endloop
  endfacet
  facet normal -1.446278e-02 1.248948e-01 9.920646e-01
    outer loop
      vertex 1.803765e-01 -6.360420e-01 -1.054016e-01
      vertex -2.999152e-02 -9.257778e-01 -7.199163e-02
      vertex -1.470135e-01 -6.429860e-01 -1.093016e-01
    endloop
  endfacet
  facet normal 3.122483e-01 -4.999464e-03 9.499874e-01
    outer loop
      vertex 2.873065e-01 -2.731568e-01 -1.428516e-01
      vertex 6.910148e-02 -2.741268e-01 -7.113163e-02
      vertex 1.203375e-01 -1.845781e-02 -8.663163e-02
    endloop
  endfacet
  facet normal 9.402837e-01 -4.242096e-04 -3.403915e-01
    outer loop
      vertex 5.514585e-01 9.550722e-01 -6.741516e-01
      vertex 5.514175e-01 1.213125e+00 -6.745916e-01
      vertex 4.792975e-01 9.290142e-01 -8.734516e-01
    endloop
  endfacet
  facet normal -6.780521e-01 3.784552e-03 7.350041e-01
    outer loop
      vertex -2.554515e-01 -9.003794e-01 -1.515216e-01
      vertex -3.898835e-01 -9.582470e-01 -2.752416e-01
      vertex -3.925965e-01 -6.633168e-01 -2.792616e-01
    endloop
  endfacet
  facet normal -9.297715e-01 -2.418684e-03 3.681291e-01
    outer loop
      vertex -5.084665e-01 -6.656592e-01 -5.728216e-01
      vertex -3.898835e-01 -9.582470e-01 -2.752416e-01
      vertex -5.086775e-01 -9.709564e-01 -5.753616e-01
    endloop
  endfacet
  facet normal -9.329410e-01 1.127927e-02 3.598526e-01
    outer loop
      vertex -3.979055e-01 6.396422e-01 -2.862816e-01
      vertex -5.078785e-01 4.692102e-01 -5.660516e-01
      vertex -5.086235e-01 6.816412e-01 -5.746416e-01
    endloop
  endfacet
  facet normal -9.355214e-01 4.860493e-03 3.532364e-01
    outer loop
      vertex -4.026115e-01 1.211176e+00 -2.930916e-01
      vertex -5.081315e-01 9.628212e-01 -5.691316e-01
      vertex -5.085195e-01 1.217557e+00 -5.736616e-01
    endloop
  endfacet
  facet normal 3.877143e-03 9.999536e-01 8.819154e-03
    outer loop
      vertex 4.027655e-01 1.504278e+00 -6.890163e-02
      vertex 8.865148e-02 1.507351e+00 -2.792916e-01
      vertex 3.782605e-01 1.506717e+00 -3.347016e-01
    endloop
  endfacet
  facet normal 2.252897e-01 1.914136e-01 9.553038e-01
    outer loop
      vertex 2.896815e-01 -1.465563e+00 -7.900163e-02
      vertex 9.414248e-02 -1.460565e+00 -3.388163e-02
      vertex 1.731255e-01 -1.205429e+00 -1.036316e-01
    endloop
  endfacet
  facet normal -9.421437e-01 4.648442e-03 -3.351770e-01
    outer loop
      vertex -4.407145e-01 4.689722e-01 -8.556816e-01
      vertex -4.379095e-01 6.682122e-01 -8.608016e-01
      vertex -5.041435e-01 6.857282e-01 -6.743916e-01
    endloop
  endfacet
  facet normal 1.910983e-03 7.925227e-04 -9.999979e-01
    outer loop
      vertex 5.668248e-02 2.811762e-01 -1.133582e+00
      vertex 5.999448e-02 6.775092e-01 -1.133262e+00
      vertex -9.625519e-03 4.603142e-01 -1.133562e+00
    endloop
  endfacet
  facet normal -9.246960e-01 1.409489e-01 -3.536534e-01
    outer loop
      vertex -4.749605e-01 -1.486162e+00 -8.681916e-01
      vertex -4.348425e-01 -1.218490e+00 -8.664016e-01
      vertex -5.041015e-01 -1.191573e+00 -6.745916e-01
    endloop
  endfacet
  facet normal -1.439589e-01 -9.866952e-01 7.555436e-02
    outer loop
      vertex -3.645865e-01 1.479120e+00 -8.890163e-02
      vertex -4.728745e-01 1.476484e+00 -3.296516e-01
      vertex -5.112855e-01 1.502255e+00 -6.629163e-02
    endloop
  endfacet
  facet normal 8.264265e-07 1.000000e+00 -2.394676e-06
    outer loop
      vertex -3.262015e-01 1.507350e+00 4.000484e-01
      vertex -3.218152e-02 1.507350e+00 4.019584e-01
      vertex -4.831052e-02 1.507351e+00 5.955184e-01
    endloop
  endfacet
  facet normal 7.147606e-04 9.913508e-01 1.312370e-01
    outer loop
      vertex -7.285152e-02 -1.492649e+00 2.048384e-01
      vertex -3.840295e-01 -1.492649e+00 2.065284e-01
      vertex -4.733652e-02 -1.461258e+00 -3.242163e-02
    endloop
  endfacet
  facet normal 0.000000e+00 -1.000000e+00 0.000000e+00
    outer loop
      vertex -4.259995e-01 1.497351e+00 1.589508e+00
      vertex -4.113852e-02 1.497351e+00 1.849868e+00
      vertex -1.230015e-01 1.497351e+00 1.522728e+00
    endloop
  endfacet
  facet normal 3.679508e-01 -7.583253e-03 -9.298144e-01
    outer loop
      vertex 5.579948e-02 -2.881118e-01 -1.133672e+00
      vertex 3.470595e-01 -2.813308e-01 -1.018472e+00
      vertex 6.390548e-02 9.797191e-03 -1.132892e+00
    endloop
  endfacet
  facet normal -3.734128e-01 -1.045088e-04 -9.276652e-01
    outer loop
      vertex -1.333452e-02 -2.996398e-01 -1.133192e+00
      vertex -1.332552e-02 6.598191e-03 -1.133232e+00
      vertex -3.022885e-01 -2.787088e-01 -1.016882e+00
    endloop
  endfacet
  facet normal 9.991377e-01 -6.697376e-04 -4.151187e-02
    outer loop
      vertex 5.515725e-01 4.655532e-01 -6.735616e-01
      vertex 5.514105e-01 2.875302e-01 -6.745916e-01
      vertex 5.556185e-01 2.811012e-01 -5.732016e-01
    endloop
  endfacet
  facet normal -5.970702e-01 -4.308950e-01 6.766362e-01
    outer loop
      vertex -2.288985e-01 1.215628e+00 -1.369716e-01
      vertex -4.026115e-01 1.211176e+00 -2.930916e-01
      vertex -3.645865e-01 1.479120e+00 -8.890163e-02
    endloop
  endfacet
  facet normal -9.991402e-01 -6.627305e-04 -4.145099e-02
    outer loop
      vertex -5.041045e-01 2.990562e-01 -6.745916e-01
      vertex -5.042605e-01 4.689932e-01 -6.735616e-01
      vertex -5.083645e-01 2.984062e-01 -5.719016e-01
    endloop
  endfacet
  facet normal 4.188195e-03 -9.999789e-01 4.965364e-03
    outer loop
      vertex 4.272295e-01 -1.502649e+00 -5.231616e-01
      vertex 1.869185e-01 -1.502649e+00 -3.204616e-01
      vertex 4.935525e-01 -1.501402e+00 -3.279416e-01
    endloop
  endfacet
  facet normal -5.577363e-04 -9.999991e-01 -1.207129e-03
    outer loop
      vertex -1.134655e-01 -1.502267e+00 -1.024442e+00
      vertex 1.039645e-01 -1.502649e+00 -8.083716e-01
      vertex 1.927065e-01 -1.502386e+00 -1.067102e+00
    endloop
  endfacet
  facet normal -1.863344e-02 9.998202e-01 -3.538569e-03
    outer loop
      vertex -5.113325e-01 1.504336e+00 -7.411116e-01
      vertex -5.113365e-01 1.503413e+00 -1.001862e+00
      vertex -3.471665e-01 1.507351e+00 -7.534716e-01
    endloop
  endfacet
  facet normal 2.238835e-07 1.000000e+00 3.918490e-09
    outer loop
      vertex -3.644205e-01 -1.492649e+00 1.126968e+00
      vertex -3.962652e-02 -1.492649e+00 8.707184e-01
      vertex -4.400152e-02 -1.492649e+00 1.120708e+00
    endloop
  endfacet
  facet normal 0.000000e+00 -1.000000e+00 0.000000e+00
    outer loop
      vertex -4.400152e-02 1.497351e+00 1.120698e+00
      vertex -1.117465e-01 1.497351e+00 1.331118e+00
      vertex 1.470205e-01 1.497351e+00 1.331618e+00
    endloop
  endfacet
  facet normal -0.000000e+00 -1.000000e+00 0.000000e+00
    outer loop
      vertex 3.964785e-01 1.497351e+00 1.507318e+00
      vertex 1.470205e-01 1.497351e+00 1.331618e+00
      vertex 1.434665e-01 1.497351e+00 1.542188e+00
    endloop
  endfacet
  facet normal 5.529687e-02 -9.967582e-01 -5.844108e-02
    outer loop
      vertex 2.865125e-01 1.497351e+00 1.849868e+00
      vertex 4.198005e-01 1.504790e+00 1.849118e+00
      vertex 1.956325e-01 1.497351e+00 1.763878e+00
    endloop
  endfacet
  facet normal 9.415690e-01 2.379910e-02 3.359784e-01
    outer loop
      vertex 5.549485e-01 -1.408899e+00 -5.662916e-01
      vertex 4.574135e-01 -1.453154e+00 -2.898116e-01
      vertex 4.543285e-01 -1.211758e+00 -2.982716e-01
    endloop
  endfacet
  facet normal 1.759746e-01 -9.682686e-01 -1.774510e-01
    outer loop
      vertex 3.920265e-01 -1.502329e+00 -8.167816e-01
      vertex 5.302225e-01 -1.502649e+00 -6.779916e-01
      vertex 4.907825e-01 -1.473362e+00 -8.769016e-01
    endloop
  endfacet
  facet normal 4.901705e-01 -2.895656e-01 8.221221e-01
    outer loop
      vertex 5.549485e-01 -1.408899e+00 -5.662916e-01
      vertex 5.583515e-01 -1.502649e+00 -6.013416e-01
      vertex 4.272295e-01 -1.502649e+00 -5.231616e-01
    endloop
  endfacet
  facet normal 9.597067e-01 7.706365e-02 2.702300e-01
    outer loop
      vertex 5.553165e-01 1.210934e+00 -5.699916e-01
      vertex 4.603375e-01 1.459628e+00 -3.036116e-01
      vertex 5.247685e-01 1.489995e+00 -5.410916e-01
    endloop
  endfacet
  facet normal 6.710300e-01 -6.717230e-03 7.413998e-01
    outer loop
      vertex 2.867465e-01 6.793462e-01 -1.425216e-01
      vertex 4.443875e-01 6.204822e-01 -2.857316e-01
      vertex 2.816515e-01 4.693092e-01 -1.398116e-01
    endloop
  endfacet
  facet normal -4.701539e-02 1.691020e-01 -9.844766e-01
    outer loop
      vertex -2.572452e-02 1.209091e+00 -7.150163e-02
      vertex 9.361648e-02 1.466043e+00 -3.306163e-02
      vertex -4.576552e-02 1.470553e+00 -2.563163e-02
    endloop
  endfacet
  facet normal 4.701539e-02 -1.691020e-01 9.844766e-01
    outer loop
      vertex -2.572452e-02 1.209091e+00 -7.150163e-02
      vertex -4.576552e-02 1.470553e+00 -2.563163e-02
      vertex 9.361648e-02 1.466043e+00 -3.306163e-02
    endloop
  endfacet
  facet normal -1.960872e-01 -1.839978e-01 9.631690e-01
    outer loop
      vertex -2.572452e-02 1.209091e+00 -7.150163e-02
      vertex -3.645865e-01 1.479120e+00 -8.890163e-02
      vertex -4.576552e-02 1.470553e+00 -2.563163e-02
    endloop
  endfacet
  facet normal 7.143059e-01 2.170923e-02 -6.994968e-01
    outer loop
      vertex 4.792975e-01 9.290142e-01 -8.734516e-01
      vertex 3.377885e-01 6.734882e-01 -1.025892e+00
      vertex 3.610145e-01 4.685262e-01 -1.008532e+00
    endloop
  endfacet
  facet normal 9.363052e-01 4.256748e-02 -3.485980e-01
    outer loop
      vertex 5.514625e-01 -1.148184e+00 -6.742116e-01
      vertex 4.830595e-01 -1.220509e+00 -8.667716e-01
      vertex 4.907825e-01 -1.473362e+00 -8.769016e-01
    endloop
  endfacet
  facet normal -6.733483e-01 2.219683e-02 7.389921e-01
    outer loop
      vertex -3.979055e-01 6.396422e-01 -2.862816e-01
      vertex -2.389115e-01 6.735432e-01 -1.424316e-01
      vertex -2.556855e-01 4.692572e-01 -1.515816e-01
    endloop
  endfacet
  facet normal -5.321558e-01 3.784225e-02 8.458003e-01
    outer loop
      vertex -3.835195e-01 -4.649618e-01 -2.660716e-01
      vertex -3.946165e-01 -2.745188e-01 -2.815716e-01
      vertex -1.470135e-01 -6.429860e-01 -1.093016e-01
    endloop
  endfacet
  facet normal -9.836275e-01 2.037565e-02 -1.790581e-01
    outer loop
      vertex -4.749605e-01 -1.486162e+00 -8.681916e-01
      vertex -5.041015e-01 -1.191573e+00 -6.745916e-01
      vertex -5.097485e-01 -1.484279e+00 -6.768716e-01
    endloop
  endfacet
  facet normal -9.671244e-02 9.952679e-01 -9.413565e-03
    outer loop
      vertex -4.260005e-01 -1.492649e+00 1.589488e+00
      vertex -5.113525e-01 -1.497692e+00 1.933208e+00
      vertex -5.113395e-01 -1.498456e+00 1.852228e+00
    endloop
  endfacet
  facet normal 8.493424e-01 2.851190e-01 4.442123e-01
    outer loop
      vertex 4.935525e-01 -1.501402e+00 -3.279416e-01
      vertex 3.579565e-01 -1.500937e+00 -6.898163e-02
      vertex 4.574135e-01 -1.453154e+00 -2.898116e-01
    endloop
  endfacet
  facet normal 0.000000e+00 -1.000000e+00 0.000000e+00
    outer loop
      vertex -3.211435e-01 -1.502649e+00 2.100584e-01
      vertex -4.282752e-02 -1.502649e+00 1.728284e-01
      vertex -1.106375e-01 -1.502649e+00 -6.893163e-02
    endloop
  endfacet
  facet normal 4.164014e-03 -9.999835e-01 3.973885e-03
    outer loop
      vertex 1.869185e-01 -1.502649e+00 -3.204616e-01
      vertex 3.579565e-01 -1.500937e+00 -6.898163e-02
      vertex 4.935525e-01 -1.501402e+00 -3.279416e-01
    endloop
  endfacet
  facet normal 0.000000e+00 -1.000000e+00 0.000000e+00
    outer loop
      vertex -2.987825e-01 -1.502649e+00 4.011384e-01
      vertex -3.407535e-01 -1.502649e+00 5.846484e-01
      vertex -3.691952e-02 -1.502649e+00 4.015984e-01
    endloop
  endfacet
  facet normal -1.878211e-02 -9.998067e-01 -5.818964e-03
    outer loop
      vertex -3.501885e-01 -1.502649e+00 -7.432016e-01
      vertex -5.113325e-01 -1.499634e+00 -7.411016e-01
      vertex -5.113535e-01 -1.500854e+00 -5.314016e-01
    endloop
  endfacet
  facet normal -2.682435e-02 -9.996402e-01 1.858172e-05
    outer loop
      vertex -5.112855e-01 -1.497547e+00 2.012184e-01
      vertex -3.211435e-01 -1.502649e+00 2.100584e-01
      vertex -5.112855e-01 -1.497552e+00 -6.629163e-02
    endloop
  endfacet
  facet normal -2.675707e-02 -9.996409e-01 -1.429832e-03
    outer loop
      vertex -5.112855e-01 -1.497547e+00 2.012184e-01
      vertex -5.112895e-01 -1.497834e+00 4.022684e-01
      vertex -3.211435e-01 -1.502649e+00 2.100584e-01
    endloop
  endfacet
  facet normal -3.759468e-03 -9.984722e-01 5.512725e-02
    outer loop
      vertex -5.113525e-01 -1.497692e+00 1.933208e+00
      vertex -3.417845e-01 -1.498330e+00 1.933208e+00
      vertex -3.665425e-01 -1.502649e+00 1.853298e+00
    endloop
  endfacet
  facet normal -3.437474e-02 -9.994080e-01 1.427420e-03
    outer loop
      vertex -3.607725e-01 1.497351e+00 3.965984e-01
      vertex -5.112855e-01 1.502249e+00 2.012084e-01
      vertex -5.112895e-01 1.502536e+00 4.022684e-01
    endloop
  endfacet
  facet normal -8.583131e-06 1.000000e+00 -3.178744e-06
    outer loop
      vertex -4.831052e-02 1.507351e+00 5.955184e-01
      vertex -3.218152e-02 1.507350e+00 4.019584e-01
      vertex 9.281848e-02 1.507352e+00 5.894684e-01
    endloop
  endfacet
  facet normal -1.767698e-06 1.000000e+00 1.320339e-06
    outer loop
      vertex -4.259652e-02 1.507351e+00 1.089458e+00
      vertex 9.028848e-02 1.507351e+00 1.267368e+00
      vertex -4.408452e-02 1.507351e+00 1.268038e+00
    endloop
  endfacet
  facet normal 0.000000e+00 1.000000e+00 -0.000000e+00
    outer loop
      vertex -3.731052e-02 -1.492649e+00 5.894584e-01
      vertex 8.537348e-02 -1.492649e+00 8.707084e-01
      vertex -3.962652e-02 -1.492649e+00 8.707184e-01
    endloop
  endfacet
  facet normal 8.844889e-04 9.990719e-01 4.306528e-02
    outer loop
      vertex 9.698648e-02 1.507351e+00 1.833208e+00
      vertex 3.748045e-01 1.502795e+00 1.933208e+00
      vertex 9.230348e-02 1.503045e+00 1.933208e+00
    endloop
  endfacet
  facet normal 1.592674e-03 9.990481e-01 4.359348e-02
    outer loop
      vertex -4.259652e-02 1.507351e+00 1.839458e+00
      vertex 9.230348e-02 1.503045e+00 1.933208e+00
      vertex -4.259452e-02 1.503260e+00 1.933208e+00
    endloop
  endfacet
  facet normal -5.918519e-09 1.000000e+00 -8.718473e-07
    outer loop
      vertex -3.521455e-01 1.507350e+00 1.568098e+00
      vertex -4.259652e-02 1.507351e+00 1.839458e+00
      vertex -3.314325e-01 1.507351e+00 1.841418e+00
    endloop
  endfacet
  facet normal -1.611783e-06 1.000000e+00 6.176651e-06
    outer loop
      vertex -4.259652e-02 1.507351e+00 1.089458e+00
      vertex -3.316875e-01 1.507351e+00 1.091218e+00
      vertex -3.367675e-01 1.507352e+00 8.582984e-01
    endloop
  endfacet
  facet normal 9.823901e-03 9.999518e-01 1.856371e-04
    outer loop
      vertex 3.838825e-01 1.504410e+00 2.189384e-01
      vertex 8.989148e-02 1.507351e+00 -6.835163e-02
      vertex 4.027655e-01 1.504278e+00 -6.890163e-02
    endloop
  endfacet
  facet normal 5.083173e-01 8.602877e-01 -3.896969e-02
    outer loop
      vertex 4.027655e-01 1.504278e+00 -6.890163e-02
      vertex 3.782605e-01 1.506717e+00 -3.347016e-01
      vertex 4.603375e-01 1.459628e+00 -3.036116e-01
    endloop
  endfacet
  facet normal 7.167050e-02 9.945487e-01 -7.573903e-02
    outer loop
      vertex 1.956325e-01 -1.492649e+00 1.763878e+00
      vertex 3.988895e-01 -1.500077e+00 1.858678e+00
      vertex 2.865125e-01 -1.492649e+00 1.849878e+00
    endloop
  endfacet
  facet normal 0.000000e+00 1.000000e+00 0.000000e+00
    outer loop
      vertex 8.157248e-02 -1.492649e+00 1.115028e+00
      vertex -4.400152e-02 -1.492649e+00 1.120708e+00
      vertex -3.962652e-02 -1.492649e+00 8.707184e-01
    endloop
  endfacet
  facet normal -2.477400e-07 1.000000e+00 -1.284932e-08
    outer loop
      vertex 3.013655e-01 -1.492649e+00 8.376684e-01
      vertex 8.537348e-02 -1.492649e+00 8.707084e-01
      vertex 9.705248e-02 -1.492649e+00 5.730384e-01
    endloop
  endfacet
  facet normal -4.569903e-03 9.974912e-01 7.064268e-02
    outer loop
      vertex -4.113852e-02 -1.492649e+00 1.849868e+00
      vertex 9.240848e-02 -1.497939e+00 1.933208e+00
      vertex -4.259452e-02 -1.498558e+00 1.933208e+00
    endloop
  endfacet
  facet normal 3.759990e-03 9.986110e-01 5.255637e-02
    outer loop
      vertex -5.113525e-01 -1.497692e+00 1.933208e+00
      vertex -4.822255e-01 -1.492649e+00 1.835308e+00
      vertex -3.417845e-01 -1.498330e+00 1.933208e+00
    endloop
  endfacet
  facet normal -5.914849e-07 1.000000e+00 -4.508319e-10
    outer loop
      vertex 1.312245e-01 -1.492649e+00 3.816084e-01
      vertex 3.044125e-01 -1.492649e+00 3.983684e-01
      vertex 3.121505e-01 -1.492649e+00 5.749984e-01
    endloop
  endfacet
  facet normal 2.516105e-01 -9.375784e-01 2.400810e-01
    outer loop
      vertex 2.937495e-01 1.474826e+00 -6.967163e-02
      vertex 4.027655e-01 1.504278e+00 -6.890163e-02
      vertex 4.603375e-01 1.459628e+00 -3.036116e-01
    endloop
  endfacet
  facet normal 0.000000e+00 -1.000000e+00 0.000000e+00
    outer loop
      vertex -3.644205e-01 1.497351e+00 1.126988e+00
      vertex -4.400152e-02 1.497351e+00 1.120698e+00
      vertex -3.962652e-02 1.497351e+00 8.707084e-01
    endloop
  endfacet
  facet normal -1.590200e-03 -9.974966e-01 7.069729e-02
    outer loop
      vertex -4.113852e-02 1.497351e+00 1.849868e+00
      vertex -4.259452e-02 1.503260e+00 1.933208e+00
      vertex 9.230348e-02 1.503045e+00 1.933208e+00
    endloop
  endfacet
  facet normal 3.729495e-01 -7.933066e-03 -9.278177e-01
    outer loop
      vertex 3.463775e-01 2.867072e-01 -1.019132e+00
      vertex 3.377885e-01 6.734882e-01 -1.025892e+00
      vertex 6.842648e-02 4.694442e-01 -1.132422e+00
    endloop
  endfacet
  facet normal -3.041370e-02 3.094432e-02 -9.990582e-01
    outer loop
      vertex -2.007452e-02 -1.412748e+00 -1.132502e+00
      vertex 1.927848e-02 -1.502649e+00 -1.136482e+00
      vertex 2.529348e-02 -1.502649e+00 -1.136672e+00
    endloop
  endfacet
  facet normal 2.585953e-02 -2.423675e-03 -9.996626e-01
    outer loop
      vertex 6.861848e-02 -1.169062e+00 -1.132372e+00
      vertex 5.882048e-02 -8.582304e-01 -1.133382e+00
      vertex -2.960519e-03 -1.158670e+00 -1.134252e+00
    endloop
  endfacet
  facet normal 1.574229e-03 -1.634644e-03 -9.999974e-01
    outer loop
      vertex 5.445448e-02 -5.963988e-01 -1.133812e+00
      vertex -7.125519e-03 -6.557030e-01 -1.133812e+00
      vertex 5.882048e-02 -8.582304e-01 -1.133382e+00
    endloop
  endfacet
  facet normal -1.307579e-02 5.271996e-04 -9.999144e-01
    outer loop
      vertex -1.709652e-02 -4.754298e-01 -1.132812e+00
      vertex 5.445448e-02 -5.963988e-01 -1.133812e+00
      vertex 5.579948e-02 -2.881118e-01 -1.133672e+00
    endloop
  endfacet
  facet normal 1.172761e-02 3.078886e-03 -9.999265e-01
    outer loop
      vertex 6.919748e-02 9.497012e-01 -1.132312e+00
      vertex -5.902519e-03 7.005572e-01 -1.133962e+00
      vertex 5.999448e-02 6.775092e-01 -1.133262e+00
    endloop
  endfacet
  facet normal 2.014097e-02 -5.699504e-03 -9.997809e-01
    outer loop
      vertex 4.707648e-02 1.162898e+00 -1.134542e+00
      vertex 2.622548e-02 1.453234e+00 -1.136612e+00
      vertex 2.001048e-02 1.419226e+00 -1.136552e+00
    endloop
  endfacet
  facet normal 9.259162e-01 -2.226551e-02 3.770721e-01
    outer loop
      vertex 4.534165e-01 1.210969e+00 -2.966816e-01
      vertex 5.542865e-01 9.614962e-01 -5.591016e-01
      vertex 4.354995e-01 9.014132e-01 -2.709616e-01
    endloop
  endfacet
  facet normal 2.174955e-01 -2.633907e-03 -9.760578e-01
    outer loop
      vertex 5.514625e-01 -1.148184e+00 -6.742116e-01
      vertex 5.302225e-01 -1.502649e+00 -6.779916e-01
      vertex 5.515585e-01 -1.408899e+00 -6.734916e-01
    endloop
  endfacet
  facet normal -2.174955e-01 2.633907e-03 9.760578e-01
    outer loop
      vertex 5.514625e-01 -1.148184e+00 -6.742116e-01
      vertex 5.515585e-01 -1.408899e+00 -6.734916e-01
      vertex 5.302225e-01 -1.502649e+00 -6.779916e-01
    endloop
  endfacet
  facet normal 9.581867e-01 -4.449881e-04 -2.861434e-01
    outer loop
      vertex 5.514625e-01 -1.148184e+00 -6.742116e-01
      vertex 4.907825e-01 -1.473362e+00 -8.769016e-01
      vertex 5.515585e-01 -1.408899e+00 -6.734916e-01
    endloop
  endfacet
  facet normal -9.396833e-01 -5.820257e-03 -3.419961e-01
    outer loop
      vertex -4.380685e-01 -5.562809e-03 -8.605116e-01
      vertex -5.041045e-01 -2.690628e-01 -6.745916e-01
      vertex -4.328355e-01 -2.887598e-01 -8.700716e-01
    endloop
  endfacet
  facet normal -9.396299e-01 -1.386576e-02 -3.419116e-01
    outer loop
      vertex -4.322175e-01 2.767782e-01 -8.712416e-01
      vertex -4.407145e-01 4.689722e-01 -8.556816e-01
      vertex -5.041045e-01 2.990562e-01 -6.745916e-01
    endloop
  endfacet
  facet normal 9.996786e-01 5.017368e-03 -2.485366e-02
    outer loop
      vertex 5.514585e-01 9.550722e-01 -6.741516e-01
      vertex 5.554145e-01 6.778862e-01 -5.709916e-01
      vertex 5.542865e-01 9.614962e-01 -5.591016e-01
    endloop
  endfacet
  facet normal -7.466099e-01 -1.779542e-02 -6.650240e-01
    outer loop
      vertex -4.326765e-01 -6.801191e-01 -8.704316e-01
      vertex -2.999565e-01 -6.561757e-01 -1.020082e+00
      vertex -3.135705e-01 -4.644778e-01 -1.009922e+00
    endloop
  endfacet
  facet normal 1.847094e-01 -2.679959e-01 9.455478e-01
    outer loop
      vertex 2.937495e-01 1.474826e+00 -6.967163e-02
      vertex 2.823555e-01 1.218385e+00 -1.401216e-01
      vertex 9.361648e-02 1.466043e+00 -3.306163e-02
    endloop
  endfacet
  facet normal 1.463782e-02 -1.019046e-01 9.946864e-01
    outer loop
      vertex -2.999152e-02 -9.257778e-01 -7.199163e-02
      vertex 8.050648e-02 -9.133311e-01 -7.234163e-02
      vertex 1.731255e-01 -1.205429e+00 -1.036316e-01
    endloop
  endfacet
  facet normal 1.169795e-01 -5.791721e-02 9.914441e-01
    outer loop
      vertex 1.803765e-01 -6.360420e-01 -1.054016e-01
      vertex -2.383852e-02 -4.649778e-01 -7.131163e-02
      vertex 6.910148e-02 -2.741268e-01 -7.113163e-02
    endloop
  endfacet
  facet normal -1.392776e-01 4.004403e-03 9.902453e-01
    outer loop
      vertex -8.503652e-02 9.304852e-01 -9.149163e-02
      vertex 6.848848e-02 1.215873e+00 -7.105163e-02
      vertex 6.342748e-02 9.096442e-01 -7.053163e-02
    endloop
  endfacet
  facet normal 4.760782e-02 -1.546544e-01 9.868209e-01
    outer loop
      vertex -4.576552e-02 1.470553e+00 -2.563163e-02
      vertex 9.361648e-02 1.466043e+00 -3.306163e-02
      vertex 6.848848e-02 1.215873e+00 -7.105163e-02
    endloop
  endfacet
  facet normal -3.058778e-01 8.492625e-03 9.520329e-01
    outer loop
      vertex -1.470135e-01 -6.429860e-01 -1.093016e-01
      vertex -2.372305e-01 -2.805458e-01 -1.415216e-01
      vertex -2.383852e-02 -4.649778e-01 -7.131163e-02
    endloop
  endfacet
  facet normal 7.371598e-01 -5.143945e-03 -6.756989e-01
    outer loop
      vertex 4.792975e-01 9.290142e-01 -8.734516e-01
      vertex 3.456265e-01 9.660182e-01 -1.019562e+00
      vertex 3.377885e-01 6.734882e-01 -1.025892e+00
    endloop
  endfacet
  facet normal 7.763622e-01 -1.953094e-02 -6.299844e-01
    outer loop
      vertex 4.874155e-01 -9.237539e-01 -8.591216e-01
      vertex 4.714395e-01 -6.497608e-01 -8.873016e-01
      vertex 3.703365e-01 -9.787394e-01 -1.001702e+00
    endloop
  endfacet
  facet normal 9.786649e-01 7.573632e-02 -1.909948e-01
    outer loop
      vertex 5.514175e-01 1.213125e+00 -6.745916e-01
      vertex 5.291535e-01 1.493118e+00 -6.776416e-01
      vertex 4.893445e-01 1.492091e+00 -8.820316e-01
    endloop
  endfacet
  facet normal 9.429176e-01 -5.255566e-03 -3.329847e-01
    outer loop
      vertex 5.514625e-01 -1.148184e+00 -6.742116e-01
      vertex 4.874155e-01 -9.237539e-01 -8.591216e-01
      vertex 4.830595e-01 -1.220509e+00 -8.667716e-01
    endloop
  endfacet
endsolid STL generated by MeshLab_transformed_centered
