solid STL generated by MeshLab
  facet normal -1.046705e-01  9.934594e-01 -4.563437e-02
    outer loop
      vertex  -3.048133e+00  3.227401e+00  2.666667e+01
      vertex  -3.131468e+00  3.371737e+00  3.000000e+01
      vertex  -7.450581e-09  3.701667e+00  3.000000e+01
    endloop
  endfacet
  facet normal -9.179345e-01  3.967312e-01  6.556788e-04
    outer loop
      vertex  -4.152412e+00  1.026060e+00  2.000000e+01
      vertex  -3.951960e+00  1.478837e+00  2.666667e+01
      vertex  -3.131468e+00  3.371737e+00  3.000000e+01
    endloop
  endfacet
  facet normal  9.179345e-01 -3.967312e-01 -6.556788e-04
    outer loop
      vertex  -4.152412e+00  1.026060e+00  2.000000e+01
      vertex  -3.131468e+00  3.371737e+00  3.000000e+01
      vertex  -3.951960e+00  1.478837e+00  2.666667e+01
    endloop
  endfacet
  facet normal  9.179346e-01  3.967313e-01 -6.556889e-04
    outer loop
      vertex   3.951960e+00  1.478837e+00  3.333333e+01
      vertex   3.131468e+00  3.371737e+00  3.000000e+01
      vertex   4.152412e+00  1.026060e+00  4.000000e+01
    endloop
  endfacet
  facet normal -9.179346e-01 -3.967313e-01  6.556889e-04
    outer loop
      vertex   3.951960e+00  1.478837e+00  3.333333e+01
      vertex   4.152412e+00  1.026060e+00  4.000000e+01
      vertex   3.131468e+00  3.371737e+00  3.000000e+01
    endloop
  endfacet
  facet normal  3.101098e-01 -9.387919e-01  1.500055e-01
    outer loop
      vertex   3.657186e+00 -2.493594e+00  1.000000e+01
      vertex  -8.514950e-09 -3.701667e+00  1.000000e+01
      vertex   3.048133e+00 -3.227401e+00  6.666667e+00
    endloop
  endfacet
  facet normal  9.169145e-01 -3.990826e-01  9.306170e-04
    outer loop
      vertex  -3.131468e+00  3.371737e+00  3.000000e+01
      vertex  -4.152412e+00  1.026060e+00  3.000000e+01
      vertex  -3.951960e+00  1.478837e+00  2.666667e+01
    endloop
  endfacet
  facet normal -9.169145e-01  3.990826e-01 -9.306170e-04
    outer loop
      vertex  -3.131468e+00  3.371737e+00  3.000000e+01
      vertex  -3.951960e+00  1.478837e+00  2.666667e+01
      vertex  -4.152412e+00  1.026060e+00  3.000000e+01
    endloop
  endfacet
  facet normal  9.299096e-01 -3.590523e-01 -7.968392e-02
    outer loop
      vertex   3.637846e+00 -2.525900e+00  3.000000e+01
      vertex   3.035690e+00 -2.605900e+00  2.333333e+01
      vertex   4.152412e+00  1.026060e+00  2.000000e+01
    endloop
  endfacet
  facet normal -5.503049e-01  8.347822e-01  1.741409e-02
    outer loop
      vertex   1.250825e+00 -4.029936e+00  1.666667e+01
      vertex  -4.967054e-09 -4.924040e+00  2.000000e+01
      vertex   3.637845e+00 -2.525901e+00  2.000000e+01
    endloop
  endfacet
  facet normal -2.538452e-01 -9.672449e-01 -0.000000e+00
    outer loop
      vertex  -7.450581e-09  3.701667e+00  3.000000e+01
      vertex  -1.250825e+00  4.029936e+00  2.666667e+01
      vertex  -7.450581e-09  3.701667e+00  2.000000e+01
    endloop
  endfacet
  facet normal  2.538452e-01  9.672449e-01  0.000000e+00
    outer loop
      vertex  -7.450581e-09  3.701667e+00  3.000000e+01
      vertex  -7.450581e-09  3.701667e+00  2.000000e+01
      vertex  -1.250825e+00  4.029936e+00  2.666667e+01
    endloop
  endfacet
  facet normal -9.719390e-01  2.350837e-01 -8.380266e-03
    outer loop
      vertex   2.994786e+00  2.687808e+00  6.666667e+00
      vertex   3.131467e+00  3.371737e+00  1.000000e+01
      vertex   3.194483e+00  3.275791e+00  0.000000e+00
    endloop
  endfacet
  facet normal  9.719390e-01 -2.350837e-01  8.380266e-03
    outer loop
      vertex   2.994786e+00  2.687808e+00  6.666667e+00
      vertex   3.194483e+00  3.275791e+00  0.000000e+00
      vertex   3.131467e+00  3.371737e+00  1.000000e+01
    endloop
  endfacet
  facet normal  9.892380e-01 -1.391888e-01  4.510765e-02
    outer loop
      vertex   3.657186e+00 -2.493594e+00  1.000000e+01
      vertex   3.951960e+00 -1.478837e+00  6.666667e+00
      vertex   4.152412e+00  1.026060e+00  1.000000e+01
    endloop
  endfacet
  facet normal -8.798978e-01  4.751630e-01 -1.667179e-04
    outer loop
      vertex   3.637845e+00 -2.525901e+00  2.000000e+01
      vertex   4.849232e+00 -2.850168e-01  1.333333e+01
      vertex   3.657186e+00 -2.493594e+00  1.000000e+01
    endloop
  endfacet
  facet normal  3.206640e-01  9.471930e-01  0.000000e+00
    outer loop
      vertex   2.994786e+00  2.687809e+00  2.666667e+01
      vertex  -7.450581e-09  3.701667e+00  2.000000e+01
      vertex  -7.450581e-09  3.701667e+00  3.000000e+01
    endloop
  endfacet
  facet normal -3.206640e-01 -9.471930e-01  0.000000e+00
    outer loop
      vertex   2.994786e+00  2.687809e+00  2.666667e+01
      vertex  -7.450581e-09  3.701667e+00  3.000000e+01
      vertex  -7.450581e-09  3.701667e+00  2.000000e+01
    endloop
  endfacet
  facet normal  5.924543e-02  9.689928e-01  2.398809e-01
    outer loop
      vertex   3.657186e+00 -2.493594e+00  1.000000e+01
      vertex   4.916239e+00 -9.500559e-02  0.000000e+00
      vertex   4.029468e+00 -4.078721e-02  0.000000e+00
    endloop
  endfacet
  facet normal -9.513589e-01 -3.982246e-02  3.055001e-01
    outer loop
      vertex   3.131467e+00  3.371737e+00  1.000000e+01
      vertex  -1.447068e-01  4.924038e+00  0.000000e+00
      vertex  -1.002452e-01  3.861854e+00  0.000000e+00
    endloop
  endfacet
  facet normal  2.538453e-01  9.672449e-01  0.000000e+00
    outer loop
      vertex  -1.250825e+00  4.029936e+00  1.666667e+01
      vertex  -7.450581e-09  3.701667e+00  2.000000e+01
      vertex   8.514950e-09  3.701667e+00  1.000000e+01
    endloop
  endfacet
  facet normal -2.538453e-01 -9.672449e-01  0.000000e+00
    outer loop
      vertex  -1.250825e+00  4.029936e+00  1.666667e+01
      vertex   8.514950e-09  3.701667e+00  1.000000e+01
      vertex  -7.450581e-09  3.701667e+00  2.000000e+01
    endloop
  endfacet
  facet normal  5.491239e-01  8.329909e-01 -6.774274e-02
    outer loop
      vertex  -3.637846e+00 -2.525901e+00  3.000000e+01
      vertex  -4.967054e-09 -4.924040e+00  3.000000e+01
      vertex  -5.613734e-01 -4.825054e+00  2.666667e+01
    endloop
  endfacet
  facet normal  9.299096e-01 -3.590522e-01 -7.968386e-02
    outer loop
      vertex   3.637845e+00 -2.525901e+00  2.000000e+01
      vertex   3.035690e+00 -2.605900e+00  1.333333e+01
      vertex   4.152412e+00  1.026060e+00  1.000000e+01
    endloop
  endfacet
  facet normal -1.287750e-01  9.916737e-01  5.372387e-04
    outer loop
      vertex   3.637846e+00 -2.525900e+00  3.000000e+01
      vertex   3.035690e+00 -2.605900e+00  3.333334e+01
      vertex   3.634329e+00 -2.531775e+00  4.000000e+01
    endloop
  endfacet
  facet normal  1.287750e-01 -9.916737e-01 -5.372387e-04
    outer loop
      vertex   3.637846e+00 -2.525900e+00  3.000000e+01
      vertex   3.634329e+00 -2.531775e+00  4.000000e+01
      vertex   3.035690e+00 -2.605900e+00  3.333334e+01
    endloop
  endfacet
  facet normal  3.411554e-01 -9.399818e-01  6.869035e-03
    outer loop
      vertex  -1.250825e+00  4.029936e+00  6.666667e+00
      vertex  -3.131467e+00  3.371738e+00  1.000000e+01
      vertex  -3.194483e+00  3.275791e+00  0.000000e+00
    endloop
  endfacet
  facet normal -8.205284e-01  5.716058e-01  0.000000e+00
    outer loop
      vertex  -4.152412e+00  1.026060e+00  4.000000e+01
      vertex  -2.994786e+00  2.687809e+00  3.333334e+01
      vertex  -4.152412e+00  1.026060e+00  3.000000e+01
    endloop
  endfacet
  facet normal  8.205284e-01 -5.716058e-01  0.000000e+00
    outer loop
      vertex  -4.152412e+00  1.026060e+00  4.000000e+01
      vertex  -4.152412e+00  1.026060e+00  3.000000e+01
      vertex  -2.994786e+00  2.687809e+00  3.333334e+01
    endloop
  endfacet
  facet normal  1.628815e-01  9.866414e-01 -2.872422e-03
    outer loop
      vertex  -3.657186e+00 -2.493595e+00  4.000000e+01
      vertex  -3.035690e+00 -2.605900e+00  3.666666e+01
      vertex  -3.637846e+00 -2.525901e+00  3.000000e+01
    endloop
  endfacet
  facet normal -1.628815e-01 -9.866414e-01  2.872422e-03
    outer loop
      vertex  -3.657186e+00 -2.493595e+00  4.000000e+01
      vertex  -3.637846e+00 -2.525901e+00  3.000000e+01
      vertex  -3.035690e+00 -2.605900e+00  3.666666e+01
    endloop
  endfacet
  facet normal  8.732138e-01  4.833387e-01 -6.230048e-02
    outer loop
      vertex   2.994786e+00  2.687808e+00  6.666667e+00
      vertex   4.152412e+00  1.026060e+00  1.000000e+01
      vertex   4.029468e+00 -4.078721e-02  0.000000e+00
    endloop
  endfacet
  facet normal -8.732138e-01 -4.833387e-01  6.230048e-02
    outer loop
      vertex   2.994786e+00  2.687808e+00  6.666667e+00
      vertex   4.029468e+00 -4.078721e-02  0.000000e+00
      vertex   4.152412e+00  1.026060e+00  1.000000e+01
    endloop
  endfacet
  facet normal -9.939647e-02  9.950106e-01  8.620605e-03
    outer loop
      vertex   4.916239e+00 -9.500559e-02  5.000000e+01
      vertex   5.000000e+00  0.000000e+00  4.000000e+01
      vertex   4.029943e+00 -1.835420e-01  5.000000e+01
    endloop
  endfacet
  facet normal -1.316978e-01  9.912899e-01 -1.735435e-08
    outer loop
      vertex   3.637846e+00 -2.525900e+00  3.000000e+01
      vertex   3.637845e+00 -2.525901e+00  2.000000e+01
      vertex   3.035690e+00 -2.605900e+00  2.333333e+01
    endloop
  endfacet
  facet normal -7.649500e-01  6.440898e-01  1.093418e-04
    outer loop
      vertex   3.048133e+00 -3.227401e+00  3.666667e+01
      vertex   3.634329e+00 -2.531775e+00  4.000000e+01
      vertex   3.637846e+00 -2.525900e+00  3.000000e+01
    endloop
  endfacet
  facet normal  7.649500e-01 -6.440898e-01 -1.093418e-04
    outer loop
      vertex   3.048133e+00 -3.227401e+00  3.666667e+01
      vertex   3.637846e+00 -2.525900e+00  3.000000e+01
      vertex   3.634329e+00 -2.531775e+00  4.000000e+01
    endloop
  endfacet
  facet normal  1.316978e-01 -9.912899e-01  1.735435e-08
    outer loop
      vertex   3.637846e+00 -2.525900e+00  3.000000e+01
      vertex   3.035690e+00 -2.605900e+00  2.333333e+01
      vertex   3.637845e+00 -2.525901e+00  2.000000e+01
    endloop
  endfacet
  facet normal  8.782313e-01 -4.782346e-01 -1.168647e-03
    outer loop
      vertex   3.637846e+00 -2.525900e+00  3.000000e+01
      vertex   5.000000e+00  0.000000e+00  2.000000e+01
      vertex   4.849232e+00 -2.850168e-01  2.333333e+01
    endloop
  endfacet
  facet normal -3.043206e-01 -9.415742e-01 -1.443159e-01
    outer loop
      vertex  -3.637846e+00 -2.525901e+00  2.000000e+01
      vertex  -7.450581e-09 -3.701667e+00  2.000000e+01
      vertex  -3.048133e+00 -3.227401e+00  2.333333e+01
    endloop
  endfacet
  facet normal  4.436219e-01 -8.949204e-01  4.813585e-02
    outer loop
      vertex  -3.131468e+00  3.371737e+00  3.000000e+01
      vertex  -4.967054e-09  4.924040e+00  3.000000e+01
      vertex  -5.613734e-01  4.825054e+00  3.333333e+01
    endloop
  endfacet
  facet normal  9.885201e-01 -1.432052e-01  4.816906e-02
    outer loop
      vertex   3.637846e+00 -2.525900e+00  3.000000e+01
      vertex   3.951960e+00 -1.478837e+00  2.666667e+01
      vertex   4.152412e+00  1.026060e+00  3.000000e+01
    endloop
  endfacet
  facet normal -1.860673e-01 -9.823793e-01 -1.760168e-02
    outer loop
      vertex  -2.554485e-08 -3.701667e+00  4.000000e+01
      vertex  -1.002453e-01 -3.861854e+00  5.000000e+01
      vertex  -3.194483e+00 -3.275791e+00  5.000000e+01
    endloop
  endfacet
  facet normal -3.395201e-01  9.405989e-01  2.216197e-08
    outer loop
      vertex   3.035690e+00 -2.605900e+00  2.333333e+01
      vertex  -7.450581e-09 -3.701667e+00  2.000000e+01
      vertex   7.450581e-09 -3.701668e+00  3.000000e+01
    endloop
  endfacet
  facet normal  3.395201e-01 -9.405989e-01 -2.216197e-08
    outer loop
      vertex   3.035690e+00 -2.605900e+00  2.333333e+01
      vertex   7.450581e-09 -3.701668e+00  3.000000e+01
      vertex  -7.450581e-09 -3.701667e+00  2.000000e+01
    endloop
  endfacet
  facet normal  7.327144e-01  6.804450e-01 -1.114590e-02
    outer loop
      vertex  -3.194483e+00  3.275791e+00  0.000000e+00
      vertex  -3.131467e+00  3.371738e+00  1.000000e+01
      vertex  -3.048133e+00  3.227401e+00  6.666667e+00
    endloop
  endfacet
  facet normal -7.327144e-01 -6.804450e-01  1.114590e-02
    outer loop
      vertex  -3.194483e+00  3.275791e+00  0.000000e+00
      vertex  -3.048133e+00  3.227401e+00  6.666667e+00
      vertex  -3.131467e+00  3.371738e+00  1.000000e+01
    endloop
  endfacet
  facet normal  7.300451e-01 -6.781500e-01  8.453852e-02
    outer loop
      vertex  -2.994786e+00  2.687809e+00  1.333333e+01
      vertex  -3.131468e+00  3.371737e+00  2.000000e+01
      vertex  -4.152412e+00  1.026060e+00  1.000000e+01
    endloop
  endfacet
  facet normal -7.300451e-01  6.781500e-01 -8.453852e-02
    outer loop
      vertex  -2.994786e+00  2.687809e+00  1.333333e+01
      vertex  -4.152412e+00  1.026060e+00  1.000000e+01
      vertex  -3.131468e+00  3.371737e+00  2.000000e+01
    endloop
  endfacet
  facet normal -1.860901e-01  9.824980e-01  8.254074e-03
    outer loop
      vertex  -1.002454e-01  3.861855e+00  5.000000e+01
      vertex  -3.131467e+00  3.371737e+00  4.000000e+01
      vertex  -3.194483e+00  3.275791e+00  5.000000e+01
    endloop
  endfacet
  facet normal  1.860901e-01 -9.824980e-01 -8.254074e-03
    outer loop
      vertex  -1.002454e-01  3.861855e+00  5.000000e+01
      vertex  -3.194483e+00  3.275791e+00  5.000000e+01
      vertex  -3.131467e+00  3.371737e+00  4.000000e+01
    endloop
  endfacet
  facet normal -9.143966e-01 -4.048193e-01  0.000000e+00
    outer loop
      vertex   3.951960e+00  1.478837e+00  3.333333e+01
      vertex   4.152412e+00  1.026060e+00  3.000000e+01
      vertex   4.152412e+00  1.026060e+00  4.000000e+01
    endloop
  endfacet
  facet normal  9.143966e-01  4.048193e-01  0.000000e+00
    outer loop
      vertex   3.951960e+00  1.478837e+00  3.333333e+01
      vertex   4.152412e+00  1.026060e+00  4.000000e+01
      vertex   4.152412e+00  1.026060e+00  3.000000e+01
    endloop
  endfacet
  facet normal -8.660201e-01 -5.000091e-01  0.000000e+00
    outer loop
      vertex  -3.048133e+00  3.227401e+00  2.666667e+01
      vertex  -3.131468e+00  3.371737e+00  3.000000e+01
      vertex  -3.131468e+00  3.371737e+00  2.000000e+01
    endloop
  endfacet
  facet normal  8.660201e-01  5.000091e-01  0.000000e+00
    outer loop
      vertex  -3.048133e+00  3.227401e+00  2.666667e+01
      vertex  -3.131468e+00  3.371737e+00  2.000000e+01
      vertex  -3.131468e+00  3.371737e+00  3.000000e+01
    endloop
  endfacet
  facet normal -9.989591e-01 -4.181496e-02 -1.822666e-02
    outer loop
      vertex  -1.002454e-01  3.861855e+00  5.000000e+01
      vertex  -1.447068e-01  4.924038e+00  5.000000e+01
      vertex   3.774960e-02  4.924040e+00  4.000000e+01
    endloop
  endfacet
  facet normal  8.190856e-01  5.480152e-01  1.696411e-01
    outer loop
      vertex  -1.250825e+00 -4.029936e+00  1.333333e+01
      vertex  -3.637846e+00 -2.525901e+00  2.000000e+01
      vertex   3.774961e-02 -4.924040e+00  1.000000e+01
    endloop
  endfacet
  facet normal  5.491239e-01  8.329909e-01 -6.774269e-02
    outer loop
      vertex  -5.613734e-01 -4.825054e+00  1.666667e+01
      vertex  -3.637846e+00 -2.525901e+00  2.000000e+01
      vertex  -4.967054e-09 -4.924040e+00  2.000000e+01
    endloop
  endfacet
  facet normal -9.327186e-01  3.587599e-01 -3.643155e-02
    outer loop
      vertex   3.637845e+00 -2.525901e+00  2.000000e+01
      vertex   4.849232e+00  2.850168e-01  1.666667e+01
      vertex   5.000000e+00  0.000000e+00  1.000000e+01
    endloop
  endfacet
  facet normal -1.699537e-01 -9.854518e-01  6.415687e-04
    outer loop
      vertex  -3.774961e-02  4.924040e+00  1.000000e+01
      vertex   5.613735e-01  4.825054e+00  1.666667e+01
      vertex  -4.967054e-09  4.924040e+00  2.000000e+01
    endloop
  endfacet
  facet normal  1.699537e-01  9.854518e-01 -6.415687e-04
    outer loop
      vertex  -3.774961e-02  4.924040e+00  1.000000e+01
      vertex  -4.967054e-09  4.924040e+00  2.000000e+01
      vertex   5.613735e-01  4.825054e+00  1.666667e+01
    endloop
  endfacet
  facet normal -8.796905e-01  4.755468e-01  3.060899e-08
    outer loop
      vertex   3.637846e+00 -2.525900e+00  3.000000e+01
      vertex   4.849232e+00 -2.850168e-01  2.333333e+01
      vertex   3.637845e+00 -2.525901e+00  2.000000e+01
    endloop
  endfacet
  facet normal  9.575337e-01 -2.883214e-01  1.673689e-04
    outer loop
      vertex   3.637846e+00 -2.525900e+00  3.000000e+01
      vertex   3.951960e+00 -1.478837e+00  3.666667e+01
      vertex   3.634329e+00 -2.531775e+00  4.000000e+01
    endloop
  endfacet
  facet normal -9.575337e-01  2.883214e-01 -1.673689e-04
    outer loop
      vertex   3.637846e+00 -2.525900e+00  3.000000e+01
      vertex   3.634329e+00 -2.531775e+00  4.000000e+01
      vertex   3.951960e+00 -1.478837e+00  3.666667e+01
    endloop
  endfacet
  facet normal -1.025770e-01  9.735892e-01  2.039655e-01
    outer loop
      vertex  -3.131468e+00  3.371737e+00  3.000000e+01
      vertex  -2.994786e+00  2.687809e+00  3.333334e+01
      vertex  -7.450581e-09  3.701667e+00  3.000000e+01
    endloop
  endfacet
  facet normal  3.577273e-01  9.299564e-01  8.492476e-02
    outer loop
      vertex   3.634329e+00 -2.531775e+00  4.000000e+01
      vertex   3.035690e+00 -2.605900e+00  4.333334e+01
      vertex   3.194483e+00 -3.275791e+00  5.000000e+01
    endloop
  endfacet
  facet normal -3.577273e-01 -9.299564e-01 -8.492476e-02
    outer loop
      vertex   3.634329e+00 -2.531775e+00  4.000000e+01
      vertex   3.194483e+00 -3.275791e+00  5.000000e+01
      vertex   3.035690e+00 -2.605900e+00  4.333334e+01
    endloop
  endfacet
  facet normal -8.776255e-01  4.726061e-01  8.010560e-02
    outer loop
      vertex   3.657186e+00 -2.493594e+00  1.000000e+01
      vertex   5.000000e+00  0.000000e+00  1.000000e+01
      vertex   4.849232e+00  2.850169e-01  6.666667e+00
    endloop
  endfacet
  facet normal  8.205284e-01  5.716057e-01  0.000000e+00
    outer loop
      vertex   4.152412e+00  1.026060e+00  4.000000e+01
      vertex   4.152412e+00  1.026060e+00  3.000000e+01
      vertex   2.994786e+00  2.687809e+00  3.666666e+01
    endloop
  endfacet
  facet normal -8.205284e-01 -5.716057e-01 -0.000000e+00
    outer loop
      vertex   4.152412e+00  1.026060e+00  4.000000e+01
      vertex   2.994786e+00  2.687809e+00  3.666666e+01
      vertex   4.152412e+00  1.026060e+00  3.000000e+01
    endloop
  endfacet
  facet normal  5.330915e-01  8.460575e-01  0.000000e+00
    outer loop
      vertex  -1.250825e+00 -4.029936e+00  2.333333e+01
      vertex  -3.637846e+00 -2.525901e+00  2.000000e+01
      vertex  -3.637846e+00 -2.525901e+00  3.000000e+01
    endloop
  endfacet
  facet normal -1.699538e-01  9.854518e-01  6.415688e-04
    outer loop
      vertex   3.774960e-02  4.924040e+00  4.000000e+01
      vertex  -4.967054e-09  4.924040e+00  3.000000e+01
      vertex  -5.613734e-01  4.825054e+00  3.333333e+01
    endloop
  endfacet
  facet normal  1.699538e-01 -9.854518e-01 -6.415688e-04
    outer loop
      vertex   3.774960e-02  4.924040e+00  4.000000e+01
      vertex  -5.613734e-01  4.825054e+00  3.333333e+01
      vertex  -4.967054e-09  4.924040e+00  3.000000e+01
    endloop
  endfacet
  facet normal  9.575337e-01  2.883216e-01  1.674282e-04
    outer loop
      vertex  -3.637846e+00 -2.525901e+00  2.000000e+01
      vertex  -3.634329e+00 -2.531774e+00  1.000000e+01
      vertex  -3.951960e+00 -1.478837e+00  1.333333e+01
    endloop
  endfacet
  facet normal -9.575337e-01 -2.883216e-01 -1.674282e-04
    outer loop
      vertex  -3.637846e+00 -2.525901e+00  2.000000e+01
      vertex  -3.951960e+00 -1.478837e+00  1.333333e+01
      vertex  -3.634329e+00 -2.531774e+00  1.000000e+01
    endloop
  endfacet
  facet normal -7.977458e-01 -5.872033e-01 -1.370916e-01
    outer loop
      vertex   3.131467e+00  3.371737e+00  4.000000e+01
      vertex   3.951960e+00  1.478837e+00  4.333334e+01
      vertex   4.029943e+00 -1.835420e-01  5.000000e+01
    endloop
  endfacet
  facet normal  7.977458e-01  5.872033e-01  1.370916e-01
    outer loop
      vertex   3.131467e+00  3.371737e+00  4.000000e+01
      vertex   4.029943e+00 -1.835420e-01  5.000000e+01
      vertex   3.951960e+00  1.478837e+00  4.333334e+01
    endloop
  endfacet
  facet normal -9.001929e-01  3.631317e-01 -2.403918e-01
    outer loop
      vertex   3.637845e+00 -2.525901e+00  2.000000e+01
      vertex  -4.967054e-09 -4.924040e+00  3.000000e+01
      vertex   1.250825e+00 -4.029936e+00  2.666667e+01
    endloop
  endfacet
  facet normal  2.538453e-01 -9.672449e-01  0.000000e+00
    outer loop
      vertex   1.250825e+00  4.029936e+00  1.333333e+01
      vertex  -7.450581e-09  3.701667e+00  2.000000e+01
      vertex   8.514950e-09  3.701667e+00  1.000000e+01
    endloop
  endfacet
  facet normal -2.538453e-01  9.672449e-01  0.000000e+00
    outer loop
      vertex   1.250825e+00  4.029936e+00  1.333333e+01
      vertex   8.514950e-09  3.701667e+00  1.000000e+01
      vertex  -7.450581e-09  3.701667e+00  2.000000e+01
    endloop
  endfacet
  facet normal -7.300452e-01  6.781499e-01 -8.453850e-02
    outer loop
      vertex  -4.152412e+00  1.026060e+00  2.000000e+01
      vertex  -3.131468e+00  3.371737e+00  3.000000e+01
      vertex  -2.994786e+00  2.687809e+00  2.333333e+01
    endloop
  endfacet
  facet normal  7.679141e-01 -6.343436e-01  8.897273e-02
    outer loop
      vertex  -5.000000e+00  6.123235e-16  4.000000e+01
      vertex  -4.849232e+00 -2.850168e-01  3.666667e+01
      vertex  -4.152412e+00  1.026060e+00  4.000000e+01
    endloop
  endfacet
  facet normal  7.300452e-01 -6.781499e-01  8.453850e-02
    outer loop
      vertex  -4.152412e+00  1.026060e+00  2.000000e+01
      vertex  -2.994786e+00  2.687809e+00  2.333333e+01
      vertex  -3.131468e+00  3.371737e+00  3.000000e+01
    endloop
  endfacet
  facet normal  4.471635e-01 -8.911909e-01  7.631230e-02
    outer loop
      vertex  -1.250825e+00  4.029936e+00  6.666667e+00
      vertex  -3.774961e-02  4.924040e+00  1.000000e+01
      vertex  -3.131467e+00  3.371738e+00  1.000000e+01
    endloop
  endfacet
  facet normal -1.741362e-01  9.789578e-01  1.063865e-01
    outer loop
      vertex   3.774961e-02 -4.924040e+00  1.000000e+01
      vertex   3.194483e+00 -3.275791e+00  0.000000e+00
      vertex  -1.002453e-01 -3.861854e+00  0.000000e+00
    endloop
  endfacet
  facet normal -3.073756e-01 -9.510262e-01 -3.270195e-02
    outer loop
      vertex  -3.637846e+00 -2.525901e+00  2.000000e+01
      vertex  -3.035690e+00 -2.605900e+00  1.666667e+01
      vertex  -7.450581e-09 -3.701667e+00  2.000000e+01
    endloop
  endfacet
  facet normal  7.992957e-01  5.912940e-01  1.072282e-01
    outer loop
      vertex  -4.849232e+00 -2.850168e-01  6.666667e+00
      vertex  -3.634329e+00 -2.531774e+00  1.000000e+01
      vertex  -4.029943e+00 -1.835421e-01  0.000000e+00
    endloop
  endfacet
  facet normal  9.169145e-01 -3.990826e-01  9.306374e-04
    outer loop
      vertex  -4.152412e+00  1.026060e+00  4.000000e+01
      vertex  -3.951960e+00  1.478837e+00  3.666667e+01
      vertex  -3.131467e+00  3.371737e+00  4.000000e+01
    endloop
  endfacet
  facet normal -9.169145e-01  3.990826e-01 -9.306374e-04
    outer loop
      vertex  -4.152412e+00  1.026060e+00  4.000000e+01
      vertex  -3.131467e+00  3.371737e+00  4.000000e+01
      vertex  -3.951960e+00  1.478837e+00  3.666667e+01
    endloop
  endfacet
  facet normal  3.963348e-01  9.161167e-01  6.040620e-02
    outer loop
      vertex   4.152412e+00  1.026060e+00  3.000000e+01
      vertex   5.000000e+00  0.000000e+00  4.000000e+01
      vertex   4.849232e+00  2.850169e-01  3.666667e+01
    endloop
  endfacet
  facet normal -6.102434e-02 -9.980863e-01  9.993522e-03
    outer loop
      vertex   4.029468e+00 -4.078721e-02  0.000000e+00
      vertex   4.916239e+00 -9.500559e-02  0.000000e+00
      vertex   5.000000e+00  0.000000e+00  1.000000e+01
    endloop
  endfacet
  facet normal  8.772902e-01  4.732217e-01 -8.014311e-02
    outer loop
      vertex  -4.849232e+00  2.850168e-01  1.333333e+01
      vertex  -3.634329e+00 -2.531774e+00  1.000000e+01
      vertex  -5.000000e+00  6.123235e-16  1.000000e+01
    endloop
  endfacet
  facet normal -9.885201e-01 -1.432052e-01 -4.816904e-02
    outer loop
      vertex  -3.951960e+00 -1.478837e+00  3.333333e+01
      vertex  -4.152412e+00  1.026060e+00  3.000000e+01
      vertex  -3.637846e+00 -2.525901e+00  3.000000e+01
    endloop
  endfacet
  facet normal  8.781613e-01 -4.783632e-01 -1.182817e-03
    outer loop
      vertex   3.634329e+00 -2.531775e+00  4.000000e+01
      vertex   5.000000e+00  0.000000e+00  3.000000e+01
      vertex   4.849232e+00 -2.850168e-01  3.333333e+01
    endloop
  endfacet
  facet normal -3.303387e-01 -9.438625e-01  3.713098e-08
    outer loop
      vertex   3.131468e+00  3.371737e+00  3.000000e+01
      vertex   3.131467e+00  3.371737e+00  4.000000e+01
      vertex   1.250825e+00  4.029936e+00  3.333333e+01
    endloop
  endfacet
  facet normal -3.323756e-01 -9.430736e-01 -1.177491e-02
    outer loop
      vertex   2.994786e+00  2.687808e+00  6.666667e+00
      vertex   8.514950e-09  3.701667e+00  1.000000e+01
      vertex  -1.002452e-01  3.861854e+00  0.000000e+00
    endloop
  endfacet
  facet normal  3.323756e-01  9.430736e-01  1.177491e-02
    outer loop
      vertex   2.994786e+00  2.687808e+00  6.666667e+00
      vertex  -1.002452e-01  3.861854e+00  0.000000e+00
      vertex   8.514950e-09  3.701667e+00  1.000000e+01
    endloop
  endfacet
  facet normal -5.330917e-01  8.460575e-01  5.248209e-09
    outer loop
      vertex   3.637846e+00 -2.525900e+00  3.000000e+01
      vertex   3.637845e+00 -2.525901e+00  2.000000e+01
      vertex   1.250825e+00 -4.029936e+00  2.666667e+01
    endloop
  endfacet
  facet normal -3.032554e-01 -9.420774e-01 -1.432702e-01
    outer loop
      vertex  -8.514950e-09 -3.701667e+00  1.000000e+01
      vertex  -3.048133e+00 -3.227401e+00  1.333333e+01
      vertex  -3.634329e+00 -2.531774e+00  1.000000e+01
    endloop
  endfacet
  facet normal -9.188457e-01 -3.928241e-01  3.757414e-02
    outer loop
      vertex   4.152412e+00  1.026060e+00  2.000000e+01
      vertex   4.849232e+00 -2.850168e-01  2.333333e+01
      vertex   5.000000e+00  0.000000e+00  3.000000e+01
    endloop
  endfacet
  facet normal -4.607172e-01 -8.819236e-01  9.975202e-02
    outer loop
      vertex   4.029468e+00 -4.078721e-02  0.000000e+00
      vertex   4.849232e+00  2.850169e-01  6.666667e+00
      vertex   4.152412e+00  1.026060e+00  1.000000e+01
    endloop
  endfacet
  facet normal  9.806093e-01  1.959729e-01  3.739662e-08
    outer loop
      vertex  -3.131467e+00  3.371738e+00  1.000000e+01
      vertex  -3.131468e+00  3.371737e+00  2.000000e+01
      vertex  -2.994786e+00  2.687809e+00  1.333333e+01
    endloop
  endfacet
  facet normal -9.806093e-01 -1.959729e-01 -3.739662e-08
    outer loop
      vertex  -3.131467e+00  3.371738e+00  1.000000e+01
      vertex  -2.994786e+00  2.687809e+00  1.333333e+01
      vertex  -3.131468e+00  3.371737e+00  2.000000e+01
    endloop
  endfacet
  facet normal  9.188457e-01 -3.928241e-01 -3.757414e-02
    outer loop
      vertex  -4.152412e+00  1.026060e+00  2.000000e+01
      vertex  -4.849232e+00 -2.850168e-01  1.666667e+01
      vertex  -5.000000e+00  6.123235e-16  1.000000e+01
    endloop
  endfacet
  facet normal -7.977468e-01  5.872020e-01 -1.370911e-01
    outer loop
      vertex  -3.951959e+00  1.478837e+00  6.666667e+00
      vertex  -3.131467e+00  3.371738e+00  1.000000e+01
      vertex  -4.029943e+00 -1.835421e-01  0.000000e+00
    endloop
  endfacet
  facet normal  7.977468e-01 -5.872020e-01  1.370911e-01
    outer loop
      vertex  -3.951959e+00  1.478837e+00  6.666667e+00
      vertex  -4.029943e+00 -1.835421e-01  0.000000e+00
      vertex  -3.131467e+00  3.371738e+00  1.000000e+01
    endloop
  endfacet
  facet normal  9.806093e-01 -1.959729e-01  0.000000e+00
    outer loop
      vertex   3.131468e+00  3.371737e+00  3.000000e+01
      vertex   2.994786e+00  2.687809e+00  2.666667e+01
      vertex   3.131468e+00  3.371737e+00  2.000000e+01
    endloop
  endfacet
  facet normal -7.888853e-01 -6.082520e-01 -8.769032e-02
    outer loop
      vertex   4.849232e+00 -2.850168e-01  4.333333e+01
      vertex   4.029943e+00 -1.835420e-01  5.000000e+01
      vertex   5.000000e+00  0.000000e+00  4.000000e+01
    endloop
  endfacet
  facet normal -9.806093e-01  1.959729e-01  0.000000e+00
    outer loop
      vertex   3.131468e+00  3.371737e+00  3.000000e+01
      vertex   3.131468e+00  3.371737e+00  2.000000e+01
      vertex   2.994786e+00  2.687809e+00  2.666667e+01
    endloop
  endfacet
  facet normal -7.300451e-01 -6.781498e-01 -8.453848e-02
    outer loop
      vertex   4.152412e+00  1.026060e+00  4.000000e+01
      vertex   2.994786e+00  2.687809e+00  3.666666e+01
      vertex   3.131468e+00  3.371737e+00  3.000000e+01
    endloop
  endfacet
  facet normal  2.538452e-01 -9.672449e-01  2.389849e-08
    outer loop
      vertex  -2.554485e-08 -3.701667e+00  4.000000e+01
      vertex  -1.250825e+00 -4.029936e+00  3.333333e+01
      vertex   7.450581e-09 -3.701668e+00  3.000000e+01
    endloop
  endfacet
  facet normal -2.538452e-01  9.672449e-01 -2.389849e-08
    outer loop
      vertex  -2.554485e-08 -3.701667e+00  4.000000e+01
      vertex   7.450581e-09 -3.701668e+00  3.000000e+01
      vertex  -1.250825e+00 -4.029936e+00  3.333333e+01
    endloop
  endfacet
  facet normal  7.300451e-01  6.781498e-01  8.453848e-02
    outer loop
      vertex   4.152412e+00  1.026060e+00  4.000000e+01
      vertex   3.131468e+00  3.371737e+00  3.000000e+01
      vertex   2.994786e+00  2.687809e+00  3.666666e+01
    endloop
  endfacet
  facet normal  7.285104e-01 -6.850347e-01  0.000000e+00
    outer loop
      vertex  -4.849232e+00  2.850168e-01  1.333333e+01
      vertex  -4.152412e+00  1.026060e+00  1.000000e+01
      vertex  -4.152412e+00  1.026060e+00  2.000000e+01
    endloop
  endfacet
  facet normal  7.679141e-01 -6.343436e-01  8.897259e-02
    outer loop
      vertex  -4.152412e+00  1.026060e+00  3.000000e+01
      vertex  -5.000000e+00  6.123235e-16  3.000000e+01
      vertex  -4.849232e+00 -2.850169e-01  2.666667e+01
    endloop
  endfacet
  facet normal  8.839456e-01  4.675897e-01 -0.000000e+00
    outer loop
      vertex   5.000000e+00  0.000000e+00  3.000000e+01
      vertex   4.849232e+00  2.850169e-01  3.666667e+01
      vertex   5.000000e+00  0.000000e+00  4.000000e+01
    endloop
  endfacet
  facet normal  9.747978e-01 -1.412174e-01  1.727046e-01
    outer loop
      vertex   3.637845e+00 -2.525901e+00  2.000000e+01
      vertex   4.152412e+00  1.026060e+00  2.000000e+01
      vertex   3.035690e+00 -2.605900e+00  2.333333e+01
    endloop
  endfacet
  facet normal -7.679141e-01 -6.343436e-01 -8.897270e-02
    outer loop
      vertex   4.152412e+00  1.026060e+00  2.000000e+01
      vertex   5.000000e+00  0.000000e+00  2.000000e+01
      vertex   4.849232e+00 -2.850168e-01  2.333333e+01
    endloop
  endfacet
  facet normal  1.815370e-01  9.833840e-01 -6.852944e-04
    outer loop
      vertex   5.613734e-01  4.825054e+00  3.666667e+01
      vertex  -4.967054e-09  4.924040e+00  3.000000e+01
      vertex   3.774960e-02  4.924040e+00  4.000000e+01
    endloop
  endfacet
  facet normal  4.387753e-01 -8.958138e-01  7.066683e-02
    outer loop
      vertex  -3.131467e+00  3.371737e+00  4.000000e+01
      vertex  -1.250825e+00  4.029936e+00  3.666667e+01
      vertex   3.774960e-02  4.924040e+00  4.000000e+01
    endloop
  endfacet
  facet normal -1.815370e-01 -9.833840e-01  6.852944e-04
    outer loop
      vertex   5.613734e-01  4.825054e+00  3.666667e+01
      vertex   3.774960e-02  4.924040e+00  4.000000e+01
      vertex  -4.967054e-09  4.924040e+00  3.000000e+01
    endloop
  endfacet
  facet normal -9.586419e-01  2.846137e-01 -9.346075e-04
    outer loop
      vertex   3.951960e+00 -1.478837e+00  1.666667e+01
      vertex   3.657186e+00 -2.493594e+00  1.000000e+01
      vertex   3.637845e+00 -2.525901e+00  2.000000e+01
    endloop
  endfacet
  facet normal  9.586419e-01 -2.846137e-01  9.346075e-04
    outer loop
      vertex   3.951960e+00 -1.478837e+00  1.666667e+01
      vertex   3.637845e+00 -2.525901e+00  2.000000e+01
      vertex   3.657186e+00 -2.493594e+00  1.000000e+01
    endloop
  endfacet
  facet normal  3.073757e-01 -9.510262e-01  3.270189e-02
    outer loop
      vertex   3.637846e+00 -2.525900e+00  3.000000e+01
      vertex   3.035690e+00 -2.605900e+00  3.333334e+01
      vertex   7.450581e-09 -3.701668e+00  3.000000e+01
    endloop
  endfacet
  facet normal -8.804547e-01  4.741297e-01  7.170826e-04
    outer loop
      vertex   3.657186e+00 -2.493594e+00  1.000000e+01
      vertex   4.849232e+00 -2.850168e-01  1.333333e+01
      vertex   5.000000e+00  0.000000e+00  1.000000e+01
    endloop
  endfacet
  facet normal  6.480026e-01 -7.404280e-01 -1.784909e-01
    outer loop
      vertex  -7.450581e-09  3.701667e+00  3.000000e+01
      vertex  -2.994786e+00  2.687809e+00  2.333333e+01
      vertex  -3.131468e+00  3.371737e+00  2.000000e+01
    endloop
  endfacet
  facet normal -3.389884e-01  9.406093e-01 -1.846559e-02
    outer loop
      vertex  -1.002454e-01  3.861855e+00  5.000000e+01
      vertex  -8.514950e-09  3.701667e+00  4.000000e+01
      vertex  -2.994786e+00  2.687808e+00  4.333334e+01
    endloop
  endfacet
  facet normal  3.389884e-01 -9.406093e-01  1.846559e-02
    outer loop
      vertex  -1.002454e-01  3.861855e+00  5.000000e+01
      vertex  -2.994786e+00  2.687808e+00  4.333334e+01
      vertex  -8.514950e-09  3.701667e+00  4.000000e+01
    endloop
  endfacet
  facet normal  5.224779e-01 -8.520765e-01 -3.134421e-02
    outer loop
      vertex  -3.131467e+00  3.371738e+00  1.000000e+01
      vertex  -5.613734e-01  4.825054e+00  1.333333e+01
      vertex  -4.967054e-09  4.924040e+00  2.000000e+01
    endloop
  endfacet
  facet normal -7.495055e-01  6.488568e-01  1.312493e-01
    outer loop
      vertex   3.657186e+00 -2.493594e+00  1.000000e+01
      vertex   3.951960e+00 -1.478837e+00  6.666667e+00
      vertex   4.029468e+00 -4.078721e-02  0.000000e+00
    endloop
  endfacet
  facet normal  7.495055e-01 -6.488568e-01 -1.312493e-01
    outer loop
      vertex   3.657186e+00 -2.493594e+00  1.000000e+01
      vertex   4.029468e+00 -4.078721e-02  0.000000e+00
      vertex   3.951960e+00 -1.478837e+00  6.666667e+00
    endloop
  endfacet
  facet normal  1.787739e-01  9.836088e-01 -2.353023e-02
    outer loop
      vertex   3.131468e+00  3.371737e+00  3.000000e+01
      vertex   3.048133e+00  3.227401e+00  2.333333e+01
      vertex  -7.450581e-09  3.701667e+00  2.000000e+01
    endloop
  endfacet
  facet normal  1.751129e-01 -9.844486e-01  1.401416e-02
    outer loop
      vertex  -8.514950e-09 -3.701667e+00  1.000000e+01
      vertex  -1.002453e-01 -3.861854e+00  0.000000e+00
      vertex   3.194483e+00 -3.275791e+00  0.000000e+00
    endloop
  endfacet
  facet normal  1.815369e-01 -9.833838e-01 -6.852948e-04
    outer loop
      vertex  -3.774961e-02  4.924040e+00  1.000000e+01
      vertex  -4.967054e-09  4.924040e+00  2.000000e+01
      vertex  -5.613734e-01  4.825054e+00  1.333333e+01
    endloop
  endfacet
  facet normal -1.815369e-01  9.833838e-01  6.852948e-04
    outer loop
      vertex  -3.774961e-02  4.924040e+00  1.000000e+01
      vertex  -5.613734e-01  4.825054e+00  1.333333e+01
      vertex  -4.967054e-09  4.924040e+00  2.000000e+01
    endloop
  endfacet
  facet normal  1.815378e-01  9.833838e-01  6.852978e-04
    outer loop
      vertex  -5.613734e-01 -4.825053e+00  3.666667e+01
      vertex  -3.774960e-02 -4.924040e+00  4.000000e+01
      vertex  -4.967054e-09 -4.924040e+00  3.000000e+01
    endloop
  endfacet
  facet normal -1.815378e-01 -9.833838e-01 -6.852978e-04
    outer loop
      vertex  -5.613734e-01 -4.825053e+00  3.666667e+01
      vertex  -4.967054e-09 -4.924040e+00  3.000000e+01
      vertex  -3.774960e-02 -4.924040e+00  4.000000e+01
    endloop
  endfacet
  facet normal -7.300450e-01 -6.781499e-01 -8.453852e-02
    outer loop
      vertex   4.152412e+00  1.026060e+00  2.000000e+01
      vertex   2.994786e+00  2.687808e+00  1.666667e+01
      vertex   3.131467e+00  3.371737e+00  1.000000e+01
    endloop
  endfacet
  facet normal  7.300450e-01  6.781499e-01  8.453852e-02
    outer loop
      vertex   4.152412e+00  1.026060e+00  2.000000e+01
      vertex   3.131467e+00  3.371737e+00  1.000000e+01
      vertex   2.994786e+00  2.687808e+00  1.666667e+01
    endloop
  endfacet
  facet normal  8.776256e-01  4.726062e-01 -8.010568e-02
    outer loop
      vertex  -4.849232e+00  2.850168e-01  4.333333e+01
      vertex  -3.657186e+00 -2.493595e+00  4.000000e+01
      vertex  -5.000000e+00  6.123235e-16  4.000000e+01
    endloop
  endfacet
  facet normal  9.806093e-01  1.959728e-01 -2.805190e-08
    outer loop
      vertex  -3.131468e+00  3.371737e+00  3.000000e+01
      vertex  -3.131467e+00  3.371737e+00  4.000000e+01
      vertex  -2.994786e+00  2.687809e+00  3.333334e+01
    endloop
  endfacet
  facet normal -9.806093e-01 -1.959728e-01  2.805190e-08
    outer loop
      vertex  -3.131468e+00  3.371737e+00  3.000000e+01
      vertex  -2.994786e+00  2.687809e+00  3.333334e+01
      vertex  -3.131467e+00  3.371737e+00  4.000000e+01
    endloop
  endfacet
  facet normal  1.046705e-01  9.934594e-01  4.563444e-02
    outer loop
      vertex   3.131467e+00  3.371737e+00  1.000000e+01
      vertex   8.514950e-09  3.701667e+00  1.000000e+01
      vertex   3.048133e+00  3.227401e+00  1.333333e+01
    endloop
  endfacet
  facet normal -5.344480e-01 -8.440515e-01  4.407224e-02
    outer loop
      vertex   3.131467e+00  3.371737e+00  1.000000e+01
      vertex   5.613734e-01  4.825054e+00  6.666667e+00
      vertex  -1.447068e-01  4.924038e+00  0.000000e+00
    endloop
  endfacet
  facet normal -6.648838e-01 -6.924174e-01 -2.801566e-01
    outer loop
      vertex   3.637846e+00 -2.525900e+00  3.000000e+01
      vertex   4.152412e+00  1.026060e+00  2.000000e+01
      vertex   3.951960e+00 -1.478837e+00  2.666667e+01
    endloop
  endfacet
  facet normal -1.540758e-01 -9.880577e-01  1.648093e-03
    outer loop
      vertex  -3.774961e-02  4.924040e+00  1.000000e+01
      vertex  -1.447068e-01  4.924038e+00  0.000000e+00
      vertex   5.613734e-01  4.825054e+00  6.666667e+00
    endloop
  endfacet
  facet normal -1.046705e-01  9.934594e-01 -4.563446e-02
    outer loop
      vertex  -3.131467e+00  3.371737e+00  4.000000e+01
      vertex  -8.514950e-09  3.701667e+00  4.000000e+01
      vertex  -3.048133e+00  3.227401e+00  3.666667e+01
    endloop
  endfacet
  facet normal  1.540758e-01  9.880577e-01 -1.648093e-03
    outer loop
      vertex  -3.774961e-02  4.924040e+00  1.000000e+01
      vertex   5.613734e-01  4.825054e+00  6.666667e+00
      vertex  -1.447068e-01  4.924038e+00  0.000000e+00
    endloop
  endfacet
  facet normal -9.299096e-01 -3.590523e-01  7.968398e-02
    outer loop
      vertex  -4.152412e+00  1.026060e+00  3.000000e+01
      vertex  -3.637846e+00 -2.525901e+00  2.000000e+01
      vertex  -3.035690e+00 -2.605900e+00  2.666667e+01
    endloop
  endfacet
  facet normal -7.668421e-01  6.418356e-01  5.903961e-04
    outer loop
      vertex   3.637845e+00 -2.525901e+00  2.000000e+01
      vertex   3.657186e+00 -2.493594e+00  1.000000e+01
      vertex   3.048133e+00 -3.227401e+00  1.666667e+01
    endloop
  endfacet
  facet normal  7.668421e-01 -6.418356e-01 -5.903961e-04
    outer loop
      vertex   3.637845e+00 -2.525901e+00  2.000000e+01
      vertex   3.048133e+00 -3.227401e+00  1.666667e+01
      vertex   3.657186e+00 -2.493594e+00  1.000000e+01
    endloop
  endfacet
  facet normal  9.179345e-01  3.967314e-01 -6.556720e-04
    outer loop
      vertex   4.152412e+00  1.026060e+00  2.000000e+01
      vertex   3.951960e+00  1.478837e+00  1.333333e+01
      vertex   3.131467e+00  3.371737e+00  1.000000e+01
    endloop
  endfacet
  facet normal -9.179345e-01 -3.967314e-01  6.556720e-04
    outer loop
      vertex   4.152412e+00  1.026060e+00  2.000000e+01
      vertex   3.131467e+00  3.371737e+00  1.000000e+01
      vertex   3.951960e+00  1.478837e+00  1.333333e+01
    endloop
  endfacet
  facet normal -8.660207e-01 -5.000082e-01 -5.641091e-08
    outer loop
      vertex  -3.131467e+00  3.371738e+00  1.000000e+01
      vertex  -3.048133e+00  3.227401e+00  1.666667e+01
      vertex  -3.131468e+00  3.371737e+00  2.000000e+01
    endloop
  endfacet
  facet normal  8.660207e-01  5.000082e-01  5.641091e-08
    outer loop
      vertex  -3.131467e+00  3.371738e+00  1.000000e+01
      vertex  -3.131468e+00  3.371737e+00  2.000000e+01
      vertex  -3.048133e+00  3.227401e+00  1.666667e+01
    endloop
  endfacet
  facet normal -9.747978e-01 -1.412173e-01 -1.727047e-01
    outer loop
      vertex  -3.637846e+00 -2.525901e+00  3.000000e+01
      vertex  -4.152412e+00  1.026060e+00  3.000000e+01
      vertex  -3.035690e+00 -2.605900e+00  2.666667e+01
    endloop
  endfacet
  facet normal -7.337145e-01  6.745557e-01 -8.147222e-02
    outer loop
      vertex  -4.152412e+00  1.026060e+00  4.000000e+01
      vertex  -3.194483e+00  3.275791e+00  5.000000e+01
      vertex  -2.994786e+00  2.687808e+00  4.333334e+01
    endloop
  endfacet
  facet normal  7.337145e-01 -6.745557e-01  8.147222e-02
    outer loop
      vertex  -4.152412e+00  1.026060e+00  4.000000e+01
      vertex  -2.994786e+00  2.687808e+00  4.333334e+01
      vertex  -3.194483e+00  3.275791e+00  5.000000e+01
    endloop
  endfacet
  facet normal  8.365743e-01 -5.156422e-01 -1.850853e-01
    outer loop
      vertex  -3.131468e+00  3.371737e+00  3.000000e+01
      vertex   3.774960e-02  4.924040e+00  4.000000e+01
      vertex  -1.250825e+00  4.029936e+00  3.666667e+01
    endloop
  endfacet
  facet normal -3.574110e-01 -9.337632e-01  1.854055e-02
    outer loop
      vertex  -8.514950e-09 -3.701667e+00  1.000000e+01
      vertex  -3.035690e+00 -2.605900e+00  6.666667e+00
      vertex  -1.002453e-01 -3.861854e+00  0.000000e+00
    endloop
  endfacet
  facet normal  3.574110e-01  9.337632e-01 -1.854055e-02
    outer loop
      vertex  -8.514950e-09 -3.701667e+00  1.000000e+01
      vertex  -1.002453e-01 -3.861854e+00  0.000000e+00
      vertex  -3.035690e+00 -2.605900e+00  6.666667e+00
    endloop
  endfacet
  facet normal  9.179347e-01  3.967312e-01 -6.556886e-04
    outer loop
      vertex   4.152412e+00  1.026060e+00  3.000000e+01
      vertex   3.951960e+00  1.478837e+00  2.333333e+01
      vertex   3.131468e+00  3.371737e+00  2.000000e+01
    endloop
  endfacet
  facet normal -9.179347e-01 -3.967312e-01  6.556886e-04
    outer loop
      vertex   4.152412e+00  1.026060e+00  3.000000e+01
      vertex   3.131468e+00  3.371737e+00  2.000000e+01
      vertex   3.951960e+00  1.478837e+00  2.333333e+01
    endloop
  endfacet
  facet normal -8.839456e-01 -4.675898e-01 -0.000000e+00
    outer loop
      vertex  -5.000000e+00  6.123235e-16  2.000000e+01
      vertex  -5.000000e+00  6.123235e-16  1.000000e+01
      vertex  -4.849232e+00 -2.850168e-01  1.666667e+01
    endloop
  endfacet
  facet normal  9.679581e-01 -2.498392e-01 -2.524538e-02
    outer loop
      vertex   3.657186e+00 -2.493594e+00  1.000000e+01
      vertex   3.194483e+00 -3.275791e+00  0.000000e+00
      vertex   4.029468e+00 -4.078721e-02  0.000000e+00
    endloop
  endfacet
  facet normal -9.679581e-01  2.498392e-01  2.524538e-02
    outer loop
      vertex   3.657186e+00 -2.493594e+00  1.000000e+01
      vertex   4.029468e+00 -4.078721e-02  0.000000e+00
      vertex   3.194483e+00 -3.275791e+00  0.000000e+00
    endloop
  endfacet
  facet normal  8.839456e-01 -4.675898e-01  0.000000e+00
    outer loop
      vertex   5.000000e+00  0.000000e+00  1.000000e+01
      vertex   5.000000e+00  0.000000e+00  2.000000e+01
      vertex   4.849232e+00 -2.850168e-01  1.333333e+01
    endloop
  endfacet
  facet normal  1.652392e-01  9.861946e-01 -1.078565e-02
    outer loop
      vertex  -8.514950e-09  3.701667e+00  4.000000e+01
      vertex   3.194483e+00  3.275791e+00  5.000000e+01
      vertex   3.048133e+00  3.227401e+00  4.333333e+01
    endloop
  endfacet
  facet normal  6.481258e-01 -7.062525e-01  2.848513e-01
    outer loop
      vertex  -4.152412e+00  1.026060e+00  2.000000e+01
      vertex  -3.951960e+00 -1.478837e+00  1.333333e+01
      vertex  -3.634329e+00 -2.531774e+00  1.000000e+01
    endloop
  endfacet
  facet normal -8.773413e-01  4.731281e-01  8.013739e-02
    outer loop
      vertex   3.637846e+00 -2.525900e+00  3.000000e+01
      vertex   5.000000e+00  0.000000e+00  3.000000e+01
      vertex   4.849232e+00  2.850168e-01  2.666667e+01
    endloop
  endfacet
  facet normal  7.654620e-01 -6.434811e-01 -2.115829e-08
    outer loop
      vertex   3.637846e+00 -2.525900e+00  3.000000e+01
      vertex   3.048133e+00 -3.227401e+00  2.666667e+01
      vertex   3.637845e+00 -2.525901e+00  2.000000e+01
    endloop
  endfacet
  facet normal -7.654620e-01  6.434811e-01  2.115829e-08
    outer loop
      vertex   3.637846e+00 -2.525900e+00  3.000000e+01
      vertex   3.637845e+00 -2.525901e+00  2.000000e+01
      vertex   3.048133e+00 -3.227401e+00  2.666667e+01
    endloop
  endfacet
  facet normal -9.104394e-01  3.962643e-01  1.186370e-01
    outer loop
      vertex  -3.131468e+00  3.371737e+00  3.000000e+01
      vertex  -4.152412e+00  1.026060e+00  3.000000e+01
      vertex  -2.994786e+00  2.687809e+00  3.333334e+01
    endloop
  endfacet
  facet normal  9.104394e-01 -3.962643e-01 -1.186370e-01
    outer loop
      vertex  -3.131468e+00  3.371737e+00  3.000000e+01
      vertex  -2.994786e+00  2.687809e+00  3.333334e+01
      vertex  -4.152412e+00  1.026060e+00  3.000000e+01
    endloop
  endfacet
  facet normal  8.801718e-01  4.746544e-01 -7.747439e-04
    outer loop
      vertex  -5.000000e+00  6.123235e-16  2.000000e+01
      vertex  -3.637846e+00 -2.525901e+00  2.000000e+01
      vertex  -4.849232e+00 -2.850168e-01  1.666667e+01
    endloop
  endfacet
  facet normal -1.287752e-01 -9.916737e-01  5.371852e-04
    outer loop
      vertex  -3.637846e+00 -2.525901e+00  2.000000e+01
      vertex  -3.634329e+00 -2.531774e+00  1.000000e+01
      vertex  -3.035690e+00 -2.605900e+00  1.666667e+01
    endloop
  endfacet
  facet normal  1.287752e-01  9.916737e-01 -5.371852e-04
    outer loop
      vertex  -3.637846e+00 -2.525901e+00  2.000000e+01
      vertex  -3.035690e+00 -2.605900e+00  1.666667e+01
      vertex  -3.634329e+00 -2.531774e+00  1.000000e+01
    endloop
  endfacet
  facet normal -9.690410e-01 -2.439668e-01  3.794131e-02
    outer loop
      vertex   4.029468e+00 -4.078721e-02  0.000000e+00
      vertex   4.152412e+00  1.026060e+00  1.000000e+01
      vertex   3.194483e+00  3.275791e+00  0.000000e+00
    endloop
  endfacet
  facet normal  9.690410e-01  2.439668e-01 -3.794131e-02
    outer loop
      vertex   4.029468e+00 -4.078721e-02  0.000000e+00
      vertex   3.194483e+00  3.275791e+00  0.000000e+00
      vertex   4.152412e+00  1.026060e+00  1.000000e+01
    endloop
  endfacet
  facet normal -2.538453e-01  9.672449e-01  0.000000e+00
    outer loop
      vertex  -7.450581e-09  3.701667e+00  3.000000e+01
      vertex   1.250825e+00  4.029936e+00  2.333333e+01
      vertex  -7.450581e-09  3.701667e+00  2.000000e+01
    endloop
  endfacet
  facet normal -8.205283e-01  5.716059e-01  0.000000e+00
    outer loop
      vertex  -4.152412e+00  1.026060e+00  2.000000e+01
      vertex  -4.152412e+00  1.026060e+00  3.000000e+01
      vertex  -2.994786e+00  2.687809e+00  2.333333e+01
    endloop
  endfacet
  facet normal  8.205283e-01 -5.716059e-01  0.000000e+00
    outer loop
      vertex  -4.152412e+00  1.026060e+00  2.000000e+01
      vertex  -2.994786e+00  2.687809e+00  2.333333e+01
      vertex  -4.152412e+00  1.026060e+00  3.000000e+01
    endloop
  endfacet
  facet normal  2.538453e-01 -9.672449e-01  0.000000e+00
    outer loop
      vertex  -7.450581e-09  3.701667e+00  3.000000e+01
      vertex  -7.450581e-09  3.701667e+00  2.000000e+01
      vertex   1.250825e+00  4.029936e+00  2.333333e+01
    endloop
  endfacet
  facet normal  5.108562e-01 -8.594525e-01 -1.916762e-02
    outer loop
      vertex  -3.131467e+00  3.371737e+00  4.000000e+01
      vertex  -5.613735e-01  4.825054e+00  4.333333e+01
      vertex  -1.447068e-01  4.924038e+00  5.000000e+01
    endloop
  endfacet
  facet normal -9.720461e-01  2.347580e-01  3.872959e-03
    outer loop
      vertex  -3.194483e+00  3.275791e+00  0.000000e+00
      vertex  -4.029943e+00 -1.835421e-01  0.000000e+00
      vertex  -3.131467e+00  3.371738e+00  1.000000e+01
    endloop
  endfacet
  facet normal  9.720461e-01 -2.347580e-01 -3.872959e-03
    outer loop
      vertex  -3.194483e+00  3.275791e+00  0.000000e+00
      vertex  -3.131467e+00  3.371738e+00  1.000000e+01
      vertex  -4.029943e+00 -1.835421e-01  0.000000e+00
    endloop
  endfacet
  facet normal  3.206640e-01 -9.471931e-01  0.000000e+00
    outer loop
      vertex  -2.994786e+00  2.687809e+00  3.333334e+01
      vertex  -7.450581e-09  3.701667e+00  3.000000e+01
      vertex  -8.514950e-09  3.701667e+00  4.000000e+01
    endloop
  endfacet
  facet normal -3.206640e-01  9.471931e-01  0.000000e+00
    outer loop
      vertex  -2.994786e+00  2.687809e+00  3.333334e+01
      vertex  -8.514950e-09  3.701667e+00  4.000000e+01
      vertex  -7.450581e-09  3.701667e+00  3.000000e+01
    endloop
  endfacet
  facet normal  3.043207e-01 -9.415741e-01  1.443159e-01
    outer loop
      vertex   3.637845e+00 -2.525901e+00  2.000000e+01
      vertex  -7.450581e-09 -3.701667e+00  2.000000e+01
      vertex   3.048133e+00 -3.227401e+00  1.666667e+01
    endloop
  endfacet
  facet normal -9.968134e-01 -7.976927e-02  0.000000e+00
    outer loop
      vertex  -3.951959e+00 -1.478837e+00  2.333333e+01
      vertex  -4.152412e+00  1.026060e+00  3.000000e+01
      vertex  -4.152412e+00  1.026060e+00  2.000000e+01
    endloop
  endfacet
  facet normal  7.649500e-01  6.440896e-01 -1.092732e-04
    outer loop
      vertex  -3.637846e+00 -2.525901e+00  2.000000e+01
      vertex  -3.048133e+00 -3.227401e+00  1.333333e+01
      vertex  -3.634329e+00 -2.531774e+00  1.000000e+01
    endloop
  endfacet
  facet normal -7.649500e-01 -6.440896e-01  1.092732e-04
    outer loop
      vertex  -3.637846e+00 -2.525901e+00  2.000000e+01
      vertex  -3.634329e+00 -2.531774e+00  1.000000e+01
      vertex  -3.048133e+00 -3.227401e+00  1.333333e+01
    endloop
  endfacet
  facet normal  8.839456e-01  4.675898e-01  0.000000e+00
    outer loop
      vertex   5.000000e+00  0.000000e+00  3.000000e+01
      vertex   5.000000e+00  0.000000e+00  2.000000e+01
      vertex   4.849232e+00  2.850168e-01  2.666667e+01
    endloop
  endfacet
  facet normal  9.299752e-01 -3.589194e-01 -7.951716e-02
    outer loop
      vertex   3.035690e+00 -2.605900e+00  3.333334e+01
      vertex   4.152412e+00  1.026060e+00  3.000000e+01
      vertex   3.634329e+00 -2.531775e+00  4.000000e+01
    endloop
  endfacet
  facet normal  9.806093e-01  1.959729e-01  0.000000e+00
    outer loop
      vertex  -3.131468e+00  3.371737e+00  3.000000e+01
      vertex  -2.994786e+00  2.687809e+00  2.333333e+01
      vertex  -3.131468e+00  3.371737e+00  2.000000e+01
    endloop
  endfacet
  facet normal -9.806093e-01 -1.959729e-01 -0.000000e+00
    outer loop
      vertex  -3.131468e+00  3.371737e+00  3.000000e+01
      vertex  -3.131468e+00  3.371737e+00  2.000000e+01
      vertex  -2.994786e+00  2.687809e+00  2.333333e+01
    endloop
  endfacet
  facet normal -9.747978e-01 -1.412172e-01 -1.727049e-01
    outer loop
      vertex  -4.152412e+00  1.026060e+00  2.000000e+01
      vertex  -3.035690e+00 -2.605900e+00  1.666667e+01
      vertex  -3.637846e+00 -2.525901e+00  2.000000e+01
    endloop
  endfacet
  facet normal -3.043207e-01 -9.415741e-01 -1.443159e-01
    outer loop
      vertex  -3.637846e+00 -2.525901e+00  3.000000e+01
      vertex   7.450581e-09 -3.701668e+00  3.000000e+01
      vertex  -3.048133e+00 -3.227401e+00  3.333333e+01
    endloop
  endfacet
  facet normal  7.207227e-01  6.929099e-01  2.085110e-02
    outer loop
      vertex  -3.048133e+00 -3.227401e+00  4.333333e+01
      vertex  -3.657186e+00 -2.493595e+00  4.000000e+01
      vertex  -3.194483e+00 -3.275791e+00  5.000000e+01
    endloop
  endfacet
  facet normal -7.207227e-01 -6.929099e-01 -2.085110e-02
    outer loop
      vertex  -3.048133e+00 -3.227401e+00  4.333333e+01
      vertex  -3.194483e+00 -3.275791e+00  5.000000e+01
      vertex  -3.657186e+00 -2.493595e+00  4.000000e+01
    endloop
  endfacet
  facet normal  9.188457e-01 -3.928242e-01 -3.757413e-02
    outer loop
      vertex  -4.849232e+00 -2.850168e-01  3.666667e+01
      vertex  -5.000000e+00  6.123235e-16  3.000000e+01
      vertex  -4.152412e+00  1.026060e+00  4.000000e+01
    endloop
  endfacet
  facet normal  1.628822e-01 -9.866413e-01 -2.872436e-03
    outer loop
      vertex   3.637845e+00 -2.525901e+00  2.000000e+01
      vertex   3.035690e+00 -2.605900e+00  1.333333e+01
      vertex   3.657186e+00 -2.493594e+00  1.000000e+01
    endloop
  endfacet
  facet normal -1.628822e-01  9.866413e-01  2.872436e-03
    outer loop
      vertex   3.637845e+00 -2.525901e+00  2.000000e+01
      vertex   3.657186e+00 -2.493594e+00  1.000000e+01
      vertex   3.035690e+00 -2.605900e+00  1.333333e+01
    endloop
  endfacet
  facet normal  9.143966e-01  4.048193e-01 -0.000000e+00
    outer loop
      vertex   4.152412e+00  1.026060e+00  2.000000e+01
      vertex   3.951960e+00  1.478837e+00  2.333333e+01
      vertex   4.152412e+00  1.026060e+00  3.000000e+01
    endloop
  endfacet
  facet normal -9.143966e-01 -4.048193e-01  0.000000e+00
    outer loop
      vertex   4.152412e+00  1.026060e+00  2.000000e+01
      vertex   4.152412e+00  1.026060e+00  3.000000e+01
      vertex   3.951960e+00  1.478837e+00  2.333333e+01
    endloop
  endfacet
  facet normal -4.436218e-01 -8.949204e-01 -4.813583e-02
    outer loop
      vertex   5.613734e-01  4.825054e+00  2.666667e+01
      vertex   3.131468e+00  3.371737e+00  3.000000e+01
      vertex  -4.967054e-09  4.924040e+00  3.000000e+01
    endloop
  endfacet
  facet normal  7.654618e-01  6.434813e-01 -1.825003e-08
    outer loop
      vertex  -3.637846e+00 -2.525901e+00  3.000000e+01
      vertex  -3.048133e+00 -3.227401e+00  2.333333e+01
      vertex  -3.637846e+00 -2.525901e+00  2.000000e+01
    endloop
  endfacet
  facet normal -7.654618e-01 -6.434813e-01  1.825003e-08
    outer loop
      vertex  -3.637846e+00 -2.525901e+00  3.000000e+01
      vertex  -3.637846e+00 -2.525901e+00  2.000000e+01
      vertex  -3.048133e+00 -3.227401e+00  2.333333e+01
    endloop
  endfacet
  facet normal -5.347846e-01  8.449867e-01  1.695524e-03
    outer loop
      vertex   1.250825e+00 -4.029936e+00  1.666667e+01
      vertex   3.637845e+00 -2.525901e+00  2.000000e+01
      vertex   3.657186e+00 -2.493594e+00  1.000000e+01
    endloop
  endfacet
  facet normal -5.924543e-02  9.689928e-01 -2.398809e-01
    outer loop
      vertex  -3.657186e+00 -2.493595e+00  4.000000e+01
      vertex  -4.916239e+00 -9.500559e-02  5.000000e+01
      vertex  -4.029468e+00 -4.078721e-02  5.000000e+01
    endloop
  endfacet
  facet normal  3.032553e-01 -9.420774e-01  1.432702e-01
    outer loop
      vertex   3.048133e+00 -3.227401e+00  3.666667e+01
      vertex   3.634329e+00 -2.531775e+00  4.000000e+01
      vertex  -2.554485e-08 -3.701667e+00  4.000000e+01
    endloop
  endfacet
  facet normal -1.736497e-01 -9.848076e-01 -0.000000e+00
    outer loop
      vertex  -4.967054e-09 -4.924040e+00  3.000000e+01
      vertex  -5.613734e-01 -4.825054e+00  2.666667e+01
      vertex  -4.967054e-09 -4.924040e+00  2.000000e+01
    endloop
  endfacet
  facet normal -9.179345e-01  3.967313e-01  6.556814e-04
    outer loop
      vertex  -4.152412e+00  1.026060e+00  3.000000e+01
      vertex  -3.951960e+00  1.478837e+00  3.666667e+01
      vertex  -3.131467e+00  3.371737e+00  4.000000e+01
    endloop
  endfacet
  facet normal  9.179345e-01 -3.967313e-01 -6.556814e-04
    outer loop
      vertex  -4.152412e+00  1.026060e+00  3.000000e+01
      vertex  -3.131467e+00  3.371737e+00  4.000000e+01
      vertex  -3.951960e+00  1.478837e+00  3.666667e+01
    endloop
  endfacet
  facet normal -6.263750e-01  7.784331e-01 -4.118643e-02
    outer loop
      vertex   5.613734e-01 -4.825054e+00  2.333333e+01
      vertex  -4.967054e-09 -4.924040e+00  3.000000e+01
      vertex   3.637845e+00 -2.525901e+00  2.000000e+01
    endloop
  endfacet
  facet normal  1.736497e-01  9.848076e-01  0.000000e+00
    outer loop
      vertex  -4.967054e-09 -4.924040e+00  3.000000e+01
      vertex  -4.967054e-09 -4.924040e+00  2.000000e+01
      vertex  -5.613734e-01 -4.825054e+00  2.666667e+01
    endloop
  endfacet
  facet normal  3.395200e-01  9.405988e-01 -3.613745e-11
    outer loop
      vertex  -8.514950e-09 -3.701667e+00  1.000000e+01
      vertex  -3.035690e+00 -2.605900e+00  1.666667e+01
      vertex  -7.450581e-09 -3.701667e+00  2.000000e+01
    endloop
  endfacet
  facet normal -3.395200e-01 -9.405988e-01  3.613745e-11
    outer loop
      vertex  -8.514950e-09 -3.701667e+00  1.000000e+01
      vertex  -7.450581e-09 -3.701667e+00  2.000000e+01
      vertex  -3.035690e+00 -2.605900e+00  1.666667e+01
    endloop
  endfacet
  facet normal  3.206640e-01 -9.471930e-01  0.000000e+00
    outer loop
      vertex  -7.450581e-09  3.701667e+00  3.000000e+01
      vertex  -2.994786e+00  2.687809e+00  2.333333e+01
      vertex  -7.450581e-09  3.701667e+00  2.000000e+01
    endloop
  endfacet
  facet normal -3.206640e-01  9.471930e-01  0.000000e+00
    outer loop
      vertex  -7.450581e-09  3.701667e+00  3.000000e+01
      vertex  -7.450581e-09  3.701667e+00  2.000000e+01
      vertex  -2.994786e+00  2.687809e+00  2.333333e+01
    endloop
  endfacet
  facet normal -8.365749e-01 -5.156413e-01  1.850856e-01
    outer loop
      vertex   1.250825e+00  4.029936e+00  1.333333e+01
      vertex   3.131468e+00  3.371737e+00  2.000000e+01
      vertex  -3.774961e-02  4.924040e+00  1.000000e+01
    endloop
  endfacet
  facet normal  1.736497e-01 -9.848076e-01  0.000000e+00
    outer loop
      vertex  -4.967054e-09  4.924040e+00  2.000000e+01
      vertex  -4.967054e-09  4.924040e+00  3.000000e+01
      vertex  -5.613734e-01  4.825054e+00  2.333333e+01
    endloop
  endfacet
  facet normal -1.736497e-01  9.848076e-01  0.000000e+00
    outer loop
      vertex  -4.967054e-09  4.924040e+00  2.000000e+01
      vertex  -5.613734e-01  4.825054e+00  2.333333e+01
      vertex  -4.967054e-09  4.924040e+00  3.000000e+01
    endloop
  endfacet
  facet normal  8.801718e-01  4.746545e-01 -7.748778e-04
    outer loop
      vertex  -3.637846e+00 -2.525901e+00  3.000000e+01
      vertex  -4.849232e+00 -2.850169e-01  2.666667e+01
      vertex  -5.000000e+00  6.123235e-16  3.000000e+01
    endloop
  endfacet
  facet normal -1.815369e-01  9.833838e-01 -6.852949e-04
    outer loop
      vertex   3.774961e-02 -4.924040e+00  1.000000e+01
      vertex  -4.967054e-09 -4.924040e+00  2.000000e+01
      vertex   5.613734e-01 -4.825054e+00  1.333333e+01
    endloop
  endfacet
  facet normal  1.815369e-01 -9.833838e-01  6.852949e-04
    outer loop
      vertex   3.774961e-02 -4.924040e+00  1.000000e+01
      vertex   5.613734e-01 -4.825054e+00  1.333333e+01
      vertex  -4.967054e-09 -4.924040e+00  2.000000e+01
    endloop
  endfacet
  facet normal  2.202211e-01  9.753577e-01  1.341635e-02
    outer loop
      vertex  -1.250825e+00  4.029936e+00  6.666667e+00
      vertex   8.514950e-09  3.701667e+00  1.000000e+01
      vertex  -1.002452e-01  3.861854e+00  0.000000e+00
    endloop
  endfacet
  facet normal -2.202211e-01 -9.753577e-01 -1.341635e-02
    outer loop
      vertex  -1.250825e+00  4.029936e+00  6.666667e+00
      vertex  -1.002452e-01  3.861854e+00  0.000000e+00
      vertex   8.514950e-09  3.701667e+00  1.000000e+01
    endloop
  endfacet
  facet normal  9.806094e-01 -1.959727e-01  3.272426e-08
    outer loop
      vertex   3.131468e+00  3.371737e+00  3.000000e+01
      vertex   3.131467e+00  3.371737e+00  4.000000e+01
      vertex   2.994786e+00  2.687809e+00  3.666666e+01
    endloop
  endfacet
  facet normal -9.806094e-01  1.959727e-01 -3.272426e-08
    outer loop
      vertex   3.131468e+00  3.371737e+00  3.000000e+01
      vertex   2.994786e+00  2.687809e+00  3.666666e+01
      vertex   3.131467e+00  3.371737e+00  4.000000e+01
    endloop
  endfacet
  facet normal  1.787739e-01  9.836088e-01 -2.353022e-02
    outer loop
      vertex   3.131468e+00  3.371737e+00  2.000000e+01
      vertex   3.048133e+00  3.227401e+00  1.333333e+01
      vertex   8.514950e-09  3.701667e+00  1.000000e+01
    endloop
  endfacet
  facet normal -9.968134e-01 -7.976907e-02 -0.000000e+00
    outer loop
      vertex  -4.152412e+00  1.026060e+00  2.000000e+01
      vertex  -4.152412e+00  1.026060e+00  1.000000e+01
      vertex  -3.951960e+00 -1.478837e+00  1.333333e+01
    endloop
  endfacet
  facet normal  3.963364e-01  9.161160e-01  6.040605e-02
    outer loop
      vertex   4.152412e+00  1.026060e+00  1.000000e+01
      vertex   5.000000e+00  0.000000e+00  2.000000e+01
      vertex   4.849232e+00  2.850168e-01  1.666667e+01
    endloop
  endfacet
  facet normal -8.839456e-01  4.675898e-01  0.000000e+00
    outer loop
      vertex  -5.000000e+00  6.123235e-16  2.000000e+01
      vertex  -4.849232e+00  2.850168e-01  1.333333e+01
      vertex  -5.000000e+00  6.123235e-16  1.000000e+01
    endloop
  endfacet
  facet normal -8.627073e-01  4.990617e-01  8.169296e-02
    outer loop
      vertex   4.029468e+00 -4.078721e-02  0.000000e+00
      vertex   5.000000e+00  0.000000e+00  1.000000e+01
      vertex   4.849232e+00  2.850169e-01  6.666667e+00
    endloop
  endfacet
  facet normal -6.648856e-01 -6.924158e-01 -2.801562e-01
    outer loop
      vertex   3.951960e+00 -1.478837e+00  1.666667e+01
      vertex   3.637845e+00 -2.525901e+00  2.000000e+01
      vertex   4.152412e+00  1.026060e+00  1.000000e+01
    endloop
  endfacet
  facet normal -9.311504e-01  3.633932e-01 -3.007374e-02
    outer loop
      vertex   3.657186e+00 -2.493594e+00  1.000000e+01
      vertex   4.849232e+00  2.850169e-01  6.666667e+00
      vertex   4.916239e+00 -9.500559e-02  0.000000e+00
    endloop
  endfacet
  facet normal -9.104393e-01 -3.962642e-01  1.186372e-01
    outer loop
      vertex   4.152412e+00  1.026060e+00  2.000000e+01
      vertex   3.131468e+00  3.371737e+00  2.000000e+01
      vertex   2.994786e+00  2.687808e+00  1.666667e+01
    endloop
  endfacet
  facet normal  9.104393e-01  3.962642e-01 -1.186372e-01
    outer loop
      vertex   4.152412e+00  1.026060e+00  2.000000e+01
      vertex   2.994786e+00  2.687808e+00  1.666667e+01
      vertex   3.131468e+00  3.371737e+00  2.000000e+01
    endloop
  endfacet
  facet normal  5.458052e-01  8.377996e-01 -1.373077e-02
    outer loop
      vertex  -1.250825e+00 -4.029936e+00  1.333333e+01
      vertex   3.774961e-02 -4.924040e+00  1.000000e+01
      vertex  -3.634329e+00 -2.531774e+00  1.000000e+01
    endloop
  endfacet
  facet normal  9.104394e-01 -3.962643e-01 -1.186371e-01
    outer loop
      vertex  -4.152412e+00  1.026060e+00  4.000000e+01
      vertex  -3.131467e+00  3.371737e+00  4.000000e+01
      vertex  -2.994786e+00  2.687808e+00  4.333334e+01
    endloop
  endfacet
  facet normal -9.104394e-01  3.962643e-01  1.186371e-01
    outer loop
      vertex  -4.152412e+00  1.026060e+00  4.000000e+01
      vertex  -2.994786e+00  2.687808e+00  4.333334e+01
      vertex  -3.131467e+00  3.371737e+00  4.000000e+01
    endloop
  endfacet
  facet normal -9.299096e-01 -3.590524e-01  7.968397e-02
    outer loop
      vertex  -3.637846e+00 -2.525901e+00  3.000000e+01
      vertex  -3.035690e+00 -2.605900e+00  3.666666e+01
      vertex  -4.152412e+00  1.026060e+00  4.000000e+01
    endloop
  endfacet
  facet normal  8.660207e-01  5.000080e-01 -3.256866e-08
    outer loop
      vertex  -3.131468e+00  3.371737e+00  3.000000e+01
      vertex  -3.131467e+00  3.371737e+00  4.000000e+01
      vertex  -3.048133e+00  3.227401e+00  3.666667e+01
    endloop
  endfacet
  facet normal -8.660207e-01 -5.000080e-01  3.256866e-08
    outer loop
      vertex  -3.131468e+00  3.371737e+00  3.000000e+01
      vertex  -3.048133e+00  3.227401e+00  3.666667e+01
      vertex  -3.131467e+00  3.371737e+00  4.000000e+01
    endloop
  endfacet
  facet normal -1.699537e-01 -9.854518e-01 -6.415683e-04
    outer loop
      vertex  -5.613734e-01 -4.825054e+00  1.666667e+01
      vertex   3.774961e-02 -4.924040e+00  1.000000e+01
      vertex  -4.967054e-09 -4.924040e+00  2.000000e+01
    endloop
  endfacet
  facet normal  8.804548e-01  4.741296e-01 -7.170796e-04
    outer loop
      vertex  -5.000000e+00  6.123235e-16  4.000000e+01
      vertex  -3.657186e+00 -2.493595e+00  4.000000e+01
      vertex  -4.849232e+00 -2.850168e-01  3.666667e+01
    endloop
  endfacet
  facet normal  1.699537e-01  9.854518e-01  6.415683e-04
    outer loop
      vertex  -5.613734e-01 -4.825054e+00  1.666667e+01
      vertex  -4.967054e-09 -4.924040e+00  2.000000e+01
      vertex   3.774961e-02 -4.924040e+00  1.000000e+01
    endloop
  endfacet
  facet normal  1.316983e-01  9.912899e-01 -3.139933e-09
    outer loop
      vertex  -3.637846e+00 -2.525901e+00  3.000000e+01
      vertex  -3.035690e+00 -2.605900e+00  2.666667e+01
      vertex  -3.637846e+00 -2.525901e+00  2.000000e+01
    endloop
  endfacet
  facet normal -1.316983e-01 -9.912899e-01  3.139933e-09
    outer loop
      vertex  -3.637846e+00 -2.525901e+00  3.000000e+01
      vertex  -3.637846e+00 -2.525901e+00  2.000000e+01
      vertex  -3.035690e+00 -2.605900e+00  2.666667e+01
    endloop
  endfacet
  facet normal -4.387753e-01 -8.958138e-01 -7.066676e-02
    outer loop
      vertex   1.250825e+00  4.029936e+00  1.333333e+01
      vertex  -3.774961e-02  4.924040e+00  1.000000e+01
      vertex   3.131467e+00  3.371737e+00  1.000000e+01
    endloop
  endfacet
  facet normal -3.963356e-01  9.161164e-01 -6.040611e-02
    outer loop
      vertex  -4.849232e+00  2.850168e-01  1.333333e+01
      vertex  -4.152412e+00  1.026060e+00  2.000000e+01
      vertex  -5.000000e+00  6.123235e-16  1.000000e+01
    endloop
  endfacet
  facet normal -8.857119e-01 -4.132688e-01  2.114786e-01
    outer loop
      vertex   1.250825e+00  4.029936e+00  4.333334e+01
      vertex   3.194483e+00  3.275791e+00  5.000000e+01
      vertex   3.774960e-02  4.924040e+00  4.000000e+01
    endloop
  endfacet
  facet normal  8.798978e-01  4.751629e-01  1.666856e-04
    outer loop
      vertex  -4.849232e+00 -2.850168e-01  3.666667e+01
      vertex  -3.657186e+00 -2.493595e+00  4.000000e+01
      vertex  -3.637846e+00 -2.525901e+00  3.000000e+01
    endloop
  endfacet
  facet normal -4.480396e-01 -8.929369e-01 -4.386476e-02
    outer loop
      vertex   5.613734e-01  4.825054e+00  3.666667e+01
      vertex   3.131467e+00  3.371737e+00  4.000000e+01
      vertex   3.774960e-02  4.924040e+00  4.000000e+01
    endloop
  endfacet
  facet normal -4.392725e-01 -8.968289e-01 -5.232138e-02
    outer loop
      vertex   3.131467e+00  3.371737e+00  1.000000e+01
      vertex  -3.774961e-02  4.924040e+00  1.000000e+01
      vertex   5.613734e-01  4.825054e+00  6.666667e+00
    endloop
  endfacet
  facet normal -9.188457e-01 -3.928241e-01  3.757414e-02
    outer loop
      vertex   4.152412e+00  1.026060e+00  1.000000e+01
      vertex   4.849232e+00 -2.850168e-01  1.333333e+01
      vertex   5.000000e+00  0.000000e+00  2.000000e+01
    endloop
  endfacet
  facet normal -1.046703e-01  9.934594e-01 -4.563458e-02
    outer loop
      vertex  -3.131467e+00  3.371738e+00  1.000000e+01
      vertex   8.514950e-09  3.701667e+00  1.000000e+01
      vertex  -3.048133e+00  3.227401e+00  6.666667e+00
    endloop
  endfacet
  facet normal  9.578276e-01  2.873434e-01 -2.180994e-08
    outer loop
      vertex  -3.951959e+00 -1.478837e+00  2.333333e+01
      vertex  -3.637846e+00 -2.525901e+00  3.000000e+01
      vertex  -3.637846e+00 -2.525901e+00  2.000000e+01
    endloop
  endfacet
  facet normal -9.578276e-01 -2.873434e-01  2.180994e-08
    outer loop
      vertex  -3.951959e+00 -1.478837e+00  2.333333e+01
      vertex  -3.637846e+00 -2.525901e+00  2.000000e+01
      vertex  -3.637846e+00 -2.525901e+00  3.000000e+01
    endloop
  endfacet
  facet normal  3.135488e-01 -9.492028e-01  2.648052e-02
    outer loop
      vertex   3.657186e+00 -2.493594e+00  1.000000e+01
      vertex   3.035690e+00 -2.605900e+00  1.333333e+01
      vertex  -8.514950e-09 -3.701667e+00  1.000000e+01
    endloop
  endfacet
  facet normal  4.541674e-01  8.888454e-01  6.071159e-02
    outer loop
      vertex  -3.637846e+00 -2.525901e+00  3.000000e+01
      vertex  -7.450581e-09 -3.701667e+00  2.000000e+01
      vertex  -3.035690e+00 -2.605900e+00  2.666667e+01
    endloop
  endfacet
  facet normal -8.801212e-01  4.747485e-01  7.850797e-04
    outer loop
      vertex   4.849232e+00 -2.850168e-01  4.333333e+01
      vertex   5.000000e+00  0.000000e+00  4.000000e+01
      vertex   3.634329e+00 -2.531775e+00  4.000000e+01
    endloop
  endfacet
  facet normal  9.311504e-01  3.633931e-01  3.007374e-02
    outer loop
      vertex  -4.849232e+00  2.850168e-01  4.333333e+01
      vertex  -4.916239e+00 -9.500559e-02  5.000000e+01
      vertex  -3.657186e+00 -2.493595e+00  4.000000e+01
    endloop
  endfacet
  facet normal -7.285104e-01 -6.850347e-01  0.000000e+00
    outer loop
      vertex   4.152412e+00  1.026060e+00  2.000000e+01
      vertex   4.849232e+00  2.850168e-01  2.666667e+01
      vertex   4.152412e+00  1.026060e+00  3.000000e+01
    endloop
  endfacet
  facet normal  3.073756e-01 -9.510262e-01  3.270192e-02
    outer loop
      vertex   3.637845e+00 -2.525901e+00  2.000000e+01
      vertex   3.035690e+00 -2.605900e+00  2.333333e+01
      vertex  -7.450581e-09 -3.701667e+00  2.000000e+01
    endloop
  endfacet
  facet normal -3.395201e-01 -9.405989e-01  2.216197e-08
    outer loop
      vertex  -3.035690e+00 -2.605900e+00  3.666666e+01
      vertex   7.450581e-09 -3.701668e+00  3.000000e+01
      vertex  -2.554485e-08 -3.701667e+00  4.000000e+01
    endloop
  endfacet
  facet normal  3.395201e-01  9.405989e-01 -2.216197e-08
    outer loop
      vertex  -3.035690e+00 -2.605900e+00  3.666666e+01
      vertex  -2.554485e-08 -3.701667e+00  4.000000e+01
      vertex   7.450581e-09 -3.701668e+00  3.000000e+01
    endloop
  endfacet
  facet normal -4.436218e-01 -8.949204e-01 -4.813584e-02
    outer loop
      vertex  -4.967054e-09  4.924040e+00  2.000000e+01
      vertex   5.613735e-01  4.825054e+00  1.666667e+01
      vertex   3.131468e+00  3.371737e+00  2.000000e+01
    endloop
  endfacet
  facet normal  1.046705e-01  9.934594e-01  4.563437e-02
    outer loop
      vertex  -7.450581e-09  3.701667e+00  2.000000e+01
      vertex   3.048133e+00  3.227401e+00  2.333333e+01
      vertex   3.131468e+00  3.371737e+00  2.000000e+01
    endloop
  endfacet
  facet normal  5.255670e-01 -8.500478e-01 -3.461044e-02
    outer loop
      vertex  -3.131468e+00  3.371737e+00  3.000000e+01
      vertex  -5.613734e-01  4.825054e+00  3.333333e+01
      vertex   3.774960e-02  4.924040e+00  4.000000e+01
    endloop
  endfacet
  facet normal  3.303387e-01 -9.438625e-01 -5.982911e-08
    outer loop
      vertex  -1.250825e+00  4.029936e+00  1.666667e+01
      vertex  -3.131468e+00  3.371737e+00  2.000000e+01
      vertex  -3.131467e+00  3.371738e+00  1.000000e+01
    endloop
  endfacet
  facet normal  8.594133e-01 -4.723012e-01 -1.958071e-01
    outer loop
      vertex  -1.250825e+00  4.029936e+00  2.666667e+01
      vertex  -3.131468e+00  3.371737e+00  2.000000e+01
      vertex  -4.967054e-09  4.924040e+00  3.000000e+01
    endloop
  endfacet
  facet normal -9.179345e-01  3.967312e-01  6.556892e-04
    outer loop
      vertex  -3.951960e+00  1.478837e+00  1.666667e+01
      vertex  -3.131468e+00  3.371737e+00  2.000000e+01
      vertex  -4.152412e+00  1.026060e+00  1.000000e+01
    endloop
  endfacet
  facet normal  9.179345e-01 -3.967312e-01 -6.556892e-04
    outer loop
      vertex  -3.951960e+00  1.478837e+00  1.666667e+01
      vertex  -4.152412e+00  1.026060e+00  1.000000e+01
      vertex  -3.131468e+00  3.371737e+00  2.000000e+01
    endloop
  endfacet
  facet normal -9.972492e-01 -7.399315e-02  4.366628e-03
    outer loop
      vertex  -3.951960e+00 -1.478837e+00  4.333334e+01
      vertex  -4.029468e+00 -4.078721e-02  5.000000e+01
      vertex  -4.152412e+00  1.026060e+00  4.000000e+01
    endloop
  endfacet
  facet normal -9.188457e-01 -3.928242e-01  3.757414e-02
    outer loop
      vertex   4.152412e+00  1.026060e+00  3.000000e+01
      vertex   4.849232e+00 -2.850168e-01  3.333333e+01
      vertex   5.000000e+00  0.000000e+00  4.000000e+01
    endloop
  endfacet
  facet normal  9.939659e-02  9.950106e-01 -8.620605e-03
    outer loop
      vertex  -4.916239e+00 -9.500561e-02  0.000000e+00
      vertex  -5.000000e+00  6.123235e-16  1.000000e+01
      vertex  -4.029943e+00 -1.835421e-01  0.000000e+00
    endloop
  endfacet
  facet normal -9.325855e-01  3.591048e-01 -3.644326e-02
    outer loop
      vertex   3.634329e+00 -2.531775e+00  4.000000e+01
      vertex   4.849232e+00  2.850169e-01  3.666667e+01
      vertex   5.000000e+00  0.000000e+00  3.000000e+01
    endloop
  endfacet
  facet normal -2.538451e-01 -9.672449e-01 -2.304570e-08
    outer loop
      vertex   1.250825e+00 -4.029936e+00  2.666667e+01
      vertex   7.450581e-09 -3.701668e+00  3.000000e+01
      vertex  -7.450581e-09 -3.701667e+00  2.000000e+01
    endloop
  endfacet
  facet normal  2.538451e-01  9.672449e-01  2.304570e-08
    outer loop
      vertex   1.250825e+00 -4.029936e+00  2.666667e+01
      vertex  -7.450581e-09 -3.701667e+00  2.000000e+01
      vertex   7.450581e-09 -3.701668e+00  3.000000e+01
    endloop
  endfacet
  facet normal -7.207228e-01  6.929097e-01 -2.085108e-02
    outer loop
      vertex   3.657186e+00 -2.493594e+00  1.000000e+01
      vertex   3.194483e+00 -3.275791e+00  0.000000e+00
      vertex   3.048133e+00 -3.227401e+00  6.666667e+00
    endloop
  endfacet
  facet normal  7.207228e-01 -6.929097e-01  2.085108e-02
    outer loop
      vertex   3.657186e+00 -2.493594e+00  1.000000e+01
      vertex   3.048133e+00 -3.227401e+00  6.666667e+00
      vertex   3.194483e+00 -3.275791e+00  0.000000e+00
    endloop
  endfacet
  facet normal  1.751240e-01  9.845110e-01 -8.342491e-03
    outer loop
      vertex   3.131467e+00  3.371737e+00  1.000000e+01
      vertex   3.194483e+00  3.275791e+00  0.000000e+00
      vertex  -1.002452e-01  3.861854e+00  0.000000e+00
    endloop
  endfacet
  facet normal -1.751240e-01 -9.845110e-01  8.342491e-03
    outer loop
      vertex   3.131467e+00  3.371737e+00  1.000000e+01
      vertex  -1.002452e-01  3.861854e+00  0.000000e+00
      vertex   3.194483e+00  3.275791e+00  0.000000e+00
    endloop
  endfacet
  facet normal  7.300451e-01  6.781499e-01  8.453850e-02
    outer loop
      vertex   2.994786e+00  2.687809e+00  2.666667e+01
      vertex   4.152412e+00  1.026060e+00  3.000000e+01
      vertex   3.131468e+00  3.371737e+00  2.000000e+01
    endloop
  endfacet
  facet normal -7.300451e-01 -6.781499e-01 -8.453850e-02
    outer loop
      vertex   2.994786e+00  2.687809e+00  2.666667e+01
      vertex   3.131468e+00  3.371737e+00  2.000000e+01
      vertex   4.152412e+00  1.026060e+00  3.000000e+01
    endloop
  endfacet
  facet normal -9.483784e-01 -3.160222e-01  2.661146e-02
    outer loop
      vertex  -3.035690e+00 -2.605900e+00  6.666667e+00
      vertex  -4.152412e+00  1.026060e+00  1.000000e+01
      vertex  -4.029943e+00 -1.835421e-01  0.000000e+00
    endloop
  endfacet
  facet normal -8.205282e-01 -5.716060e-01 -0.000000e+00
    outer loop
      vertex   4.152412e+00  1.026060e+00  2.000000e+01
      vertex   2.994786e+00  2.687808e+00  1.666667e+01
      vertex   4.152412e+00  1.026060e+00  1.000000e+01
    endloop
  endfacet
  facet normal  8.205282e-01  5.716060e-01  0.000000e+00
    outer loop
      vertex   4.152412e+00  1.026060e+00  2.000000e+01
      vertex   4.152412e+00  1.026060e+00  1.000000e+01
      vertex   2.994786e+00  2.687808e+00  1.666667e+01
    endloop
  endfacet
  facet normal  3.395200e-01 -9.405989e-01 -3.613745e-11
    outer loop
      vertex  -8.514950e-09 -3.701667e+00  1.000000e+01
      vertex   3.035690e+00 -2.605900e+00  1.333333e+01
      vertex  -7.450581e-09 -3.701667e+00  2.000000e+01
    endloop
  endfacet
  facet normal -3.395200e-01  9.405989e-01  3.613745e-11
    outer loop
      vertex  -8.514950e-09 -3.701667e+00  1.000000e+01
      vertex  -7.450581e-09 -3.701667e+00  2.000000e+01
      vertex   3.035690e+00 -2.605900e+00  1.333333e+01
    endloop
  endfacet
  facet normal  9.990680e-01  4.181962e-02 -1.068576e-02
    outer loop
      vertex  -3.774961e-02  4.924040e+00  1.000000e+01
      vertex  -1.002452e-01  3.861854e+00  0.000000e+00
      vertex  -1.447068e-01  4.924038e+00  0.000000e+00
    endloop
  endfacet
  facet normal  1.046705e-01  9.934594e-01  4.563440e-02
    outer loop
      vertex   3.048133e+00  3.227401e+00  3.333333e+01
      vertex   3.131468e+00  3.371737e+00  3.000000e+01
      vertex  -7.450581e-09  3.701667e+00  3.000000e+01
    endloop
  endfacet
  facet normal  9.968134e-01 -7.976889e-02  0.000000e+00
    outer loop
      vertex   3.951960e+00 -1.478837e+00  1.666667e+01
      vertex   4.152412e+00  1.026060e+00  1.000000e+01
      vertex   4.152412e+00  1.026060e+00  2.000000e+01
    endloop
  endfacet
  facet normal  2.538452e-01 -9.672449e-01 -2.304570e-08
    outer loop
      vertex  -1.250825e+00 -4.029936e+00  2.333333e+01
      vertex  -7.450581e-09 -3.701667e+00  2.000000e+01
      vertex   7.450581e-09 -3.701668e+00  3.000000e+01
    endloop
  endfacet
  facet normal -2.538452e-01  9.672449e-01  2.304570e-08
    outer loop
      vertex  -1.250825e+00 -4.029936e+00  2.333333e+01
      vertex   7.450581e-09 -3.701668e+00  3.000000e+01
      vertex  -7.450581e-09 -3.701667e+00  2.000000e+01
    endloop
  endfacet
  facet normal  8.796904e-01  4.755468e-01 -2.097345e-08
    outer loop
      vertex  -3.637846e+00 -2.525901e+00  3.000000e+01
      vertex  -3.637846e+00 -2.525901e+00  2.000000e+01
      vertex  -4.849232e+00 -2.850169e-01  2.666667e+01
    endloop
  endfacet
  facet normal  4.365020e-01  8.982497e-01  5.112176e-02
    outer loop
      vertex  -3.657186e+00 -2.493595e+00  4.000000e+01
      vertex   7.450581e-09 -3.701668e+00  3.000000e+01
      vertex  -3.035690e+00 -2.605900e+00  3.666666e+01
    endloop
  endfacet
  facet normal -5.255671e-01 -8.500479e-01  3.461047e-02
    outer loop
      vertex  -3.774961e-02  4.924040e+00  1.000000e+01
      vertex   3.131468e+00  3.371737e+00  2.000000e+01
      vertex   5.613735e-01  4.825054e+00  1.666667e+01
    endloop
  endfacet
  facet normal -9.989591e-01  4.181501e-02  1.822666e-02
    outer loop
      vertex  -1.447068e-01 -4.924038e+00  0.000000e+00
      vertex   3.774961e-02 -4.924040e+00  1.000000e+01
      vertex  -1.002453e-01 -3.861854e+00  0.000000e+00
    endloop
  endfacet
  facet normal  7.679140e-01 -6.343436e-01  8.897270e-02
    outer loop
      vertex  -4.849232e+00 -2.850168e-01  6.666667e+00
      vertex  -4.152412e+00  1.026060e+00  1.000000e+01
      vertex  -5.000000e+00  6.123235e-16  1.000000e+01
    endloop
  endfacet
  facet normal -7.668419e-01 -6.418358e-01  5.904184e-04
    outer loop
      vertex  -3.657186e+00 -2.493595e+00  4.000000e+01
      vertex  -3.637846e+00 -2.525901e+00  3.000000e+01
      vertex  -3.048133e+00 -3.227401e+00  3.333333e+01
    endloop
  endfacet
  facet normal  7.668419e-01  6.418358e-01 -5.904184e-04
    outer loop
      vertex  -3.657186e+00 -2.493595e+00  4.000000e+01
      vertex  -3.048133e+00 -3.227401e+00  3.333333e+01
      vertex  -3.637846e+00 -2.525901e+00  3.000000e+01
    endloop
  endfacet
  facet normal  8.839456e-01  4.675898e-01 -0.000000e+00
    outer loop
      vertex   5.000000e+00  0.000000e+00  1.000000e+01
      vertex   4.849232e+00  2.850168e-01  1.666667e+01
      vertex   5.000000e+00  0.000000e+00  2.000000e+01
    endloop
  endfacet
  facet normal -9.104394e-01  3.962643e-01  1.186372e-01
    outer loop
      vertex  -3.131467e+00  3.371738e+00  1.000000e+01
      vertex  -4.152412e+00  1.026060e+00  1.000000e+01
      vertex  -2.994786e+00  2.687809e+00  1.333333e+01
    endloop
  endfacet
  facet normal  9.104394e-01 -3.962643e-01 -1.186372e-01
    outer loop
      vertex  -3.131467e+00  3.371738e+00  1.000000e+01
      vertex  -2.994786e+00  2.687809e+00  1.333333e+01
      vertex  -4.152412e+00  1.026060e+00  1.000000e+01
    endloop
  endfacet
  facet normal  9.824771e-01  1.832196e-01  3.419453e-02
    outer loop
      vertex   4.152412e+00  1.026060e+00  4.000000e+01
      vertex   3.951960e+00  1.478837e+00  4.333334e+01
      vertex   4.029943e+00 -1.835420e-01  5.000000e+01
    endloop
  endfacet
  facet normal -9.824771e-01 -1.832196e-01 -3.419453e-02
    outer loop
      vertex   4.152412e+00  1.026060e+00  4.000000e+01
      vertex   4.029943e+00 -1.835420e-01  5.000000e+01
      vertex   3.951960e+00  1.478837e+00  4.333334e+01
    endloop
  endfacet
  facet normal  1.787739e-01  9.836088e-01 -2.353029e-02
    outer loop
      vertex   3.048133e+00  3.227401e+00  3.333333e+01
      vertex  -7.450581e-09  3.701667e+00  3.000000e+01
      vertex   3.131467e+00  3.371737e+00  4.000000e+01
    endloop
  endfacet
  facet normal  1.699538e-01 -9.854518e-01  6.415684e-04
    outer loop
      vertex   5.613734e-01 -4.825054e+00  3.333333e+01
      vertex  -3.774960e-02 -4.924040e+00  4.000000e+01
      vertex  -4.967054e-09 -4.924040e+00  3.000000e+01
    endloop
  endfacet
  facet normal -1.699538e-01  9.854518e-01 -6.415684e-04
    outer loop
      vertex   5.613734e-01 -4.825054e+00  3.333333e+01
      vertex  -4.967054e-09 -4.924040e+00  3.000000e+01
      vertex  -3.774960e-02 -4.924040e+00  4.000000e+01
    endloop
  endfacet
  facet normal  9.042102e-01 -4.265589e-01 -2.124598e-02
    outer loop
      vertex  -4.916239e+00 -9.500561e-02  0.000000e+00
      vertex  -4.152412e+00  1.026060e+00  1.000000e+01
      vertex  -4.849232e+00 -2.850168e-01  6.666667e+00
    endloop
  endfacet
  facet normal -1.540758e-01  9.880577e-01 -1.648093e-03
    outer loop
      vertex   5.613735e-01 -4.825054e+00  4.333333e+01
      vertex  -3.774960e-02 -4.924040e+00  4.000000e+01
      vertex  -1.447068e-01 -4.924038e+00  5.000000e+01
    endloop
  endfacet
  facet normal  1.540758e-01 -9.880577e-01  1.648093e-03
    outer loop
      vertex   5.613735e-01 -4.825054e+00  4.333333e+01
      vertex  -1.447068e-01 -4.924038e+00  5.000000e+01
      vertex  -3.774960e-02 -4.924040e+00  4.000000e+01
    endloop
  endfacet
  facet normal -8.796718e-01  4.755812e-01 -2.998799e-05
    outer loop
      vertex   3.637846e+00 -2.525900e+00  3.000000e+01
      vertex   3.634329e+00 -2.531775e+00  4.000000e+01
      vertex   4.849232e+00 -2.850168e-01  3.333333e+01
    endloop
  endfacet
  facet normal  9.104394e-01  3.962643e-01 -1.186371e-01
    outer loop
      vertex   3.131468e+00  3.371737e+00  3.000000e+01
      vertex   4.152412e+00  1.026060e+00  3.000000e+01
      vertex   2.994786e+00  2.687809e+00  2.666667e+01
    endloop
  endfacet
  facet normal -9.104394e-01 -3.962643e-01  1.186371e-01
    outer loop
      vertex   3.131468e+00  3.371737e+00  3.000000e+01
      vertex   2.994786e+00  2.687809e+00  2.666667e+01
      vertex   4.152412e+00  1.026060e+00  3.000000e+01
    endloop
  endfacet
  facet normal  4.458889e-02 -9.939231e-01 -1.006414e-01
    outer loop
      vertex   3.048133e+00 -3.227401e+00  3.666667e+01
      vertex  -2.554485e-08 -3.701667e+00  4.000000e+01
      vertex   3.637846e+00 -2.525900e+00  3.000000e+01
    endloop
  endfacet
  facet normal -7.285104e-01 -6.850348e-01 -0.000000e+00
    outer loop
      vertex   4.152412e+00  1.026060e+00  4.000000e+01
      vertex   4.152412e+00  1.026060e+00  3.000000e+01
      vertex   4.849232e+00  2.850169e-01  3.666667e+01
    endloop
  endfacet
  facet normal -8.773413e-01  4.731282e-01  8.013740e-02
    outer loop
      vertex   3.637845e+00 -2.525901e+00  2.000000e+01
      vertex   5.000000e+00  0.000000e+00  2.000000e+01
      vertex   4.849232e+00  2.850168e-01  1.666667e+01
    endloop
  endfacet
  facet normal -9.586421e-01 -2.846131e-01 -9.345690e-04
    outer loop
      vertex  -3.951960e+00 -1.478837e+00  3.333333e+01
      vertex  -3.637846e+00 -2.525901e+00  3.000000e+01
      vertex  -3.657186e+00 -2.493595e+00  4.000000e+01
    endloop
  endfacet
  facet normal  9.586421e-01  2.846131e-01  9.345690e-04
    outer loop
      vertex  -3.951960e+00 -1.478837e+00  3.333333e+01
      vertex  -3.657186e+00 -2.493595e+00  4.000000e+01
      vertex  -3.637846e+00 -2.525901e+00  3.000000e+01
    endloop
  endfacet
  facet normal  3.888257e-02 -9.936252e-01 -1.058171e-01
    outer loop
      vertex   3.657186e+00 -2.493594e+00  1.000000e+01
      vertex   3.048133e+00 -3.227401e+00  1.666667e+01
      vertex  -7.450581e-09 -3.701667e+00  2.000000e+01
    endloop
  endfacet
  facet normal -3.073756e-01 -9.510261e-01 -3.270183e-02
    outer loop
      vertex  -3.637846e+00 -2.525901e+00  3.000000e+01
      vertex  -3.035690e+00 -2.605900e+00  2.666667e+01
      vertex   7.450581e-09 -3.701668e+00  3.000000e+01
    endloop
  endfacet
  facet normal -3.411554e-01 -9.399818e-01 -6.869016e-03
    outer loop
      vertex   1.250825e+00  4.029936e+00  4.333334e+01
      vertex   3.131467e+00  3.371737e+00  4.000000e+01
      vertex   3.194483e+00  3.275791e+00  5.000000e+01
    endloop
  endfacet
  facet normal  8.660201e-01 -5.000091e-01  0.000000e+00
    outer loop
      vertex   3.131468e+00  3.371737e+00  3.000000e+01
      vertex   3.048133e+00  3.227401e+00  2.333333e+01
      vertex   3.131468e+00  3.371737e+00  2.000000e+01
    endloop
  endfacet
  facet normal -8.660201e-01  5.000091e-01  0.000000e+00
    outer loop
      vertex   3.131468e+00  3.371737e+00  3.000000e+01
      vertex   3.131468e+00  3.371737e+00  2.000000e+01
      vertex   3.048133e+00  3.227401e+00  2.333333e+01
    endloop
  endfacet
  facet normal -3.303387e-01 -9.438625e-01 -1.794874e-08
    outer loop
      vertex   1.250825e+00  4.029936e+00  1.333333e+01
      vertex   3.131467e+00  3.371737e+00  1.000000e+01
      vertex   3.131468e+00  3.371737e+00  2.000000e+01
    endloop
  endfacet
  facet normal  3.577263e-01 -9.299568e-01  8.492475e-02
    outer loop
      vertex  -3.194483e+00 -3.275791e+00  0.000000e+00
      vertex  -3.035690e+00 -2.605900e+00  6.666667e+00
      vertex  -3.634329e+00 -2.531774e+00  1.000000e+01
    endloop
  endfacet
  facet normal -3.577263e-01  9.299568e-01 -8.492475e-02
    outer loop
      vertex  -3.194483e+00 -3.275791e+00  0.000000e+00
      vertex  -3.634329e+00 -2.531774e+00  1.000000e+01
      vertex  -3.035690e+00 -2.605900e+00  6.666667e+00
    endloop
  endfacet
  facet normal -1.787739e-01  9.836088e-01  2.353023e-02
    outer loop
      vertex  -3.048133e+00  3.227401e+00  2.666667e+01
      vertex  -7.450581e-09  3.701667e+00  3.000000e+01
      vertex  -3.131468e+00  3.371737e+00  2.000000e+01
    endloop
  endfacet
  facet normal -9.690410e-01  2.439668e-01  3.794130e-02
    outer loop
      vertex  -4.152412e+00  1.026060e+00  4.000000e+01
      vertex  -4.029468e+00 -4.078721e-02  5.000000e+01
      vertex  -3.194483e+00  3.275791e+00  5.000000e+01
    endloop
  endfacet
  facet normal  9.690410e-01 -2.439668e-01 -3.794130e-02
    outer loop
      vertex  -4.152412e+00  1.026060e+00  4.000000e+01
      vertex  -3.194483e+00  3.275791e+00  5.000000e+01
      vertex  -4.029468e+00 -4.078721e-02  5.000000e+01
    endloop
  endfacet
  facet normal  1.025770e-01  9.735892e-01 -2.039657e-01
    outer loop
      vertex   3.131468e+00  3.371737e+00  3.000000e+01
      vertex   2.994786e+00  2.687809e+00  2.666667e+01
      vertex  -7.450581e-09  3.701667e+00  3.000000e+01
    endloop
  endfacet
  facet normal  9.719390e-01  2.350837e-01  8.380266e-03
    outer loop
      vertex  -3.194483e+00  3.275791e+00  5.000000e+01
      vertex  -2.994786e+00  2.687808e+00  4.333334e+01
      vertex  -3.131467e+00  3.371737e+00  4.000000e+01
    endloop
  endfacet
  facet normal -9.719390e-01 -2.350837e-01 -8.380266e-03
    outer loop
      vertex  -3.194483e+00  3.275791e+00  5.000000e+01
      vertex  -3.131467e+00  3.371737e+00  4.000000e+01
      vertex  -2.994786e+00  2.687808e+00  4.333334e+01
    endloop
  endfacet
  facet normal -2.092621e-01 -9.776983e-01  1.775921e-02
    outer loop
      vertex   1.250825e+00 -4.029936e+00  6.666667e+00
      vertex  -8.514950e-09 -3.701667e+00  1.000000e+01
      vertex  -1.002453e-01 -3.861854e+00  0.000000e+00
    endloop
  endfacet
  facet normal  2.092621e-01  9.776983e-01 -1.775921e-02
    outer loop
      vertex   1.250825e+00 -4.029936e+00  6.666667e+00
      vertex  -1.002453e-01 -3.861854e+00  0.000000e+00
      vertex  -8.514950e-09 -3.701667e+00  1.000000e+01
    endloop
  endfacet
  facet normal -2.538453e-01  9.672449e-01 -2.701851e-11
    outer loop
      vertex  -7.450581e-09  3.701667e+00  3.000000e+01
      vertex  -8.514950e-09  3.701667e+00  4.000000e+01
      vertex   1.250825e+00  4.029936e+00  3.333333e+01
    endloop
  endfacet
  facet normal  2.538453e-01 -9.672449e-01  2.701851e-11
    outer loop
      vertex  -7.450581e-09  3.701667e+00  3.000000e+01
      vertex   1.250825e+00  4.029936e+00  3.333333e+01
      vertex  -8.514950e-09  3.701667e+00  4.000000e+01
    endloop
  endfacet
  facet normal -1.857054e-01 -9.804678e-01  6.478024e-02
    outer loop
      vertex  -3.194483e+00 -3.275791e+00  0.000000e+00
      vertex  -1.002453e-01 -3.861854e+00  0.000000e+00
      vertex  -3.634329e+00 -2.531774e+00  1.000000e+01
    endloop
  endfacet
  facet normal  1.857054e-01  9.804678e-01 -6.478024e-02
    outer loop
      vertex  -3.194483e+00 -3.275791e+00  0.000000e+00
      vertex  -3.634329e+00 -2.531774e+00  1.000000e+01
      vertex  -1.002453e-01 -3.861854e+00  0.000000e+00
    endloop
  endfacet
  facet normal  7.679141e-01 -6.343436e-01  8.897268e-02
    outer loop
      vertex  -5.000000e+00  6.123235e-16  2.000000e+01
      vertex  -4.849232e+00 -2.850168e-01  1.666667e+01
      vertex  -4.152412e+00  1.026060e+00  2.000000e+01
    endloop
  endfacet
  facet normal -9.299753e-01 -3.589193e-01  7.951710e-02
    outer loop
      vertex  -4.152412e+00  1.026060e+00  2.000000e+01
      vertex  -3.634329e+00 -2.531774e+00  1.000000e+01
      vertex  -3.035690e+00 -2.605900e+00  1.666667e+01
    endloop
  endfacet
  facet normal  1.808511e-01  9.835050e-01 -3.299603e-03
    outer loop
      vertex  -1.447068e-01 -4.924038e+00  0.000000e+00
      vertex  -5.613735e-01 -4.825054e+00  6.666667e+00
      vertex   3.774961e-02 -4.924040e+00  1.000000e+01
    endloop
  endfacet
  facet normal -1.808511e-01 -9.835050e-01  3.299603e-03
    outer loop
      vertex  -1.447068e-01 -4.924038e+00  0.000000e+00
      vertex   3.774961e-02 -4.924040e+00  1.000000e+01
      vertex  -5.613735e-01 -4.825054e+00  6.666667e+00
    endloop
  endfacet
  facet normal -9.679581e-01 -2.498392e-01  2.524538e-02
    outer loop
      vertex  -3.657186e+00 -2.493595e+00  4.000000e+01
      vertex  -3.194483e+00 -3.275791e+00  5.000000e+01
      vertex  -4.029468e+00 -4.078721e-02  5.000000e+01
    endloop
  endfacet
  facet normal  9.679581e-01  2.498392e-01 -2.524538e-02
    outer loop
      vertex  -3.657186e+00 -2.493595e+00  4.000000e+01
      vertex  -4.029468e+00 -4.078721e-02  5.000000e+01
      vertex  -3.194483e+00 -3.275791e+00  5.000000e+01
    endloop
  endfacet
  facet normal -5.458051e-01  8.377997e-01  1.373079e-02
    outer loop
      vertex   1.250825e+00 -4.029936e+00  3.666667e+01
      vertex  -3.774960e-02 -4.924040e+00  4.000000e+01
      vertex   3.634329e+00 -2.531775e+00  4.000000e+01
    endloop
  endfacet
  facet normal  9.001939e-01  3.631281e-01  2.403935e-01
    outer loop
      vertex  -1.250825e+00 -4.029936e+00  2.333333e+01
      vertex  -3.637846e+00 -2.525901e+00  3.000000e+01
      vertex  -4.967054e-09 -4.924040e+00  2.000000e+01
    endloop
  endfacet
  facet normal  6.164114e-01  7.869667e-01  2.684106e-02
    outer loop
      vertex  -1.447068e-01 -4.924038e+00  0.000000e+00
      vertex  -3.634329e+00 -2.531774e+00  1.000000e+01
      vertex  -5.613735e-01 -4.825054e+00  6.666667e+00
    endloop
  endfacet
  facet normal -9.322511e-01  3.616373e-01  1.124436e-02
    outer loop
      vertex  -4.849232e+00  2.850168e-01  4.333333e+01
      vertex  -5.000000e+00  6.123235e-16  4.000000e+01
      vertex  -4.916239e+00 -9.500559e-02  5.000000e+01
    endloop
  endfacet
  facet normal -9.824770e-01  1.832205e-01 -3.419464e-02
    outer loop
      vertex  -3.951959e+00  1.478837e+00  6.666667e+00
      vertex  -4.029943e+00 -1.835421e-01  0.000000e+00
      vertex  -4.152412e+00  1.026060e+00  1.000000e+01
    endloop
  endfacet
  facet normal  9.824770e-01 -1.832205e-01  3.419464e-02
    outer loop
      vertex  -3.951959e+00  1.478837e+00  6.666667e+00
      vertex  -4.152412e+00  1.026060e+00  1.000000e+01
      vertex  -4.029943e+00 -1.835421e-01  0.000000e+00
    endloop
  endfacet
  facet normal  4.429366e-01 -8.935380e-01  7.346390e-02
    outer loop
      vertex  -1.250825e+00  4.029936e+00  1.666667e+01
      vertex  -4.967054e-09  4.924040e+00  2.000000e+01
      vertex  -3.131468e+00  3.371737e+00  2.000000e+01
    endloop
  endfacet
  facet normal -9.143968e-01  4.048192e-01  0.000000e+00
    outer loop
      vertex  -4.152412e+00  1.026060e+00  2.000000e+01
      vertex  -4.152412e+00  1.026060e+00  3.000000e+01
      vertex  -3.951960e+00  1.478837e+00  2.666667e+01
    endloop
  endfacet
  facet normal  9.143968e-01 -4.048192e-01  0.000000e+00
    outer loop
      vertex  -4.152412e+00  1.026060e+00  2.000000e+01
      vertex  -3.951960e+00  1.478837e+00  2.666667e+01
      vertex  -4.152412e+00  1.026060e+00  3.000000e+01
    endloop
  endfacet
  facet normal -9.578274e-01  2.873441e-01  3.882196e-08
    outer loop
      vertex   3.637846e+00 -2.525900e+00  3.000000e+01
      vertex   3.951960e+00 -1.478837e+00  2.666667e+01
      vertex   3.637845e+00 -2.525901e+00  2.000000e+01
    endloop
  endfacet
  facet normal  9.578274e-01 -2.873441e-01 -3.882196e-08
    outer loop
      vertex   3.637846e+00 -2.525900e+00  3.000000e+01
      vertex   3.637845e+00 -2.525901e+00  2.000000e+01
      vertex   3.951960e+00 -1.478837e+00  2.666667e+01
    endloop
  endfacet
  facet normal -8.839456e-01 -4.675898e-01 -0.000000e+00
    outer loop
      vertex  -5.000000e+00  6.123235e-16  4.000000e+01
      vertex  -5.000000e+00  6.123235e-16  3.000000e+01
      vertex  -4.849232e+00 -2.850168e-01  3.666667e+01
    endloop
  endfacet
  facet normal -8.594135e-01 -4.723008e-01  1.958071e-01
    outer loop
      vertex   3.131468e+00  3.371737e+00  3.000000e+01
      vertex  -4.967054e-09  4.924040e+00  2.000000e+01
      vertex   1.250825e+00  4.029936e+00  2.333333e+01
    endloop
  endfacet
  facet normal -4.365016e-01  8.982499e-01 -5.112160e-02
    outer loop
      vertex   3.657186e+00 -2.493594e+00  1.000000e+01
      vertex  -7.450581e-09 -3.701667e+00  2.000000e+01
      vertex   3.035690e+00 -2.605900e+00  1.333333e+01
    endloop
  endfacet
  facet normal  8.627074e-01  4.990614e-01 -8.169296e-02
    outer loop
      vertex  -4.849232e+00  2.850168e-01  4.333333e+01
      vertex  -4.029468e+00 -4.078721e-02  5.000000e+01
      vertex  -5.000000e+00  6.123235e-16  4.000000e+01
    endloop
  endfacet
  facet normal -8.801718e-01  4.746546e-01  7.747532e-04
    outer loop
      vertex   3.637845e+00 -2.525901e+00  2.000000e+01
      vertex   4.849232e+00 -2.850168e-01  2.333333e+01
      vertex   5.000000e+00  0.000000e+00  2.000000e+01
    endloop
  endfacet
  facet normal  9.325855e-01  3.591048e-01  3.644328e-02
    outer loop
      vertex  -5.000000e+00  6.123235e-16  2.000000e+01
      vertex  -3.634329e+00 -2.531774e+00  1.000000e+01
      vertex  -4.849232e+00  2.850168e-01  1.333333e+01
    endloop
  endfacet
  facet normal -9.968133e-01 -7.976907e-02  0.000000e+00
    outer loop
      vertex  -3.951960e+00 -1.478837e+00  3.333333e+01
      vertex  -4.152412e+00  1.026060e+00  4.000000e+01
      vertex  -4.152412e+00  1.026060e+00  3.000000e+01
    endloop
  endfacet
  facet normal -8.781613e-01 -4.783633e-01  1.182816e-03
    outer loop
      vertex  -5.000000e+00  6.123235e-16  2.000000e+01
      vertex  -4.849232e+00 -2.850168e-01  1.666667e+01
      vertex  -3.634329e+00 -2.531774e+00  1.000000e+01
    endloop
  endfacet
  facet normal  4.607174e-01 -8.819235e-01 -9.975202e-02
    outer loop
      vertex  -4.849232e+00  2.850168e-01  4.333333e+01
      vertex  -4.152412e+00  1.026060e+00  4.000000e+01
      vertex  -4.029468e+00 -4.078721e-02  5.000000e+01
    endloop
  endfacet
  facet normal -3.963337e-01  9.161172e-01 -6.040636e-02
    outer loop
      vertex  -4.849232e+00  2.850169e-01  3.333333e+01
      vertex  -4.152412e+00  1.026060e+00  4.000000e+01
      vertex  -5.000000e+00  6.123235e-16  3.000000e+01
    endloop
  endfacet
  facet normal  6.480029e-01 -7.404276e-01 -1.784911e-01
    outer loop
      vertex  -3.131467e+00  3.371738e+00  1.000000e+01
      vertex  -7.450581e-09  3.701667e+00  2.000000e+01
      vertex  -2.994786e+00  2.687809e+00  1.333333e+01
    endloop
  endfacet
  facet normal -1.860674e-01  9.823793e-01  1.760168e-02
    outer loop
      vertex  -3.194483e+00  3.275791e+00  0.000000e+00
      vertex   8.514950e-09  3.701667e+00  1.000000e+01
      vertex  -1.002452e-01  3.861854e+00  0.000000e+00
    endloop
  endfacet
  facet normal -2.092619e-01  9.776984e-01 -1.775926e-02
    outer loop
      vertex   1.250825e+00  4.029936e+00  4.333334e+01
      vertex  -8.514950e-09  3.701667e+00  4.000000e+01
      vertex  -1.002454e-01  3.861855e+00  5.000000e+01
    endloop
  endfacet
  facet normal  2.092619e-01 -9.776984e-01  1.775926e-02
    outer loop
      vertex   1.250825e+00  4.029936e+00  4.333334e+01
      vertex  -1.002454e-01  3.861855e+00  5.000000e+01
      vertex  -8.514950e-09  3.701667e+00  4.000000e+01
    endloop
  endfacet
  facet normal  8.796718e-01  4.755812e-01  3.005266e-05
    outer loop
      vertex  -3.637846e+00 -2.525901e+00  2.000000e+01
      vertex  -3.634329e+00 -2.531774e+00  1.000000e+01
      vertex  -4.849232e+00 -2.850168e-01  1.666667e+01
    endloop
  endfacet
  facet normal -9.748307e-01 -1.419525e-01 -1.719147e-01
    outer loop
      vertex  -3.634329e+00 -2.531774e+00  1.000000e+01
      vertex  -4.152412e+00  1.026060e+00  1.000000e+01
      vertex  -3.035690e+00 -2.605900e+00  6.666667e+00
    endloop
  endfacet
  facet normal  7.285101e-01 -6.850350e-01  0.000000e+00
    outer loop
      vertex  -4.849232e+00  2.850169e-01  2.333333e+01
      vertex  -4.152412e+00  1.026060e+00  2.000000e+01
      vertex  -4.152412e+00  1.026060e+00  3.000000e+01
    endloop
  endfacet
  facet normal -1.025769e-01  9.735892e-01  2.039658e-01
    outer loop
      vertex  -3.131467e+00  3.371737e+00  4.000000e+01
      vertex  -2.994786e+00  2.687808e+00  4.333334e+01
      vertex  -8.514950e-09  3.701667e+00  4.000000e+01
    endloop
  endfacet
  facet normal  1.851130e-01  9.773408e-01 -1.026549e-01
    outer loop
      vertex  -1.002453e-01 -3.861854e+00  5.000000e+01
      vertex  -3.774960e-02 -4.924040e+00  4.000000e+01
      vertex  -3.194483e+00 -3.275791e+00  5.000000e+01
    endloop
  endfacet
  facet normal -4.949011e-01  8.661559e-01 -6.961883e-02
    outer loop
      vertex   3.634329e+00 -2.531775e+00  4.000000e+01
      vertex  -1.002453e-01 -3.861854e+00  5.000000e+01
      vertex   3.035690e+00 -2.605900e+00  4.333334e+01
    endloop
  endfacet
  facet normal -7.300452e-01  6.781499e-01 -8.453850e-02
    outer loop
      vertex  -2.994786e+00  2.687809e+00  3.333334e+01
      vertex  -4.152412e+00  1.026060e+00  3.000000e+01
      vertex  -3.131467e+00  3.371737e+00  4.000000e+01
    endloop
  endfacet
  facet normal  7.300452e-01 -6.781499e-01  8.453850e-02
    outer loop
      vertex  -2.994786e+00  2.687809e+00  3.333334e+01
      vertex  -3.131467e+00  3.371737e+00  4.000000e+01
      vertex  -4.152412e+00  1.026060e+00  3.000000e+01
    endloop
  endfacet
  facet normal -5.324718e-01  8.464477e-01  3.099647e-04
    outer loop
      vertex   1.250825e+00 -4.029936e+00  3.666667e+01
      vertex   3.634329e+00 -2.531775e+00  4.000000e+01
      vertex   3.637846e+00 -2.525900e+00  3.000000e+01
    endloop
  endfacet
  facet normal  7.553645e-01  6.439735e-01  1.213366e-01
    outer loop
      vertex  -3.634329e+00 -2.531774e+00  1.000000e+01
      vertex  -3.035690e+00 -2.605900e+00  6.666667e+00
      vertex  -4.029943e+00 -1.835421e-01  0.000000e+00
    endloop
  endfacet
  facet normal -7.708239e-01 -6.367473e-01 -1.958039e-02
    outer loop
      vertex   4.152412e+00  1.026060e+00  4.000000e+01
      vertex   4.849232e+00  2.850169e-01  3.666667e+01
      vertex   5.000000e+00  0.000000e+00  4.000000e+01
    endloop
  endfacet
  facet normal -1.747551e-01  9.824370e-01  6.540837e-02
    outer loop
      vertex   3.634329e+00 -2.531775e+00  4.000000e+01
      vertex  -1.002453e-01 -3.861854e+00  5.000000e+01
      vertex   3.194483e+00 -3.275791e+00  5.000000e+01
    endloop
  endfacet
  facet normal  1.747551e-01 -9.824370e-01 -6.540837e-02
    outer loop
      vertex   3.634329e+00 -2.531775e+00  4.000000e+01
      vertex   3.194483e+00 -3.275791e+00  5.000000e+01
      vertex  -1.002453e-01 -3.861854e+00  5.000000e+01
    endloop
  endfacet
  facet normal  2.538453e-01  9.672449e-01  2.701851e-11
    outer loop
      vertex  -7.450581e-09  3.701667e+00  3.000000e+01
      vertex  -1.250825e+00  4.029936e+00  3.666667e+01
      vertex  -8.514950e-09  3.701667e+00  4.000000e+01
    endloop
  endfacet
  facet normal -2.538453e-01 -9.672449e-01 -2.701851e-11
    outer loop
      vertex  -7.450581e-09  3.701667e+00  3.000000e+01
      vertex  -8.514950e-09  3.701667e+00  4.000000e+01
      vertex  -1.250825e+00  4.029936e+00  3.666667e+01
    endloop
  endfacet
  facet normal -9.870220e-02 -9.880594e-01  1.183071e-01
    outer loop
      vertex  -4.916239e+00 -9.500561e-02  0.000000e+00
      vertex  -4.029943e+00 -1.835421e-01  0.000000e+00
      vertex  -4.152412e+00  1.026060e+00  1.000000e+01
    endloop
  endfacet
  facet normal  9.990680e-01 -4.181957e-02  1.068576e-02
    outer loop
      vertex  -1.002453e-01 -3.861854e+00  5.000000e+01
      vertex  -1.447068e-01 -4.924038e+00  5.000000e+01
      vertex  -3.774960e-02 -4.924040e+00  4.000000e+01
    endloop
  endfacet
  facet normal -9.104394e-01 -3.962643e-01  1.186372e-01
    outer loop
      vertex   2.994786e+00  2.687808e+00  6.666667e+00
      vertex   4.152412e+00  1.026060e+00  1.000000e+01
      vertex   3.131467e+00  3.371737e+00  1.000000e+01
    endloop
  endfacet
  facet normal  9.104394e-01  3.962643e-01 -1.186372e-01
    outer loop
      vertex   2.994786e+00  2.687808e+00  6.666667e+00
      vertex   3.131467e+00  3.371737e+00  1.000000e+01
      vertex   4.152412e+00  1.026060e+00  1.000000e+01
    endloop
  endfacet
  facet normal  3.206640e-01 -9.471930e-01  5.119571e-10
    outer loop
      vertex  -7.450581e-09  3.701667e+00  2.000000e+01
      vertex  -2.994786e+00  2.687809e+00  1.333333e+01
      vertex   8.514950e-09  3.701667e+00  1.000000e+01
    endloop
  endfacet
  facet normal -3.206640e-01  9.471930e-01 -5.119571e-10
    outer loop
      vertex  -7.450581e-09  3.701667e+00  2.000000e+01
      vertex   8.514950e-09  3.701667e+00  1.000000e+01
      vertex  -2.994786e+00  2.687809e+00  1.333333e+01
    endloop
  endfacet
  facet normal -4.923345e-01  8.692312e-01 -4.521048e-02
    outer loop
      vertex   1.250825e+00 -4.029936e+00  6.666667e+00
      vertex   3.657186e+00 -2.493594e+00  1.000000e+01
      vertex   3.194483e+00 -3.275791e+00  0.000000e+00
    endloop
  endfacet
  facet normal -9.327188e-01  3.587598e-01 -3.643155e-02
    outer loop
      vertex   3.637846e+00 -2.525900e+00  3.000000e+01
      vertex   4.849232e+00  2.850168e-01  2.666667e+01
      vertex   5.000000e+00  0.000000e+00  2.000000e+01
    endloop
  endfacet
  facet normal  3.303388e-01 -9.438624e-01  0.000000e+00
    outer loop
      vertex  -3.131468e+00  3.371737e+00  3.000000e+01
      vertex  -3.131468e+00  3.371737e+00  2.000000e+01
      vertex  -1.250825e+00  4.029936e+00  2.666667e+01
    endloop
  endfacet
  facet normal -6.353652e-01  7.701890e-01 -5.585729e-02
    outer loop
      vertex   5.613735e-01 -4.825054e+00  4.333333e+01
      vertex  -1.447068e-01 -4.924038e+00  5.000000e+01
      vertex   3.634329e+00 -2.531775e+00  4.000000e+01
    endloop
  endfacet
  facet normal -3.101097e-01 -9.387919e-01 -1.500055e-01
    outer loop
      vertex  -3.048133e+00 -3.227401e+00  4.333333e+01
      vertex  -3.657186e+00 -2.493595e+00  4.000000e+01
      vertex  -2.554485e-08 -3.701667e+00  4.000000e+01
    endloop
  endfacet
  facet normal  7.285101e-01 -6.850350e-01  0.000000e+00
    outer loop
      vertex  -4.849232e+00  2.850169e-01  3.333333e+01
      vertex  -4.152412e+00  1.026060e+00  3.000000e+01
      vertex  -4.152412e+00  1.026060e+00  4.000000e+01
    endloop
  endfacet
  facet normal -8.997915e-01 -4.363070e-01 -3.391559e-03
    outer loop
      vertex  -4.916239e+00 -9.500561e-02  0.000000e+00
      vertex  -4.849232e+00 -2.850168e-01  6.666667e+00
      vertex  -5.000000e+00  6.123235e-16  1.000000e+01
    endloop
  endfacet
  facet normal  2.538453e-01 -9.672449e-01 -2.701851e-11
    outer loop
      vertex  -8.514950e-09 -3.701667e+00  1.000000e+01
      vertex  -7.450581e-09 -3.701667e+00  2.000000e+01
      vertex  -1.250825e+00 -4.029936e+00  1.333333e+01
    endloop
  endfacet
  facet normal -2.538453e-01  9.672449e-01  2.701851e-11
    outer loop
      vertex  -8.514950e-09 -3.701667e+00  1.000000e+01
      vertex  -1.250825e+00 -4.029936e+00  1.333333e+01
      vertex  -7.450581e-09 -3.701667e+00  2.000000e+01
    endloop
  endfacet
  facet normal -3.963344e-01  9.161169e-01 -6.040628e-02
    outer loop
      vertex  -5.000000e+00  6.123235e-16  2.000000e+01
      vertex  -4.849232e+00  2.850169e-01  2.333333e+01
      vertex  -4.152412e+00  1.026060e+00  3.000000e+01
    endloop
  endfacet
  facet normal  9.188455e-01 -3.928245e-01 -3.757409e-02
    outer loop
      vertex  -5.000000e+00  6.123235e-16  2.000000e+01
      vertex  -4.152412e+00  1.026060e+00  3.000000e+01
      vertex  -4.849232e+00 -2.850169e-01  2.666667e+01
    endloop
  endfacet
  facet normal  9.483784e-01 -3.160222e-01 -2.661147e-02
    outer loop
      vertex   4.152412e+00  1.026060e+00  4.000000e+01
      vertex   4.029943e+00 -1.835420e-01  5.000000e+01
      vertex   3.035690e+00 -2.605900e+00  4.333334e+01
    endloop
  endfacet
  facet normal -7.679141e-01 -6.343436e-01 -8.897275e-02
    outer loop
      vertex   4.152412e+00  1.026060e+00  3.000000e+01
      vertex   5.000000e+00  0.000000e+00  3.000000e+01
      vertex   4.849232e+00 -2.850168e-01  3.333333e+01
    endloop
  endfacet
  facet normal  8.660206e-01 -5.000083e-01  4.414488e-08
    outer loop
      vertex   3.048133e+00  3.227401e+00  3.333333e+01
      vertex   3.131468e+00  3.371737e+00  3.000000e+01
      vertex   3.131467e+00  3.371737e+00  4.000000e+01
    endloop
  endfacet
  facet normal -8.660206e-01  5.000083e-01 -4.414488e-08
    outer loop
      vertex   3.048133e+00  3.227401e+00  3.333333e+01
      vertex   3.131467e+00  3.371737e+00  4.000000e+01
      vertex   3.131468e+00  3.371737e+00  3.000000e+01
    endloop
  endfacet
  facet normal  8.660207e-01 -5.000080e-01 -3.256866e-08
    outer loop
      vertex   3.131467e+00  3.371737e+00  1.000000e+01
      vertex   3.131468e+00  3.371737e+00  2.000000e+01
      vertex   3.048133e+00  3.227401e+00  1.333333e+01
    endloop
  endfacet
  facet normal -8.660207e-01  5.000080e-01  3.256866e-08
    outer loop
      vertex   3.131467e+00  3.371737e+00  1.000000e+01
      vertex   3.048133e+00  3.227401e+00  1.333333e+01
      vertex   3.131468e+00  3.371737e+00  2.000000e+01
    endloop
  endfacet
  facet normal -9.104394e-01 -3.962643e-01  1.186369e-01
    outer loop
      vertex   4.152412e+00  1.026060e+00  4.000000e+01
      vertex   3.131467e+00  3.371737e+00  4.000000e+01
      vertex   2.994786e+00  2.687809e+00  3.666666e+01
    endloop
  endfacet
  facet normal  9.104394e-01  3.962643e-01 -1.186369e-01
    outer loop
      vertex   4.152412e+00  1.026060e+00  4.000000e+01
      vertex   2.994786e+00  2.687809e+00  3.666666e+01
      vertex   3.131467e+00  3.371737e+00  4.000000e+01
    endloop
  endfacet
  facet normal -2.538452e-01 -9.672449e-01  2.304570e-08
    outer loop
      vertex   1.250825e+00 -4.029936e+00  3.666667e+01
      vertex  -2.554485e-08 -3.701667e+00  4.000000e+01
      vertex   7.450581e-09 -3.701668e+00  3.000000e+01
    endloop
  endfacet
  facet normal  2.538452e-01  9.672449e-01 -2.304570e-08
    outer loop
      vertex   1.250825e+00 -4.029936e+00  3.666667e+01
      vertex   7.450581e-09 -3.701668e+00  3.000000e+01
      vertex  -2.554485e-08 -3.701667e+00  4.000000e+01
    endloop
  endfacet
  facet normal  9.651291e-01  2.607576e-01  2.305000e-02
    outer loop
      vertex  -3.194483e+00 -3.275791e+00  0.000000e+00
      vertex  -4.029943e+00 -1.835421e-01  0.000000e+00
      vertex  -3.634329e+00 -2.531774e+00  1.000000e+01
    endloop
  endfacet
  facet normal -9.651291e-01 -2.607576e-01 -2.305000e-02
    outer loop
      vertex  -3.194483e+00 -3.275791e+00  0.000000e+00
      vertex  -3.634329e+00 -2.531774e+00  1.000000e+01
      vertex  -4.029943e+00 -1.835421e-01  0.000000e+00
    endloop
  endfacet
  facet normal  9.169145e-01  3.990827e-01  9.306297e-04
    outer loop
      vertex   3.131467e+00  3.371737e+00  1.000000e+01
      vertex   3.951960e+00  1.478837e+00  1.333333e+01
      vertex   4.152412e+00  1.026060e+00  1.000000e+01
    endloop
  endfacet
  facet normal -9.169145e-01 -3.990827e-01 -9.306297e-04
    outer loop
      vertex   3.131467e+00  3.371737e+00  1.000000e+01
      vertex   4.152412e+00  1.026060e+00  1.000000e+01
      vertex   3.951960e+00  1.478837e+00  1.333333e+01
    endloop
  endfacet
  facet normal -8.857105e-01  4.132726e-01 -2.114776e-01
    outer loop
      vertex   1.250825e+00 -4.029936e+00  6.666667e+00
      vertex   3.194483e+00 -3.275791e+00  0.000000e+00
      vertex   3.774961e-02 -4.924040e+00  1.000000e+01
    endloop
  endfacet
  facet normal  9.404646e-01 -3.936652e-02  3.376041e-01
    outer loop
      vertex  -1.447068e-01 -4.924038e+00  0.000000e+00
      vertex  -1.002453e-01 -3.861854e+00  0.000000e+00
      vertex  -3.634329e+00 -2.531774e+00  1.000000e+01
    endloop
  endfacet
  facet normal -1.046705e-01  9.934594e-01 -4.563437e-02
    outer loop
      vertex  -7.450581e-09  3.701667e+00  2.000000e+01
      vertex  -3.048133e+00  3.227401e+00  1.666667e+01
      vertex  -3.131468e+00  3.371737e+00  2.000000e+01
    endloop
  endfacet
  facet normal  9.143966e-01 -4.048193e-01  0.000000e+00
    outer loop
      vertex  -4.152412e+00  1.026060e+00  4.000000e+01
      vertex  -4.152412e+00  1.026060e+00  3.000000e+01
      vertex  -3.951960e+00  1.478837e+00  3.666667e+01
    endloop
  endfacet
  facet normal -9.143966e-01  4.048193e-01  0.000000e+00
    outer loop
      vertex  -4.152412e+00  1.026060e+00  4.000000e+01
      vertex  -3.951960e+00  1.478837e+00  3.666667e+01
      vertex  -4.152412e+00  1.026060e+00  3.000000e+01
    endloop
  endfacet
  facet normal  6.480023e-01 -7.404283e-01 -1.784908e-01
    outer loop
      vertex  -3.131468e+00  3.371737e+00  3.000000e+01
      vertex  -8.514950e-09  3.701667e+00  4.000000e+01
      vertex  -2.994786e+00  2.687809e+00  3.333334e+01
    endloop
  endfacet
  facet normal -4.458882e-02 -9.939231e-01  1.006415e-01
    outer loop
      vertex  -3.637846e+00 -2.525901e+00  3.000000e+01
      vertex  -3.048133e+00 -3.227401e+00  2.333333e+01
      vertex  -7.450581e-09 -3.701667e+00  2.000000e+01
    endloop
  endfacet
  facet normal -4.429366e-01 -8.935380e-01 -7.346395e-02
    outer loop
      vertex   3.131468e+00  3.371737e+00  3.000000e+01
      vertex   1.250825e+00  4.029936e+00  3.333333e+01
      vertex  -4.967054e-09  4.924040e+00  3.000000e+01
    endloop
  endfacet
  facet normal  9.169145e-01  3.990826e-01  9.306479e-04
    outer loop
      vertex   3.951960e+00  1.478837e+00  3.333333e+01
      vertex   4.152412e+00  1.026060e+00  3.000000e+01
      vertex   3.131468e+00  3.371737e+00  3.000000e+01
    endloop
  endfacet
  facet normal -9.169145e-01 -3.990826e-01 -9.306479e-04
    outer loop
      vertex   3.951960e+00  1.478837e+00  3.333333e+01
      vertex   3.131468e+00  3.371737e+00  3.000000e+01
      vertex   4.152412e+00  1.026060e+00  3.000000e+01
    endloop
  endfacet
  facet normal  7.708239e-01 -6.367474e-01  1.958050e-02
    outer loop
      vertex  -4.849232e+00  2.850169e-01  3.333333e+01
      vertex  -5.000000e+00  6.123235e-16  3.000000e+01
      vertex  -4.152412e+00  1.026060e+00  3.000000e+01
    endloop
  endfacet
  facet normal -6.480026e-01 -7.404280e-01  1.784909e-01
    outer loop
      vertex   3.131468e+00  3.371737e+00  3.000000e+01
      vertex  -7.450581e-09  3.701667e+00  2.000000e+01
      vertex   2.994786e+00  2.687809e+00  2.666667e+01
    endloop
  endfacet
  facet normal  5.503048e-01  8.347822e-01 -1.741413e-02
    outer loop
      vertex  -3.637846e+00 -2.525901e+00  3.000000e+01
      vertex  -1.250825e+00 -4.029936e+00  3.333333e+01
      vertex  -4.967054e-09 -4.924040e+00  3.000000e+01
    endloop
  endfacet
  facet normal -7.337146e-01 -6.745556e-01 -8.147217e-02
    outer loop
      vertex   2.994786e+00  2.687808e+00  6.666667e+00
      vertex   3.194483e+00  3.275791e+00  0.000000e+00
      vertex   4.152412e+00  1.026060e+00  1.000000e+01
    endloop
  endfacet
  facet normal  7.337146e-01  6.745556e-01  8.147217e-02
    outer loop
      vertex   2.994786e+00  2.687808e+00  6.666667e+00
      vertex   4.152412e+00  1.026060e+00  1.000000e+01
      vertex   3.194483e+00  3.275791e+00  0.000000e+00
    endloop
  endfacet
  facet normal -6.481227e-01 -7.062551e-01 -2.848520e-01
    outer loop
      vertex   3.634329e+00 -2.531775e+00  4.000000e+01
      vertex   4.152412e+00  1.026060e+00  3.000000e+01
      vertex   3.951960e+00 -1.478837e+00  3.666667e+01
    endloop
  endfacet
  facet normal  9.143966e-01 -4.048193e-01  0.000000e+00
    outer loop
      vertex  -3.951960e+00  1.478837e+00  1.666667e+01
      vertex  -4.152412e+00  1.026060e+00  2.000000e+01
      vertex  -4.152412e+00  1.026060e+00  1.000000e+01
    endloop
  endfacet
  facet normal -9.143966e-01  4.048193e-01  0.000000e+00
    outer loop
      vertex  -3.951960e+00  1.478837e+00  1.666667e+01
      vertex  -4.152412e+00  1.026060e+00  1.000000e+01
      vertex  -4.152412e+00  1.026060e+00  2.000000e+01
    endloop
  endfacet
  facet normal  5.563739e-01  8.285559e-01 -6.279442e-02
    outer loop
      vertex  -5.613734e-01 -4.825053e+00  3.666667e+01
      vertex  -3.657186e+00 -2.493595e+00  4.000000e+01
      vertex  -3.774960e-02 -4.924040e+00  4.000000e+01
    endloop
  endfacet
  facet normal -6.288457e-01  7.762275e-01 -4.498801e-02
    outer loop
      vertex   5.613734e-01 -4.825054e+00  3.333333e+01
      vertex  -3.774960e-02 -4.924040e+00  4.000000e+01
      vertex   3.637846e+00 -2.525900e+00  3.000000e+01
    endloop
  endfacet
  facet normal  9.143968e-01  4.048192e-01  0.000000e+00
    outer loop
      vertex   4.152412e+00  1.026060e+00  2.000000e+01
      vertex   4.152412e+00  1.026060e+00  1.000000e+01
      vertex   3.951960e+00  1.478837e+00  1.333333e+01
    endloop
  endfacet
  facet normal -9.143968e-01 -4.048192e-01 -0.000000e+00
    outer loop
      vertex   4.152412e+00  1.026060e+00  2.000000e+01
      vertex   3.951960e+00  1.478837e+00  1.333333e+01
      vertex   4.152412e+00  1.026060e+00  1.000000e+01
    endloop
  endfacet
  facet normal  5.224780e-01 -8.520764e-01 -3.134422e-02
    outer loop
      vertex  -3.131468e+00  3.371737e+00  2.000000e+01
      vertex  -5.613734e-01  4.825054e+00  2.333333e+01
      vertex  -4.967054e-09  4.924040e+00  3.000000e+01
    endloop
  endfacet
  facet normal -9.169145e-01  3.990826e-01 -9.306475e-04
    outer loop
      vertex  -3.951960e+00  1.478837e+00  1.666667e+01
      vertex  -4.152412e+00  1.026060e+00  2.000000e+01
      vertex  -3.131468e+00  3.371737e+00  2.000000e+01
    endloop
  endfacet
  facet normal  9.169145e-01 -3.990826e-01  9.306475e-04
    outer loop
      vertex  -3.951960e+00  1.478837e+00  1.666667e+01
      vertex  -3.131468e+00  3.371737e+00  2.000000e+01
      vertex  -4.152412e+00  1.026060e+00  2.000000e+01
    endloop
  endfacet
  facet normal -7.285104e-01 -6.850347e-01 -0.000000e+00
    outer loop
      vertex   4.152412e+00  1.026060e+00  2.000000e+01
      vertex   4.152412e+00  1.026060e+00  1.000000e+01
      vertex   4.849232e+00  2.850168e-01  1.666667e+01
    endloop
  endfacet
  facet normal -3.135487e-01 -9.492028e-01 -2.648062e-02
    outer loop
      vertex  -3.657186e+00 -2.493595e+00  4.000000e+01
      vertex  -3.035690e+00 -2.605900e+00  3.666666e+01
      vertex  -2.554485e-08 -3.701667e+00  4.000000e+01
    endloop
  endfacet
  facet normal -9.042102e-01 -4.265590e-01  2.124598e-02
    outer loop
      vertex   4.849232e+00 -2.850168e-01  4.333333e+01
      vertex   4.916239e+00 -9.500559e-02  5.000000e+01
      vertex   4.152412e+00  1.026060e+00  4.000000e+01
    endloop
  endfacet
  facet normal -1.025770e-01  9.735892e-01  2.039657e-01
    outer loop
      vertex  -7.450581e-09  3.701667e+00  2.000000e+01
      vertex  -3.131468e+00  3.371737e+00  2.000000e+01
      vertex  -2.994786e+00  2.687809e+00  2.333333e+01
    endloop
  endfacet
  facet normal  7.888848e-01 -6.082524e-01  8.769028e-02
    outer loop
      vertex  -4.849232e+00 -2.850168e-01  6.666667e+00
      vertex  -4.029943e+00 -1.835421e-01  0.000000e+00
      vertex  -5.000000e+00  6.123235e-16  1.000000e+01
    endloop
  endfacet
  facet normal  9.968134e-01 -7.976907e-02  0.000000e+00
    outer loop
      vertex   4.152412e+00  1.026060e+00  2.000000e+01
      vertex   4.152412e+00  1.026060e+00  3.000000e+01
      vertex   3.951960e+00 -1.478837e+00  2.666667e+01
    endloop
  endfacet
  facet normal -3.888279e-02 -9.936252e-01  1.058170e-01
    outer loop
      vertex  -3.657186e+00 -2.493595e+00  4.000000e+01
      vertex  -3.048133e+00 -3.227401e+00  3.333333e+01
      vertex   7.450581e-09 -3.701668e+00  3.000000e+01
    endloop
  endfacet
  facet normal  7.708239e-01 -6.367474e-01  1.958049e-02
    outer loop
      vertex  -5.000000e+00  6.123235e-16  2.000000e+01
      vertex  -4.152412e+00  1.026060e+00  2.000000e+01
      vertex  -4.849232e+00  2.850169e-01  2.333333e+01
    endloop
  endfacet
  facet normal -2.202211e-01  9.753577e-01  1.341635e-02
    outer loop
      vertex  -1.250825e+00 -4.029936e+00  4.333334e+01
      vertex  -1.002453e-01 -3.861854e+00  5.000000e+01
      vertex  -2.554485e-08 -3.701667e+00  4.000000e+01
    endloop
  endfacet
  facet normal  2.202211e-01 -9.753577e-01 -1.341635e-02
    outer loop
      vertex  -1.250825e+00 -4.029936e+00  4.333334e+01
      vertex  -2.554485e-08 -3.701667e+00  4.000000e+01
      vertex  -1.002453e-01 -3.861854e+00  5.000000e+01
    endloop
  endfacet
  facet normal  7.708239e-01 -6.367474e-01  1.958038e-02
    outer loop
      vertex  -4.849232e+00  2.850168e-01  4.333333e+01
      vertex  -5.000000e+00  6.123235e-16  4.000000e+01
      vertex  -4.152412e+00  1.026060e+00  4.000000e+01
    endloop
  endfacet
  facet normal  3.303387e-01 -9.438625e-01  1.462755e-08
    outer loop
      vertex  -3.131468e+00  3.371737e+00  3.000000e+01
      vertex  -1.250825e+00  4.029936e+00  3.666667e+01
      vertex  -3.131467e+00  3.371737e+00  4.000000e+01
    endloop
  endfacet
  facet normal  4.458892e-02 -9.939231e-01 -1.006414e-01
    outer loop
      vertex   3.637845e+00 -2.525901e+00  2.000000e+01
      vertex   3.048133e+00 -3.227401e+00  2.666667e+01
      vertex   7.450581e-09 -3.701668e+00  3.000000e+01
    endloop
  endfacet
  facet normal -9.169145e-01 -3.990825e-01 -9.306316e-04
    outer loop
      vertex   4.152412e+00  1.026060e+00  4.000000e+01
      vertex   3.951960e+00  1.478837e+00  4.333334e+01
      vertex   3.131467e+00  3.371737e+00  4.000000e+01
    endloop
  endfacet
  facet normal  9.169145e-01  3.990825e-01  9.306316e-04
    outer loop
      vertex   4.152412e+00  1.026060e+00  4.000000e+01
      vertex   3.131467e+00  3.371737e+00  4.000000e+01
      vertex   3.951960e+00  1.478837e+00  4.333334e+01
    endloop
  endfacet
  facet normal  4.480395e-01 -8.929369e-01  4.386475e-02
    outer loop
      vertex  -3.131467e+00  3.371738e+00  1.000000e+01
      vertex  -3.774961e-02  4.924040e+00  1.000000e+01
      vertex  -5.613734e-01  4.825054e+00  1.333333e+01
    endloop
  endfacet
  facet normal -7.553645e-01  6.439735e-01 -1.213366e-01
    outer loop
      vertex   3.634329e+00 -2.531775e+00  4.000000e+01
      vertex   3.035690e+00 -2.605900e+00  4.333334e+01
      vertex   4.029943e+00 -1.835420e-01  5.000000e+01
    endloop
  endfacet
  facet normal -8.782313e-01 -4.782346e-01  1.168644e-03
    outer loop
      vertex  -5.000000e+00  6.123235e-16  4.000000e+01
      vertex  -4.849232e+00 -2.850168e-01  3.666667e+01
      vertex  -3.637846e+00 -2.525901e+00  3.000000e+01
    endloop
  endfacet
  facet normal  9.322511e-01  3.616372e-01 -1.124436e-02
    outer loop
      vertex   4.849232e+00  2.850169e-01  6.666667e+00
      vertex   5.000000e+00  0.000000e+00  1.000000e+01
      vertex   4.916239e+00 -9.500559e-02  0.000000e+00
    endloop
  endfacet
  facet normal  3.062409e-01 -9.513523e-01  3.384250e-02
    outer loop
      vertex   3.634329e+00 -2.531775e+00  4.000000e+01
      vertex   3.035690e+00 -2.605900e+00  4.333334e+01
      vertex  -2.554485e-08 -3.701667e+00  4.000000e+01
    endloop
  endfacet
  facet normal -3.206639e-01 -9.471931e-01 -3.413047e-11
    outer loop
      vertex  -7.450581e-09  3.701667e+00  3.000000e+01
      vertex   2.994786e+00  2.687809e+00  3.666666e+01
      vertex  -8.514950e-09  3.701667e+00  4.000000e+01
    endloop
  endfacet
  facet normal  3.206639e-01  9.471931e-01  3.413047e-11
    outer loop
      vertex  -7.450581e-09  3.701667e+00  3.000000e+01
      vertex  -8.514950e-09  3.701667e+00  4.000000e+01
      vertex   2.994786e+00  2.687809e+00  3.666666e+01
    endloop
  endfacet
  facet normal  5.573648e-01  8.300315e-01 -1.980267e-02
    outer loop
      vertex  -1.250825e+00 -4.029936e+00  4.333334e+01
      vertex  -3.774960e-02 -4.924040e+00  4.000000e+01
      vertex  -3.657186e+00 -2.493595e+00  4.000000e+01
    endloop
  endfacet
  facet normal -7.327140e-01  6.804454e-01  1.114589e-02
    outer loop
      vertex   3.131467e+00  3.371737e+00  4.000000e+01
      vertex   3.048133e+00  3.227401e+00  4.333333e+01
      vertex   3.194483e+00  3.275791e+00  5.000000e+01
    endloop
  endfacet
  facet normal  7.327140e-01 -6.804454e-01 -1.114589e-02
    outer loop
      vertex   3.131467e+00  3.371737e+00  4.000000e+01
      vertex   3.194483e+00  3.275791e+00  5.000000e+01
      vertex   3.048133e+00  3.227401e+00  4.333333e+01
    endloop
  endfacet
  facet normal -8.594139e-01 -4.723000e-01  1.958074e-01
    outer loop
      vertex   3.131467e+00  3.371737e+00  4.000000e+01
      vertex  -4.967054e-09  4.924040e+00  3.000000e+01
      vertex   1.250825e+00  4.029936e+00  3.333333e+01
    endloop
  endfacet
  facet normal -1.736497e-01  9.848076e-01  0.000000e+00
    outer loop
      vertex   5.613734e-01 -4.825054e+00  2.333333e+01
      vertex  -4.967054e-09 -4.924040e+00  2.000000e+01
      vertex  -4.967054e-09 -4.924040e+00  3.000000e+01
    endloop
  endfacet
  facet normal  1.736497e-01 -9.848076e-01  0.000000e+00
    outer loop
      vertex   5.613734e-01 -4.825054e+00  2.333333e+01
      vertex  -4.967054e-09 -4.924040e+00  3.000000e+01
      vertex  -4.967054e-09 -4.924040e+00  2.000000e+01
    endloop
  endfacet
  facet normal  9.651291e-01 -2.607576e-01  2.305003e-02
    outer loop
      vertex   3.634329e+00 -2.531775e+00  4.000000e+01
      vertex   4.029943e+00 -1.835420e-01  5.000000e+01
      vertex   3.194483e+00 -3.275791e+00  5.000000e+01
    endloop
  endfacet
  facet normal -9.651291e-01  2.607576e-01 -2.305003e-02
    outer loop
      vertex   3.634329e+00 -2.531775e+00  4.000000e+01
      vertex   3.194483e+00 -3.275791e+00  5.000000e+01
      vertex   4.029943e+00 -1.835420e-01  5.000000e+01
    endloop
  endfacet
  facet normal -6.480023e-01 -7.404283e-01  1.784909e-01
    outer loop
      vertex  -7.450581e-09  3.701667e+00  3.000000e+01
      vertex   2.994786e+00  2.687809e+00  3.666666e+01
      vertex   3.131467e+00  3.371737e+00  4.000000e+01
    endloop
  endfacet
  facet normal -9.060698e-01  3.427939e-01 -2.480522e-01
    outer loop
      vertex   1.250825e+00 -4.029936e+00  1.666667e+01
      vertex   3.657186e+00 -2.493594e+00  1.000000e+01
      vertex  -4.967054e-09 -4.924040e+00  2.000000e+01
    endloop
  endfacet
  facet normal -9.806093e-01  1.959726e-01  2.805190e-08
    outer loop
      vertex   3.131467e+00  3.371737e+00  1.000000e+01
      vertex   2.994786e+00  2.687808e+00  1.666667e+01
      vertex   3.131468e+00  3.371737e+00  2.000000e+01
    endloop
  endfacet
  facet normal  9.806093e-01 -1.959726e-01 -2.805190e-08
    outer loop
      vertex   3.131467e+00  3.371737e+00  1.000000e+01
      vertex   3.131468e+00  3.371737e+00  2.000000e+01
      vertex   2.994786e+00  2.687808e+00  1.666667e+01
    endloop
  endfacet
  facet normal  1.751131e-01  9.844486e-01 -1.401421e-02
    outer loop
      vertex  -1.002454e-01  3.861855e+00  5.000000e+01
      vertex   3.194483e+00  3.275791e+00  5.000000e+01
      vertex  -8.514950e-09  3.701667e+00  4.000000e+01
    endloop
  endfacet
  facet normal  4.923343e-01  8.692312e-01  4.521050e-02
    outer loop
      vertex  -1.250825e+00 -4.029936e+00  4.333334e+01
      vertex  -3.657186e+00 -2.493595e+00  4.000000e+01
      vertex  -3.194483e+00 -3.275791e+00  5.000000e+01
    endloop
  endfacet
  facet normal -3.395201e-01  9.405989e-01 -2.216197e-08
    outer loop
      vertex   3.035690e+00 -2.605900e+00  3.333334e+01
      vertex   7.450581e-09 -3.701668e+00  3.000000e+01
      vertex  -2.554485e-08 -3.701667e+00  4.000000e+01
    endloop
  endfacet
  facet normal  3.395201e-01 -9.405989e-01  2.216197e-08
    outer loop
      vertex   3.035690e+00 -2.605900e+00  3.333334e+01
      vertex  -2.554485e-08 -3.701667e+00  4.000000e+01
      vertex   7.450581e-09 -3.701668e+00  3.000000e+01
    endloop
  endfacet
  facet normal  4.436218e-01 -8.949204e-01  4.813582e-02
    outer loop
      vertex  -4.967054e-09  4.924040e+00  2.000000e+01
      vertex  -5.613734e-01  4.825054e+00  2.333333e+01
      vertex  -3.131468e+00  3.371737e+00  2.000000e+01
    endloop
  endfacet
  facet normal  9.870208e-02 -9.880594e-01 -1.183071e-01
    outer loop
      vertex   4.916239e+00 -9.500559e-02  5.000000e+01
      vertex   4.029943e+00 -1.835420e-01  5.000000e+01
      vertex   4.152412e+00  1.026060e+00  4.000000e+01
    endloop
  endfacet
  facet normal  7.495033e-01  6.488593e-01 -1.312500e-01
    outer loop
      vertex  -3.951960e+00 -1.478837e+00  4.333334e+01
      vertex  -4.029468e+00 -4.078721e-02  5.000000e+01
      vertex  -3.657186e+00 -2.493595e+00  4.000000e+01
    endloop
  endfacet
  facet normal -7.495033e-01 -6.488593e-01  1.312500e-01
    outer loop
      vertex  -3.951960e+00 -1.478837e+00  4.333334e+01
      vertex  -3.657186e+00 -2.493595e+00  4.000000e+01
      vertex  -4.029468e+00 -4.078721e-02  5.000000e+01
    endloop
  endfacet
  facet normal  9.745944e-01 -1.371284e-01  1.770918e-01
    outer loop
      vertex   3.657186e+00 -2.493594e+00  1.000000e+01
      vertex   4.152412e+00  1.026060e+00  1.000000e+01
      vertex   3.035690e+00 -2.605900e+00  1.333333e+01
    endloop
  endfacet
  facet normal  3.043208e-01 -9.415741e-01  1.443159e-01
    outer loop
      vertex   3.637846e+00 -2.525900e+00  3.000000e+01
      vertex   7.450581e-09 -3.701668e+00  3.000000e+01
      vertex   3.048133e+00 -3.227401e+00  2.666667e+01
    endloop
  endfacet
  facet normal  1.652392e-01 -9.861946e-01  1.078565e-02
    outer loop
      vertex  -8.514950e-09 -3.701667e+00  1.000000e+01
      vertex   3.194483e+00 -3.275791e+00  0.000000e+00
      vertex   3.048133e+00 -3.227401e+00  6.666667e+00
    endloop
  endfacet
  facet normal -4.458889e-02 -9.939231e-01  1.006414e-01
    outer loop
      vertex  -8.514950e-09 -3.701667e+00  1.000000e+01
      vertex  -3.637846e+00 -2.525901e+00  2.000000e+01
      vertex  -3.048133e+00 -3.227401e+00  1.333333e+01
    endloop
  endfacet
  facet normal  8.782312e-01 -4.782348e-01 -1.168648e-03
    outer loop
      vertex   3.637845e+00 -2.525901e+00  2.000000e+01
      vertex   5.000000e+00  0.000000e+00  1.000000e+01
      vertex   4.849232e+00 -2.850168e-01  1.333333e+01
    endloop
  endfacet
  facet normal -6.291661e-01  7.761646e-01 -4.145515e-02
    outer loop
      vertex   3.657186e+00 -2.493594e+00  1.000000e+01
      vertex   5.613734e-01 -4.825054e+00  1.333333e+01
      vertex  -4.967054e-09 -4.924040e+00  2.000000e+01
    endloop
  endfacet
  facet normal -7.708239e-01 -6.367474e-01 -1.958036e-02
    outer loop
      vertex   4.152412e+00  1.026060e+00  3.000000e+01
      vertex   4.849232e+00  2.850168e-01  2.666667e+01
      vertex   5.000000e+00  0.000000e+00  3.000000e+01
    endloop
  endfacet
  facet normal  9.747978e-01 -1.412173e-01  1.727046e-01
    outer loop
      vertex   3.637846e+00 -2.525900e+00  3.000000e+01
      vertex   4.152412e+00  1.026060e+00  3.000000e+01
      vertex   3.035690e+00 -2.605900e+00  3.333334e+01
    endloop
  endfacet
  facet normal -3.062410e-01 -9.513523e-01 -3.384238e-02
    outer loop
      vertex  -8.514950e-09 -3.701667e+00  1.000000e+01
      vertex  -3.634329e+00 -2.531774e+00  1.000000e+01
      vertex  -3.035690e+00 -2.605900e+00  6.666667e+00
    endloop
  endfacet
  facet normal -1.808511e-01  9.835050e-01 -3.299603e-03
    outer loop
      vertex   3.774960e-02  4.924040e+00  4.000000e+01
      vertex  -5.613735e-01  4.825054e+00  4.333333e+01
      vertex  -1.447068e-01  4.924038e+00  5.000000e+01
    endloop
  endfacet
  facet normal  1.808511e-01 -9.835050e-01  3.299603e-03
    outer loop
      vertex   3.774960e-02  4.924040e+00  4.000000e+01
      vertex  -1.447068e-01  4.924038e+00  5.000000e+01
      vertex  -5.613735e-01  4.825054e+00  4.333333e+01
    endloop
  endfacet
  facet normal  1.025769e-01  9.735892e-01 -2.039656e-01
    outer loop
      vertex   3.131467e+00  3.371737e+00  4.000000e+01
      vertex   2.994786e+00  2.687809e+00  3.666666e+01
      vertex  -8.514950e-09  3.701667e+00  4.000000e+01
    endloop
  endfacet
  facet normal  9.556879e-01  4.000369e-02 -2.916509e-01
    outer loop
      vertex  -1.002454e-01  3.861855e+00  5.000000e+01
      vertex  -3.131467e+00  3.371737e+00  4.000000e+01
      vertex  -1.447068e-01  4.924038e+00  5.000000e+01
    endloop
  endfacet
  facet normal -3.303388e-01 -9.438625e-01 -0.000000e+00
    outer loop
      vertex   3.131468e+00  3.371737e+00  3.000000e+01
      vertex   1.250825e+00  4.029936e+00  2.333333e+01
      vertex   3.131468e+00  3.371737e+00  2.000000e+01
    endloop
  endfacet
  facet normal  6.263750e-01  7.784331e-01  4.118646e-02
    outer loop
      vertex  -3.637846e+00 -2.525901e+00  3.000000e+01
      vertex  -5.613734e-01 -4.825054e+00  2.666667e+01
      vertex  -4.967054e-09 -4.924040e+00  2.000000e+01
    endloop
  endfacet
  facet normal -8.205283e-01 -5.716059e-01  0.000000e+00
    outer loop
      vertex   2.994786e+00  2.687809e+00  2.666667e+01
      vertex   4.152412e+00  1.026060e+00  2.000000e+01
      vertex   4.152412e+00  1.026060e+00  3.000000e+01
    endloop
  endfacet
  facet normal  8.205283e-01  5.716059e-01  0.000000e+00
    outer loop
      vertex   2.994786e+00  2.687809e+00  2.666667e+01
      vertex   4.152412e+00  1.026060e+00  3.000000e+01
      vertex   4.152412e+00  1.026060e+00  2.000000e+01
    endloop
  endfacet
  facet normal -8.782310e-01 -4.782353e-01  1.168797e-03
    outer loop
      vertex  -3.637846e+00 -2.525901e+00  2.000000e+01
      vertex  -5.000000e+00  6.123235e-16  3.000000e+01
      vertex  -4.849232e+00 -2.850169e-01  2.666667e+01
    endloop
  endfacet
  facet normal  9.327186e-01  3.587599e-01  3.643149e-02
    outer loop
      vertex  -4.849232e+00  2.850169e-01  2.333333e+01
      vertex  -5.000000e+00  6.123235e-16  3.000000e+01
      vertex  -3.637846e+00 -2.525901e+00  2.000000e+01
    endloop
  endfacet
  facet normal -7.708238e-01 -6.367474e-01 -1.958038e-02
    outer loop
      vertex   4.152412e+00  1.026060e+00  1.000000e+01
      vertex   4.849232e+00  2.850169e-01  6.666667e+00
      vertex   5.000000e+00  0.000000e+00  1.000000e+01
    endloop
  endfacet
  facet normal -1.736497e-01 -9.848076e-01  0.000000e+00
    outer loop
      vertex   5.613734e-01  4.825054e+00  2.666667e+01
      vertex  -4.967054e-09  4.924040e+00  3.000000e+01
      vertex  -4.967054e-09  4.924040e+00  2.000000e+01
    endloop
  endfacet
  facet normal  8.857120e-01  4.132688e-01  2.114787e-01
    outer loop
      vertex  -1.250825e+00 -4.029936e+00  4.333334e+01
      vertex  -3.194483e+00 -3.275791e+00  5.000000e+01
      vertex  -3.774960e-02 -4.924040e+00  4.000000e+01
    endloop
  endfacet
  facet normal  1.736497e-01  9.848076e-01  0.000000e+00
    outer loop
      vertex   5.613734e-01  4.825054e+00  2.666667e+01
      vertex  -4.967054e-09  4.924040e+00  2.000000e+01
      vertex  -4.967054e-09  4.924040e+00  3.000000e+01
    endloop
  endfacet
  facet normal -3.395200e-01 -9.405989e-01 -2.191970e-08
    outer loop
      vertex  -7.450581e-09 -3.701667e+00  2.000000e+01
      vertex   7.450581e-09 -3.701668e+00  3.000000e+01
      vertex  -3.035690e+00 -2.605900e+00  2.666667e+01
    endloop
  endfacet
  facet normal  3.395200e-01  9.405989e-01  2.191970e-08
    outer loop
      vertex  -7.450581e-09 -3.701667e+00  2.000000e+01
      vertex  -3.035690e+00 -2.605900e+00  2.666667e+01
      vertex   7.450581e-09 -3.701668e+00  3.000000e+01
    endloop
  endfacet
  facet normal  9.883884e-01 -1.439267e-01  4.871912e-02
    outer loop
      vertex   4.152412e+00  1.026060e+00  4.000000e+01
      vertex   3.634329e+00 -2.531775e+00  4.000000e+01
      vertex   3.951960e+00 -1.478837e+00  3.666667e+01
    endloop
  endfacet
  facet normal  5.503048e-01  8.347822e-01 -1.741414e-02
    outer loop
      vertex  -1.250825e+00 -4.029936e+00  2.333333e+01
      vertex  -4.967054e-09 -4.924040e+00  2.000000e+01
      vertex  -3.637846e+00 -2.525901e+00  2.000000e+01
    endloop
  endfacet
  facet normal  2.538453e-01  9.672449e-01  0.000000e+00
    outer loop
      vertex   1.250825e+00 -4.029936e+00  1.666667e+01
      vertex  -8.514950e-09 -3.701667e+00  1.000000e+01
      vertex  -7.450581e-09 -3.701667e+00  2.000000e+01
    endloop
  endfacet
  facet normal -2.538453e-01 -9.672449e-01  0.000000e+00
    outer loop
      vertex   1.250825e+00 -4.029936e+00  1.666667e+01
      vertex  -7.450581e-09 -3.701667e+00  2.000000e+01
      vertex  -8.514950e-09 -3.701667e+00  1.000000e+01
    endloop
  endfacet
  facet normal  6.102434e-02 -9.980863e-01 -9.993522e-03
    outer loop
      vertex  -5.000000e+00  6.123235e-16  4.000000e+01
      vertex  -4.029468e+00 -4.078721e-02  5.000000e+01
      vertex  -4.916239e+00 -9.500559e-02  5.000000e+01
    endloop
  endfacet
  facet normal  5.358089e-01  8.407722e-01  7.752988e-02
    outer loop
      vertex  -3.634329e+00 -2.531774e+00  1.000000e+01
      vertex  -1.002453e-01 -3.861854e+00  0.000000e+00
      vertex  -3.035690e+00 -2.605900e+00  6.666667e+00
    endloop
  endfacet
  facet normal  1.025770e-01  9.735891e-01 -2.039659e-01
    outer loop
      vertex  -7.450581e-09  3.701667e+00  2.000000e+01
      vertex   3.131468e+00  3.371737e+00  2.000000e+01
      vertex   2.994786e+00  2.687808e+00  1.666667e+01
    endloop
  endfacet
  facet normal -3.206641e-01 -9.471930e-01 -5.119573e-10
    outer loop
      vertex  -7.450581e-09  3.701667e+00  2.000000e+01
      vertex   8.514950e-09  3.701667e+00  1.000000e+01
      vertex   2.994786e+00  2.687808e+00  1.666667e+01
    endloop
  endfacet
  facet normal  3.206641e-01  9.471930e-01  5.119573e-10
    outer loop
      vertex  -7.450581e-09  3.701667e+00  2.000000e+01
      vertex   2.994786e+00  2.687808e+00  1.666667e+01
      vertex   8.514950e-09  3.701667e+00  1.000000e+01
    endloop
  endfacet
  facet normal  9.327187e-01  3.587600e-01  3.643148e-02
    outer loop
      vertex  -4.849232e+00  2.850169e-01  3.333333e+01
      vertex  -5.000000e+00  6.123235e-16  4.000000e+01
      vertex  -3.637846e+00 -2.525901e+00  3.000000e+01
    endloop
  endfacet
  facet normal -8.839462e-01  4.675886e-01  0.000000e+00
    outer loop
      vertex  -5.000000e+00  6.123235e-16  2.000000e+01
      vertex  -5.000000e+00  6.123235e-16  3.000000e+01
      vertex  -4.849232e+00  2.850169e-01  2.333333e+01
    endloop
  endfacet
  facet normal -8.839462e-01 -4.675886e-01  0.000000e+00
    outer loop
      vertex  -5.000000e+00  6.123235e-16  2.000000e+01
      vertex  -4.849232e+00 -2.850169e-01  2.666667e+01
      vertex  -5.000000e+00  6.123235e-16  3.000000e+01
    endloop
  endfacet
  facet normal -8.205283e-01  5.716059e-01  0.000000e+00
    outer loop
      vertex  -4.152412e+00  1.026060e+00  2.000000e+01
      vertex  -2.994786e+00  2.687809e+00  1.333333e+01
      vertex  -4.152412e+00  1.026060e+00  1.000000e+01
    endloop
  endfacet
  facet normal  8.205283e-01 -5.716059e-01  0.000000e+00
    outer loop
      vertex  -4.152412e+00  1.026060e+00  2.000000e+01
      vertex  -4.152412e+00  1.026060e+00  1.000000e+01
      vertex  -2.994786e+00  2.687809e+00  1.333333e+01
    endloop
  endfacet
  facet normal -9.169145e-01  3.990825e-01 -9.307804e-04
    outer loop
      vertex  -3.951959e+00  1.478837e+00  6.666667e+00
      vertex  -4.152412e+00  1.026060e+00  1.000000e+01
      vertex  -3.131467e+00  3.371738e+00  1.000000e+01
    endloop
  endfacet
  facet normal  9.169145e-01 -3.990825e-01  9.307804e-04
    outer loop
      vertex  -3.951959e+00  1.478837e+00  6.666667e+00
      vertex  -3.131467e+00  3.371738e+00  1.000000e+01
      vertex  -4.152412e+00  1.026060e+00  1.000000e+01
    endloop
  endfacet
  facet normal -5.224780e-01 -8.520764e-01  3.134423e-02
    outer loop
      vertex   5.613734e-01  4.825054e+00  2.666667e+01
      vertex  -4.967054e-09  4.924040e+00  2.000000e+01
      vertex   3.131468e+00  3.371737e+00  3.000000e+01
    endloop
  endfacet
  facet normal -9.892380e-01 -1.391888e-01 -4.510755e-02
    outer loop
      vertex  -3.951960e+00 -1.478837e+00  4.333334e+01
      vertex  -4.152412e+00  1.026060e+00  4.000000e+01
      vertex  -3.657186e+00 -2.493595e+00  4.000000e+01
    endloop
  endfacet
  facet normal -8.839462e-01  4.675886e-01  0.000000e+00
    outer loop
      vertex  -4.849232e+00  2.850169e-01  3.333333e+01
      vertex  -5.000000e+00  6.123235e-16  3.000000e+01
      vertex  -5.000000e+00  6.123235e-16  4.000000e+01
    endloop
  endfacet
  facet normal -5.443988e-01  8.356411e-01  7.303353e-02
    outer loop
      vertex   5.613735e-01 -4.825054e+00  4.333333e+01
      vertex   3.634329e+00 -2.531775e+00  4.000000e+01
      vertex  -3.774960e-02 -4.924040e+00  4.000000e+01
    endloop
  endfacet
  facet normal  8.839456e-01 -4.675898e-01  0.000000e+00
    outer loop
      vertex   5.000000e+00  0.000000e+00  3.000000e+01
      vertex   5.000000e+00  0.000000e+00  4.000000e+01
      vertex   4.849232e+00 -2.850168e-01  3.333333e+01
    endloop
  endfacet
  facet normal -5.573648e-01  8.300315e-01  1.980269e-02
    outer loop
      vertex   1.250825e+00 -4.029936e+00  6.666667e+00
      vertex   3.774961e-02 -4.924040e+00  1.000000e+01
      vertex   3.657186e+00 -2.493594e+00  1.000000e+01
    endloop
  endfacet
  facet normal  8.594143e-01 -4.722990e-01 -1.958077e-01
    outer loop
      vertex  -1.250825e+00  4.029936e+00  1.666667e+01
      vertex  -3.131467e+00  3.371738e+00  1.000000e+01
      vertex  -4.967054e-09  4.924040e+00  2.000000e+01
    endloop
  endfacet
  facet normal  9.968134e-01 -7.976907e-02  0.000000e+00
    outer loop
      vertex   4.152412e+00  1.026060e+00  4.000000e+01
      vertex   3.951960e+00 -1.478837e+00  3.666667e+01
      vertex   4.152412e+00  1.026060e+00  3.000000e+01
    endloop
  endfacet
  facet normal  9.060682e-01  3.427995e-01  2.480502e-01
    outer loop
      vertex  -3.657186e+00 -2.493595e+00  4.000000e+01
      vertex  -4.967054e-09 -4.924040e+00  3.000000e+01
      vertex  -1.250825e+00 -4.029936e+00  3.333333e+01
    endloop
  endfacet
  facet normal  5.347846e-01  8.449867e-01 -1.695522e-03
    outer loop
      vertex  -3.657186e+00 -2.493595e+00  4.000000e+01
      vertex  -1.250825e+00 -4.029936e+00  3.333333e+01
      vertex  -3.637846e+00 -2.525901e+00  3.000000e+01
    endloop
  endfacet
  facet normal -5.563740e-01  8.285559e-01  6.279454e-02
    outer loop
      vertex   3.657186e+00 -2.493594e+00  1.000000e+01
      vertex   3.774961e-02 -4.924040e+00  1.000000e+01
      vertex   5.613734e-01 -4.825054e+00  1.333333e+01
    endloop
  endfacet
  facet normal -4.541676e-01  8.888453e-01 -6.071166e-02
    outer loop
      vertex   3.637846e+00 -2.525900e+00  3.000000e+01
      vertex  -2.554485e-08 -3.701667e+00  4.000000e+01
      vertex   3.035690e+00 -2.605900e+00  3.333334e+01
    endloop
  endfacet
  facet normal -4.541678e-01  8.888451e-01 -6.071174e-02
    outer loop
      vertex   3.637845e+00 -2.525901e+00  2.000000e+01
      vertex   7.450581e-09 -3.701668e+00  3.000000e+01
      vertex   3.035690e+00 -2.605900e+00  2.333333e+01
    endloop
  endfacet
  facet normal -8.801718e-01  4.746545e-01  7.747537e-04
    outer loop
      vertex   3.637846e+00 -2.525900e+00  3.000000e+01
      vertex   4.849232e+00 -2.850168e-01  3.333333e+01
      vertex   5.000000e+00  0.000000e+00  3.000000e+01
    endloop
  endfacet
  facet normal  9.885201e-01 -1.432053e-01  4.816924e-02
    outer loop
      vertex   3.951960e+00 -1.478837e+00  1.666667e+01
      vertex   4.152412e+00  1.026060e+00  2.000000e+01
      vertex   3.637845e+00 -2.525901e+00  2.000000e+01
    endloop
  endfacet
  facet normal  1.025769e-01  9.735891e-01 -2.039659e-01
    outer loop
      vertex   2.994786e+00  2.687808e+00  6.666667e+00
      vertex   8.514950e-09  3.701667e+00  1.000000e+01
      vertex   3.131467e+00  3.371737e+00  1.000000e+01
    endloop
  endfacet
  facet normal -1.025768e-01  9.735892e-01  2.039660e-01
    outer loop
      vertex  -3.131467e+00  3.371738e+00  1.000000e+01
      vertex  -2.994786e+00  2.687809e+00  1.333333e+01
      vertex   8.514950e-09  3.701667e+00  1.000000e+01
    endloop
  endfacet
  facet normal -1.787740e-01  9.836088e-01  2.353033e-02
    outer loop
      vertex  -3.131467e+00  3.371738e+00  1.000000e+01
      vertex  -3.048133e+00  3.227401e+00  1.666667e+01
      vertex  -7.450581e-09  3.701667e+00  2.000000e+01
    endloop
  endfacet
  facet normal -1.652392e-01 -9.861946e-01 -1.078568e-02
    outer loop
      vertex  -3.048133e+00 -3.227401e+00  4.333333e+01
      vertex  -2.554485e-08 -3.701667e+00  4.000000e+01
      vertex  -3.194483e+00 -3.275791e+00  5.000000e+01
    endloop
  endfacet
  facet normal -9.104394e-01  3.962643e-01  1.186371e-01
    outer loop
      vertex  -4.152412e+00  1.026060e+00  2.000000e+01
      vertex  -2.994786e+00  2.687809e+00  2.333333e+01
      vertex  -3.131468e+00  3.371737e+00  2.000000e+01
    endloop
  endfacet
  facet normal  9.104394e-01 -3.962643e-01 -1.186371e-01
    outer loop
      vertex  -4.152412e+00  1.026060e+00  2.000000e+01
      vertex  -3.131468e+00  3.371737e+00  2.000000e+01
      vertex  -2.994786e+00  2.687809e+00  2.333333e+01
    endloop
  endfacet
  facet normal  6.288456e-01  7.762275e-01  4.498802e-02
    outer loop
      vertex  -5.613734e-01 -4.825054e+00  1.666667e+01
      vertex   3.774961e-02 -4.924040e+00  1.000000e+01
      vertex  -3.637846e+00 -2.525901e+00  2.000000e+01
    endloop
  endfacet
  facet normal -8.772904e-01  4.732215e-01  8.014310e-02
    outer loop
      vertex   3.634329e+00 -2.531775e+00  4.000000e+01
      vertex   5.000000e+00  0.000000e+00  4.000000e+01
      vertex   4.849232e+00  2.850169e-01  3.666667e+01
    endloop
  endfacet
  facet normal -5.491240e-01  8.329909e-01  6.774271e-02
    outer loop
      vertex   5.613734e-01 -4.825054e+00  2.333333e+01
      vertex   3.637845e+00 -2.525901e+00  2.000000e+01
      vertex  -4.967054e-09 -4.924040e+00  2.000000e+01
    endloop
  endfacet
  facet normal -6.587409e-01 -7.312421e-01  1.770467e-01
    outer loop
      vertex   2.994786e+00  2.687808e+00  6.666667e+00
      vertex   3.131467e+00  3.371737e+00  1.000000e+01
      vertex  -1.002452e-01  3.861854e+00  0.000000e+00
    endloop
  endfacet
  facet normal -4.429366e-01 -8.935381e-01 -7.346399e-02
    outer loop
      vertex  -4.967054e-09  4.924040e+00  2.000000e+01
      vertex   3.131468e+00  3.371737e+00  2.000000e+01
      vertex   1.250825e+00  4.029936e+00  2.333333e+01
    endloop
  endfacet
  facet normal  5.443989e-01  8.356410e-01 -7.303350e-02
    outer loop
      vertex  -5.613735e-01 -4.825054e+00  6.666667e+00
      vertex  -3.634329e+00 -2.531774e+00  1.000000e+01
      vertex   3.774961e-02 -4.924040e+00  1.000000e+01
    endloop
  endfacet
  facet normal -1.652392e-01  9.861946e-01  1.078565e-02
    outer loop
      vertex  -3.194483e+00  3.275791e+00  0.000000e+00
      vertex  -3.048133e+00  3.227401e+00  6.666667e+00
      vertex   8.514950e-09  3.701667e+00  1.000000e+01
    endloop
  endfacet
  facet normal -7.679141e-01 -6.343437e-01 -8.897272e-02
    outer loop
      vertex   4.152412e+00  1.026060e+00  1.000000e+01
      vertex   5.000000e+00  0.000000e+00  1.000000e+01
      vertex   4.849232e+00 -2.850168e-01  1.333333e+01
    endloop
  endfacet
  facet normal -9.377813e-01  3.925413e-02 -3.450004e-01
    outer loop
      vertex   3.634329e+00 -2.531775e+00  4.000000e+01
      vertex  -1.447068e-01 -4.924038e+00  5.000000e+01
      vertex  -1.002453e-01 -3.861854e+00  5.000000e+01
    endloop
  endfacet
  facet normal -7.679141e-01 -6.343437e-01 -8.897273e-02
    outer loop
      vertex   4.849232e+00 -2.850168e-01  4.333333e+01
      vertex   4.152412e+00  1.026060e+00  4.000000e+01
      vertex   5.000000e+00  0.000000e+00  4.000000e+01
    endloop
  endfacet
  facet normal -9.883883e-01 -1.439268e-01 -4.871914e-02
    outer loop
      vertex  -3.951960e+00 -1.478837e+00  1.333333e+01
      vertex  -4.152412e+00  1.026060e+00  1.000000e+01
      vertex  -3.634329e+00 -2.531774e+00  1.000000e+01
    endloop
  endfacet
  facet normal  6.648857e-01 -6.924157e-01  2.801561e-01
    outer loop
      vertex  -3.951960e+00 -1.478837e+00  3.333333e+01
      vertex  -3.637846e+00 -2.525901e+00  3.000000e+01
      vertex  -4.152412e+00  1.026060e+00  4.000000e+01
    endloop
  endfacet
  facet normal -9.745944e-01 -1.371284e-01 -1.770917e-01
    outer loop
      vertex  -3.657186e+00 -2.493595e+00  4.000000e+01
      vertex  -4.152412e+00  1.026060e+00  4.000000e+01
      vertex  -3.035690e+00 -2.605900e+00  3.666666e+01
    endloop
  endfacet
  facet normal  4.429366e-01 -8.935381e-01  7.346395e-02
    outer loop
      vertex  -3.131468e+00  3.371737e+00  3.000000e+01
      vertex  -1.250825e+00  4.029936e+00  2.666667e+01
      vertex  -4.967054e-09  4.924040e+00  3.000000e+01
    endloop
  endfacet
  facet normal  4.392725e-01 -8.968289e-01  5.232140e-02
    outer loop
      vertex  -3.131467e+00  3.371737e+00  4.000000e+01
      vertex   3.774960e-02  4.924040e+00  4.000000e+01
      vertex  -5.613735e-01  4.825054e+00  4.333333e+01
    endloop
  endfacet
  facet normal -7.708239e-01 -6.367474e-01 -1.958036e-02
    outer loop
      vertex   4.152412e+00  1.026060e+00  2.000000e+01
      vertex   4.849232e+00  2.850168e-01  1.666667e+01
      vertex   5.000000e+00  0.000000e+00  2.000000e+01
    endloop
  endfacet
  facet normal -5.224779e-01 -8.520765e-01  3.134421e-02
    outer loop
      vertex   5.613734e-01  4.825054e+00  3.666667e+01
      vertex  -4.967054e-09  4.924040e+00  3.000000e+01
      vertex   3.131467e+00  3.371737e+00  4.000000e+01
    endloop
  endfacet
  facet normal  1.046704e-01  9.934594e-01  4.563453e-02
    outer loop
      vertex   3.131467e+00  3.371737e+00  4.000000e+01
      vertex  -8.514950e-09  3.701667e+00  4.000000e+01
      vertex   3.048133e+00  3.227401e+00  4.333333e+01
    endloop
  endfacet
  facet normal  8.732138e-01 -4.833387e-01 -6.230049e-02
    outer loop
      vertex  -4.152412e+00  1.026060e+00  4.000000e+01
      vertex  -2.994786e+00  2.687808e+00  4.333334e+01
      vertex  -4.029468e+00 -4.078721e-02  5.000000e+01
    endloop
  endfacet
  facet normal -8.732138e-01  4.833387e-01  6.230049e-02
    outer loop
      vertex  -4.152412e+00  1.026060e+00  4.000000e+01
      vertex  -4.029468e+00 -4.078721e-02  5.000000e+01
      vertex  -2.994786e+00  2.687808e+00  4.333334e+01
    endloop
  endfacet
  facet normal  3.506318e-01 -9.364430e-01 -1.148568e-02
    outer loop
      vertex   3.035690e+00 -2.605900e+00  4.333334e+01
      vertex  -1.002453e-01 -3.861854e+00  5.000000e+01
      vertex  -2.554485e-08 -3.701667e+00  4.000000e+01
    endloop
  endfacet
  facet normal -3.506318e-01  9.364430e-01  1.148568e-02
    outer loop
      vertex   3.035690e+00 -2.605900e+00  4.333334e+01
      vertex  -2.554485e-08 -3.701667e+00  4.000000e+01
      vertex  -1.002453e-01 -3.861854e+00  5.000000e+01
    endloop
  endfacet
  facet normal  9.972492e-01 -7.399317e-02 -4.366626e-03
    outer loop
      vertex   4.029468e+00 -4.078721e-02  0.000000e+00
      vertex   4.152412e+00  1.026060e+00  1.000000e+01
      vertex   3.951960e+00 -1.478837e+00  6.666667e+00
    endloop
  endfacet
  facet normal  8.857104e-01 -4.132729e-01 -2.114775e-01
    outer loop
      vertex  -1.250825e+00  4.029936e+00  6.666667e+00
      vertex  -3.194483e+00  3.275791e+00  0.000000e+00
      vertex  -3.774961e-02  4.924040e+00  1.000000e+01
    endloop
  endfacet
  facet normal  8.801212e-01  4.747486e-01 -7.850918e-04
    outer loop
      vertex  -4.849232e+00 -2.850168e-01  6.666667e+00
      vertex  -5.000000e+00  6.123235e-16  1.000000e+01
      vertex  -3.634329e+00 -2.531774e+00  1.000000e+01
    endloop
  endfacet
  facet normal -9.885202e-01 -1.432052e-01 -4.816888e-02
    outer loop
      vertex  -3.951959e+00 -1.478837e+00  2.333333e+01
      vertex  -4.152412e+00  1.026060e+00  2.000000e+01
      vertex  -3.637846e+00 -2.525901e+00  2.000000e+01
    endloop
  endfacet
  facet normal  6.856487e-01 -7.070317e-01 -1.731825e-01
    outer loop
      vertex  -1.002454e-01  3.861855e+00  5.000000e+01
      vertex  -2.994786e+00  2.687808e+00  4.333334e+01
      vertex  -3.131467e+00  3.371737e+00  4.000000e+01
    endloop
  endfacet
  facet normal  8.773413e-01  4.731280e-01 -8.013728e-02
    outer loop
      vertex  -5.000000e+00  6.123235e-16  2.000000e+01
      vertex  -4.849232e+00  2.850169e-01  2.333333e+01
      vertex  -3.637846e+00 -2.525901e+00  2.000000e+01
    endloop
  endfacet
  facet normal  7.708239e-01 -6.367474e-01  1.958037e-02
    outer loop
      vertex  -4.849232e+00  2.850168e-01  1.333333e+01
      vertex  -5.000000e+00  6.123235e-16  1.000000e+01
      vertex  -4.152412e+00  1.026060e+00  1.000000e+01
    endloop
  endfacet
  facet normal  5.324718e-01  8.464477e-01 -3.098970e-04
    outer loop
      vertex  -1.250825e+00 -4.029936e+00  1.333333e+01
      vertex  -3.634329e+00 -2.531774e+00  1.000000e+01
      vertex  -3.637846e+00 -2.525901e+00  2.000000e+01
    endloop
  endfacet
  facet normal  8.839456e-01 -4.675898e-01  0.000000e+00
    outer loop
      vertex   5.000000e+00  0.000000e+00  3.000000e+01
      vertex   4.849232e+00 -2.850168e-01  2.333333e+01
      vertex   5.000000e+00  0.000000e+00  2.000000e+01
    endloop
  endfacet
  facet normal  3.963364e-01  9.161160e-01  6.040605e-02
    outer loop
      vertex   4.152412e+00  1.026060e+00  2.000000e+01
      vertex   5.000000e+00  0.000000e+00  3.000000e+01
      vertex   4.849232e+00  2.850168e-01  2.666667e+01
    endloop
  endfacet
  facet normal -9.169145e-01 -3.990826e-01 -9.306485e-04
    outer loop
      vertex   4.152412e+00  1.026060e+00  2.000000e+01
      vertex   3.951960e+00  1.478837e+00  2.333333e+01
      vertex   3.131468e+00  3.371737e+00  2.000000e+01
    endloop
  endfacet
  facet normal  9.169145e-01  3.990826e-01  9.306485e-04
    outer loop
      vertex   4.152412e+00  1.026060e+00  2.000000e+01
      vertex   3.131468e+00  3.371737e+00  2.000000e+01
      vertex   3.951960e+00  1.478837e+00  2.333333e+01
    endloop
  endfacet
  facet normal  6.648853e-01 -6.924161e-01  2.801562e-01
    outer loop
      vertex  -3.951959e+00 -1.478837e+00  2.333333e+01
      vertex  -3.637846e+00 -2.525901e+00  2.000000e+01
      vertex  -4.152412e+00  1.026060e+00  3.000000e+01
    endloop
  endfacet
  facet normal -5.503048e-01  8.347822e-01  1.741404e-02
    outer loop
      vertex   3.637846e+00 -2.525900e+00  3.000000e+01
      vertex   1.250825e+00 -4.029936e+00  2.666667e+01
      vertex  -4.967054e-09 -4.924040e+00  3.000000e+01
    endloop
  endfacet
  facet normal -5.491240e-01  8.329908e-01  6.774274e-02
    outer loop
      vertex   5.613734e-01 -4.825054e+00  3.333333e+01
      vertex   3.637846e+00 -2.525900e+00  3.000000e+01
      vertex  -4.967054e-09 -4.924040e+00  3.000000e+01
    endloop
  endfacet
  facet normal  8.773414e-01  4.731281e-01 -8.013732e-02
    outer loop
      vertex  -4.849232e+00  2.850169e-01  3.333333e+01
      vertex  -3.637846e+00 -2.525901e+00  3.000000e+01
      vertex  -5.000000e+00  6.123235e-16  3.000000e+01
    endloop
  endfacet
  facet normal  6.291659e-01  7.761648e-01  4.145505e-02
    outer loop
      vertex  -5.613734e-01 -4.825053e+00  3.666667e+01
      vertex  -4.967054e-09 -4.924040e+00  3.000000e+01
      vertex  -3.657186e+00 -2.493595e+00  4.000000e+01
    endloop
  endfacet
  facet normal -8.190824e-01  5.480208e-01 -1.696384e-01
    outer loop
      vertex   1.250825e+00 -4.029936e+00  3.666667e+01
      vertex   3.637846e+00 -2.525900e+00  3.000000e+01
      vertex  -3.774960e-02 -4.924040e+00  4.000000e+01
    endloop
  endfacet
  facet normal  8.997915e-01 -4.363070e-01  3.391559e-03
    outer loop
      vertex   4.849232e+00 -2.850168e-01  4.333333e+01
      vertex   5.000000e+00  0.000000e+00  4.000000e+01
      vertex   4.916239e+00 -9.500559e-02  5.000000e+01
    endloop
  endfacet
  facet normal -4.471636e-01 -8.911909e-01 -7.631214e-02
    outer loop
      vertex   1.250825e+00  4.029936e+00  4.333334e+01
      vertex   3.774960e-02  4.924040e+00  4.000000e+01
      vertex   3.131467e+00  3.371737e+00  4.000000e+01
    endloop
  endfacet
  facet normal -7.992957e-01  5.912938e-01 -1.072282e-01
    outer loop
      vertex   4.849232e+00 -2.850168e-01  4.333333e+01
      vertex   3.634329e+00 -2.531775e+00  4.000000e+01
      vertex   4.029943e+00 -1.835420e-01  5.000000e+01
    endloop
  endfacet
  facet normal -9.720461e-01 -2.347581e-01  3.872965e-03
    outer loop
      vertex   3.131467e+00  3.371737e+00  4.000000e+01
      vertex   4.029943e+00 -1.835420e-01  5.000000e+01
      vertex   3.194483e+00  3.275791e+00  5.000000e+01
    endloop
  endfacet
  facet normal  9.720461e-01  2.347581e-01 -3.872965e-03
    outer loop
      vertex   3.131467e+00  3.371737e+00  4.000000e+01
      vertex   3.194483e+00  3.275791e+00  5.000000e+01
      vertex   4.029943e+00 -1.835420e-01  5.000000e+01
    endloop
  endfacet
  facet normal -6.480030e-01 -7.404276e-01  1.784911e-01
    outer loop
      vertex   3.131468e+00  3.371737e+00  2.000000e+01
      vertex   8.514950e-09  3.701667e+00  1.000000e+01
      vertex   2.994786e+00  2.687808e+00  1.666667e+01
    endloop
  endfacet
  facet normal  4.541679e-01  8.888451e-01  6.071188e-02
    outer loop
      vertex  -8.514950e-09 -3.701667e+00  1.000000e+01
      vertex  -3.035690e+00 -2.605900e+00  1.666667e+01
      vertex  -3.637846e+00 -2.525901e+00  2.000000e+01
    endloop
  endfacet
  facet normal -1.787739e-01  9.836088e-01  2.353022e-02
    outer loop
      vertex  -3.131468e+00  3.371737e+00  3.000000e+01
      vertex  -3.048133e+00  3.227401e+00  3.666667e+01
      vertex  -8.514950e-09  3.701667e+00  4.000000e+01
    endloop
  endfacet
  facet normal  1.851131e-01 -9.773408e-01  1.026548e-01
    outer loop
      vertex  -3.194483e+00  3.275791e+00  0.000000e+00
      vertex  -1.002452e-01  3.861854e+00  0.000000e+00
      vertex  -3.774961e-02  4.924040e+00  1.000000e+01
    endloop
  endfacet
  facet normal  9.748307e-01 -1.419524e-01  1.719146e-01
    outer loop
      vertex   4.152412e+00  1.026060e+00  4.000000e+01
      vertex   3.035690e+00 -2.605900e+00  4.333334e+01
      vertex   3.634329e+00 -2.531775e+00  4.000000e+01
    endloop
  endfacet
  facet normal -1.741364e-01 -9.789578e-01 -1.063864e-01
    outer loop
      vertex  -1.002454e-01  3.861855e+00  5.000000e+01
      vertex   3.774960e-02  4.924040e+00  4.000000e+01
      vertex   3.194483e+00  3.275791e+00  5.000000e+01
    endloop
  endfacet
endsolid vcg
