solid AssimpScene
 facet normal -0.96858 -0.248703 0
  outer loop
  vertex -40.0248 -4.41749 -20
  vertex -40.7729 -1.504 -14
  vertex -40.7729 -1.504 -20
  endloop
 endfacet
 facet normal -0.96858 -0.248703 0
  outer loop
  vertex -40.7729 -1.504 -14
  vertex -40.0248 -4.41749 -20
  vertex -40.0248 -4.41749 -14
  endloop
 endfacet
 facet normal 0.929764 0.368156 0
  outer loop
  vertex -18.3518 5.78104 -14
  vertex -18.2858 5.61436 -16.3245
  vertex -18.3518 5.78104 -16.2411
  endloop
 endfacet
 facet normal 0.929927 0.367743 3.42554e-05
  outer loop
  vertex -18.3518 5.78104 -14
  vertex -18.2421 5.50386 -16.4218
  vertex -18.2858 5.61436 -16.3245
  endloop
 endfacet
 facet normal 0.929778 0.368121 -1.56769e-05
  outer loop
  vertex -17.2445 2.98428 -14
  vertex -18.2421 5.50386 -16.4218
  vertex -18.3518 5.78104 -14
  endloop
 endfacet
 facet normal 0.929521 0.368769 0.000765427
  outer loop
  vertex -18.2421 5.50386 -16.4218
  vertex -17.2445 2.98428 -14
  vertex -18.2283 5.46914 -16.4524
  endloop
 endfacet
 facet normal 0.930163 0.367146 -0.00113717
  outer loop
  vertex -18.2283 5.46914 -16.4524
  vertex -17.2445 2.98428 -14
  vertex -18.2179 5.44267 -16.4911
  endloop
 endfacet
 facet normal 0.929743 0.368209 7.56189e-05
  outer loop
  vertex -18.2179 5.44267 -16.4911
  vertex -17.2445 2.98428 -14
  vertex -18.1845 5.35836 -16.6146
  endloop
 endfacet
 facet normal 0.929811 0.368036 -0.000105523
  outer loop
  vertex -18.1845 5.35836 -16.6146
  vertex -17.2445 2.98428 -14
  vertex -18.1636 5.30552 -16.7566
  endloop
 endfacet
 facet normal 0.929821 0.368012 -0.000117898
  outer loop
  vertex -18.1548 5.28334 -16.8485
  vertex -17.2445 2.98428 -14
  vertex -18.1477 5.26535 -17
  endloop
 endfacet
 facet normal 0.929988 0.367589 -0.000512225
  outer loop
  vertex -18.157 5.28897 -16.801
  vertex -17.2445 2.98428 -14
  vertex -18.1548 5.28334 -16.8485
  endloop
 endfacet
 facet normal 0.929483 0.368864 0.000700686
  outer loop
  vertex -18.1636 5.30552 -16.7566
  vertex -17.2445 2.98428 -14
  vertex -18.157 5.28897 -16.801
  endloop
 endfacet
 facet normal 0.929764 0.368156 0
  outer loop
  vertex -18.2858 5.61436 -17.6755
  vertex -18.3518 5.78104 -20
  vertex -18.3518 5.78104 -17.7589
  endloop
 endfacet
 facet normal 0.929927 0.367743 -3.42518e-05
  outer loop
  vertex -18.2421 5.50386 -17.5782
  vertex -18.3518 5.78104 -20
  vertex -18.2858 5.61436 -17.6755
  endloop
 endfacet
 facet normal 0.92952 0.36877 -0.00076446
  outer loop
  vertex -17.2445 2.98428 -20
  vertex -18.2421 5.50386 -17.5782
  vertex -18.2283 5.46914 -17.5476
  endloop
 endfacet
 facet normal 0.930163 0.367146 0.0011372
  outer loop
  vertex -17.2445 2.98428 -20
  vertex -18.2283 5.46914 -17.5476
  vertex -18.2179 5.44267 -17.5089
  endloop
 endfacet
 facet normal 0.929743 0.368208 -7.59561e-05
  outer loop
  vertex -17.2445 2.98428 -20
  vertex -18.2179 5.44267 -17.5089
  vertex -18.1845 5.35836 -17.3854
  endloop
 endfacet
 facet normal 0.929811 0.368036 0.000105414
  outer loop
  vertex -17.2445 2.98428 -20
  vertex -18.1845 5.35836 -17.3854
  vertex -18.1636 5.30552 -17.2434
  endloop
 endfacet
 facet normal 0.929483 0.368864 -0.000700495
  outer loop
  vertex -17.2445 2.98428 -20
  vertex -18.1636 5.30552 -17.2434
  vertex -18.157 5.28897 -17.199
  endloop
 endfacet
 facet normal 0.929768 0.368146 0
  outer loop
  vertex -17.2445 2.98428 -20
  vertex -18.1477 5.26535 -17
  vertex -17.2445 2.98428 -14
  endloop
 endfacet
 facet normal 0.929821 0.368012 0.000117894
  outer loop
  vertex -18.1477 5.26535 -17
  vertex -17.2445 2.98428 -20
  vertex -18.1548 5.28334 -17.1515
  endloop
 endfacet
 facet normal 0.929988 0.367589 0.000512229
  outer loop
  vertex -18.1548 5.28334 -17.1515
  vertex -17.2445 2.98428 -20
  vertex -18.157 5.28897 -17.199
  endloop
 endfacet
 facet normal 0.929778 0.368121 1.56892e-05
  outer loop
  vertex -18.2421 5.50386 -17.5782
  vertex -17.2445 2.98428 -20
  vertex -18.3518 5.78104 -20
  endloop
 endfacet
 facet normal 0.187369 -0.98229 0
  outer loop
  vertex -28.114 -11.9763 -20
  vertex -25.1593 -11.4127 -14
  vertex -28.114 -11.9763 -14
  endloop
 endfacet
 facet normal 0.187369 -0.98229 0
  outer loop
  vertex -25.1593 -11.4127 -14
  vertex -28.114 -11.9763 -20
  vertex -25.1593 -11.4127 -20
  endloop
 endfacet
 facet normal -0.728972 0.684543 0
  outer loop
  vertex -38.5757 7.05342 -20
  vertex -36.5166 9.24616 -14
  vertex -36.5166 9.24616 -20
  endloop
 endfacet
 facet normal -0.728972 0.684543 0
  outer loop
  vertex -36.5166 9.24616 -14
  vertex -38.5757 7.05342 -20
  vertex -38.5757 7.05342 -14
  endloop
 endfacet
 facet normal 0.992145 -0.12509 0
  outer loop
  vertex -16.8675 1.03628e-07 -14
  vertex -16.8864 -0.149904 -16.2142
  vertex -16.8675 1.03628e-07 -16.2047
  endloop
 endfacet
 facet normal 0.99211 -0.12537 1.92609e-05
  outer loop
  vertex -16.8675 1.03628e-07 -14
  vertex -16.9105 -0.340623 -16.2761
  vertex -16.8864 -0.149904 -16.2142
  endloop
 endfacet
 facet normal 0.992105 -0.125413 2.57882e-05
  outer loop
  vertex -16.8675 1.03628e-07 -14
  vertex -16.9319 -0.509938 -16.3836
  vertex -16.9105 -0.340623 -16.2761
  endloop
 endfacet
 facet normal 0.992115 -0.125332 8.26334e-06
  outer loop
  vertex -17.2445 -2.98428 -14
  vertex -16.9319 -0.509938 -16.3836
  vertex -16.8675 1.03628e-07 -14
  endloop
 endfacet
 facet normal 0.992089 -0.125536 -0.00020641
  outer loop
  vertex -16.9319 -0.509938 -16.3836
  vertex -17.2445 -2.98428 -14
  vertex -16.9493 -0.647213 -16.5298
  endloop
 endfacet
 facet normal 0.992159 -0.12498 0.000315286
  outer loop
  vertex -16.9493 -0.647213 -16.5298
  vertex -17.2445 -2.98428 -14
  vertex -16.9543 -0.687082 -16.6023
  endloop
 endfacet
 facet normal 0.992117 -0.125317 0
  outer loop
  vertex -16.9678 -0.793692 -16.8997
  vertex -17.2445 -2.98428 -14
  vertex -16.9678 -0.793692 -17.1003
  endloop
 endfacet
 facet normal 0.992113 -0.125347 -2.2886e-05
  outer loop
  vertex -16.9652 -0.77313 -16.8196
  vertex -17.2445 -2.98428 -14
  vertex -16.9678 -0.793692 -16.8997
  endloop
 endfacet
 facet normal 0.992119 -0.125303 1.22625e-05
  outer loop
  vertex -16.9615 -0.743821 -16.7055
  vertex -17.2445 -2.98428 -14
  vertex -16.9652 -0.77313 -16.8196
  endloop
 endfacet
 facet normal 0.992088 -0.125546 -0.000192769
  outer loop
  vertex -16.9543 -0.687082 -16.6023
  vertex -17.2445 -2.98428 -14
  vertex -16.9615 -0.743821 -16.7055
  endloop
 endfacet
 facet normal 0.992145 -0.12509 0
  outer loop
  vertex -16.8864 -0.149904 -17.7858
  vertex -16.8675 1.03628e-07 -20
  vertex -16.8675 1.03628e-07 -17.7953
  endloop
 endfacet
 facet normal 0.99211 -0.12537 -1.92598e-05
  outer loop
  vertex -16.9105 -0.340623 -17.7239
  vertex -16.8675 1.03628e-07 -20
  vertex -16.8864 -0.149904 -17.7858
  endloop
 endfacet
 facet normal 0.992105 -0.125413 -2.57935e-05
  outer loop
  vertex -16.9319 -0.509938 -17.6164
  vertex -16.8675 1.03628e-07 -20
  vertex -16.9105 -0.340623 -17.7239
  endloop
 endfacet
 facet normal 0.992089 -0.125536 0.000206335
  outer loop
  vertex -17.2445 -2.98428 -20
  vertex -16.9319 -0.509938 -17.6164
  vertex -16.9493 -0.647213 -17.4702
  endloop
 endfacet
 facet normal 0.992159 -0.12498 -0.000315488
  outer loop
  vertex -17.2445 -2.98428 -20
  vertex -16.9493 -0.647213 -17.4702
  vertex -16.9543 -0.687082 -17.3977
  endloop
 endfacet
 facet normal 0.992088 -0.125546 0.000192745
  outer loop
  vertex -17.2445 -2.98428 -20
  vertex -16.9543 -0.687082 -17.3977
  vertex -16.9615 -0.743821 -17.2945
  endloop
 endfacet
 facet normal 0.992117 -0.125317 0
  outer loop
  vertex -17.2445 -2.98428 -20
  vertex -16.9678 -0.793692 -17.1003
  vertex -17.2445 -2.98428 -14
  endloop
 endfacet
 facet normal 0.992113 -0.125347 2.2886e-05
  outer loop
  vertex -16.9678 -0.793692 -17.1003
  vertex -17.2445 -2.98428 -20
  vertex -16.9652 -0.77313 -17.1804
  endloop
 endfacet
 facet normal 0.992119 -0.125303 -1.22598e-05
  outer loop
  vertex -16.9652 -0.77313 -17.1804
  vertex -17.2445 -2.98428 -20
  vertex -16.9615 -0.743821 -17.2945
  endloop
 endfacet
 facet normal 0.992115 -0.125332 -8.27165e-06
  outer loop
  vertex -16.9319 -0.509938 -17.6164
  vertex -17.2445 -2.98428 -20
  vertex -16.8675 1.03628e-07 -20
  endloop
 endfacet
 facet normal -0.0627984 0.998026 0
  outer loop
  vertex -28.114 11.9763 -20
  vertex -31.1161 11.7874 -14
  vertex -28.114 11.9763 -14
  endloop
 endfacet
 facet normal -0.0627984 0.998026 0
  outer loop
  vertex -31.1161 11.7874 -14
  vertex -28.114 11.9763 -20
  vertex -31.1161 11.7874 -20
  endloop
 endfacet
 facet normal -0.535826 -0.844329 0
  outer loop
  vertex -36.5166 -9.24616 -20
  vertex -33.9769 -10.8579 -14
  vertex -36.5166 -9.24616 -14
  endloop
 endfacet
 facet normal -0.535826 -0.844329 0
  outer loop
  vertex -33.9769 -10.8579 -14
  vertex -36.5166 -9.24616 -20
  vertex -33.9769 -10.8579 -20
  endloop
 endfacet
 facet normal 0.800713 -0.599048 0
  outer loop
  vertex -18.3518 -5.78104 -14
  vertex -18.3543 -5.78438 -16.2392
  vertex -18.3518 -5.78104 -16.2411
  endloop
 endfacet
 facet normal 0.809219 -0.587507 -2.67058e-05
  outer loop
  vertex -18.3518 -5.78104 -14
  vertex -18.3822 -5.82281 -16.2301
  vertex -18.3543 -5.78438 -16.2392
  endloop
 endfacet
 facet normal 0.808995 -0.587815 -1.78847e-05
  outer loop
  vertex -18.3518 -5.78104 -14
  vertex -18.4707 -5.94461 -16.2016
  vertex -18.3822 -5.82281 -16.2301
  endloop
 endfacet
 facet normal 0.80921 -0.587519 -5.14921e-05
  outer loop
  vertex -18.3518 -5.78104 -14
  vertex -18.499 -5.98359 -16.2046
  vertex -18.4707 -5.94461 -16.2016
  endloop
 endfacet
 facet normal 0.808916 -0.587925 5.42541e-06
  outer loop
  vertex -18.3518 -5.78104 -14
  vertex -18.589 -6.10742 -16.2142
  vertex -18.499 -5.98359 -16.2046
  endloop
 endfacet
 facet normal 0.809065 -0.587719 -4.08135e-05
  outer loop
  vertex -18.3518 -5.78104 -14
  vertex -18.7017 -6.26256 -16.2761
  vertex -18.589 -6.10742 -16.2142
  endloop
 endfacet
 facet normal 0.80901 -0.587795 -1.64017e-05
  outer loop
  vertex -20.1199 -8.21456 -14
  vertex -18.7017 -6.26256 -16.2761
  vertex -18.3518 -5.78104 -14
  endloop
 endfacet
 facet normal 0.809141 -0.587614 0.000219993
  outer loop
  vertex -18.7017 -6.26256 -16.2761
  vertex -20.1199 -8.21456 -14
  vertex -18.8017 -6.4003 -16.3836
  endloop
 endfacet
 facet normal 0.808895 -0.587952 -0.000173378
  outer loop
  vertex -18.8017 -6.4003 -16.3836
  vertex -20.1199 -8.21456 -14
  vertex -18.8829 -6.51197 -16.5298
  endloop
 endfacet
 facet normal 0.809052 -0.587737 4.84316e-05
  outer loop
  vertex -18.8829 -6.51197 -16.5298
  vertex -20.1199 -8.21456 -14
  vertex -18.9264 -6.57186 -16.6637
  endloop
 endfacet
 facet normal 0.809002 -0.587806 0
  outer loop
  vertex -18.9694 -6.63112 -16.8997
  vertex -20.1199 -8.21456 -14
  vertex -18.9694 -6.63112 -17.1003
  endloop
 endfacet
 facet normal 0.809187 -0.587552 0.000212464
  outer loop
  vertex -18.94 -6.59056 -16.7055
  vertex -20.1199 -8.21456 -14
  vertex -18.9694 -6.63112 -16.8997
  endloop
 endfacet
 facet normal 0.808887 -0.587964 -0.000165564
  outer loop
  vertex -18.9264 -6.57186 -16.6637
  vertex -20.1199 -8.21456 -14
  vertex -18.94 -6.59056 -16.7055
  endloop
 endfacet
 facet normal 0.800713 -0.599048 0
  outer loop
  vertex -18.3543 -5.78438 -17.7608
  vertex -18.3518 -5.78104 -20
  vertex -18.3518 -5.78104 -17.7589
  endloop
 endfacet
 facet normal 0.809219 -0.587507 2.67055e-05
  outer loop
  vertex -18.3822 -5.82281 -17.7699
  vertex -18.3518 -5.78104 -20
  vertex -18.3543 -5.78438 -17.7608
  endloop
 endfacet
 facet normal 0.808995 -0.587815 1.78847e-05
  outer loop
  vertex -18.4707 -5.94461 -17.7984
  vertex -18.3518 -5.78104 -20
  vertex -18.3822 -5.82281 -17.7699
  endloop
 endfacet
 facet normal 0.80921 -0.587519 5.14788e-05
  outer loop
  vertex -18.499 -5.98359 -17.7954
  vertex -18.3518 -5.78104 -20
  vertex -18.4707 -5.94461 -17.7984
  endloop
 endfacet
 facet normal 0.808916 -0.587925 -5.42541e-06
  outer loop
  vertex -18.589 -6.10742 -17.7858
  vertex -18.3518 -5.78104 -20
  vertex -18.499 -5.98359 -17.7954
  endloop
 endfacet
 facet normal 0.809065 -0.587719 4.08321e-05
  outer loop
  vertex -18.7017 -6.26256 -17.7239
  vertex -18.3518 -5.78104 -20
  vertex -18.589 -6.10742 -17.7858
  endloop
 endfacet
 facet normal 0.809141 -0.587614 -0.000220063
  outer loop
  vertex -20.1199 -8.21456 -20
  vertex -18.7017 -6.26256 -17.7239
  vertex -18.8017 -6.4003 -17.6164
  endloop
 endfacet
 facet normal 0.808895 -0.587953 0.000173469
  outer loop
  vertex -20.1199 -8.21456 -20
  vertex -18.8017 -6.4003 -17.6164
  vertex -18.8829 -6.51197 -17.4702
  endloop
 endfacet
 facet normal 0.809052 -0.587737 -4.8797e-05
  outer loop
  vertex -20.1199 -8.21456 -20
  vertex -18.8829 -6.51197 -17.4702
  vertex -18.9264 -6.57186 -17.3363
  endloop
 endfacet
 facet normal 0.808886 -0.587965 0.000165221
  outer loop
  vertex -20.1199 -8.21456 -20
  vertex -18.9264 -6.57186 -17.3363
  vertex -18.94 -6.59056 -17.2945
  endloop
 endfacet
 facet normal 0.809002 -0.587806 0
  outer loop
  vertex -20.1199 -8.21456 -20
  vertex -18.9694 -6.63112 -17.1003
  vertex -20.1199 -8.21456 -14
  endloop
 endfacet
 facet normal 0.809187 -0.587552 -0.000212464
  outer loop
  vertex -18.9694 -6.63112 -17.1003
  vertex -20.1199 -8.21456 -20
  vertex -18.94 -6.59056 -17.2945
  endloop
 endfacet
 facet normal 0.80901 -0.587795 1.64017e-05
  outer loop
  vertex -18.7017 -6.26256 -17.7239
  vertex -20.1199 -8.21456 -20
  vertex -18.3518 -5.78104 -20
  endloop
 endfacet
 facet normal 0.637419 -0.770518 0
  outer loop
  vertex -22.4376 -10.1319 -20
  vertex -20.1199 -8.21456 -14
  vertex -22.4376 -10.1319 -14
  endloop
 endfacet
 facet normal 0.637419 -0.770518 0
  outer loop
  vertex -20.1199 -8.21456 -14
  vertex -22.4376 -10.1319 -20
  vertex -20.1199 -8.21456 -20
  endloop
 endfacet
 facet normal 0.637419 0.770518 0
  outer loop
  vertex -20.1199 8.21456 -20
  vertex -22.4376 10.1319 -14
  vertex -20.1199 8.21456 -14
  endloop
 endfacet
 facet normal 0.637419 0.770518 0
  outer loop
  vertex -22.4376 10.1319 -14
  vertex -20.1199 8.21456 -20
  vertex -22.4376 10.1319 -20
  endloop
 endfacet
 facet normal 0.992117 0.125316 0
  outer loop
  vertex -17.2445 2.98428 -14
  vertex -16.9686 0.799999 -17
  vertex -17.2445 2.98428 -20
  endloop
 endfacet
 facet normal 0.992099 0.125454 -0.000102253
  outer loop
  vertex -17.2445 2.98428 -14
  vertex -16.9654 0.774866 -16.801
  vertex -16.9686 0.799999 -17
  endloop
 endfacet
 facet normal 0.99213 0.125216 8.86157e-05
  outer loop
  vertex -17.2445 2.98428 -14
  vertex -16.9561 0.701045 -16.6146
  vertex -16.9654 0.774866 -16.801
  endloop
 endfacet
 facet normal 0.992111 0.12536 -3.9567e-05
  outer loop
  vertex -17.2445 2.98428 -14
  vertex -16.9412 0.583175 -16.4524
  vertex -16.9561 0.701045 -16.6146
  endloop
 endfacet
 facet normal 0.992124 0.125261 5.87874e-05
  outer loop
  vertex -17.2445 2.98428 -14
  vertex -16.9217 0.428661 -16.3245
  vertex -16.9412 0.583175 -16.4524
  endloop
 endfacet
 facet normal 0.992115 0.125332 -2.01606e-05
  outer loop
  vertex -16.8675 1.03628e-07 -14
  vertex -16.9217 0.428661 -16.3245
  vertex -17.2445 2.98428 -14
  endloop
 endfacet
 facet normal 0.992059 0.125774 6.27134e-05
  outer loop
  vertex -16.9217 0.428661 -16.3245
  vertex -16.8675 1.03628e-07 -14
  vertex -16.8987 0.247213 -16.2392
  endloop
 endfacet
 facet normal 0.992168 0.124914 -3.37802e-05
  outer loop
  vertex -16.8987 0.247213 -16.2392
  vertex -16.8675 1.03628e-07 -14
  vertex -16.8739 0.0502319 -16.2016
  endloop
 endfacet
 facet normal 0.991983 0.126371 0
  outer loop
  vertex -16.8739 0.0502319 -16.2016
  vertex -16.8675 1.03628e-07 -14
  vertex -16.8675 1.03628e-07 -16.2047
  endloop
 endfacet
 facet normal 0.992099 0.125454 0.000102109
  outer loop
  vertex -16.9654 0.774866 -17.199
  vertex -17.2445 2.98428 -20
  vertex -16.9686 0.799999 -17
  endloop
 endfacet
 facet normal 0.99213 0.125216 -8.86396e-05
  outer loop
  vertex -16.9561 0.701045 -17.3854
  vertex -17.2445 2.98428 -20
  vertex -16.9654 0.774866 -17.199
  endloop
 endfacet
 facet normal 0.992111 0.12536 3.9665e-05
  outer loop
  vertex -16.9412 0.583175 -17.5476
  vertex -17.2445 2.98428 -20
  vertex -16.9561 0.701045 -17.3854
  endloop
 endfacet
 facet normal 0.992124 0.125261 -5.87551e-05
  outer loop
  vertex -16.9217 0.428661 -17.6755
  vertex -17.2445 2.98428 -20
  vertex -16.9412 0.583175 -17.5476
  endloop
 endfacet
 facet normal 0.992059 0.125774 -6.2711e-05
  outer loop
  vertex -16.8675 1.03628e-07 -20
  vertex -16.9217 0.428661 -17.6755
  vertex -16.8987 0.247213 -17.7608
  endloop
 endfacet
 facet normal 0.992168 0.124914 3.37805e-05
  outer loop
  vertex -16.8675 1.03628e-07 -20
  vertex -16.8987 0.247213 -17.7608
  vertex -16.8739 0.0502319 -17.7984
  endloop
 endfacet
 facet normal 0.991983 0.126371 0
  outer loop
  vertex -16.8675 1.03628e-07 -20
  vertex -16.8739 0.0502319 -17.7984
  vertex -16.8675 1.03628e-07 -17.7953
  endloop
 endfacet
 facet normal 0.992115 0.125332 2.01606e-05
  outer loop
  vertex -16.9217 0.428661 -17.6755
  vertex -16.8675 1.03628e-07 -20
  vertex -17.2445 2.98428 -20
  endloop
 endfacet
 facet normal -1 0 0
  outer loop
  vertex -40.7729 -1.504 -20
  vertex -40.7729 1.504 -14
  vertex -40.7729 1.504 -20
  endloop
 endfacet
 facet normal -1 0 0
  outer loop
  vertex -40.7729 1.504 -14
  vertex -40.7729 -1.504 -20
  vertex -40.7729 -1.504 -14
  endloop
 endfacet
 facet normal 0.809002 0.587806 0
  outer loop
  vertex -20.1199 8.21456 -14
  vertex -18.9694 6.63112 -16.8997
  vertex -20.1199 8.21456 -20
  endloop
 endfacet
 facet normal 0.809186 0.587552 0.000212386
  outer loop
  vertex -20.1199 8.21456 -14
  vertex -18.94 6.59056 -16.7055
  vertex -18.9694 6.63112 -16.8997
  endloop
 endfacet
 facet normal 0.809015 0.587788 -4.64818e-06
  outer loop
  vertex -20.1199 8.21456 -14
  vertex -18.8829 6.51197 -16.5298
  vertex -18.94 6.59056 -16.7055
  endloop
 endfacet
 facet normal 0.809015 0.587787 -3.57522e-06
  outer loop
  vertex -20.1199 8.21456 -14
  vertex -18.8211 6.42691 -16.4184
  vertex -18.8829 6.51197 -16.5298
  endloop
 endfacet
 facet normal 0.808529 0.588456 -0.000758507
  outer loop
  vertex -20.1199 8.21456 -14
  vertex -18.8017 6.4003 -16.3836
  vertex -18.8211 6.42691 -16.4184
  endloop
 endfacet
 facet normal 0.809452 0.587185 0.000719506
  outer loop
  vertex -20.1199 8.21456 -14
  vertex -18.7779 6.36746 -16.358
  vertex -18.8017 6.4003 -16.3836
  endloop
 endfacet
 facet normal 0.809031 0.587765 2.51631e-05
  outer loop
  vertex -20.1199 8.21456 -14
  vertex -18.7017 6.26257 -16.2761
  vertex -18.7779 6.36746 -16.358
  endloop
 endfacet
 facet normal 0.80901 0.587795 -1.38074e-05
  outer loop
  vertex -18.3518 5.78104 -14
  vertex -18.7017 6.26257 -16.2761
  vertex -20.1199 8.21456 -14
  endloop
 endfacet
 facet normal 0.809235 0.587485 -0.000113808
  outer loop
  vertex -18.7017 6.26257 -16.2761
  vertex -18.3518 5.78104 -14
  vertex -18.6748 6.22552 -16.2613
  endloop
 endfacet
 facet normal 0.809038 0.587756 -3.25116e-05
  outer loop
  vertex -18.6748 6.22552 -16.2613
  vertex -18.3518 5.78104 -14
  vertex -18.589 6.10742 -16.2142
  endloop
 endfacet
 facet normal 0.808916 0.587925 5.42541e-06
  outer loop
  vertex -18.589 6.10742 -16.2142
  vertex -18.3518 5.78104 -14
  vertex -18.499 5.98359 -16.2046
  endloop
 endfacet
 facet normal 0.80921 0.587519 -5.14788e-05
  outer loop
  vertex -18.499 5.98359 -16.2046
  vertex -18.3518 5.78104 -14
  vertex -18.4707 5.94461 -16.2016
  endloop
 endfacet
 facet normal 0.808949 0.587879 -1.05879e-05
  outer loop
  vertex -18.4707 5.94461 -16.2016
  vertex -18.3518 5.78104 -14
  vertex -18.4428 5.90622 -16.2106
  endloop
 endfacet
 facet normal 0.80908 0.587698 -2.62648e-05
  outer loop
  vertex -18.4428 5.90622 -16.2106
  vertex -18.3518 5.78104 -14
  vertex -18.3543 5.78438 -16.2392
  endloop
 endfacet
 facet normal 0.800713 0.599048 0
  outer loop
  vertex -18.3543 5.78438 -16.2392
  vertex -18.3518 5.78104 -14
  vertex -18.3518 5.78104 -16.2411
  endloop
 endfacet
 facet normal 0.809002 0.587806 0
  outer loop
  vertex -18.9694 6.63112 -17.1003
  vertex -20.1199 8.21456 -20
  vertex -18.9694 6.63112 -16.8997
  endloop
 endfacet
 facet normal 0.809187 0.587552 -0.000212464
  outer loop
  vertex -18.94 6.59056 -17.2945
  vertex -20.1199 8.21456 -20
  vertex -18.9694 6.63112 -17.1003
  endloop
 endfacet
 facet normal 0.809015 0.587788 4.34556e-06
  outer loop
  vertex -18.8829 6.51197 -17.4702
  vertex -20.1199 8.21456 -20
  vertex -18.94 6.59056 -17.2945
  endloop
 endfacet
 facet normal 0.809016 0.587787 3.37347e-06
  outer loop
  vertex -18.8211 6.42691 -17.5816
  vertex -20.1199 8.21456 -20
  vertex -18.8829 6.51197 -17.4702
  endloop
 endfacet
 facet normal 0.808529 0.588456 0.00075922
  outer loop
  vertex -18.8017 6.4003 -17.6164
  vertex -20.1199 8.21456 -20
  vertex -18.8211 6.42691 -17.5816
  endloop
 endfacet
 facet normal 0.809453 0.587185 -0.00071912
  outer loop
  vertex -18.7779 6.36746 -17.642
  vertex -20.1199 8.21456 -20
  vertex -18.8017 6.4003 -17.6164
  endloop
 endfacet
 facet normal 0.809031 0.587765 -2.47699e-05
  outer loop
  vertex -18.7017 6.26257 -17.7239
  vertex -20.1199 8.21456 -20
  vertex -18.7779 6.36746 -17.642
  endloop
 endfacet
 facet normal 0.809235 0.587485 0.000113866
  outer loop
  vertex -18.3518 5.78104 -20
  vertex -18.7017 6.26257 -17.7239
  vertex -18.6748 6.22552 -17.7387
  endloop
 endfacet
 facet normal 0.809038 0.587756 3.25238e-05
  outer loop
  vertex -18.3518 5.78104 -20
  vertex -18.6748 6.22552 -17.7387
  vertex -18.589 6.10742 -17.7858
  endloop
 endfacet
 facet normal 0.808916 0.587925 -5.42541e-06
  outer loop
  vertex -18.3518 5.78104 -20
  vertex -18.589 6.10742 -17.7858
  vertex -18.499 5.98359 -17.7954
  endloop
 endfacet
 facet normal 0.80921 0.587519 5.14921e-05
  outer loop
  vertex -18.3518 5.78104 -20
  vertex -18.499 5.98359 -17.7954
  vertex -18.4707 5.94461 -17.7984
  endloop
 endfacet
 facet normal 0.808949 0.587879 1.05923e-05
  outer loop
  vertex -18.3518 5.78104 -20
  vertex -18.4707 5.94461 -17.7984
  vertex -18.4428 5.90622 -17.7894
  endloop
 endfacet
 facet normal 0.80908 0.587698 2.62658e-05
  outer loop
  vertex -18.3518 5.78104 -20
  vertex -18.4428 5.90622 -17.7894
  vertex -18.3543 5.78438 -17.7608
  endloop
 endfacet
 facet normal 0.800713 0.599048 0
  outer loop
  vertex -18.3518 5.78104 -20
  vertex -18.3543 5.78438 -17.7608
  vertex -18.3518 5.78104 -17.7589
  endloop
 endfacet
 facet normal 0.80901 0.587795 1.38161e-05
  outer loop
  vertex -18.7017 6.26257 -17.7239
  vertex -18.3518 5.78104 -20
  vertex -20.1199 8.21456 -20
  endloop
 endfacet
 facet normal -0.535826 0.844329 0
  outer loop
  vertex -33.9769 10.8579 -20
  vertex -36.5166 9.24616 -14
  vertex -33.9769 10.8579 -14
  endloop
 endfacet
 facet normal -0.535826 0.844329 0
  outer loop
  vertex -36.5166 9.24616 -14
  vertex -33.9769 10.8579 -20
  vertex -36.5166 9.24616 -20
  endloop
 endfacet
 facet normal -0.876309 -0.48175 0
  outer loop
  vertex -38.5757 -7.05342 -20
  vertex -40.0248 -4.41749 -14
  vertex -40.0248 -4.41749 -20
  endloop
 endfacet
 facet normal -0.876309 -0.48175 0
  outer loop
  vertex -40.0248 -4.41749 -14
  vertex -38.5757 -7.05342 -20
  vertex -38.5757 -7.05342 -14
  endloop
 endfacet
 facet normal 0.425797 0.904819 0
  outer loop
  vertex -22.4376 10.1319 -20
  vertex -25.1593 11.4127 -14
  vertex -22.4376 10.1319 -14
  endloop
 endfacet
 facet normal 0.425797 0.904819 0
  outer loop
  vertex -25.1593 11.4127 -14
  vertex -22.4376 10.1319 -20
  vertex -25.1593 11.4127 -20
  endloop
 endfacet
 facet normal -0.309008 0.951059 0
  outer loop
  vertex -31.1161 11.7874 -20
  vertex -33.9769 10.8579 -14
  vertex -31.1161 11.7874 -14
  endloop
 endfacet
 facet normal -0.309008 0.951059 0
  outer loop
  vertex -33.9769 10.8579 -14
  vertex -31.1161 11.7874 -20
  vertex -33.9769 10.8579 -20
  endloop
 endfacet
 facet normal 0.187369 0.98229 0
  outer loop
  vertex -25.1593 11.4127 -20
  vertex -28.114 11.9763 -14
  vertex -25.1593 11.4127 -14
  endloop
 endfacet
 facet normal 0.187369 0.98229 0
  outer loop
  vertex -28.114 11.9763 -14
  vertex -25.1593 11.4127 -20
  vertex -28.114 11.9763 -20
  endloop
 endfacet
 facet normal -0.728972 -0.684543 0
  outer loop
  vertex -36.5166 -9.24616 -20
  vertex -38.5757 -7.05342 -14
  vertex -38.5757 -7.05342 -20
  endloop
 endfacet
 facet normal -0.728972 -0.684543 0
  outer loop
  vertex -38.5757 -7.05342 -14
  vertex -36.5166 -9.24616 -20
  vertex -36.5166 -9.24616 -14
  endloop
 endfacet
 facet normal -0.876309 0.48175 0
  outer loop
  vertex -40.0248 4.41749 -20
  vertex -38.5757 7.05342 -14
  vertex -38.5757 7.05342 -20
  endloop
 endfacet
 facet normal -0.876309 0.48175 0
  outer loop
  vertex -38.5757 7.05342 -14
  vertex -40.0248 4.41749 -20
  vertex -40.0248 4.41749 -14
  endloop
 endfacet
 facet normal -0.309008 -0.951059 0
  outer loop
  vertex -33.9769 -10.8579 -20
  vertex -31.1161 -11.7874 -14
  vertex -33.9769 -10.8579 -14
  endloop
 endfacet
 facet normal -0.309008 -0.951059 0
  outer loop
  vertex -31.1161 -11.7874 -14
  vertex -33.9769 -10.8579 -20
  vertex -31.1161 -11.7874 -20
  endloop
 endfacet
 facet normal 0.929768 -0.368146 0
  outer loop
  vertex -17.2445 -2.98428 -14
  vertex -18.1477 -5.26535 -17
  vertex -17.2445 -2.98428 -20
  endloop
 endfacet
 facet normal 0.929821 -0.368012 -0.000117625
  outer loop
  vertex -17.2445 -2.98428 -14
  vertex -18.1548 -5.28334 -16.8485
  vertex -18.1477 -5.26535 -17
  endloop
 endfacet
 facet normal 0.929988 -0.367591 -0.000511651
  outer loop
  vertex -17.2445 -2.98428 -14
  vertex -18.157 -5.28897 -16.801
  vertex -18.1548 -5.28334 -16.8485
  endloop
 endfacet
 facet normal 0.929483 -0.368864 0.000700495
  outer loop
  vertex -17.2445 -2.98428 -14
  vertex -18.1636 -5.30552 -16.7566
  vertex -18.157 -5.28897 -16.801
  endloop
 endfacet
 facet normal 0.929811 -0.368036 -0.000105414
  outer loop
  vertex -17.2445 -2.98428 -14
  vertex -18.1845 -5.35836 -16.6146
  vertex -18.1636 -5.30552 -16.7566
  endloop
 endfacet
 facet normal 0.929743 -0.368208 7.59561e-05
  outer loop
  vertex -17.2445 -2.98428 -14
  vertex -18.2179 -5.44267 -16.4911
  vertex -18.1845 -5.35836 -16.6146
  endloop
 endfacet
 facet normal 0.930163 -0.367146 -0.0011372
  outer loop
  vertex -17.2445 -2.98428 -14
  vertex -18.2283 -5.46914 -16.4524
  vertex -18.2179 -5.44267 -16.4911
  endloop
 endfacet
 facet normal 0.92952 -0.36877 0.00076446
  outer loop
  vertex -17.2445 -2.98428 -14
  vertex -18.2421 -5.50386 -16.4218
  vertex -18.2283 -5.46914 -16.4524
  endloop
 endfacet
 facet normal 0.929778 -0.368121 -1.56892e-05
  outer loop
  vertex -18.3518 -5.78104 -14
  vertex -18.2421 -5.50386 -16.4218
  vertex -17.2445 -2.98428 -14
  endloop
 endfacet
 facet normal 0.929927 -0.367743 3.42518e-05
  outer loop
  vertex -18.2421 -5.50386 -16.4218
  vertex -18.3518 -5.78104 -14
  vertex -18.2858 -5.61436 -16.3245
  endloop
 endfacet
 facet normal 0.929586 -0.368606 -3.7302e-05
  outer loop
  vertex -18.2858 -5.61436 -16.3245
  vertex -18.3518 -5.78104 -14
  vertex -18.3372 -5.74399 -16.2596
  endloop
 endfacet
 facet normal 0.930364 -0.366638 0
  outer loop
  vertex -18.3372 -5.74399 -16.2596
  vertex -18.3518 -5.78104 -14
  vertex -18.3518 -5.78104 -16.2411
  endloop
 endfacet
 facet normal 0.929821 -0.368012 0.000117898
  outer loop
  vertex -18.1548 -5.28334 -17.1515
  vertex -17.2445 -2.98428 -20
  vertex -18.1477 -5.26535 -17
  endloop
 endfacet
 facet normal 0.929988 -0.367589 0.000512225
  outer loop
  vertex -18.157 -5.28897 -17.199
  vertex -17.2445 -2.98428 -20
  vertex -18.1548 -5.28334 -17.1515
  endloop
 endfacet
 facet normal 0.929483 -0.368864 -0.000700686
  outer loop
  vertex -18.1636 -5.30552 -17.2434
  vertex -17.2445 -2.98428 -20
  vertex -18.157 -5.28897 -17.199
  endloop
 endfacet
 facet normal 0.929811 -0.368036 0.000105523
  outer loop
  vertex -18.1845 -5.35836 -17.3854
  vertex -17.2445 -2.98428 -20
  vertex -18.1636 -5.30552 -17.2434
  endloop
 endfacet
 facet normal 0.929743 -0.368209 -7.56189e-05
  outer loop
  vertex -18.2179 -5.44267 -17.5089
  vertex -17.2445 -2.98428 -20
  vertex -18.1845 -5.35836 -17.3854
  endloop
 endfacet
 facet normal 0.930163 -0.367146 0.00113717
  outer loop
  vertex -18.2283 -5.46914 -17.5476
  vertex -17.2445 -2.98428 -20
  vertex -18.2179 -5.44267 -17.5089
  endloop
 endfacet
 facet normal 0.929521 -0.368769 -0.000765427
  outer loop
  vertex -18.2421 -5.50386 -17.5782
  vertex -17.2445 -2.98428 -20
  vertex -18.2283 -5.46914 -17.5476
  endloop
 endfacet
 facet normal 0.929927 -0.367743 -3.42554e-05
  outer loop
  vertex -18.3518 -5.78104 -20
  vertex -18.2421 -5.50386 -17.5782
  vertex -18.2858 -5.61436 -17.6755
  endloop
 endfacet
 facet normal 0.929586 -0.368606 3.73013e-05
  outer loop
  vertex -18.3518 -5.78104 -20
  vertex -18.2858 -5.61436 -17.6755
  vertex -18.3372 -5.74399 -17.7404
  endloop
 endfacet
 facet normal 0.930364 -0.366638 0
  outer loop
  vertex -18.3518 -5.78104 -20
  vertex -18.3372 -5.74399 -17.7404
  vertex -18.3518 -5.78104 -17.7589
  endloop
 endfacet
 facet normal 0.929778 -0.368121 1.56892e-05
  outer loop
  vertex -18.2421 -5.50386 -17.5782
  vertex -18.3518 -5.78104 -20
  vertex -17.2445 -2.98428 -20
  endloop
 endfacet
 facet normal 0.425797 -0.904819 0
  outer loop
  vertex -25.1593 -11.4127 -20
  vertex -22.4376 -10.1319 -14
  vertex -25.1593 -11.4127 -14
  endloop
 endfacet
 facet normal 0.425797 -0.904819 0
  outer loop
  vertex -22.4376 -10.1319 -14
  vertex -25.1593 -11.4127 -20
  vertex -22.4376 -10.1319 -20
  endloop
 endfacet
 facet normal -0.0627984 -0.998026 0
  outer loop
  vertex -31.1161 -11.7874 -20
  vertex -28.114 -11.9763 -14
  vertex -31.1161 -11.7874 -14
  endloop
 endfacet
 facet normal -0.0627984 -0.998026 0
  outer loop
  vertex -28.114 -11.9763 -14
  vertex -31.1161 -11.7874 -20
  vertex -28.114 -11.9763 -20
  endloop
 endfacet
 facet normal 0 0 -1
  outer loop
  vertex -17.2445 -2.98428 -20
  vertex -17.2445 2.98428 -20
  vertex -16.8675 1.03628e-07 -20
  endloop
 endfacet
 facet normal 0 0 -1
  outer loop
  vertex -18.3518 -5.78104 -20
  vertex -17.2445 2.98428 -20
  vertex -17.2445 -2.98428 -20
  endloop
 endfacet
 facet normal 0 0 -1
  outer loop
  vertex -18.3518 -5.78104 -20
  vertex -18.3518 5.78104 -20
  vertex -17.2445 2.98428 -20
  endloop
 endfacet
 facet normal 0 0 -1
  outer loop
  vertex -20.1199 -8.21456 -20
  vertex -18.3518 5.78104 -20
  vertex -18.3518 -5.78104 -20
  endloop
 endfacet
 facet normal 0 0 -1
  outer loop
  vertex -20.1199 -8.21456 -20
  vertex -20.1199 8.21456 -20
  vertex -18.3518 5.78104 -20
  endloop
 endfacet
 facet normal 0 0 -1
  outer loop
  vertex -22.4376 -10.1319 -20
  vertex -20.1199 8.21456 -20
  vertex -20.1199 -8.21456 -20
  endloop
 endfacet
 facet normal 0 0 -1
  outer loop
  vertex -22.4376 -10.1319 -20
  vertex -22.4376 10.1319 -20
  vertex -20.1199 8.21456 -20
  endloop
 endfacet
 facet normal 0 0 -1
  outer loop
  vertex -25.1593 -11.4127 -20
  vertex -22.4376 10.1319 -20
  vertex -22.4376 -10.1319 -20
  endloop
 endfacet
 facet normal 0 0 -1
  outer loop
  vertex -25.1593 -11.4127 -20
  vertex -25.1593 11.4127 -20
  vertex -22.4376 10.1319 -20
  endloop
 endfacet
 facet normal 0 0 -1
  outer loop
  vertex -28.114 -11.9763 -20
  vertex -25.1593 11.4127 -20
  vertex -25.1593 -11.4127 -20
  endloop
 endfacet
 facet normal 0 0 -1
  outer loop
  vertex -28.114 -11.9763 -20
  vertex -28.114 11.9763 -20
  vertex -25.1593 11.4127 -20
  endloop
 endfacet
 facet normal 0 0 -1
  outer loop
  vertex -31.1161 -11.7874 -20
  vertex -28.114 11.9763 -20
  vertex -28.114 -11.9763 -20
  endloop
 endfacet
 facet normal 0 0 -1
  outer loop
  vertex -31.1161 -11.7874 -20
  vertex -31.1161 11.7874 -20
  vertex -28.114 11.9763 -20
  endloop
 endfacet
 facet normal 0 0 -1
  outer loop
  vertex -33.9769 -10.8579 -20
  vertex -31.1161 11.7874 -20
  vertex -31.1161 -11.7874 -20
  endloop
 endfacet
 facet normal 0 0 -1
  outer loop
  vertex -33.9769 -10.8579 -20
  vertex -33.9769 10.8579 -20
  vertex -31.1161 11.7874 -20
  endloop
 endfacet
 facet normal 0 0 -1
  outer loop
  vertex -36.5166 -9.24616 -20
  vertex -33.9769 10.8579 -20
  vertex -33.9769 -10.8579 -20
  endloop
 endfacet
 facet normal 0 0 -1
  outer loop
  vertex -36.5166 -9.24616 -20
  vertex -36.5166 9.24616 -20
  vertex -33.9769 10.8579 -20
  endloop
 endfacet
 facet normal 0 0 -1
  outer loop
  vertex -38.5757 -7.05342 -20
  vertex -36.5166 9.24616 -20
  vertex -36.5166 -9.24616 -20
  endloop
 endfacet
 facet normal 0 0 -1
  outer loop
  vertex -38.5757 -7.05342 -20
  vertex -38.5757 7.05342 -20
  vertex -36.5166 9.24616 -20
  endloop
 endfacet
 facet normal 0 0 -1
  outer loop
  vertex -40.0248 -4.41749 -20
  vertex -38.5757 7.05342 -20
  vertex -38.5757 -7.05342 -20
  endloop
 endfacet
 facet normal 0 0 -1
  outer loop
  vertex -40.0248 -4.41749 -20
  vertex -40.0248 4.41749 -20
  vertex -38.5757 7.05342 -20
  endloop
 endfacet
 facet normal 0 0 -1
  outer loop
  vertex -40.7729 -1.504 -20
  vertex -40.0248 4.41749 -20
  vertex -40.0248 -4.41749 -20
  endloop
 endfacet
 facet normal 0 0 -1
  outer loop
  vertex -40.0248 4.41749 -20
  vertex -40.7729 -1.504 -20
  vertex -40.7729 1.504 -20
  endloop
 endfacet
 facet normal -0.96858 0.248703 0
  outer loop
  vertex -40.7729 1.504 -20
  vertex -40.0248 4.41749 -14
  vertex -40.0248 4.41749 -20
  endloop
 endfacet
 facet normal -0.96858 0.248703 0
  outer loop
  vertex -40.0248 4.41749 -14
  vertex -40.7729 1.504 -20
  vertex -40.7729 1.504 -14
  endloop
 endfacet
 facet normal -0.000520617 0.000133679 1
  outer loop
  vertex -40.0248 4.41749 -14
  vertex -40.7729 1.504 -14
  vertex -34.4462 2.20875 -13.9968
  endloop
 endfacet
 facet normal 0.000434844 -0.000315941 1
  outer loop
  vertex -18.3518 -5.78104 -14
  vertex -24.4937 -4.10728 -13.9968
  vertex -20.1199 -8.21456 -14
  endloop
 endfacet
 facet normal 0.000228866 0.000486341 1
  outer loop
  vertex -25.1593 11.4127 -14
  vertex -27.0134 5.70634 -13.9968
  vertex -22.4376 10.1319 -14
  endloop
 endfacet
 facet normal 0.000228862 0.000486345 1
  outer loop
  vertex -22.4376 10.1319 -14
  vertex -27.0134 5.70634 -13.9968
  vertex -25.6525 5.06597 -13.9968
  endloop
 endfacet
 facet normal -0.000391836 -0.000367937 1
  outer loop
  vertex -33.7216 -3.52671 -13.9968
  vertex -36.5166 -9.24616 -14
  vertex -32.6921 -4.62308 -13.9968
  endloop
 endfacet
 facet normal -0.000391832 -0.000367939 1
  outer loop
  vertex -36.5166 -9.24616 -14
  vertex -33.7216 -3.52671 -13.9968
  vertex -38.5757 -7.05342 -14
  endloop
 endfacet
 facet normal -0.000288008 -0.000453829 1
  outer loop
  vertex -32.6921 -4.62308 -13.9968
  vertex -36.5166 -9.24616 -14
  vertex -33.9769 -10.8579 -14
  endloop
 endfacet
 facet normal -0.000288001 0.000453831 1
  outer loop
  vertex -31.4222 5.42896 -13.9968
  vertex -33.9769 10.8579 -14
  vertex -32.6921 4.62308 -13.9968
  endloop
 endfacet
 facet normal 0.000342631 0.000414149 1
  outer loop
  vertex -22.4376 10.1319 -14
  vertex -25.6525 5.06597 -13.9968
  vertex -24.4937 4.10728 -13.9968
  endloop
 endfacet
 facet normal 0.000342625 0.000414151 1
  outer loop
  vertex -22.4376 10.1319 -14
  vertex -24.4937 4.10728 -13.9968
  vertex -20.1199 8.21456 -14
  endloop
 endfacet
 facet normal -3.37544e-05 0.000536443 1
  outer loop
  vertex -28.114 11.9763 -14
  vertex -31.1161 11.7874 -14
  vertex -28.4908 5.98816 -13.9968
  endloop
 endfacet
 facet normal 0.000434844 0.000315941 1
  outer loop
  vertex -20.1199 8.21456 -14
  vertex -24.4937 4.10728 -13.9968
  vertex -18.3518 5.78104 -14
  endloop
 endfacet
 facet normal 0.000499745 0.000197878 1
  outer loop
  vertex -18.3518 5.78104 -14
  vertex -23.6097 2.89052 -13.9968
  vertex -23.056 1.49214 -13.9968
  endloop
 endfacet
 facet normal 0.000342614 -0.000414155 1
  outer loop
  vertex -20.1199 -8.21456 -14
  vertex -24.4937 -4.10728 -13.9968
  vertex -22.4376 -10.1319 -14
  endloop
 endfacet
 facet normal -0.000166093 0.000511198 1
  outer loop
  vertex -31.1161 11.7874 -14
  vertex -33.9769 10.8579 -14
  vertex -29.9918 5.89372 -13.9968
  endloop
 endfacet
 facet normal -0.000288006 -0.00045383 1
  outer loop
  vertex -32.6921 -4.62308 -13.9968
  vertex -33.9769 -10.8579 -14
  vertex -31.4222 -5.42896 -13.9968
  endloop
 endfacet
 facet normal 0.000228866 -0.000486341 1
  outer loop
  vertex -22.4376 -10.1319 -14
  vertex -27.0134 -5.70634 -13.9968
  vertex -25.1593 -11.4127 -14
  endloop
 endfacet
 facet normal -0.0005375 0 1
  outer loop
  vertex -40.7729 1.504 -14
  vertex -34.8202 -0.751999 -13.9968
  vertex -34.8202 0.751999 -13.9968
  endloop
 endfacet
 facet normal -0.0005375 0 1
  outer loop
  vertex -34.8202 -0.751999 -13.9968
  vertex -40.7729 1.504 -14
  vertex -40.7729 -1.504 -14
  endloop
 endfacet
 facet normal 0.000499745 -0.000197878 1
  outer loop
  vertex -23.056 -1.49214 -13.9968
  vertex -23.6097 -2.89052 -13.9968
  vertex -18.3518 -5.78104 -14
  endloop
 endfacet
 facet normal 0.000228862 -0.000486345 1
  outer loop
  vertex -25.6525 -5.06597 -13.9968
  vertex -27.0134 -5.70634 -13.9968
  vertex -22.4376 -10.1319 -14
  endloop
 endfacet
 facet normal -0.000391836 0.000367937 1
  outer loop
  vertex -36.5166 9.24616 -14
  vertex -33.7216 3.52671 -13.9968
  vertex -32.6921 4.62308 -13.9968
  endloop
 endfacet
 facet normal -0.000391832 0.000367939 1
  outer loop
  vertex -33.7216 3.52671 -13.9968
  vertex -36.5166 9.24616 -14
  vertex -38.5757 7.05342 -14
  endloop
 endfacet
 facet normal -0.000288004 0.00045383 1
  outer loop
  vertex -33.9769 10.8579 -14
  vertex -36.5166 9.24616 -14
  vertex -32.6921 4.62308 -13.9968
  endloop
 endfacet
 facet normal -3.37544e-05 -0.000536443 1
  outer loop
  vertex -28.4908 -5.98816 -13.9968
  vertex -31.1161 -11.7874 -14
  vertex -28.114 -11.9763 -14
  endloop
 endfacet
 facet normal 0.000434845 0.000315936 1
  outer loop
  vertex -18.3518 5.78104 -14
  vertex -24.4937 4.10728 -13.9968
  vertex -23.6097 2.89052 -13.9968
  endloop
 endfacet
 facet normal -0.000166093 -0.000511198 1
  outer loop
  vertex -29.9918 -5.89372 -13.9968
  vertex -33.9769 -10.8579 -14
  vertex -31.1161 -11.7874 -14
  endloop
 endfacet
 facet normal -3.37536e-05 0.000536443 1
  outer loop
  vertex -28.4908 5.98816 -13.9968
  vertex -31.1161 11.7874 -14
  vertex -29.9918 5.89372 -13.9968
  endloop
 endfacet
 facet normal 0.000499749 -0.000197874 1
  outer loop
  vertex -17.2445 -2.98428 -14
  vertex -23.056 -1.49214 -13.9968
  vertex -18.3518 -5.78104 -14
  endloop
 endfacet
 facet normal 0.000499749 0.000197873 1
  outer loop
  vertex -18.3518 5.78104 -14
  vertex -23.056 1.49214 -13.9968
  vertex -17.2445 2.98428 -14
  endloop
 endfacet
 facet normal -0.000471007 0.000258955 1
  outer loop
  vertex -38.5757 7.05342 -14
  vertex -34.4462 2.20875 -13.9968
  vertex -33.7216 3.52671 -13.9968
  endloop
 endfacet
 facet normal -0.000471012 0.000258951 1
  outer loop
  vertex -34.4462 2.20875 -13.9968
  vertex -38.5757 7.05342 -14
  vertex -40.0248 4.41749 -14
  endloop
 endfacet
 facet normal 0.000434845 -0.000315936 1
  outer loop
  vertex -23.6097 -2.89052 -13.9968
  vertex -24.4937 -4.10728 -13.9968
  vertex -18.3518 -5.78104 -14
  endloop
 endfacet
 facet normal 0.000100711 -0.000527981 1
  outer loop
  vertex -27.0134 -5.70634 -13.9968
  vertex -28.114 -11.9763 -14
  vertex -25.1593 -11.4127 -14
  endloop
 endfacet
 facet normal 0.000100712 -0.000527981 1
  outer loop
  vertex -28.114 -11.9763 -14
  vertex -27.0134 -5.70634 -13.9968
  vertex -28.4908 -5.98816 -13.9968
  endloop
 endfacet
 facet normal 0.000533263 -6.73662e-05 1
  outer loop
  vertex -22.8675 1.03628e-07 -13.9968
  vertex -17.2445 -2.98428 -14
  vertex -16.8675 1.03628e-07 -14
  endloop
 endfacet
 facet normal 0.000533263 -6.73662e-05 1
  outer loop
  vertex -17.2445 -2.98428 -14
  vertex -22.8675 1.03628e-07 -13.9968
  vertex -23.056 -1.49214 -13.9968
  endloop
 endfacet
 facet normal -0.000166094 0.000511197 1
  outer loop
  vertex -29.9918 5.89372 -13.9968
  vertex -33.9769 10.8579 -14
  vertex -31.4222 5.42896 -13.9968
  endloop
 endfacet
 facet normal -3.37536e-05 -0.000536443 1
  outer loop
  vertex -29.9918 -5.89372 -13.9968
  vertex -31.1161 -11.7874 -14
  vertex -28.4908 -5.98816 -13.9968
  endloop
 endfacet
 facet normal -0.000166094 -0.000511197 1
  outer loop
  vertex -31.4222 -5.42896 -13.9968
  vertex -33.9769 -10.8579 -14
  vertex -29.9918 -5.89372 -13.9968
  endloop
 endfacet
 facet normal 0.00034262 -0.000414153 1
  outer loop
  vertex -24.4937 -4.10728 -13.9968
  vertex -25.6525 -5.06597 -13.9968
  vertex -22.4376 -10.1319 -14
  endloop
 endfacet
 facet normal -0.000520616 0.000133673 1
  outer loop
  vertex -34.4462 2.20875 -13.9968
  vertex -40.7729 1.504 -14
  vertex -34.8202 0.751999 -13.9968
  endloop
 endfacet
 facet normal 0.000533263 6.73662e-05 1
  outer loop
  vertex -17.2445 2.98428 -14
  vertex -22.8675 1.03628e-07 -13.9968
  vertex -16.8675 1.03628e-07 -14
  endloop
 endfacet
 facet normal 0.000533263 6.73662e-05 1
  outer loop
  vertex -22.8675 1.03628e-07 -13.9968
  vertex -17.2445 2.98428 -14
  vertex -23.056 1.49214 -13.9968
  endloop
 endfacet
 facet normal 0.000100711 0.000527981 1
  outer loop
  vertex -28.114 11.9763 -14
  vertex -27.0134 5.70634 -13.9968
  vertex -25.1593 11.4127 -14
  endloop
 endfacet
 facet normal 0.000100712 0.000527981 1
  outer loop
  vertex -27.0134 5.70634 -13.9968
  vertex -28.114 11.9763 -14
  vertex -28.4908 5.98816 -13.9968
  endloop
 endfacet
 facet normal -0.000520615 -0.000133661 1
  outer loop
  vertex -34.8202 -0.751999 -13.9968
  vertex -40.7729 -1.504 -14
  vertex -34.4462 -2.20875 -13.9968
  endloop
 endfacet
 facet normal -0.000471007 -0.000258955 1
  outer loop
  vertex -34.4462 -2.20875 -13.9968
  vertex -38.5757 -7.05342 -14
  vertex -33.7216 -3.52671 -13.9968
  endloop
 endfacet
 facet normal -0.000471012 -0.000258951 1
  outer loop
  vertex -38.5757 -7.05342 -14
  vertex -34.4462 -2.20875 -13.9968
  vertex -40.0248 -4.41749 -14
  endloop
 endfacet
 facet normal -0.000520616 -0.000133667 1
  outer loop
  vertex -34.4462 -2.20875 -13.9968
  vertex -40.7729 -1.504 -14
  vertex -40.0248 -4.41749 -14
  endloop
 endfacet
 facet normal 0.929596 0.368579 0
  outer loop
  vertex -23.6097 2.89052 12
  vertex -23.5644 2.77627 10.7608
  vertex -23.6097 2.89052 10.784
  endloop
 endfacet
 facet normal 0.929821 0.368012 6.05648e-05
  outer loop
  vertex -23.6097 2.89052 12
  vertex -23.4969 2.60574 10.6755
  vertex -23.5644 2.77627 10.7608
  endloop
 endfacet
 facet normal 0.929767 0.368149 2.654e-05
  outer loop
  vertex -23.056 1.49214 12
  vertex -23.4969 2.60574 10.6755
  vertex -23.6097 2.89052 12
  endloop
 endfacet
 facet normal 0.929739 0.368218 9.42006e-05
  outer loop
  vertex -23.4969 2.60574 10.6755
  vertex -23.056 1.49214 12
  vertex -23.4462 2.47775 10.5628
  endloop
 endfacet
 facet normal 0.930035 0.367471 -0.000498494
  outer loop
  vertex -23.4462 2.47775 10.5628
  vertex -23.056 1.49214 12
  vertex -23.4394 2.46052 10.5476
  endloop
 endfacet
 facet normal 0.929815 0.368026 -6.99744e-05
  outer loop
  vertex -23.4394 2.46052 10.5476
  vertex -23.056 1.49214 12
  vertex -23.4342 2.44738 10.5284
  endloop
 endfacet
 facet normal 0.929873 0.367879 -0.000180379
  outer loop
  vertex -23.4342 2.44738 10.5284
  vertex -23.056 1.49214 12
  vertex -23.3956 2.34974 10.3854
  endloop
 endfacet
 facet normal 0.929609 0.368547 0.000229545
  outer loop
  vertex -23.3956 2.34974 10.3854
  vertex -23.056 1.49214 12
  vertex -23.3713 2.28855 10.221
  endloop
 endfacet
 facet normal 0.929604 0.36856 0.000203226
  outer loop
  vertex -23.367 2.27757 10.1755
  vertex -23.056 1.49214 12
  vertex -23.3587 2.25673 10
  endloop
 endfacet
 facet normal 0.929817 0.368022 -6.73435e-05
  outer loop
  vertex -23.3681 2.28035 10.199
  vertex -23.056 1.49214 12
  vertex -23.367 2.27757 10.1755
  endloop
 endfacet
 facet normal 0.930591 0.366059 -0.00105798
  outer loop
  vertex -23.3713 2.28855 10.221
  vertex -23.056 1.49214 12
  vertex -23.3681 2.28035 10.199
  endloop
 endfacet
 facet normal 0.929598 0.368574 -2.96807e-05
  outer loop
  vertex -23.056 1.49214 -13.9968
  vertex -23.6097 2.89052 9.21597
  vertex -23.5644 2.77627 9.23915
  endloop
 endfacet
 facet normal 0.92981 0.36804 4.50492e-06
  outer loop
  vertex -23.056 1.49214 -13.9968
  vertex -23.5644 2.77627 9.23915
  vertex -23.4969 2.60574 9.32454
  endloop
 endfacet
 facet normal 0.929714 0.368283 -8.93494e-06
  outer loop
  vertex -23.056 1.49214 -13.9968
  vertex -23.4969 2.60574 9.32454
  vertex -23.4462 2.47775 9.43719
  endloop
 endfacet
 facet normal 0.930172 0.367124 4.73362e-05
  outer loop
  vertex -23.056 1.49214 -13.9968
  vertex -23.4462 2.47775 9.43719
  vertex -23.4394 2.46052 9.45236
  endloop
 endfacet
 facet normal 0.929846 0.367949 8.05693e-06
  outer loop
  vertex -23.056 1.49214 -13.9968
  vertex -23.4394 2.46052 9.45236
  vertex -23.4342 2.44738 9.4716
  endloop
 endfacet
 facet normal 0.929953 0.367677 2.08313e-05
  outer loop
  vertex -23.056 1.49214 -13.9968
  vertex -23.4342 2.44738 9.4716
  vertex -23.3956 2.34974 9.6146
  endloop
 endfacet
 facet normal 0.92943 0.368999 -3.4707e-05
  outer loop
  vertex -23.056 1.49214 -13.9968
  vertex -23.3956 2.34974 9.6146
  vertex -23.3713 2.28855 9.77903
  endloop
 endfacet
 facet normal 0.93141 0.363972 0.000160019
  outer loop
  vertex -23.056 1.49214 -13.9968
  vertex -23.3713 2.28855 9.77903
  vertex -23.3681 2.28035 9.80105
  endloop
 endfacet
 facet normal 0.929646 0.368453 0.000125186
  outer loop
  vertex -23.056 1.49214 12
  vertex -23.3681 2.28035 9.80105
  vertex -23.367 2.27757 9.82453
  endloop
 endfacet
 facet normal 0.930132 0.367226 -0.000386654
  outer loop
  vertex -23.056 1.49214 12
  vertex -23.367 2.27757 9.82453
  vertex -23.3587 2.25673 10
  endloop
 endfacet
 facet normal 0.929766 0.36815 0
  outer loop
  vertex -23.3681 2.28035 9.80105
  vertex -23.056 1.49214 12
  vertex -23.056 1.49214 -13.9968
  endloop
 endfacet
 facet normal 0.929767 0.368149 0
  outer loop
  vertex -23.6097 2.89052 9.21597
  vertex -23.056 1.49214 -13.9968
  vertex -23.6097 2.89052 -13.9968
  endloop
 endfacet
 facet normal 0.991915 0.126904 -0.000141896
  outer loop
  vertex -23.056 1.49214 12
  vertex -22.966 0.779913 4.16345
  vertex -22.9686 0.799999 3.95414
  endloop
 endfacet
 facet normal 0.992117 0.125315 0
  outer loop
  vertex -23.056 1.49214 12
  vertex -22.9654 0.774866 9.80105
  vertex -22.9654 0.774866 4.21603
  endloop
 endfacet
 facet normal 0.992591 0.121502 0.000356704
  outer loop
  vertex -23.056 1.49214 12
  vertex -22.9654 0.774866 4.21603
  vertex -22.966 0.779913 4.16345
  endloop
 endfacet
 facet normal 0.992157 0.124995 0
  outer loop
  vertex -22.9561 0.701045 4.4559
  vertex -22.9654 0.774866 9.80105
  vertex -22.9561 0.701045 9.6146
  endloop
 endfacet
 facet normal 0.992157 0.124995 0
  outer loop
  vertex -22.9654 0.774866 9.80105
  vertex -22.9561 0.701045 4.4559
  vertex -22.9654 0.774866 4.21603
  endloop
 endfacet
 facet normal 0.992157 0.124998 0
  outer loop
  vertex -22.9561 0.701045 9.6146
  vertex -22.9532 0.678019 4.49551
  vertex -22.9561 0.701045 4.4559
  endloop
 endfacet
 facet normal 0.992104 0.125414 0
  outer loop
  vertex -22.9412 0.583175 4.65867
  vertex -22.9561 0.701045 9.6146
  vertex -22.9412 0.583175 9.45236
  endloop
 endfacet
 facet normal 0.992092 0.12551 -2.31587e-06
  outer loop
  vertex -22.9561 0.701045 9.6146
  vertex -22.9412 0.583175 4.65867
  vertex -22.9532 0.678019 4.49551
  endloop
 endfacet
 facet normal 0.992106 0.125399 0
  outer loop
  vertex -22.9412 0.583175 9.45236
  vertex -22.9254 0.458168 4.78239
  vertex -22.9412 0.583175 4.65867
  endloop
 endfacet
 facet normal 0.99213 0.125214 0
  outer loop
  vertex -22.9217 0.428661 4.81159
  vertex -22.9412 0.583175 9.45236
  vertex -22.9217 0.428661 9.32454
  endloop
 endfacet
 facet normal 0.992225 0.124453 2.57223e-05
  outer loop
  vertex -22.9412 0.583175 9.45236
  vertex -22.9217 0.428661 4.81159
  vertex -22.9254 0.458168 4.78239
  endloop
 endfacet
 facet normal 0.992063 0.125745 0
  outer loop
  vertex -22.8987 0.247213 4.90507
  vertex -22.9217 0.428661 9.32454
  vertex -22.8987 0.247213 9.23915
  endloop
 endfacet
 facet normal 0.992063 0.125745 0
  outer loop
  vertex -22.9217 0.428661 9.32454
  vertex -22.8987 0.247213 4.90507
  vertex -22.9217 0.428661 4.81159
  endloop
 endfacet
 facet normal 0.992167 0.124921 0
  outer loop
  vertex -22.8739 0.0502319 9.20158
  vertex -22.8987 0.247213 4.90507
  vertex -22.8987 0.247213 9.23915
  endloop
 endfacet
 facet normal 0.992167 0.124921 0
  outer loop
  vertex -22.8739 0.0502319 9.20158
  vertex -22.8739 0.0502319 4.93323
  vertex -22.8987 0.247213 4.90507
  endloop
 endfacet
 facet normal 0.991983 0.126371 0
  outer loop
  vertex -22.8675 1.03628e-07 9.20474
  vertex -22.8739 0.0502319 4.93323
  vertex -22.8739 0.0502319 9.20158
  endloop
 endfacet
 facet normal 0.992098 0.125466 -1.08166e-05
  outer loop
  vertex -22.8739 0.0502319 4.93323
  vertex -22.8675 1.03628e-07 9.20474
  vertex -22.8691 0.012285 4.92584
  endloop
 endfacet
 facet normal 0.991622 0.129172 0
  outer loop
  vertex -22.8691 0.012285 4.92584
  vertex -22.8675 1.03628e-07 9.20474
  vertex -22.8675 1.03628e-07 4.92345
  endloop
 endfacet
 facet normal 0.992192 0.124723 0.00019589
  outer loop
  vertex -22.9654 0.774866 9.80105
  vertex -23.056 1.49214 12
  vertex -22.9686 0.799999 10
  endloop
 endfacet
 facet normal 0.992089 0.12554 -9.10968e-05
  outer loop
  vertex -23.056 1.49214 12
  vertex -22.9654 0.774866 10.199
  vertex -22.9686 0.799999 10
  endloop
 endfacet
 facet normal 0.992137 0.125155 6.43696e-05
  outer loop
  vertex -23.056 1.49214 12
  vertex -22.9561 0.701045 10.3854
  vertex -22.9654 0.774866 10.199
  endloop
 endfacet
 facet normal 0.992111 0.125362 -3.84636e-05
  outer loop
  vertex -23.056 1.49214 12
  vertex -22.9412 0.583175 10.5476
  vertex -22.9561 0.701045 10.3854
  endloop
 endfacet
 facet normal 0.992126 0.125244 3.68432e-05
  outer loop
  vertex -23.056 1.49214 12
  vertex -22.9217 0.428661 10.6755
  vertex -22.9412 0.583175 10.5476
  endloop
 endfacet
 facet normal 0.992115 0.125332 -3.53782e-05
  outer loop
  vertex -22.8675 1.03628e-07 12
  vertex -22.9217 0.428661 10.6755
  vertex -23.056 1.49214 12
  endloop
 endfacet
 facet normal 0.992056 0.1258 0.000118559
  outer loop
  vertex -22.9217 0.428661 10.6755
  vertex -22.8675 1.03628e-07 12
  vertex -22.8987 0.247213 10.7608
  endloop
 endfacet
 facet normal 0.992168 0.124909 -6.21191e-05
  outer loop
  vertex -22.8987 0.247213 10.7608
  vertex -22.8675 1.03628e-07 12
  vertex -22.8739 0.0502319 10.7984
  endloop
 endfacet
 facet normal 0.991983 0.126371 0
  outer loop
  vertex -22.8739 0.0502319 10.7984
  vertex -22.8675 1.03628e-07 12
  vertex -22.8675 1.03628e-07 10.7953
  endloop
 endfacet
 facet normal 0.992121 0.125281 0
  outer loop
  vertex -23.056 1.49214 12
  vertex -22.9686 0.799999 3.95414
  vertex -23.056 1.49214 -13.9968
  endloop
 endfacet
 facet normal 0.992034 0.125968 2.69142e-05
  outer loop
  vertex -22.9654 0.774866 3.68668
  vertex -23.056 1.49214 -13.9968
  vertex -22.9686 0.799999 3.95414
  endloop
 endfacet
 facet normal 0.991814 0.127688 9.78288e-05
  outer loop
  vertex -22.9634 0.759366 3.63288
  vertex -23.056 1.49214 -13.9968
  vertex -22.9654 0.774866 3.68668
  endloop
 endfacet
 facet normal 0.99224 0.124339 -4.35929e-05
  outer loop
  vertex -22.9561 0.701045 3.43045
  vertex -23.056 1.49214 -13.9968
  vertex -22.9634 0.759366 3.63288
  endloop
 endfacet
 facet normal 0.992106 0.125404 5.48331e-06
  outer loop
  vertex -22.9412 0.583175 3.20155
  vertex -23.056 1.49214 -13.9968
  vertex -22.9561 0.701045 3.43045
  endloop
 endfacet
 facet normal 0.992129 0.125219 -4.43774e-06
  outer loop
  vertex -22.9217 0.428661 3.01437
  vertex -23.056 1.49214 -13.9968
  vertex -22.9412 0.583175 3.20155
  endloop
 endfacet
 facet normal 0.992114 0.125338 3.15698e-06
  outer loop
  vertex -22.9039 0.287773 2.91055
  vertex -23.056 1.49214 -13.9968
  vertex -22.9217 0.428661 3.01437
  endloop
 endfacet
 facet normal 0.991895 0.127058 0.000127622
  outer loop
  vertex -22.8987 0.247213 2.88067
  vertex -23.056 1.49214 -13.9968
  vertex -22.9039 0.287773 2.91055
  endloop
 endfacet
 facet normal 0.992348 0.123471 -0.000141227
  outer loop
  vertex -22.8932 0.202984 2.86454
  vertex -23.056 1.49214 -13.9968
  vertex -22.8987 0.247213 2.88067
  endloop
 endfacet
 facet normal 0.992112 0.125353 4.97969e-06
  outer loop
  vertex -22.8739 0.0502319 2.80884
  vertex -23.056 1.49214 -13.9968
  vertex -22.8932 0.202984 2.86454
  endloop
 endfacet
 facet normal 0.991878 0.127195 -2.50213e-06
  outer loop
  vertex -22.8675 1.03628e-07 -13.9968
  vertex -22.8739 0.0502319 2.80884
  vertex -22.8681 0.00500101 2.80761
  endloop
 endfacet
 facet normal 0.992905 0.11891 0
  outer loop
  vertex -22.8675 1.03628e-07 -13.9968
  vertex -22.8681 0.00500101 2.80761
  vertex -22.8675 1.03628e-07 2.80748
  endloop
 endfacet
 facet normal 0.992115 0.125334 3.15627e-06
  outer loop
  vertex -22.8739 0.0502319 2.80884
  vertex -22.8675 1.03628e-07 -13.9968
  vertex -23.056 1.49214 -13.9968
  endloop
 endfacet
 facet normal 0.808991 0.587821 0
  outer loop
  vertex -24.153 3.63839 9.89973
  vertex -24.4937 4.10728 12
  vertex -24.153 3.63839 10.1003
  endloop
 endfacet
 facet normal 0.808272 0.588809 -0.000371571
  outer loop
  vertex -24.4937 4.10728 12
  vertex -24.1495 3.6336 10.1232
  vertex -24.153 3.63839 10.1003
  endloop
 endfacet
 facet normal 0.80946 0.587174 0.000257679
  outer loop
  vertex -24.4937 4.10728 12
  vertex -24.1236 3.59782 10.2945
  vertex -24.1495 3.6336 10.1232
  endloop
 endfacet
 facet normal 0.809027 0.587772 -1.47763e-05
  outer loop
  vertex -24.4937 4.10728 12
  vertex -24.0665 3.51923 10.4702
  vertex -24.1236 3.59782 10.2945
  endloop
 endfacet
 facet normal 0.808802 0.588081 -0.000196664
  outer loop
  vertex -24.4937 4.10728 12
  vertex -23.9949 3.4208 10.5991
  vertex -24.0665 3.51923 10.4702
  endloop
 endfacet
 facet normal 0.809355 0.587319 0.000374215
  outer loop
  vertex -24.4937 4.10728 12
  vertex -23.9853 3.40756 10.6164
  vertex -23.9949 3.4208 10.5991
  endloop
 endfacet
 facet normal 0.80866 0.588276 -0.000364798
  outer loop
  vertex -24.4937 4.10728 12
  vertex -23.9734 3.39121 10.6292
  vertex -23.9853 3.40756 10.6164
  endloop
 endfacet
 facet normal 0.809207 0.587524 0.000234984
  outer loop
  vertex -24.4937 4.10728 12
  vertex -23.8853 3.26983 10.7239
  vertex -23.9734 3.39121 10.6292
  endloop
 endfacet
 facet normal 0.807681 0.589617 -0.00186511
  outer loop
  vertex -24.4937 4.10728 12
  vertex -23.8718 3.25136 10.7312
  vertex -23.8853 3.26983 10.7239
  endloop
 endfacet
 facet normal 0.809026 0.587774 3.65296e-05
  outer loop
  vertex -23.6097 2.89052 12
  vertex -23.8718 3.25136 10.7312
  vertex -24.4937 4.10728 12
  endloop
 endfacet
 facet normal 0.809019 0.587783 4.05458e-05
  outer loop
  vertex -23.8718 3.25136 10.7312
  vertex -23.6097 2.89052 12
  vertex -23.7725 3.11468 10.7858
  endloop
 endfacet
 facet normal 0.809074 0.587706 1.90224e-05
  outer loop
  vertex -23.7725 3.11468 10.7858
  vertex -23.6097 2.89052 12
  vertex -23.6684 2.97137 10.7969
  endloop
 endfacet
 facet normal 0.808224 0.588875 0.000138982
  outer loop
  vertex -23.6684 2.97137 10.7969
  vertex -23.6097 2.89052 12
  vertex -23.6542 2.95188 10.7984
  endloop
 endfacet
 facet normal 0.810169 0.586196 -6.98466e-05
  outer loop
  vertex -23.6542 2.95188 10.7984
  vertex -23.6097 2.89052 12
  vertex -23.6403 2.93267 10.7939
  endloop
 endfacet
 facet normal 0.80922 0.587505 0
  outer loop
  vertex -23.6403 2.93267 10.7939
  vertex -23.6097 2.89052 12
  vertex -23.6097 2.89052 10.784
  endloop
 endfacet
 facet normal 0.808991 0.587821 0
  outer loop
  vertex -24.4937 4.10728 12
  vertex -24.153 3.63839 9.89973
  vertex -24.4937 4.10728 -13.9968
  endloop
 endfacet
 facet normal 0.807561 0.589783 5.88824e-05
  outer loop
  vertex -24.1495 3.6336 9.8768
  vertex -24.4937 4.10728 -13.9968
  vertex -24.153 3.63839 9.89973
  endloop
 endfacet
 facet normal 0.809954 0.586494 -4.08835e-05
  outer loop
  vertex -24.1236 3.59782 9.7055
  vertex -24.4937 4.10728 -13.9968
  vertex -24.1495 3.6336 9.8768
  endloop
 endfacet
 facet normal 0.809013 0.587791 1.69192e-06
  outer loop
  vertex -24.0665 3.51923 9.52977
  vertex -24.4937 4.10728 -13.9968
  vertex -24.1236 3.59782 9.7055
  endloop
 endfacet
 facet normal 0.808691 0.588234 1.86175e-05
  outer loop
  vertex -23.9949 3.4208 9.40093
  vertex -24.4937 4.10728 -13.9968
  vertex -24.0665 3.51923 9.52977
  endloop
 endfacet
 facet normal 0.809566 0.587029 -3.53737e-05
  outer loop
  vertex -23.9853 3.40756 9.38359
  vertex -24.4937 4.10728 -13.9968
  vertex -23.9949 3.4208 9.40093
  endloop
 endfacet
 facet normal 0.808535 0.588448 2.95011e-05
  outer loop
  vertex -23.9734 3.39121 9.37084
  vertex -24.4937 4.10728 -13.9968
  vertex -23.9853 3.40756 9.38359
  endloop
 endfacet
 facet normal 0.809287 0.587414 -1.89495e-05
  outer loop
  vertex -23.8853 3.26983 9.27614
  vertex -24.4937 4.10728 -13.9968
  vertex -23.9734 3.39121 9.37084
  endloop
 endfacet
 facet normal 0.807356 0.590065 0.000126958
  outer loop
  vertex -23.8718 3.25136 9.26876
  vertex -24.4937 4.10728 -13.9968
  vertex -23.8853 3.26983 9.27614
  endloop
 endfacet
 facet normal 0.809026 0.587773 -2.03809e-06
  outer loop
  vertex -23.7725 3.11468 9.21417
  vertex -24.4937 4.10728 -13.9968
  vertex -23.8718 3.25136 9.26876
  endloop
 endfacet
 facet normal 0.809075 0.587706 -6.41215e-06
  outer loop
  vertex -23.6684 2.97137 9.20309
  vertex -24.4937 4.10728 -13.9968
  vertex -23.7725 3.11468 9.21417
  endloop
 endfacet
 facet normal 0.808232 0.588863 8.02278e-05
  outer loop
  vertex -23.6542 2.95188 9.20158
  vertex -24.4937 4.10728 -13.9968
  vertex -23.6684 2.97137 9.20309
  endloop
 endfacet
 facet normal 0.810177 0.586186 3.65877e-06
  outer loop
  vertex -23.6097 2.89052 -13.9968
  vertex -23.6542 2.95188 9.20158
  vertex -23.6403 2.93267 9.20608
  endloop
 endfacet
 facet normal 0.80922 0.587505 0
  outer loop
  vertex -23.6097 2.89052 -13.9968
  vertex -23.6403 2.93267 9.20608
  vertex -23.6097 2.89052 9.21597
  endloop
 endfacet
 facet normal 0.809026 0.587773 -2.51279e-06
  outer loop
  vertex -23.6542 2.95188 9.20158
  vertex -23.6097 2.89052 -13.9968
  vertex -24.4937 4.10728 -13.9968
  endloop
 endfacet
 facet normal 0.187375 -0.982288 0
  outer loop
  vertex -28.4908 -5.98816 -13.9968
  vertex -27.0134 -5.70634 12
  vertex -28.4908 -5.98816 12
  endloop
 endfacet
 facet normal 0.187375 -0.982288 0
  outer loop
  vertex -27.0134 -5.70634 12
  vertex -28.4908 -5.98816 -13.9968
  vertex -27.0134 -5.70634 -13.9968
  endloop
 endfacet
 facet normal 0.992145 -0.12509 0
  outer loop
  vertex -22.8675 1.03628e-07 12
  vertex -22.8864 -0.149904 10.7858
  vertex -22.8675 1.03628e-07 10.7953
  endloop
 endfacet
 facet normal 0.992109 -0.125375 3.57861e-05
  outer loop
  vertex -22.8675 1.03628e-07 12
  vertex -22.9105 -0.340623 10.7239
  vertex -22.8864 -0.149904 10.7858
  endloop
 endfacet
 facet normal 0.992115 -0.125332 2.41462e-05
  outer loop
  vertex -23.056 -1.49214 12
  vertex -22.9105 -0.340623 10.7239
  vertex -22.8675 1.03628e-07 12
  endloop
 endfacet
 facet normal 0.992108 -0.125383 -2.22449e-05
  outer loop
  vertex -22.9105 -0.340623 10.7239
  vertex -23.056 -1.49214 12
  vertex -22.9319 -0.509938 10.6164
  endloop
 endfacet
 facet normal 0.992084 -0.12558 -0.000164356
  outer loop
  vertex -22.9319 -0.509938 10.6164
  vertex -23.056 -1.49214 12
  vertex -22.9493 -0.647213 10.4702
  endloop
 endfacet
 facet normal 0.992125 -0.12525 2.08151e-05
  outer loop
  vertex -22.9493 -0.647213 10.4702
  vertex -23.056 -1.49214 12
  vertex -22.9518 -0.667011 10.4342
  endloop
 endfacet
 facet normal 0.992121 -0.125284 0
  outer loop
  vertex -23.056 -1.49214 12
  vertex -22.9678 -0.793692 9.89973
  vertex -22.9678 -0.793692 10.1003
  endloop
 endfacet
 facet normal 0.992121 -0.125284 0
  outer loop
  vertex -22.9678 -0.793692 9.89973
  vertex -23.056 -1.49214 12
  vertex -22.9678 -0.793692 4.08683
  endloop
 endfacet
 facet normal 0.992121 -0.125284 0
  outer loop
  vertex -22.9678 -0.793692 4.08683
  vertex -23.056 -1.49214 12
  vertex -22.9678 -0.793692 3.82005
  endloop
 endfacet
 facet normal 0.992054 -0.125812 -0.000197014
  outer loop
  vertex -22.9665 -0.783497 10.14
  vertex -23.056 -1.49214 12
  vertex -22.9678 -0.793692 10.1003
  endloop
 endfacet
 facet normal 0.992134 -0.125184 4.59277e-05
  outer loop
  vertex -22.9615 -0.74382 10.2945
  vertex -23.056 -1.49214 12
  vertex -22.9665 -0.783497 10.14
  endloop
 endfacet
 facet normal 0.992119 -0.125295 -3.65219e-06
  outer loop
  vertex -22.9518 -0.667011 10.4342
  vertex -23.056 -1.49214 12
  vertex -22.9615 -0.74382 10.2945
  endloop
 endfacet
 facet normal 0.992145 -0.12509 0
  outer loop
  vertex -22.8864 -0.149904 4.92752
  vertex -22.8675 1.03628e-07 9.20474
  vertex -22.8864 -0.149904 9.21417
  endloop
 endfacet
 facet normal 0.992145 -0.12509 0
  outer loop
  vertex -22.8675 1.03628e-07 9.20474
  vertex -22.8864 -0.149904 4.92752
  vertex -22.8675 1.03628e-07 4.92345
  endloop
 endfacet
 facet normal 0.992053 -0.125821 0
  outer loop
  vertex -22.8864 -0.149904 9.21417
  vertex -22.906 -0.304442 4.87785
  vertex -22.8864 -0.149904 4.92752
  endloop
 endfacet
 facet normal 0.99211 -0.125369 -1.63782e-05
  outer loop
  vertex -22.9105 -0.340623 9.27614
  vertex -22.906 -0.304442 4.87785
  vertex -22.8864 -0.149904 9.21417
  endloop
 endfacet
 facet normal 0.992356 -0.123408 0
  outer loop
  vertex -22.9105 -0.340623 9.27614
  vertex -22.9105 -0.340623 4.86622
  vertex -22.906 -0.304442 4.87785
  endloop
 endfacet
 facet normal 0.992107 -0.125397 0
  outer loop
  vertex -22.9319 -0.509938 9.38359
  vertex -22.9105 -0.340623 4.86622
  vertex -22.9105 -0.340623 9.27614
  endloop
 endfacet
 facet normal 0.991988 -0.126331 -3.5585e-05
  outer loop
  vertex -22.9105 -0.340623 4.86622
  vertex -22.9319 -0.509938 9.38359
  vertex -22.9146 -0.372817 4.84261
  endloop
 endfacet
 facet normal 0.992135 -0.125171 0
  outer loop
  vertex -22.9319 -0.509938 9.38359
  vertex -22.9319 -0.509938 4.74204
  vertex -22.9146 -0.372817 4.84261
  endloop
 endfacet
 facet normal 0.992062 -0.125752 0
  outer loop
  vertex -22.9493 -0.647213 9.52977
  vertex -22.9319 -0.509938 4.74204
  vertex -22.9319 -0.509938 9.38359
  endloop
 endfacet
 facet normal 0.991793 -0.127851 -6.11556e-05
  outer loop
  vertex -22.9319 -0.509938 4.74204
  vertex -22.9493 -0.647213 9.52977
  vertex -22.9353 -0.536303 4.70761
  endloop
 endfacet
 facet normal 0.992127 -0.125234 0
  outer loop
  vertex -22.9493 -0.647213 9.52977
  vertex -22.9493 -0.647213 4.56278
  vertex -22.9353 -0.536303 4.70761
  endloop
 endfacet
 facet normal 0.99213 -0.125213 0
  outer loop
  vertex -22.9518 -0.667011 9.56578
  vertex -22.9493 -0.647213 4.56278
  vertex -22.9493 -0.647213 9.52977
  endloop
 endfacet
 facet normal 0.992119 -0.125303 -3.62379e-07
  outer loop
  vertex -22.9615 -0.74382 9.7055
  vertex -22.9493 -0.647213 4.56278
  vertex -22.9518 -0.667011 9.56578
  endloop
 endfacet
 facet normal 0.99199 -0.12632 -1.97773e-05
  outer loop
  vertex -22.9493 -0.647213 4.56278
  vertex -22.9615 -0.74382 9.7055
  vertex -22.9517 -0.666049 4.51929
  endloop
 endfacet
 facet normal 0.992154 -0.125022 0
  outer loop
  vertex -22.9615 -0.74382 9.7055
  vertex -22.9615 -0.74382 4.33971
  vertex -22.9517 -0.666049 4.51929
  endloop
 endfacet
 facet normal 0.992156 -0.125008 0
  outer loop
  vertex -22.9665 -0.783497 9.86003
  vertex -22.9615 -0.74382 4.33971
  vertex -22.9615 -0.74382 9.7055
  endloop
 endfacet
 facet normal 0.991952 -0.126612 -1.1709e-05
  outer loop
  vertex -22.9678 -0.793692 9.89973
  vertex -22.9615 -0.74382 4.33971
  vertex -22.9665 -0.783497 9.86003
  endloop
 endfacet
 facet normal 0.992213 -0.124552 7.05972e-06
  outer loop
  vertex -22.9615 -0.74382 4.33971
  vertex -22.9678 -0.793692 9.89973
  vertex -22.9665 -0.783656 4.13772
  endloop
 endfacet
 facet normal 0.991704 -0.128539 0
  outer loop
  vertex -22.9665 -0.783656 4.13772
  vertex -22.9678 -0.793692 9.89973
  vertex -22.9678 -0.793692 4.08683
  endloop
 endfacet
 facet normal 0.992145 -0.125094 -2.14965e-05
  outer loop
  vertex -23.056 -1.49214 -13.9968
  vertex -22.8675 1.03628e-07 2.80748
  vertex -22.8864 -0.149904 2.83664
  endloop
 endfacet
 facet normal 0.992044 -0.125889 4.2929e-05
  outer loop
  vertex -23.056 -1.49214 -13.9968
  vertex -22.8864 -0.149904 2.83664
  vertex -22.9052 -0.298017 2.91708
  endloop
 endfacet
 facet normal 0.992342 -0.123524 -0.000126712
  outer loop
  vertex -23.056 -1.49214 -13.9968
  vertex -22.9052 -0.298017 2.91708
  vertex -22.9105 -0.340623 2.94022
  endloop
 endfacet
 facet normal 0.991965 -0.126515 7.98842e-05
  outer loop
  vertex -23.056 -1.49214 -13.9968
  vertex -22.9105 -0.340623 2.94022
  vertex -22.9153 -0.378242 2.97615
  endloop
 endfacet
 facet normal 0.992148 -0.125071 -1.63813e-05
  outer loop
  vertex -23.056 -1.49214 -13.9968
  vertex -22.9153 -0.378242 2.97615
  vertex -22.9319 -0.509938 3.10194
  endloop
 endfacet
 facet normal 0.992098 -0.125466 6.62789e-06
  outer loop
  vertex -23.056 -1.49214 -13.9968
  vertex -22.9319 -0.509938 3.10194
  vertex -22.9357 -0.539979 3.14783
  endloop
 endfacet
 facet normal 0.992057 -0.125792 2.5045e-05
  outer loop
  vertex -23.056 -1.49214 -13.9968
  vertex -22.9357 -0.539979 3.14783
  vertex -22.9493 -0.647213 3.31163
  endloop
 endfacet
 facet normal 0.992231 -0.124412 -4.33968e-05
  outer loop
  vertex -23.056 -1.49214 -13.9968
  vertex -22.9493 -0.647213 3.31163
  vertex -22.9519 -0.667965 3.36415
  endloop
 endfacet
 facet normal 0.99209 -0.125526 1.03374e-05
  outer loop
  vertex -23.056 -1.49214 -13.9968
  vertex -22.9519 -0.667965 3.36415
  vertex -22.9615 -0.74382 3.55612
  endloop
 endfacet
 facet normal 0.992098 -0.125466 7.37398e-06
  outer loop
  vertex -23.056 -1.49214 -13.9968
  vertex -22.9615 -0.74382 3.55612
  vertex -22.9665 -0.783337 3.76525
  endloop
 endfacet
 facet normal 0.992188 -0.124752 -2.12046e-05
  outer loop
  vertex -23.056 -1.49214 -13.9968
  vertex -22.9665 -0.783337 3.76525
  vertex -22.9678 -0.793692 3.82005
  endloop
 endfacet
 facet normal 0.992121 -0.125284 0
  outer loop
  vertex -23.056 -1.49214 -13.9968
  vertex -22.9678 -0.793692 3.82005
  vertex -23.056 -1.49214 12
  endloop
 endfacet
 facet normal 0.992115 -0.125332 0
  outer loop
  vertex -22.8675 1.03628e-07 2.80748
  vertex -23.056 -1.49214 -13.9968
  vertex -22.8675 1.03628e-07 -13.9968
  endloop
 endfacet
 facet normal 0.637443 0.770498 0
  outer loop
  vertex -24.4937 4.10728 -13.9968
  vertex -25.6525 5.06597 12
  vertex -24.4937 4.10728 12
  endloop
 endfacet
 facet normal 0.637443 0.770498 0
  outer loop
  vertex -25.6525 5.06597 12
  vertex -24.4937 4.10728 -13.9968
  vertex -25.6525 5.06597 -13.9968
  endloop
 endfacet
 facet normal -0.728989 0.684526 0
  outer loop
  vertex -33.7216 3.52671 -13.9968
  vertex -32.6921 4.62308 12
  vertex -32.6921 4.62308 -13.9968
  endloop
 endfacet
 facet normal -0.728989 0.684526 0
  outer loop
  vertex -32.6921 4.62308 12
  vertex -33.7216 3.52671 -13.9968
  vertex -33.7216 3.52671 12
  endloop
 endfacet
 facet normal -0.728989 -0.684526 0
  outer loop
  vertex -32.6921 -4.62308 -13.9968
  vertex -33.7216 -3.52671 12
  vertex -33.7216 -3.52671 -13.9968
  endloop
 endfacet
 facet normal -0.728989 -0.684526 0
  outer loop
  vertex -33.7216 -3.52671 12
  vertex -32.6921 -4.62308 -13.9968
  vertex -32.6921 -4.62308 12
  endloop
 endfacet
 facet normal -0.309014 0.951057 0
  outer loop
  vertex -29.9918 5.89372 -13.9968
  vertex -31.4222 5.42896 12
  vertex -29.9918 5.89372 12
  endloop
 endfacet
 facet normal -0.309014 0.951057 0
  outer loop
  vertex -31.4222 5.42896 12
  vertex -29.9918 5.89372 -13.9968
  vertex -31.4222 5.42896 -13.9968
  endloop
 endfacet
 facet normal 0.425768 0.904832 0
  outer loop
  vertex -25.6525 5.06597 -13.9968
  vertex -27.0134 5.70634 12
  vertex -25.6525 5.06597 12
  endloop
 endfacet
 facet normal 0.425768 0.904832 0
  outer loop
  vertex -27.0134 5.70634 12
  vertex -25.6525 5.06597 -13.9968
  vertex -27.0134 5.70634 -13.9968
  endloop
 endfacet
 facet normal -0.876293 0.481778 0
  outer loop
  vertex -34.4462 2.20875 -13.9968
  vertex -33.7216 3.52671 12
  vertex -33.7216 3.52671 -13.9968
  endloop
 endfacet
 facet normal -0.876293 0.481778 0
  outer loop
  vertex -33.7216 3.52671 12
  vertex -34.4462 2.20875 -13.9968
  vertex -34.4462 2.20875 12
  endloop
 endfacet
 facet normal -1 0 0
  outer loop
  vertex -34.8202 -0.751999 -13.9968
  vertex -34.8202 0.751999 12
  vertex -34.8202 0.751999 -13.9968
  endloop
 endfacet
 facet normal -1 0 0
  outer loop
  vertex -34.8202 0.751999 12
  vertex -34.8202 -0.751999 -13.9968
  vertex -34.8202 -0.751999 12
  endloop
 endfacet
 facet normal 0.80952 -0.587092 0
  outer loop
  vertex -23.6097 -2.89052 12
  vertex -23.6542 -2.95188 10.7984
  vertex -23.6097 -2.89052 10.784
  endloop
 endfacet
 facet normal 0.808224 -0.588875 0.000138978
  outer loop
  vertex -23.6097 -2.89052 12
  vertex -23.6684 -2.97137 10.7969
  vertex -23.6542 -2.95188 10.7984
  endloop
 endfacet
 facet normal 0.809074 -0.587706 1.90267e-05
  outer loop
  vertex -23.6097 -2.89052 12
  vertex -23.7725 -3.11468 10.7858
  vertex -23.6684 -2.97137 10.7969
  endloop
 endfacet
 facet normal 0.808801 -0.588083 0.000125108
  outer loop
  vertex -23.6097 -2.89052 12
  vertex -23.8853 -3.26983 10.7239
  vertex -23.7725 -3.11468 10.7858
  endloop
 endfacet
 facet normal 0.809026 -0.587774 -1.52488e-05
  outer loop
  vertex -24.4937 -4.10728 12
  vertex -23.8853 -3.26983 10.7239
  vertex -23.6097 -2.89052 12
  endloop
 endfacet
 facet normal 0.809146 -0.587607 0.000151473
  outer loop
  vertex -23.8853 -3.26983 10.7239
  vertex -24.4937 -4.10728 12
  vertex -23.9853 -3.40756 10.6164
  endloop
 endfacet
 facet normal 0.808873 -0.587983 -0.000138834
  outer loop
  vertex -23.9853 -3.40756 10.6164
  vertex -24.4937 -4.10728 12
  vertex -24.0665 -3.51923 10.4702
  endloop
 endfacet
 facet normal 0.809176 -0.587566 0.0001059
  outer loop
  vertex -24.0665 -3.51923 10.4702
  vertex -24.4937 -4.10728 12
  vertex -24.1168 -3.58853 10.3153
  endloop
 endfacet
 facet normal 0.808991 -0.587821 0
  outer loop
  vertex -24.153 -3.63839 10.1003
  vertex -24.4937 -4.10728 12
  vertex -24.153 -3.63839 9.89973
  endloop
 endfacet
 facet normal 0.809333 -0.58735 0.000177694
  outer loop
  vertex -24.1236 -3.59782 10.2945
  vertex -24.4937 -4.10728 12
  vertex -24.153 -3.63839 10.1003
  endloop
 endfacet
 facet normal 0.807786 -0.589475 -0.000792815
  outer loop
  vertex -24.1168 -3.58853 10.3153
  vertex -24.4937 -4.10728 12
  vertex -24.1236 -3.59782 10.2945
  endloop
 endfacet
 facet normal 0.80952 -0.587092 0
  outer loop
  vertex -23.6542 -2.95188 9.20158
  vertex -23.6097 -2.89052 -13.9968
  vertex -23.6097 -2.89052 9.21597
  endloop
 endfacet
 facet normal 0.808232 -0.588864 8.02408e-05
  outer loop
  vertex -24.4937 -4.10728 -13.9968
  vertex -23.6542 -2.95188 9.20158
  vertex -23.6684 -2.97137 9.20309
  endloop
 endfacet
 facet normal 0.809075 -0.587706 -6.41576e-06
  outer loop
  vertex -24.4937 -4.10728 -13.9968
  vertex -23.6684 -2.97137 9.20309
  vertex -23.7725 -3.11468 9.21417
  endloop
 endfacet
 facet normal 0.808828 -0.588046 1.58081e-05
  outer loop
  vertex -24.4937 -4.10728 -13.9968
  vertex -23.7725 -3.11468 9.21417
  vertex -23.8853 -3.26983 9.27614
  endloop
 endfacet
 facet normal 0.809198 -0.587536 -1.2214e-05
  outer loop
  vertex -24.4937 -4.10728 -13.9968
  vertex -23.8853 -3.26983 9.27614
  vertex -23.9853 -3.40756 9.38359
  endloop
 endfacet
 facet normal 0.808795 -0.58809 1.31395e-05
  outer loop
  vertex -24.4937 -4.10728 -13.9968
  vertex -23.9853 -3.40756 9.38359
  vertex -24.0665 -3.51923 9.52977
  endloop
 endfacet
 facet normal 0.809276 -0.587429 -1.21255e-05
  outer loop
  vertex -24.4937 -4.10728 -13.9968
  vertex -24.0665 -3.51923 9.52977
  vertex -24.1168 -3.58853 9.68473
  endloop
 endfacet
 facet normal 0.807038 -0.590499 9.07762e-05
  outer loop
  vertex -24.4937 -4.10728 -13.9968
  vertex -24.1168 -3.58853 9.68473
  vertex -24.1236 -3.59782 9.7055
  endloop
 endfacet
 facet normal 0.809673 -0.586881 -2.81788e-05
  outer loop
  vertex -24.4937 -4.10728 -13.9968
  vertex -24.1236 -3.59782 9.7055
  vertex -24.153 -3.63839 9.89973
  endloop
 endfacet
 facet normal 0.808991 -0.587821 0
  outer loop
  vertex -24.4937 -4.10728 -13.9968
  vertex -24.153 -3.63839 9.89973
  vertex -24.4937 -4.10728 12
  endloop
 endfacet
 facet normal 0.809025 -0.587774 -2.75014e-06
  outer loop
  vertex -23.6542 -2.95188 9.20158
  vertex -24.4937 -4.10728 -13.9968
  vertex -23.6097 -2.89052 -13.9968
  endloop
 endfacet
 facet normal 0.425768 -0.904832 0
  outer loop
  vertex -27.0134 -5.70634 -13.9968
  vertex -25.6525 -5.06597 12
  vertex -27.0134 -5.70634 12
  endloop
 endfacet
 facet normal 0.425768 -0.904832 0
  outer loop
  vertex -25.6525 -5.06597 12
  vertex -27.0134 -5.70634 -13.9968
  vertex -25.6525 -5.06597 -13.9968
  endloop
 endfacet
 facet normal 0.637443 -0.770498 0
  outer loop
  vertex -25.6525 -5.06597 -13.9968
  vertex -24.4937 -4.10728 12
  vertex -25.6525 -5.06597 12
  endloop
 endfacet
 facet normal 0.637443 -0.770498 0
  outer loop
  vertex -24.4937 -4.10728 12
  vertex -25.6525 -5.06597 -13.9968
  vertex -24.4937 -4.10728 -13.9968
  endloop
 endfacet
 facet normal 0.930132 -0.367226 -0.000386672
  outer loop
  vertex -23.367 -2.27757 9.82453
  vertex -23.056 -1.49214 12
  vertex -23.3587 -2.25673 10
  endloop
 endfacet
 facet normal 0.929604 -0.36856 0.000203216
  outer loop
  vertex -23.056 -1.49214 12
  vertex -23.367 -2.27757 10.1755
  vertex -23.3587 -2.25673 10
  endloop
 endfacet
 facet normal 0.929817 -0.368021 -6.59502e-05
  outer loop
  vertex -23.056 -1.49214 12
  vertex -23.3681 -2.28035 10.199
  vertex -23.367 -2.27757 10.1755
  endloop
 endfacet
 facet normal 0.930591 -0.36606 -0.00105811
  outer loop
  vertex -23.056 -1.49214 12
  vertex -23.3713 -2.28855 10.221
  vertex -23.3681 -2.28035 10.199
  endloop
 endfacet
 facet normal 0.929609 -0.368547 0.000229574
  outer loop
  vertex -23.056 -1.49214 12
  vertex -23.3956 -2.34974 10.3854
  vertex -23.3713 -2.28855 10.221
  endloop
 endfacet
 facet normal 0.929873 -0.367879 -0.00018044
  outer loop
  vertex -23.056 -1.49214 12
  vertex -23.4342 -2.44738 10.5284
  vertex -23.3956 -2.34974 10.3854
  endloop
 endfacet
 facet normal 0.929816 -0.368025 -6.8564e-05
  outer loop
  vertex -23.056 -1.49214 12
  vertex -23.4394 -2.46052 10.5476
  vertex -23.4342 -2.44738 10.5284
  endloop
 endfacet
 facet normal 0.930035 -0.367471 -0.000498626
  outer loop
  vertex -23.056 -1.49214 12
  vertex -23.4462 -2.47775 10.5628
  vertex -23.4394 -2.46052 10.5476
  endloop
 endfacet
 facet normal 0.929739 -0.368218 9.42006e-05
  outer loop
  vertex -23.056 -1.49214 12
  vertex -23.4969 -2.60574 10.6755
  vertex -23.4462 -2.47775 10.5628
  endloop
 endfacet
 facet normal 0.929767 -0.368149 2.65475e-05
  outer loop
  vertex -23.6097 -2.89052 12
  vertex -23.4969 -2.60574 10.6755
  vertex -23.056 -1.49214 12
  endloop
 endfacet
 facet normal 0.929661 -0.368416 -3.99915e-05
  outer loop
  vertex -23.4969 -2.60574 10.6755
  vertex -23.6097 -2.89052 12
  vertex -23.5564 -2.75589 10.7506
  endloop
 endfacet
 facet normal 0.930921 -0.365219 0.000358234
  outer loop
  vertex -23.5564 -2.75589 10.7506
  vertex -23.6097 -2.89052 12
  vertex -23.5644 -2.77627 10.7608
  endloop
 endfacet
 facet normal 0.929389 -0.369103 -5.58548e-05
  outer loop
  vertex -23.5644 -2.77627 10.7608
  vertex -23.6097 -2.89052 12
  vertex -23.5732 -2.79843 10.7653
  endloop
 endfacet
 facet normal 0.929645 -0.368456 0
  outer loop
  vertex -23.5732 -2.79843 10.7653
  vertex -23.6097 -2.89052 12
  vertex -23.6097 -2.89052 10.784
  endloop
 endfacet
 facet normal 0.929647 -0.368452 0.000125334
  outer loop
  vertex -23.3681 -2.28035 9.80105
  vertex -23.056 -1.49214 12
  vertex -23.367 -2.27757 9.82453
  endloop
 endfacet
 facet normal 0.929766 -0.36815 0
  outer loop
  vertex -23.056 -1.49214 12
  vertex -23.3681 -2.28035 9.80105
  vertex -23.056 -1.49214 -13.9968
  endloop
 endfacet
 facet normal 0.931411 -0.36397 0.00016
  outer loop
  vertex -23.3713 -2.28855 9.77903
  vertex -23.056 -1.49214 -13.9968
  vertex -23.3681 -2.28035 9.80105
  endloop
 endfacet
 facet normal 0.92943 -0.368999 -3.47026e-05
  outer loop
  vertex -23.3956 -2.34974 9.6146
  vertex -23.056 -1.49214 -13.9968
  vertex -23.3713 -2.28855 9.77903
  endloop
 endfacet
 facet normal 0.929953 -0.367677 2.08241e-05
  outer loop
  vertex -23.4342 -2.44738 9.4716
  vertex -23.056 -1.49214 -13.9968
  vertex -23.3956 -2.34974 9.6146
  endloop
 endfacet
 facet normal 0.929846 -0.367948 8.0688e-06
  outer loop
  vertex -23.4394 -2.46052 9.45236
  vertex -23.056 -1.49214 -13.9968
  vertex -23.4342 -2.44738 9.4716
  endloop
 endfacet
 facet normal 0.930171 -0.367126 4.7324e-05
  outer loop
  vertex -23.4462 -2.47775 9.43719
  vertex -23.056 -1.49214 -13.9968
  vertex -23.4394 -2.46052 9.45236
  endloop
 endfacet
 facet normal 0.929714 -0.368283 -8.93494e-06
  outer loop
  vertex -23.4969 -2.60574 9.32454
  vertex -23.056 -1.49214 -13.9968
  vertex -23.4462 -2.47775 9.43719
  endloop
 endfacet
 facet normal 0.929671 -0.368392 -1.49701e-05
  outer loop
  vertex -23.5564 -2.75589 9.24936
  vertex -23.056 -1.49214 -13.9968
  vertex -23.4969 -2.60574 9.32454
  endloop
 endfacet
 facet normal 0.930832 -0.365449 0.000170052
  outer loop
  vertex -23.5644 -2.77627 9.23915
  vertex -23.056 -1.49214 -13.9968
  vertex -23.5564 -2.75589 9.24936
  endloop
 endfacet
 facet normal 0.929397 -0.369082 -6.21586e-05
  outer loop
  vertex -23.5732 -2.79843 9.23466
  vertex -23.056 -1.49214 -13.9968
  vertex -23.5644 -2.77627 9.23915
  endloop
 endfacet
 facet normal 0.929647 -0.368452 -2.11588e-05
  outer loop
  vertex -23.6097 -2.89052 9.21597
  vertex -23.056 -1.49214 -13.9968
  vertex -23.5732 -2.79843 9.23466
  endloop
 endfacet
 facet normal 0.929767 -0.368149 0
  outer loop
  vertex -23.056 -1.49214 -13.9968
  vertex -23.6097 -2.89052 9.21597
  vertex -23.6097 -2.89052 -13.9968
  endloop
 endfacet
 facet normal 0.187375 0.982288 0
  outer loop
  vertex -27.0134 5.70634 -13.9968
  vertex -28.4908 5.98816 12
  vertex -27.0134 5.70634 12
  endloop
 endfacet
 facet normal 0.187375 0.982288 0
  outer loop
  vertex -28.4908 5.98816 12
  vertex -27.0134 5.70634 -13.9968
  vertex -28.4908 5.98816 -13.9968
  endloop
 endfacet
 facet normal -0.968588 0.248671 0
  outer loop
  vertex -34.8202 0.751999 -13.9968
  vertex -34.4462 2.20875 12
  vertex -34.4462 2.20875 -13.9968
  endloop
 endfacet
 facet normal -0.968588 0.248671 0
  outer loop
  vertex -34.4462 2.20875 12
  vertex -34.8202 0.751999 -13.9968
  vertex -34.8202 0.751999 12
  endloop
 endfacet
 facet normal -0.0627939 0.998026 0
  outer loop
  vertex -28.4908 5.98816 -13.9968
  vertex -29.9918 5.89372 12
  vertex -28.4908 5.98816 12
  endloop
 endfacet
 facet normal -0.0627939 0.998026 0
  outer loop
  vertex -29.9918 5.89372 12
  vertex -28.4908 5.98816 -13.9968
  vertex -29.9918 5.89372 -13.9968
  endloop
 endfacet
 facet normal -0.535815 0.844335 0
  outer loop
  vertex -31.4222 5.42896 -13.9968
  vertex -32.6921 4.62308 12
  vertex -31.4222 5.42896 12
  endloop
 endfacet
 facet normal -0.535815 0.844335 0
  outer loop
  vertex -32.6921 4.62308 12
  vertex -31.4222 5.42896 -13.9968
  vertex -32.6921 4.62308 -13.9968
  endloop
 endfacet
 facet normal -0.968588 -0.248671 0
  outer loop
  vertex -34.4462 -2.20875 -13.9968
  vertex -34.8202 -0.751999 12
  vertex -34.8202 -0.751999 -13.9968
  endloop
 endfacet
 facet normal -0.968588 -0.248671 0
  outer loop
  vertex -34.8202 -0.751999 12
  vertex -34.4462 -2.20875 -13.9968
  vertex -34.4462 -2.20875 12
  endloop
 endfacet
 facet normal -0.876293 -0.481778 0
  outer loop
  vertex -33.7216 -3.52671 -13.9968
  vertex -34.4462 -2.20875 12
  vertex -34.4462 -2.20875 -13.9968
  endloop
 endfacet
 facet normal -0.876293 -0.481778 0
  outer loop
  vertex -34.4462 -2.20875 12
  vertex -33.7216 -3.52671 -13.9968
  vertex -33.7216 -3.52671 12
  endloop
 endfacet
 facet normal -0.0627939 -0.998026 0
  outer loop
  vertex -29.9918 -5.89372 -13.9968
  vertex -28.4908 -5.98816 12
  vertex -29.9918 -5.89372 12
  endloop
 endfacet
 facet normal -0.0627939 -0.998026 0
  outer loop
  vertex -28.4908 -5.98816 12
  vertex -29.9918 -5.89372 -13.9968
  vertex -28.4908 -5.98816 -13.9968
  endloop
 endfacet
 facet normal 0 0 1
  outer loop
  vertex -23.056 1.49214 12
  vertex -23.056 -1.49214 12
  vertex -22.8675 1.03628e-07 12
  endloop
 endfacet
 facet normal 0 0 1
  outer loop
  vertex -23.6097 2.89052 12
  vertex -23.056 -1.49214 12
  vertex -23.056 1.49214 12
  endloop
 endfacet
 facet normal 0 0 1
  outer loop
  vertex -23.6097 2.89052 12
  vertex -23.6097 -2.89052 12
  vertex -23.056 -1.49214 12
  endloop
 endfacet
 facet normal 0 0 1
  outer loop
  vertex -24.4937 4.10728 12
  vertex -23.6097 -2.89052 12
  vertex -23.6097 2.89052 12
  endloop
 endfacet
 facet normal 0 0 1
  outer loop
  vertex -24.4937 4.10728 12
  vertex -24.4937 -4.10728 12
  vertex -23.6097 -2.89052 12
  endloop
 endfacet
 facet normal 0 0 1
  outer loop
  vertex -25.6525 5.06597 12
  vertex -24.4937 -4.10728 12
  vertex -24.4937 4.10728 12
  endloop
 endfacet
 facet normal 0 0 1
  outer loop
  vertex -25.6525 5.06597 12
  vertex -25.6525 -5.06597 12
  vertex -24.4937 -4.10728 12
  endloop
 endfacet
 facet normal 0 0 1
  outer loop
  vertex -27.0134 5.70634 12
  vertex -25.6525 -5.06597 12
  vertex -25.6525 5.06597 12
  endloop
 endfacet
 facet normal 0 0 1
  outer loop
  vertex -27.0134 5.70634 12
  vertex -27.0134 -5.70634 12
  vertex -25.6525 -5.06597 12
  endloop
 endfacet
 facet normal 0 0 1
  outer loop
  vertex -28.4908 5.98816 12
  vertex -27.0134 -5.70634 12
  vertex -27.0134 5.70634 12
  endloop
 endfacet
 facet normal 0 0 1
  outer loop
  vertex -28.4908 5.98816 12
  vertex -28.4908 -5.98816 12
  vertex -27.0134 -5.70634 12
  endloop
 endfacet
 facet normal 0 0 1
  outer loop
  vertex -29.9918 5.89372 12
  vertex -28.4908 -5.98816 12
  vertex -28.4908 5.98816 12
  endloop
 endfacet
 facet normal 0 0 1
  outer loop
  vertex -29.9918 5.89372 12
  vertex -29.9918 -5.89372 12
  vertex -28.4908 -5.98816 12
  endloop
 endfacet
 facet normal 0 0 1
  outer loop
  vertex -31.4222 5.42896 12
  vertex -29.9918 -5.89372 12
  vertex -29.9918 5.89372 12
  endloop
 endfacet
 facet normal 0 0 1
  outer loop
  vertex -31.4222 5.42896 12
  vertex -31.4222 -5.42896 12
  vertex -29.9918 -5.89372 12
  endloop
 endfacet
 facet normal 0 0 1
  outer loop
  vertex -32.6921 4.62308 12
  vertex -31.4222 -5.42896 12
  vertex -31.4222 5.42896 12
  endloop
 endfacet
 facet normal 0 0 1
  outer loop
  vertex -32.6921 4.62308 12
  vertex -32.6921 -4.62308 12
  vertex -31.4222 -5.42896 12
  endloop
 endfacet
 facet normal 0 0 1
  outer loop
  vertex -33.7216 3.52671 12
  vertex -32.6921 -4.62308 12
  vertex -32.6921 4.62308 12
  endloop
 endfacet
 facet normal 0 0 1
  outer loop
  vertex -33.7216 3.52671 12
  vertex -33.7216 -3.52671 12
  vertex -32.6921 -4.62308 12
  endloop
 endfacet
 facet normal 0 0 1
  outer loop
  vertex -34.4462 2.20875 12
  vertex -33.7216 -3.52671 12
  vertex -33.7216 3.52671 12
  endloop
 endfacet
 facet normal 0 0 1
  outer loop
  vertex -34.4462 2.20875 12
  vertex -34.4462 -2.20875 12
  vertex -33.7216 -3.52671 12
  endloop
 endfacet
 facet normal 0 0 1
  outer loop
  vertex -34.8202 0.751999 12
  vertex -34.4462 -2.20875 12
  vertex -34.4462 2.20875 12
  endloop
 endfacet
 facet normal 0 0 1
  outer loop
  vertex -34.4462 -2.20875 12
  vertex -34.8202 0.751999 12
  vertex -34.8202 -0.751999 12
  endloop
 endfacet
 facet normal -0.309014 -0.951057 0
  outer loop
  vertex -31.4222 -5.42896 -13.9968
  vertex -29.9918 -5.89372 12
  vertex -31.4222 -5.42896 12
  endloop
 endfacet
 facet normal -0.309014 -0.951057 0
  outer loop
  vertex -29.9918 -5.89372 12
  vertex -31.4222 -5.42896 -13.9968
  vertex -29.9918 -5.89372 -13.9968
  endloop
 endfacet
 facet normal -0.535815 -0.844335 0
  outer loop
  vertex -32.6921 -4.62308 -13.9968
  vertex -31.4222 -5.42896 12
  vertex -32.6921 -4.62308 12
  endloop
 endfacet
 facet normal -0.535815 -0.844335 0
  outer loop
  vertex -31.4222 -5.42896 12
  vertex -32.6921 -4.62308 -13.9968
  vertex -31.4222 -5.42896 -13.9968
  endloop
 endfacet
 facet normal 0.268924 0.963161 0
  outer loop
  vertex 19.0839 36.0624 -20
  vertex 16.1868 36.8713 -14
  vertex 19.0839 36.0624 -14
  endloop
 endfacet
 facet normal 0.268924 0.963161 0
  outer loop
  vertex 16.1868 36.8713 -14
  vertex 19.0839 36.0624 -20
  vertex 16.1868 36.8713 -20
  endloop
 endfacet
 facet normal -0.146079 -0.989273 -2.51291e-06
  outer loop
  vertex 13.8506 13.0516 -16.4524
  vertex 14.1824 13.0026 -14
  vertex 11.2067 13.442 -14
  endloop
 endfacet
 facet normal -0.146187 -0.989257 0
  outer loop
  vertex 14.1824 13.0026 -14
  vertex 14.0051 13.0288 -16.3245
  vertex 14.1824 13.0026 -16.2411
  endloop
 endfacet
 facet normal -0.145982 -0.989287 -1.59921e-05
  outer loop
  vertex 14.1824 13.0026 -14
  vertex 13.8506 13.0516 -16.4524
  vertex 14.0051 13.0288 -16.3245
  endloop
 endfacet
 facet normal -0.146046 -0.989278 3.4165e-05
  outer loop
  vertex 11.2067 13.442 -14
  vertex 13.7327 13.069 -16.6146
  vertex 13.8506 13.0516 -16.4524
  endloop
 endfacet
 facet normal -0.146085 -0.989272 -5.63439e-06
  outer loop
  vertex 11.2067 13.442 -14
  vertex 13.6589 13.0799 -16.801
  vertex 13.7327 13.069 -16.6146
  endloop
 endfacet
 facet normal -0.146536 -0.989205 -0.000408182
  outer loop
  vertex 11.2067 13.442 -14
  vertex 13.6338 13.0837 -17
  vertex 13.6589 13.0799 -16.801
  endloop
 endfacet
 facet normal -0.146042 -0.989278 0
  outer loop
  vertex 11.2067 13.442 -20
  vertex 13.6338 13.0837 -17
  vertex 11.2067 13.442 -14
  endloop
 endfacet
 facet normal -0.146536 -0.989205 0.000408124
  outer loop
  vertex 13.6338 13.0837 -17
  vertex 11.2067 13.442 -20
  vertex 13.6589 13.0799 -17.199
  endloop
 endfacet
 facet normal -0.146088 -0.989272 7.16182e-06
  outer loop
  vertex 13.6589 13.0799 -17.199
  vertex 11.2067 13.442 -20
  vertex 13.7327 13.069 -17.3854
  endloop
 endfacet
 facet normal -0.146046 -0.989278 -3.41907e-05
  outer loop
  vertex 13.7327 13.069 -17.3854
  vertex 11.2067 13.442 -20
  vertex 13.8506 13.0516 -17.5476
  endloop
 endfacet
 facet normal -0.146082 -0.989273 4.06254e-06
  outer loop
  vertex 14.1824 13.0026 -20
  vertex 13.8506 13.0516 -17.5476
  vertex 11.2067 13.442 -20
  endloop
 endfacet
 facet normal -0.145982 -0.989287 1.59893e-05
  outer loop
  vertex 13.8506 13.0516 -17.5476
  vertex 14.1824 13.0026 -20
  vertex 14.0051 13.0288 -17.6755
  endloop
 endfacet
 facet normal -0.146187 -0.989257 0
  outer loop
  vertex 14.0051 13.0288 -17.6755
  vertex 14.1824 13.0026 -20
  vertex 14.1824 13.0026 -17.7589
  endloop
 endfacet
 facet normal -0.944377 0.328865 0
  outer loop
  vertex 2.69598 27.4949 -20
  vertex 3.68521 30.3356 -14
  vertex 3.68521 30.3356 -20
  endloop
 endfacet
 facet normal -0.944377 0.328865 0
  outer loop
  vertex 3.68521 30.3356 -14
  vertex 2.69598 27.4949 -20
  vertex 2.69598 27.4949 -14
  endloop
 endfacet
 facet normal 0.95732 0.289031 0
  outer loop
  vertex 26.2657 27.0012 -14
  vertex 25.3963 29.8808 -20
  vertex 25.3963 29.8808 -14
  endloop
 endfacet
 facet normal 0.95732 0.289031 0
  outer loop
  vertex 25.3963 29.8808 -20
  vertex 26.2657 27.0012 -14
  vertex 26.2657 27.0012 -20
  endloop
 endfacet
 facet normal -0.604594 -0.796534 -9.65488e-06
  outer loop
  vertex 8.16028 14.8153 -16.2761
  vertex 8.43375 14.6077 -14
  vertex 6.0378 16.4263 -14
  endloop
 endfacet
 facet normal -0.604742 -0.796422 0
  outer loop
  vertex 8.43375 14.6077 -14
  vertex 8.38015 14.6484 -16.2089
  vertex 8.43375 14.6077 -16.2047
  endloop
 endfacet
 facet normal -0.604101 -0.796908 -2.45108e-05
  outer loop
  vertex 8.43375 14.6077 -14
  vertex 8.3134 14.699 -16.2142
  vertex 8.38015 14.6484 -16.2089
  endloop
 endfacet
 facet normal -0.604944 -0.796268 4.77239e-05
  outer loop
  vertex 8.43375 14.6077 -14
  vertex 8.22376 14.7671 -16.2505
  vertex 8.3134 14.699 -16.2142
  endloop
 endfacet
 facet normal -0.604732 -0.796429 1.65304e-05
  outer loop
  vertex 8.43375 14.6077 -14
  vertex 8.16028 14.8153 -16.2761
  vertex 8.22376 14.7671 -16.2505
  endloop
 endfacet
 facet normal -0.604627 -0.796509 -5.86401e-05
  outer loop
  vertex 6.0378 16.4263 -14
  vertex 8.02434 14.9185 -16.3836
  vertex 8.16028 14.8153 -16.2761
  endloop
 endfacet
 facet normal -0.604239 -0.796803 0.000449711
  outer loop
  vertex 6.0378 16.4263 -14
  vertex 7.9788 14.953 -16.444
  vertex 8.02434 14.9185 -16.3836
  endloop
 endfacet
 facet normal -0.604649 -0.796492 -6.20142e-05
  outer loop
  vertex 6.0378 16.4263 -14
  vertex 7.91413 15.0021 -16.5298
  vertex 7.9788 14.953 -16.444
  endloop
 endfacet
 facet normal -0.604666 -0.796479 -8.19694e-05
  outer loop
  vertex 6.0378 16.4263 -14
  vertex 7.83657 15.061 -16.7055
  vertex 7.91413 15.0021 -16.5298
  endloop
 endfacet
 facet normal -0.604615 -0.796518 -2.86319e-05
  outer loop
  vertex 6.0378 16.4263 -14
  vertex 7.79653 15.0914 -16.8997
  vertex 7.83657 15.061 -16.7055
  endloop
 endfacet
 facet normal -0.604585 -0.79654 0
  outer loop
  vertex 6.0378 16.4263 -14
  vertex 7.79653 15.0914 -17.1003
  vertex 7.79653 15.0914 -16.8997
  endloop
 endfacet
 facet normal -0.604585 -0.796541 3.36336e-07
  outer loop
  vertex 6.03779 16.4263 -20
  vertex 7.79653 15.0914 -17.1003
  vertex 6.0378 16.4263 -14
  endloop
 endfacet
 facet normal -0.604613 -0.796519 2.91765e-05
  outer loop
  vertex 7.79653 15.0914 -17.1003
  vertex 6.03779 16.4263 -20
  vertex 7.83657 15.061 -17.2945
  endloop
 endfacet
 facet normal -0.604732 -0.796429 -1.65304e-05
  outer loop
  vertex 8.43375 14.6077 -20
  vertex 8.22376 14.7671 -17.7495
  vertex 8.16028 14.8153 -17.7239
  endloop
 endfacet
 facet normal -0.604101 -0.796908 2.45108e-05
  outer loop
  vertex 8.43375 14.6077 -20
  vertex 8.38015 14.6484 -17.7911
  vertex 8.3134 14.699 -17.7858
  endloop
 endfacet
 facet normal -0.604665 -0.79648 8.2793e-05
  outer loop
  vertex 7.83657 15.061 -17.2945
  vertex 6.03779 16.4263 -20
  vertex 7.91413 15.0021 -17.4702
  endloop
 endfacet
 facet normal -0.604648 -0.796493 6.25992e-05
  outer loop
  vertex 6.03779 16.4263 -20
  vertex 7.9788 14.953 -17.556
  vertex 7.91413 15.0021 -17.4702
  endloop
 endfacet
 facet normal -0.604238 -0.796803 -0.000448879
  outer loop
  vertex 6.03779 16.4263 -20
  vertex 8.02434 14.9185 -17.6164
  vertex 7.9788 14.953 -17.556
  endloop
 endfacet
 facet normal -0.604626 -0.796509 6.04063e-05
  outer loop
  vertex 6.03779 16.4263 -20
  vertex 8.16028 14.8153 -17.7239
  vertex 8.02434 14.9185 -17.6164
  endloop
 endfacet
 facet normal -0.604592 -0.796535 9.95521e-06
  outer loop
  vertex 8.43375 14.6077 -20
  vertex 8.16028 14.8153 -17.7239
  vertex 6.03779 16.4263 -20
  endloop
 endfacet
 facet normal -0.604944 -0.796268 -4.77277e-05
  outer loop
  vertex 8.22376 14.7671 -17.7495
  vertex 8.43375 14.6077 -20
  vertex 8.3134 14.699 -17.7858
  endloop
 endfacet
 facet normal -0.604742 -0.796422 0
  outer loop
  vertex 8.38015 14.6484 -17.7911
  vertex 8.43375 14.6077 -20
  vertex 8.43375 14.6077 -17.7953
  endloop
 endfacet
 facet normal 0.895707 -0.444645 0
  outer loop
  vertex 25.7663 21.0536 -14
  vertex 24.4288 18.3593 -20
  vertex 25.7663 21.0536 -20
  endloop
 endfacet
 facet normal 0.895707 -0.444645 0
  outer loop
  vertex 24.4288 18.3593 -20
  vertex 25.7663 21.0536 -14
  vertex 24.4288 18.3593 -14
  endloop
 endfacet
 facet normal -0.463295 0.886204 0
  outer loop
  vertex 10.2509 36.2474 -14
  vertex 7.58519 34.8538 -20
  vertex 7.58519 34.8538 -14
  endloop
 endfacet
 facet normal -0.463295 0.886204 0
  outer loop
  vertex 7.58519 34.8538 -20
  vertex 10.2509 36.2474 -14
  vertex 10.2509 36.2474 -20
  endloop
 endfacet
 facet normal -0.913543 -0.406741 0
  outer loop
  vertex 2.94592 21.5316 -20
  vertex 3.742 19.7436 -17.1003
  vertex 2.94592 21.5316 -14
  endloop
 endfacet
 facet normal -0.913528 -0.406776 -2.5635e-05
  outer loop
  vertex 2.94592 21.5316 -20
  vertex 3.7624 19.6978 -17.2945
  vertex 3.742 19.7436 -17.1003
  endloop
 endfacet
 facet normal -0.913587 -0.406644 8.17129e-05
  outer loop
  vertex 2.94592 21.5316 -20
  vertex 3.80191 19.609 -17.4702
  vertex 3.7624 19.6978 -17.2945
  endloop
 endfacet
 facet normal -0.913464 -0.406919 -0.000170054
  outer loop
  vertex 2.94592 21.5316 -20
  vertex 3.81528 19.579 -17.505
  vertex 3.80191 19.609 -17.4702
  endloop
 endfacet
 facet normal -0.913575 -0.40667 6.47786e-05
  outer loop
  vertex 2.94592 21.5316 -20
  vertex 3.85805 19.4829 -17.6164
  vertex 3.81528 19.579 -17.505
  endloop
 endfacet
 facet normal -0.913538 -0.406753 -2.10636e-05
  outer loop
  vertex 2.94592 21.5316 -20
  vertex 3.91077 19.3645 -17.6982
  vertex 3.85805 19.4829 -17.6164
  endloop
 endfacet
 facet normal -0.913479 -0.406885 -0.000171342
  outer loop
  vertex 2.94592 21.5316 -20
  vertex 3.9273 19.3274 -17.7239
  vertex 3.91077 19.3645 -17.6982
  endloop
 endfacet
 facet normal -0.913543 -0.406741 -1.73539e-06
  outer loop
  vertex 4.16938 18.7837 -20
  vertex 3.9273 19.3274 -17.7239
  vertex 2.94592 21.5316 -20
  endloop
 endfacet
 facet normal -0.913544 -0.406741 -2.74811e-06
  outer loop
  vertex 3.9273 19.3274 -17.7239
  vertex 4.16938 18.7837 -20
  vertex 3.98665 19.1941 -17.771
  endloop
 endfacet
 facet normal -0.913585 -0.406649 -2.31035e-05
  outer loop
  vertex 3.98665 19.1941 -17.771
  vertex 4.16938 18.7837 -20
  vertex 4.0053 19.1522 -17.7858
  endloop
 endfacet
 facet normal -0.913627 -0.406553 -4.21637e-05
  outer loop
  vertex 4.0053 19.1522 -17.7858
  vertex 4.16938 18.7837 -20
  vertex 4.02488 19.1082 -17.7888
  endloop
 endfacet
 facet normal -0.91348 -0.406883 1.59077e-05
  outer loop
  vertex 4.02488 19.1082 -17.7888
  vertex 4.16938 18.7837 -20
  vertex 4.08715 18.9684 -17.7984
  endloop
 endfacet
 facet normal -0.913603 -0.406607 -1.18434e-05
  outer loop
  vertex 4.08715 18.9684 -17.7984
  vertex 4.16938 18.7837 -20
  vertex 4.14839 18.8308 -17.7699
  endloop
 endfacet
 facet normal -0.913567 -0.406689 -9.78478e-06
  outer loop
  vertex 4.14839 18.8308 -17.7699
  vertex 4.16938 18.7837 -20
  vertex 4.16771 18.7874 -17.7608
  endloop
 endfacet
 facet normal -0.911358 -0.411615 0
  outer loop
  vertex 4.16771 18.7874 -17.7608
  vertex 4.16938 18.7837 -20
  vertex 4.16938 18.7837 -17.7589
  endloop
 endfacet
 facet normal -0.913543 -0.406741 0
  outer loop
  vertex 3.742 19.7436 -16.8997
  vertex 2.94592 21.5316 -14
  vertex 3.742 19.7436 -17.1003
  endloop
 endfacet
 facet normal -0.913528 -0.406776 2.56208e-05
  outer loop
  vertex 3.7624 19.6978 -16.7055
  vertex 2.94592 21.5316 -14
  vertex 3.742 19.7436 -16.8997
  endloop
 endfacet
 facet normal -0.913587 -0.406644 -8.16403e-05
  outer loop
  vertex 3.80191 19.609 -16.5298
  vertex 2.94592 21.5316 -14
  vertex 3.7624 19.6978 -16.7055
  endloop
 endfacet
 facet normal -0.913464 -0.406921 0.000170174
  outer loop
  vertex 3.81528 19.579 -16.495
  vertex 2.94592 21.5316 -14
  vertex 3.80191 19.609 -16.5298
  endloop
 endfacet
 facet normal -0.913575 -0.40667 -6.46446e-05
  outer loop
  vertex 3.85805 19.4829 -16.3836
  vertex 2.94592 21.5316 -14
  vertex 3.81528 19.579 -16.495
  endloop
 endfacet
 facet normal -0.913538 -0.406753 2.11241e-05
  outer loop
  vertex 3.91077 19.3645 -16.3018
  vertex 2.94592 21.5316 -14
  vertex 3.85805 19.4829 -16.3836
  endloop
 endfacet
 facet normal -0.913479 -0.406887 0.000171439
  outer loop
  vertex 3.9273 19.3274 -16.2761
  vertex 2.94592 21.5316 -14
  vertex 3.91077 19.3645 -16.3018
  endloop
 endfacet
 facet normal -0.913544 -0.40674 3.03818e-06
  outer loop
  vertex 4.16938 18.7837 -14
  vertex 3.9273 19.3274 -16.2761
  vertex 3.98665 19.1941 -16.229
  endloop
 endfacet
 facet normal -0.913585 -0.406649 2.31522e-05
  outer loop
  vertex 4.16938 18.7837 -14
  vertex 3.98665 19.1941 -16.229
  vertex 4.0053 19.1522 -16.2142
  endloop
 endfacet
 facet normal -0.913627 -0.406553 4.21549e-05
  outer loop
  vertex 4.16938 18.7837 -14
  vertex 4.0053 19.1522 -16.2142
  vertex 4.02488 19.1082 -16.2112
  endloop
 endfacet
 facet normal -0.91348 -0.406883 -1.59133e-05
  outer loop
  vertex 4.16938 18.7837 -14
  vertex 4.02488 19.1082 -16.2112
  vertex 4.08715 18.9684 -16.2016
  endloop
 endfacet
 facet normal -0.913603 -0.406607 1.18448e-05
  outer loop
  vertex 4.16938 18.7837 -14
  vertex 4.08715 18.9684 -16.2016
  vertex 4.14839 18.8308 -16.2301
  endloop
 endfacet
 facet normal -0.913567 -0.406689 9.78444e-06
  outer loop
  vertex 4.16938 18.7837 -14
  vertex 4.14839 18.8308 -16.2301
  vertex 4.16771 18.7874 -16.2392
  endloop
 endfacet
 facet normal -0.911358 -0.411615 0
  outer loop
  vertex 4.16938 18.7837 -14
  vertex 4.16771 18.7874 -16.2392
  vertex 4.16938 18.7837 -16.2411
  endloop
 endfacet
 facet normal -0.913544 -0.40674 2.02545e-06
  outer loop
  vertex 3.9273 19.3274 -16.2761
  vertex 4.16938 18.7837 -14
  vertex 2.94592 21.5316 -14
  endloop
 endfacet
 facet normal -0.985996 -0.166767 0
  outer loop
  vertex 2.94592 21.5316 -20
  vertex 2.44428 24.4975 -14
  vertex 2.44428 24.4975 -20
  endloop
 endfacet
 facet normal -0.985996 -0.166767 0
  outer loop
  vertex 2.44428 24.4975 -14
  vertex 2.94592 21.5316 -20
  vertex 2.94592 21.5316 -14
  endloop
 endfacet
 facet normal 0.348576 -0.937281 0
  outer loop
  vertex 17.174 13.3171 -20
  vertex 19.9933 14.3656 -14
  vertex 17.174 13.3171 -14
  endloop
 endfacet
 facet normal 0.348576 -0.937281 0
  outer loop
  vertex 19.9933 14.3656 -14
  vertex 17.174 13.3171 -20
  vertex 19.9933 14.3656 -20
  endloop
 endfacet
 facet normal -0.387141 -0.922021 0
  outer loop
  vertex 8.43375 14.6077 -17.7953
  vertex 8.43375 14.6077 -20
  vertex 8.48043 14.5881 -17.7984
  endloop
 endfacet
 facet normal -0.387783 -0.921751 -1.60262e-05
  outer loop
  vertex 8.66346 14.5111 -16.2392
  vertex 8.43375 14.6077 -14
  vertex 8.48043 14.5881 -16.2016
  endloop
 endfacet
 facet normal -0.387141 -0.922021 0
  outer loop
  vertex 8.48043 14.5881 -16.2016
  vertex 8.43375 14.6077 -14
  vertex 8.43375 14.6077 -16.2047
  endloop
 endfacet
 facet normal -0.38715 -0.922017 6.0417e-05
  outer loop
  vertex 8.83206 14.4403 -16.3245
  vertex 8.43375 14.6077 -14
  vertex 8.66346 14.5111 -16.2392
  endloop
 endfacet
 facet normal -0.387532 -0.921856 -1.66953e-05
  outer loop
  vertex 8.43375 14.6077 -14
  vertex 8.83206 14.4403 -16.3245
  vertex 11.2067 13.442 -14
  endloop
 endfacet
 facet normal -0.387518 -0.921862 -3.3362e-05
  outer loop
  vertex 8.91628 14.4049 -16.3995
  vertex 11.2067 13.442 -14
  vertex 8.83206 14.4403 -16.3245
  endloop
 endfacet
 facet normal -0.387895 -0.921703 0.00039011
  outer loop
  vertex 8.97563 14.3799 -16.4524
  vertex 11.2067 13.442 -14
  vertex 8.91628 14.4049 -16.3995
  endloop
 endfacet
 facet normal -0.387394 -0.921914 -0.000146769
  outer loop
  vertex 9.08516 14.3339 -16.6146
  vertex 11.2067 13.442 -14
  vertex 8.97563 14.3799 -16.4524
  endloop
 endfacet
 facet normal -0.387615 -0.921821 6.44191e-05
  outer loop
  vertex 9.11345 14.322 -16.6915
  vertex 11.2067 13.442 -14
  vertex 9.08516 14.3339 -16.6146
  endloop
 endfacet
 facet normal -0.387901 -0.921701 0.00032585
  outer loop
  vertex 9.15375 14.305 -16.801
  vertex 11.2067 13.442 -14
  vertex 9.11345 14.322 -16.6915
  endloop
 endfacet
 facet normal -0.387432 -0.921898 -7.82927e-05
  outer loop
  vertex 9.17711 14.2952 -17
  vertex 11.2067 13.442 -14
  vertex 9.15375 14.305 -16.801
  endloop
 endfacet
 facet normal -0.387432 -0.921898 7.83724e-05
  outer loop
  vertex 11.2067 13.442 -20
  vertex 9.17711 14.2952 -17
  vertex 9.15375 14.305 -17.199
  endloop
 endfacet
 facet normal -0.387901 -0.921701 -0.000326033
  outer loop
  vertex 11.2067 13.442 -20
  vertex 9.15375 14.305 -17.199
  vertex 9.11345 14.322 -17.3085
  endloop
 endfacet
 facet normal -0.387615 -0.921821 -6.44191e-05
  outer loop
  vertex 11.2067 13.442 -20
  vertex 9.11345 14.322 -17.3085
  vertex 9.08516 14.3339 -17.3854
  endloop
 endfacet
 facet normal -0.387783 -0.921751 1.60251e-05
  outer loop
  vertex 8.43375 14.6077 -20
  vertex 8.66346 14.5111 -17.7608
  vertex 8.48043 14.5881 -17.7984
  endloop
 endfacet
 facet normal -0.38715 -0.922017 -6.0417e-05
  outer loop
  vertex 8.43375 14.6077 -20
  vertex 8.83206 14.4403 -17.6755
  vertex 8.66346 14.5111 -17.7608
  endloop
 endfacet
 facet normal -0.387532 -0.921856 1.6674e-05
  outer loop
  vertex 11.2067 13.442 -20
  vertex 8.83206 14.4403 -17.6755
  vertex 8.43375 14.6077 -20
  endloop
 endfacet
 facet normal -0.387518 -0.921862 3.33437e-05
  outer loop
  vertex 8.83206 14.4403 -17.6755
  vertex 11.2067 13.442 -20
  vertex 8.91628 14.4049 -17.6005
  endloop
 endfacet
 facet normal -0.387895 -0.921703 -0.00039011
  outer loop
  vertex 8.91628 14.4049 -17.6005
  vertex 11.2067 13.442 -20
  vertex 8.97563 14.3799 -17.5476
  endloop
 endfacet
 facet normal -0.387394 -0.921914 0.000146769
  outer loop
  vertex 8.97563 14.3799 -17.5476
  vertex 11.2067 13.442 -20
  vertex 9.08516 14.3339 -17.3854
  endloop
 endfacet
 facet normal -0.38753 -0.921857 0
  outer loop
  vertex 9.17711 14.2952 -17
  vertex 11.2067 13.442 -20
  vertex 11.2067 13.442 -14
  endloop
 endfacet
 facet normal 0.500001 0.866025 0
  outer loop
  vertex 21.6889 34.5584 -20
  vertex 19.0839 36.0624 -14
  vertex 21.6889 34.5584 -14
  endloop
 endfacet
 facet normal 0.500001 0.866025 0
  outer loop
  vertex 19.0839 36.0624 -14
  vertex 21.6889 34.5584 -20
  vertex 19.0839 36.0624 -20
  endloop
 endfacet
 facet normal 0.104504 -0.994524 3.10323e-05
  outer loop
  vertex 14.1865 13.0031 -17.7608
  vertex 14.1824 13.0026 -20
  vertex 14.3835 13.0238 -17.7984
  endloop
 endfacet
 facet normal 0.121221 -0.992626 0
  outer loop
  vertex 14.1824 13.0026 -20
  vertex 14.1865 13.0031 -17.7608
  vertex 14.1824 13.0026 -17.7589
  endloop
 endfacet
 facet normal 0.104319 -0.994544 -4.80868e-05
  outer loop
  vertex 14.5837 13.0448 -16.2142
  vertex 14.1824 13.0026 -14
  vertex 14.3835 13.0238 -16.2016
  endloop
 endfacet
 facet normal 0.104504 -0.994524 -3.10323e-05
  outer loop
  vertex 14.1824 13.0026 -14
  vertex 14.1865 13.0031 -16.2392
  vertex 14.3835 13.0238 -16.2016
  endloop
 endfacet
 facet normal 0.121221 -0.992626 0
  outer loop
  vertex 14.1865 13.0031 -16.2392
  vertex 14.1824 13.0026 -14
  vertex 14.1824 13.0026 -16.2411
  endloop
 endfacet
 facet normal 0.10429 -0.994547 -5.34226e-05
  outer loop
  vertex 14.7744 13.0648 -16.2761
  vertex 14.1824 13.0026 -14
  vertex 14.5837 13.0448 -16.2142
  endloop
 endfacet
 facet normal 0.104551 -0.994519 1.53001e-05
  outer loop
  vertex 14.1824 13.0026 -14
  vertex 14.7744 13.0648 -16.2761
  vertex 17.174 13.3171 -14
  endloop
 endfacet
 facet normal 0.104778 -0.994496 -0.000226533
  outer loop
  vertex 14.9033 13.0784 -16.358
  vertex 17.174 13.3171 -14
  vertex 14.7744 13.0648 -16.2761
  endloop
 endfacet
 facet normal 0.103837 -0.994594 0.000690364
  outer loop
  vertex 14.9437 13.0826 -16.3836
  vertex 17.174 13.3171 -14
  vertex 14.9033 13.0784 -16.358
  endloop
 endfacet
 facet normal 0.105497 -0.994419 -0.000880524
  outer loop
  vertex 14.9764 13.0861 -16.4184
  vertex 17.174 13.3171 -14
  vertex 14.9437 13.0826 -16.3836
  endloop
 endfacet
 facet normal 0.104566 -0.994518 -2.47771e-05
  outer loop
  vertex 15.081 13.0971 -16.5298
  vertex 17.174 13.3171 -14
  vertex 14.9764 13.0861 -16.4184
  endloop
 endfacet
 facet normal 0.104343 -0.994541 0.000161794
  outer loop
  vertex 15.1546 13.1048 -16.6637
  vertex 17.174 13.3171 -14
  vertex 15.081 13.0971 -16.5298
  endloop
 endfacet
 facet normal 0.104221 -0.994554 0.00025532
  outer loop
  vertex 15.1776 13.1072 -16.7055
  vertex 17.174 13.3171 -14
  vertex 15.1546 13.1048 -16.6637
  endloop
 endfacet
 facet normal 0.104892 -0.994484 -0.000245488
  outer loop
  vertex 15.2274 13.1125 -16.8997
  vertex 17.174 13.3171 -14
  vertex 15.1776 13.1072 -16.7055
  endloop
 endfacet
 facet normal 0.10453 -0.994522 0
  outer loop
  vertex 15.2274 13.1125 -17.1003
  vertex 17.174 13.3171 -14
  vertex 15.2274 13.1125 -16.8997
  endloop
 endfacet
 facet normal 0.104892 -0.994484 0.000245529
  outer loop
  vertex 17.174 13.3171 -20
  vertex 15.2274 13.1125 -17.1003
  vertex 15.1776 13.1072 -17.2945
  endloop
 endfacet
 facet normal 0.10422 -0.994554 -0.000255351
  outer loop
  vertex 17.174 13.3171 -20
  vertex 15.1776 13.1072 -17.2945
  vertex 15.1546 13.1048 -17.3363
  endloop
 endfacet
 facet normal 0.104343 -0.994541 -0.000161782
  outer loop
  vertex 17.174 13.3171 -20
  vertex 15.1546 13.1048 -17.3363
  vertex 15.081 13.0971 -17.4702
  endloop
 endfacet
 facet normal 0.105497 -0.994419 0.000880553
  outer loop
  vertex 17.174 13.3171 -20
  vertex 14.9764 13.0861 -17.5816
  vertex 14.9437 13.0826 -17.6164
  endloop
 endfacet
 facet normal 0.104319 -0.994544 4.80868e-05
  outer loop
  vertex 14.1824 13.0026 -20
  vertex 14.5837 13.0448 -17.7858
  vertex 14.3835 13.0238 -17.7984
  endloop
 endfacet
 facet normal 0.10429 -0.994547 5.34202e-05
  outer loop
  vertex 14.1824 13.0026 -20
  vertex 14.7744 13.0648 -17.7239
  vertex 14.5837 13.0448 -17.7858
  endloop
 endfacet
 facet normal 0.104551 -0.994519 -1.53044e-05
  outer loop
  vertex 17.174 13.3171 -20
  vertex 14.7744 13.0648 -17.7239
  vertex 14.1824 13.0026 -20
  endloop
 endfacet
 facet normal 0.104778 -0.994496 0.000226537
  outer loop
  vertex 14.7744 13.0648 -17.7239
  vertex 17.174 13.3171 -20
  vertex 14.9033 13.0784 -17.642
  endloop
 endfacet
 facet normal 0.103837 -0.994594 -0.00069037
  outer loop
  vertex 14.9033 13.0784 -17.642
  vertex 17.174 13.3171 -20
  vertex 14.9437 13.0826 -17.6164
  endloop
 endfacet
 facet normal 0.104566 -0.994518 2.47771e-05
  outer loop
  vertex 14.9764 13.0861 -17.5816
  vertex 17.174 13.3171 -20
  vertex 15.081 13.0971 -17.4702
  endloop
 endfacet
 facet normal 0.10453 -0.994522 0
  outer loop
  vertex 15.2274 13.1125 -17.1003
  vertex 17.174 13.3171 -20
  vertex 17.174 13.3171 -14
  endloop
 endfacet
 facet normal 0.999122 0.0418896 0
  outer loop
  vertex 26.3917 23.9959 -14
  vertex 26.2657 27.0012 -20
  vertex 26.2657 27.0012 -14
  endloop
 endfacet
 facet normal 0.999122 0.0418896 0
  outer loop
  vertex 26.2657 27.0012 -20
  vertex 26.3917 23.9959 -14
  vertex 26.3917 23.9959 -20
  endloop
 endfacet
 facet normal 0.0209436 0.999781 0
  outer loop
  vertex 16.1868 36.8713 -20
  vertex 13.1794 36.9343 -14
  vertex 16.1868 36.8713 -14
  endloop
 endfacet
 facet normal 0.0209436 0.999781 0
  outer loop
  vertex 13.1794 36.9343 -14
  vertex 16.1868 36.8713 -20
  vertex 13.1794 36.9343 -20
  endloop
 endfacet
 facet normal 0.570715 -0.821148 0
  outer loop
  vertex 19.9933 14.3656 -20
  vertex 22.4633 16.0823 -14
  vertex 19.9933 14.3656 -14
  endloop
 endfacet
 facet normal 0.570715 -0.821148 0
  outer loop
  vertex 22.4633 16.0823 -14
  vertex 19.9933 14.3656 -20
  vertex 22.4633 16.0823 -20
  endloop
 endfacet
 facet normal 0.978148 -0.20791 0
  outer loop
  vertex 26.3917 23.9959 -14
  vertex 25.7663 21.0536 -20
  vertex 26.3917 23.9959 -20
  endloop
 endfacet
 facet normal 0.978148 -0.20791 0
  outer loop
  vertex 25.7663 21.0536 -20
  vertex 26.3917 23.9959 -14
  vertex 25.7663 21.0536 -14
  endloop
 endfacet
 facet normal 0.756988 -0.653429 0
  outer loop
  vertex 22.4633 16.0823 -14
  vertex 24.4288 18.3593 -20
  vertex 24.4288 18.3593 -14
  endloop
 endfacet
 facet normal 0.756988 -0.653429 0
  outer loop
  vertex 24.4288 18.3593 -20
  vertex 22.4633 16.0823 -14
  vertex 22.4633 16.0823 -20
  endloop
 endfacet
 facet normal -0.22836 0.973577 0
  outer loop
  vertex 13.1794 36.9343 -20
  vertex 10.2509 36.2474 -14
  vertex 13.1794 36.9343 -14
  endloop
 endfacet
 facet normal -0.22836 0.973577 0
  outer loop
  vertex 10.2509 36.2474 -14
  vertex 13.1794 36.9343 -20
  vertex 10.2509 36.2474 -20
  endloop
 endfacet
 facet normal 0.855374 0.518011 0
  outer loop
  vertex 25.3963 29.8808 -14
  vertex 23.8381 32.4538 -20
  vertex 23.8381 32.4538 -14
  endloop
 endfacet
 facet normal 0.855374 0.518011 0
  outer loop
  vertex 23.8381 32.4538 -20
  vertex 25.3963 29.8808 -14
  vertex 25.3963 29.8808 -20
  endloop
 endfacet
 facet normal -0.669141 0.743135 0
  outer loop
  vertex 7.58519 34.8538 -20
  vertex 5.34981 32.841 -14
  vertex 7.58519 34.8538 -14
  endloop
 endfacet
 facet normal -0.669141 0.743135 0
  outer loop
  vertex 5.34981 32.841 -14
  vertex 7.58519 34.8538 -20
  vertex 5.34981 32.841 -20
  endloop
 endfacet
 facet normal -0.783694 -0.621147 0
  outer loop
  vertex 4.16938 18.7837 -20
  vertex 4.28074 18.6432 -17.6755
  vertex 4.16938 18.7837 -17.7589
  endloop
 endfacet
 facet normal -0.7837 -0.621139 8.18349e-07
  outer loop
  vertex 6.03779 16.4263 -20
  vertex 4.28074 18.6432 -17.6755
  vertex 4.16938 18.7837 -20
  endloop
 endfacet
 facet normal -0.783719 -0.621115 -3.58854e-05
  outer loop
  vertex 4.28074 18.6432 -17.6755
  vertex 6.03779 16.4263 -20
  vertex 4.30396 18.6139 -17.6449
  endloop
 endfacet
 facet normal -0.783675 -0.62117 4.74013e-05
  outer loop
  vertex 4.30396 18.6139 -17.6449
  vertex 6.03779 16.4263 -20
  vertex 4.37776 18.5208 -17.5476
  endloop
 endfacet
 facet normal -0.783727 -0.621105 -4.33524e-05
  outer loop
  vertex 4.37776 18.5208 -17.5476
  vertex 6.03779 16.4263 -20
  vertex 4.4341 18.4497 -17.4241
  endloop
 endfacet
 facet normal -0.783727 -0.621105 -4.34554e-05
  outer loop
  vertex 4.4341 18.4497 -17.4241
  vertex 6.03779 16.4263 -20
  vertex 4.45177 18.4274 -17.3854
  endloop
 endfacet
 facet normal -0.784063 -0.620681 -0.000571404
  outer loop
  vertex 4.45177 18.4274 -17.3854
  vertex 6.03779 16.4263 -20
  vertex 4.46282 18.4134 -17.3409
  endloop
 endfacet
 facet normal -0.784171 -0.620544 -0.000623367
  outer loop
  vertex 4.51014 18.3538 -17.0474
  vertex 6.03779 16.4263 -20
  vertex 4.5139 18.349 -17
  endloop
 endfacet
 facet normal -0.783532 -0.621351 0.000233844
  outer loop
  vertex 4.49812 18.3689 -17.199
  vertex 6.03779 16.4263 -20
  vertex 4.51014 18.3538 -17.0474
  endloop
 endfacet
 facet normal -0.783618 -0.621243 0.000112567
  outer loop
  vertex 4.46282 18.4134 -17.3409
  vertex 6.03779 16.4263 -20
  vertex 4.49812 18.3689 -17.199
  endloop
 endfacet
 facet normal -0.783694 -0.621147 0
  outer loop
  vertex 4.28074 18.6432 -16.3245
  vertex 4.16938 18.7837 -14
  vertex 4.16938 18.7837 -16.2411
  endloop
 endfacet
 facet normal -0.783718 -0.621117 3.8484e-05
  outer loop
  vertex 6.0378 16.4263 -14
  vertex 4.28074 18.6432 -16.3245
  vertex 4.30396 18.6139 -16.3551
  endloop
 endfacet
 facet normal -0.783675 -0.621172 -4.58338e-05
  outer loop
  vertex 6.0378 16.4263 -14
  vertex 4.30396 18.6139 -16.3551
  vertex 4.37776 18.5208 -16.4524
  endloop
 endfacet
 facet normal -0.783726 -0.621106 4.44446e-05
  outer loop
  vertex 6.0378 16.4263 -14
  vertex 4.37776 18.5208 -16.4524
  vertex 4.4341 18.4497 -16.5759
  endloop
 endfacet
 facet normal -0.783727 -0.621105 4.43125e-05
  outer loop
  vertex 6.0378 16.4263 -14
  vertex 4.4341 18.4497 -16.5759
  vertex 4.45177 18.4274 -16.6146
  endloop
 endfacet
 facet normal -0.784062 -0.620683 0.000572764
  outer loop
  vertex 6.0378 16.4263 -14
  vertex 4.45177 18.4274 -16.6146
  vertex 4.46282 18.4134 -16.6591
  endloop
 endfacet
 facet normal -0.783616 -0.621246 -0.000111546
  outer loop
  vertex 6.0378 16.4263 -14
  vertex 4.46282 18.4134 -16.6591
  vertex 4.49812 18.3689 -16.801
  endloop
 endfacet
 facet normal -0.783698 -0.621142 1.14474e-06
  outer loop
  vertex 6.0378 16.4263 -14
  vertex 4.5139 18.349 -17
  vertex 6.03779 16.4263 -20
  endloop
 endfacet
 facet normal -0.78417 -0.620546 0.000623726
  outer loop
  vertex 4.5139 18.349 -17
  vertex 6.0378 16.4263 -14
  vertex 4.51014 18.3538 -16.9526
  endloop
 endfacet
 facet normal -0.783531 -0.621353 -0.000233493
  outer loop
  vertex 4.51014 18.3538 -16.9526
  vertex 6.0378 16.4263 -14
  vertex 4.49812 18.3689 -16.801
  endloop
 endfacet
 facet normal -0.783695 -0.621146 4.35979e-07
  outer loop
  vertex 4.28074 18.6432 -16.3245
  vertex 6.0378 16.4263 -14
  vertex 4.16938 18.7837 -14
  endloop
 endfacet
 facet normal -0.996493 0.0836783 0
  outer loop
  vertex 2.44428 24.4975 -20
  vertex 2.69598 27.4949 -14
  vertex 2.69598 27.4949 -20
  endloop
 endfacet
 facet normal -0.996493 0.0836783 0
  outer loop
  vertex 2.69598 27.4949 -14
  vertex 2.44428 24.4975 -20
  vertex 2.44428 24.4975 -14
  endloop
 endfacet
 facet normal -0.832919 0.553395 0
  outer loop
  vertex 3.68521 30.3356 -20
  vertex 5.34981 32.841 -14
  vertex 5.34981 32.841 -20
  endloop
 endfacet
 facet normal -0.832919 0.553395 0
  outer loop
  vertex 5.34981 32.841 -14
  vertex 3.68521 30.3356 -20
  vertex 3.68521 30.3356 -14
  endloop
 endfacet
 facet normal 0 0 -1
  outer loop
  vertex 25.7663 21.0536 -20
  vertex 26.2657 27.0012 -20
  vertex 26.3917 23.9959 -20
  endloop
 endfacet
 facet normal 0 0 -1
  outer loop
  vertex 25.7663 21.0536 -20
  vertex 25.3963 29.8808 -20
  vertex 26.2657 27.0012 -20
  endloop
 endfacet
 facet normal 0 0 -1
  outer loop
  vertex 24.4288 18.3593 -20
  vertex 25.3963 29.8808 -20
  vertex 25.7663 21.0536 -20
  endloop
 endfacet
 facet normal 0 0 -1
  outer loop
  vertex 24.4288 18.3593 -20
  vertex 23.8381 32.4538 -20
  vertex 25.3963 29.8808 -20
  endloop
 endfacet
 facet normal 0 0 -1
  outer loop
  vertex 22.4633 16.0823 -20
  vertex 23.8381 32.4538 -20
  vertex 24.4288 18.3593 -20
  endloop
 endfacet
 facet normal 0 0 -1
  outer loop
  vertex 22.4633 16.0823 -20
  vertex 21.6889 34.5584 -20
  vertex 23.8381 32.4538 -20
  endloop
 endfacet
 facet normal 0 0 -1
  outer loop
  vertex 19.9933 14.3656 -20
  vertex 21.6889 34.5584 -20
  vertex 22.4633 16.0823 -20
  endloop
 endfacet
 facet normal 0 0 -1
  outer loop
  vertex 19.9933 14.3656 -20
  vertex 19.0839 36.0624 -20
  vertex 21.6889 34.5584 -20
  endloop
 endfacet
 facet normal 0 0 -1
  outer loop
  vertex 17.174 13.3171 -20
  vertex 19.0839 36.0624 -20
  vertex 19.9933 14.3656 -20
  endloop
 endfacet
 facet normal 0 0 -1
  outer loop
  vertex 17.174 13.3171 -20
  vertex 16.1868 36.8713 -20
  vertex 19.0839 36.0624 -20
  endloop
 endfacet
 facet normal 0 0 -1
  outer loop
  vertex 14.1824 13.0026 -20
  vertex 16.1868 36.8713 -20
  vertex 17.174 13.3171 -20
  endloop
 endfacet
 facet normal 0 0 -1
  outer loop
  vertex 14.1824 13.0026 -20
  vertex 13.1794 36.9343 -20
  vertex 16.1868 36.8713 -20
  endloop
 endfacet
 facet normal 0 0 -1
  outer loop
  vertex 11.2067 13.442 -20
  vertex 13.1794 36.9343 -20
  vertex 14.1824 13.0026 -20
  endloop
 endfacet
 facet normal 0 0 -1
  outer loop
  vertex 11.2067 13.442 -20
  vertex 10.2509 36.2474 -20
  vertex 13.1794 36.9343 -20
  endloop
 endfacet
 facet normal 0 0 -1
  outer loop
  vertex 8.43375 14.6077 -20
  vertex 10.2509 36.2474 -20
  vertex 11.2067 13.442 -20
  endloop
 endfacet
 facet normal 0 0 -1
  outer loop
  vertex 8.43375 14.6077 -20
  vertex 7.58519 34.8538 -20
  vertex 10.2509 36.2474 -20
  endloop
 endfacet
 facet normal 0 0 -1
  outer loop
  vertex 6.03779 16.4263 -20
  vertex 7.58519 34.8538 -20
  vertex 8.43375 14.6077 -20
  endloop
 endfacet
 facet normal 0 0 -1
  outer loop
  vertex 6.03779 16.4263 -20
  vertex 5.34981 32.841 -20
  vertex 7.58519 34.8538 -20
  endloop
 endfacet
 facet normal 0 0 -1
  outer loop
  vertex 4.16938 18.7837 -20
  vertex 5.34981 32.841 -20
  vertex 6.03779 16.4263 -20
  endloop
 endfacet
 facet normal 0 0 -1
  outer loop
  vertex 4.16938 18.7837 -20
  vertex 3.68521 30.3356 -20
  vertex 5.34981 32.841 -20
  endloop
 endfacet
 facet normal 0 0 -1
  outer loop
  vertex 2.94592 21.5316 -20
  vertex 3.68521 30.3356 -20
  vertex 4.16938 18.7837 -20
  endloop
 endfacet
 facet normal 0 0 -1
  outer loop
  vertex 2.94592 21.5316 -20
  vertex 2.69598 27.4949 -20
  vertex 3.68521 30.3356 -20
  endloop
 endfacet
 facet normal 0 0 -1
  outer loop
  vertex 2.69598 27.4949 -20
  vertex 2.94592 21.5316 -20
  vertex 2.44428 24.4975 -20
  endloop
 endfacet
 facet normal 0.699654 0.714482 0
  outer loop
  vertex 23.8381 32.4538 -20
  vertex 21.6889 34.5584 -14
  vertex 23.8381 32.4538 -14
  endloop
 endfacet
 facet normal 0.699654 0.714482 0
  outer loop
  vertex 21.6889 34.5584 -14
  vertex 23.8381 32.4538 -20
  vertex 21.6889 34.5584 -20
  endloop
 endfacet
 facet normal 0.000376063 0.000384033 1
  outer loop
  vertex 21.6889 34.5584 -14
  vertex 19.1359 28.7269 -13.9968
  vertex 23.8381 32.4538 -14
  endloop
 endfacet
 facet normal -0.00049103 -0.000218624 1
  outer loop
  vertex 8.68984 23.2658 -13.9968
  vertex 2.94592 21.5316 -14
  vertex 4.16938 18.7837 -14
  endloop
 endfacet
 facet normal 0.000306762 -0.000441372 1
  outer loop
  vertex 22.4633 16.0823 -14
  vertex 18.4485 20.5411 -13.9968
  vertex 19.9933 14.3656 -14
  endloop
 endfacet
 facet normal 0.000306757 -0.000441373 1
  outer loop
  vertex 18.4485 20.5411 -13.9968
  vertex 17.2135 19.6828 -13.9968
  vertex 19.9933 14.3656 -14
  endloop
 endfacet
 facet normal -0.000122721 0.000523295 1
  outer loop
  vertex 13.1794 36.9343 -14
  vertex 12.3423 30.6237 -13.9968
  vertex 13.8066 30.9671 -13.9968
  endloop
 endfacet
 facet normal -0.000122728 0.000523296 1
  outer loop
  vertex 12.3423 30.6237 -13.9968
  vertex 13.1794 36.9343 -14
  vertex 10.2509 36.2474 -14
  endloop
 endfacet
 facet normal -0.000249022 0.000476336 1
  outer loop
  vertex 10.2509 36.2474 -14
  vertex 7.58519 34.8538 -14
  vertex 12.3423 30.6237 -13.9968
  endloop
 endfacet
 facet normal 0.000537026 2.25146e-05 1
  outer loop
  vertex 26.3917 23.9959 -14
  vertex 20.3497 26.0006 -13.9968
  vertex 20.4127 24.4979 -13.9968
  endloop
 endfacet
 facet normal 0.00018738 -0.000503779 1
  outer loop
  vertex 17.2135 19.6828 -13.9968
  vertex 15.8039 19.1585 -13.9968
  vertex 19.9933 14.3656 -14
  endloop
 endfacet
 facet normal 0.000187374 -0.000503785 1
  outer loop
  vertex 19.9933 14.3656 -14
  vertex 15.8039 19.1585 -13.9968
  vertex 17.174 13.3171 -14
  endloop
 endfacet
 facet normal 0.000481446 -0.000238999 1
  outer loop
  vertex 25.7663 21.0536 -14
  vertex 19.4313 21.6796 -13.9968
  vertex 24.4288 18.3593 -14
  endloop
 endfacet
 facet normal 5.6197e-05 -0.00053456 1
  outer loop
  vertex 15.8039 19.1585 -13.9968
  vertex 14.1824 13.0026 -14
  vertex 17.174 13.3171 -14
  endloop
 endfacet
 facet normal -7.85145e-05 -0.000531733 1
  outer loop
  vertex 14.3081 19.0013 -13.9968
  vertex 12.8202 19.221 -13.9968
  vertex 14.1824 13.0026 -14
  endloop
 endfacet
 facet normal -0.000529974 -8.96376e-05 1
  outer loop
  vertex 8.68984 23.2658 -13.9968
  vertex 2.44428 24.4975 -14
  vertex 2.94592 21.5316 -14
  endloop
 endfacet
 facet normal 0.000525752 -0.000111751 1
  outer loop
  vertex 26.3917 23.9959 -14
  vertex 20.1 23.0268 -13.9968
  vertex 25.7663 21.0536 -14
  endloop
 endfacet
 facet normal -0.000249024 0.000476334 1
  outer loop
  vertex 12.3423 30.6237 -13.9968
  vertex 7.58519 34.8538 -14
  vertex 11.0095 29.9269 -13.9968
  endloop
 endfacet
 facet normal -0.000535616 4.49772e-05 1
  outer loop
  vertex 2.69598 27.4949 -14
  vertex 2.44428 24.4975 -14
  vertex 8.56487 26.2475 -13.9968
  endloop
 endfacet
 facet normal 0.00026875 0.000465488 1
  outer loop
  vertex 19.0839 36.0624 -14
  vertex 18.0613 29.7792 -13.9968
  vertex 21.6889 34.5584 -14
  endloop
 endfacet
 facet normal 0.00026875 0.000465488 1
  outer loop
  vertex 18.0613 29.7792 -13.9968
  vertex 19.0839 36.0624 -14
  vertex 16.7588 30.5312 -13.9968
  endloop
 endfacet
 facet normal -0.000421227 -0.00033389 1
  outer loop
  vertex 9.30157 21.8918 -13.9968
  vertex 4.16938 18.7837 -14
  vertex 10.2358 20.7132 -13.9968
  endloop
 endfacet
 facet normal -0.000535616 4.49761e-05 1
  outer loop
  vertex 8.56487 26.2475 -13.9968
  vertex 2.44428 24.4975 -14
  vertex 8.43902 24.7487 -13.9968
  endloop
 endfacet
 facet normal 0.000514559 0.000155354 1
  outer loop
  vertex 25.3963 29.8808 -14
  vertex 20.3497 26.0006 -13.9968
  vertex 26.2657 27.0012 -14
  endloop
 endfacet
 facet normal 0.000514559 0.000155354 1
  outer loop
  vertex 20.3497 26.0006 -13.9968
  vertex 25.3963 29.8808 -14
  vertex 19.915 27.4404 -13.9968
  endloop
 endfacet
 facet normal 0.000537026 2.25149e-05 1
  outer loop
  vertex 26.2657 27.0012 -14
  vertex 20.3497 26.0006 -13.9968
  vertex 26.3917 23.9959 -14
  endloop
 endfacet
 facet normal -0.000447696 0.000297451 1
  outer loop
  vertex 5.34981 32.841 -14
  vertex 3.68521 30.3356 -14
  vertex 9.05948 27.6678 -13.9968
  endloop
 endfacet
 facet normal 5.61909e-05 -0.000534559 1
  outer loop
  vertex 14.3081 19.0013 -13.9968
  vertex 14.1824 13.0026 -14
  vertex 15.8039 19.1585 -13.9968
  endloop
 endfacet
 facet normal -0.000359665 0.000399437 1
  outer loop
  vertex 7.58519 34.8538 -14
  vertex 5.34981 32.841 -14
  vertex 9.89178 28.9205 -13.9968
  endloop
 endfacet
 facet normal 0.000481447 -0.00023899 1
  outer loop
  vertex 20.1 23.0268 -13.9968
  vertex 19.4313 21.6796 -13.9968
  vertex 25.7663 21.0536 -14
  endloop
 endfacet
 facet normal -0.00042123 -0.00033388 1
  outer loop
  vertex 10.2358 20.7132 -13.9968
  vertex 4.16938 18.7837 -14
  vertex 6.0378 16.4263 -14
  endloop
 endfacet
 facet normal -7.85154e-05 -0.000531733 1
  outer loop
  vertex 12.8202 19.221 -13.9968
  vertex 11.2067 13.442 -14
  vertex 14.1824 13.0026 -14
  endloop
 endfacet
 facet normal 0.000459762 0.00027843 1
  outer loop
  vertex 23.8381 32.4538 -14
  vertex 19.915 27.4404 -13.9968
  vertex 25.3963 29.8808 -14
  endloop
 endfacet
 facet normal 0.000459762 0.00027843 1
  outer loop
  vertex 19.915 27.4404 -13.9968
  vertex 23.8381 32.4538 -14
  vertex 19.1359 28.7269 -13.9968
  endloop
 endfacet
 facet normal -0.000491032 -0.000218622 1
  outer loop
  vertex 8.68984 23.2658 -13.9968
  vertex 4.16938 18.7837 -14
  vertex 9.30157 21.8918 -13.9968
  endloop
 endfacet
 facet normal -0.000507602 0.000176769 1
  outer loop
  vertex 3.68521 30.3356 -14
  vertex 8.56487 26.2475 -13.9968
  vertex 9.05948 27.6678 -13.9968
  endloop
 endfacet
 facet normal -0.000507603 0.000176768 1
  outer loop
  vertex 8.56487 26.2475 -13.9968
  vertex 3.68521 30.3356 -14
  vertex 2.69598 27.4949 -14
  endloop
 endfacet
 facet normal -0.00032499 -0.000428127 1
  outer loop
  vertex 10.2358 20.7132 -13.9968
  vertex 8.43375 14.6077 -14
  vertex 11.4338 19.8038 -13.9968
  endloop
 endfacet
 facet normal -0.000324982 -0.000428129 1
  outer loop
  vertex 8.43375 14.6077 -14
  vertex 10.2358 20.7132 -13.9968
  vertex 6.0378 16.4263 -14
  endloop
 endfacet
 facet normal 0.000525752 -0.000111753 1
  outer loop
  vertex 20.4127 24.4979 -13.9968
  vertex 20.1 23.0268 -13.9968
  vertex 26.3917 23.9959 -14
  endloop
 endfacet
 facet normal -0.000447696 0.000297451 1
  outer loop
  vertex 9.89178 28.9205 -13.9968
  vertex 5.34981 32.841 -14
  vertex 9.05948 27.6678 -13.9968
  endloop
 endfacet
 facet normal -0.000359662 0.000399438 1
  outer loop
  vertex 11.0095 29.9269 -13.9968
  vertex 7.58519 34.8538 -14
  vertex 9.89178 28.9205 -13.9968
  endloop
 endfacet
 facet normal -0.000529974 -8.96387e-05 1
  outer loop
  vertex 8.43902 24.7487 -13.9968
  vertex 2.44428 24.4975 -14
  vertex 8.68984 23.2658 -13.9968
  endloop
 endfacet
 facet normal 0.000376063 0.000384033 1
  outer loop
  vertex 21.6889 34.5584 -14
  vertex 18.0613 29.7792 -13.9968
  vertex 19.1359 28.7269 -13.9968
  endloop
 endfacet
 facet normal -0.000208293 -0.0004955 1
  outer loop
  vertex 11.4338 19.8038 -13.9968
  vertex 11.2067 13.442 -14
  vertex 12.8202 19.221 -13.9968
  endloop
 endfacet
 facet normal -0.000208295 -0.0004955 1
  outer loop
  vertex 11.2067 13.442 -14
  vertex 11.4338 19.8038 -13.9968
  vertex 8.43375 14.6077 -14
  endloop
 endfacet
 facet normal 0.000406886 -0.000351223 1
  outer loop
  vertex 19.4313 21.6796 -13.9968
  vertex 22.4633 16.0823 -14
  vertex 24.4288 18.3593 -14
  endloop
 endfacet
 facet normal 0.000406882 -0.000351225 1
  outer loop
  vertex 22.4633 16.0823 -14
  vertex 19.4313 21.6796 -13.9968
  vertex 18.4485 20.5411 -13.9968
  endloop
 endfacet
 facet normal 0.000144535 0.000517703 1
  outer loop
  vertex 19.0839 36.0624 -14
  vertex 15.3103 30.9356 -13.9968
  vertex 16.7588 30.5312 -13.9968
  endloop
 endfacet
 facet normal 1.12571e-05 0.000537377 1
  outer loop
  vertex 16.1868 36.8713 -14
  vertex 13.8066 30.9671 -13.9968
  vertex 15.3103 30.9356 -13.9968
  endloop
 endfacet
 facet normal 1.12571e-05 0.000537377 1
  outer loop
  vertex 13.8066 30.9671 -13.9968
  vertex 16.1868 36.8713 -14
  vertex 13.1794 36.9343 -14
  endloop
 endfacet
 facet normal 0.000144538 0.0005177 1
  outer loop
  vertex 16.1868 36.8713 -14
  vertex 15.3103 30.9356 -13.9968
  vertex 19.0839 36.0624 -14
  endloop
 endfacet
 facet normal -0.146074 -0.989274 -4.45126e-05
  outer loop
  vertex 14.0051 19.0461 10.6755
  vertex 14.3081 19.0013 12
  vertex 12.8202 19.221 12
  endloop
 endfacet
 facet normal -0.146428 -0.989221 0
  outer loop
  vertex 14.3081 19.0013 12
  vertex 14.1865 19.0193 10.7608
  vertex 14.3081 19.0013 10.784
  endloop
 endfacet
 facet normal -0.146141 -0.989264 -2.87052e-05
  outer loop
  vertex 14.3081 19.0013 12
  vertex 14.0051 19.0461 10.6755
  vertex 14.1865 19.0193 10.7608
  endloop
 endfacet
 facet normal -0.146001 -0.989284 2.24319e-05
  outer loop
  vertex 12.8202 19.221 12
  vertex 13.8506 19.0689 10.5476
  vertex 14.0051 19.0461 10.6755
  endloop
 endfacet
 facet normal -0.14586 -0.989305 0.000124211
  outer loop
  vertex 12.8202 19.221 12
  vertex 13.7467 19.0842 10.4046
  vertex 13.8506 19.0689 10.5476
  endloop
 endfacet
 facet normal -0.147334 -0.989087 -0.000750434
  outer loop
  vertex 12.8202 19.221 12
  vertex 13.7327 19.0863 10.3854
  vertex 13.7467 19.0842 10.4046
  endloop
 endfacet
 facet normal -0.146069 -0.989274 -1.97487e-05
  outer loop
  vertex 12.8202 19.221 12
  vertex 13.6589 19.0972 10.199
  vertex 13.7327 19.0863 10.3854
  endloop
 endfacet
 facet normal -0.145987 -0.989286 1.89735e-05
  outer loop
  vertex 12.8202 19.221 12
  vertex 13.6338 19.1009 10
  vertex 13.6589 19.0972 10.199
  endloop
 endfacet
 facet normal -0.14612 -0.989267 -3.60398e-05
  outer loop
  vertex 12.8202 19.221 12
  vertex 13.6589 19.0972 9.80105
  vertex 13.6338 19.1009 10
  endloop
 endfacet
 facet normal -0.146027 -0.989281 0
  outer loop
  vertex 12.8202 19.221 -13.9968
  vertex 13.6589 19.0972 9.80105
  vertex 12.8202 19.221 12
  endloop
 endfacet
 facet normal -0.14611 -0.989268 2.98654e-06
  outer loop
  vertex 12.8202 19.221 -13.9968
  vertex 13.7327 19.0863 9.6146
  vertex 13.6589 19.0972 9.80105
  endloop
 endfacet
 facet normal -0.148225 -0.988954 8.64944e-05
  outer loop
  vertex 12.8202 19.221 -13.9968
  vertex 13.7467 19.0842 9.5954
  vertex 13.7327 19.0863 9.6146
  endloop
 endfacet
 facet normal -0.145712 -0.989327 -1.43384e-05
  outer loop
  vertex 12.8202 19.221 -13.9968
  vertex 13.8506 19.0689 9.45236
  vertex 13.7467 19.0842 9.5954
  endloop
 endfacet
 facet normal -0.145984 -0.989287 -2.12803e-06
  outer loop
  vertex 12.8202 19.221 -13.9968
  vertex 14.0051 19.0461 9.32454
  vertex 13.8506 19.0689 9.45236
  endloop
 endfacet
 facet normal -0.146152 -0.989262 6.56803e-06
  outer loop
  vertex 12.8202 19.221 -13.9968
  vertex 14.1865 19.0193 9.23915
  vertex 14.0051 19.0461 9.32454
  endloop
 endfacet
 facet normal -0.146424 -0.989222 2.29066e-05
  outer loop
  vertex 12.8202 19.221 -13.9968
  vertex 14.3081 19.0013 9.21597
  vertex 14.1865 19.0193 9.23915
  endloop
 endfacet
 facet normal -0.146074 -0.989274 0
  outer loop
  vertex 14.3081 19.0013 9.21597
  vertex 12.8202 19.221 -13.9968
  vertex 14.3081 19.0013 -13.9968
  endloop
 endfacet
 facet normal -0.387699 -0.921786 0
  outer loop
  vertex 11.4338 19.8038 9.20474
  vertex 11.4804 19.7842 4.93323
  vertex 11.4804 19.7842 9.20158
  endloop
 endfacet
 facet normal -0.387568 -0.921841 1.68441e-06
  outer loop
  vertex 11.4338 19.8038 9.20474
  vertex 11.4452 19.799 4.92584
  vertex 11.4804 19.7842 4.93323
  endloop
 endfacet
 facet normal -0.388105 -0.921615 0
  outer loop
  vertex 11.4452 19.799 4.92584
  vertex 11.4338 19.8038 9.20474
  vertex 11.4338 19.8038 4.92345
  endloop
 endfacet
 facet normal -0.386012 -0.922494 7.69879e-05
  outer loop
  vertex 11.5184 19.7683 10.7906
  vertex 11.4338 19.8038 12
  vertex 11.4804 19.7842 10.7984
  endloop
 endfacet
 facet normal -0.387699 -0.921786 0
  outer loop
  vertex 11.4804 19.7842 10.7984
  vertex 11.4338 19.8038 12
  vertex 11.4338 19.8038 10.7953
  endloop
 endfacet
 facet normal -0.387549 -0.921849 -4.94784e-05
  outer loop
  vertex 11.6635 19.7073 10.7608
  vertex 11.4338 19.8038 12
  vertex 11.5184 19.7683 10.7906
  endloop
 endfacet
 facet normal -0.387522 -0.921861 -4.34725e-05
  outer loop
  vertex 11.4338 19.8038 12
  vertex 11.6635 19.7073 10.7608
  vertex 12.8202 19.221 12
  endloop
 endfacet
 facet normal -0.387616 -0.921821 5.95273e-05
  outer loop
  vertex 11.8321 19.6364 10.6755
  vertex 12.8202 19.221 12
  vertex 11.6635 19.7073 10.7608
  endloop
 endfacet
 facet normal -0.387445 -0.921893 -9.00302e-05
  outer loop
  vertex 11.9461 19.5885 10.5739
  vertex 12.8202 19.221 12
  vertex 11.8321 19.6364 10.6755
  endloop
 endfacet
 facet normal -0.387519 -0.921862 -3.95641e-05
  outer loop
  vertex 11.9756 19.5761 10.5476
  vertex 12.8202 19.221 12
  vertex 11.9461 19.5885 10.5739
  endloop
 endfacet
 facet normal -0.387646 -0.921808 5.01459e-05
  outer loop
  vertex 12.0852 19.53 10.3854
  vertex 12.8202 19.221 12
  vertex 11.9756 19.5761 10.5476
  endloop
 endfacet
 facet normal -0.387354 -0.921931 -0.000106452
  outer loop
  vertex 12.1538 19.5012 10.199
  vertex 12.8202 19.221 12
  vertex 12.0852 19.53 10.3854
  endloop
 endfacet
 facet normal -0.387805 -0.921741 9.01602e-05
  outer loop
  vertex 12.1723 19.4934 10.0407
  vertex 12.8202 19.221 12
  vertex 12.1538 19.5012 10.199
  endloop
 endfacet
 facet normal -0.386835 -0.922149 -0.000287504
  outer loop
  vertex 12.1771 19.4914 10
  vertex 12.8202 19.221 12
  vertex 12.1723 19.4934 10.0407
  endloop
 endfacet
 facet normal -0.389235 -0.921138 0.000620831
  outer loop
  vertex 12.1723 19.4934 9.95934
  vertex 12.8202 19.221 12
  vertex 12.1771 19.4914 10
  endloop
 endfacet
 facet normal -0.387056 -0.922056 -0.000193192
  outer loop
  vertex 12.1538 19.5012 9.80105
  vertex 12.8202 19.221 12
  vertex 12.1723 19.4934 9.95934
  endloop
 endfacet
 facet normal -0.387377 -0.921921 0
  outer loop
  vertex 11.8321 19.6364 4.81159
  vertex 11.9461 19.5885 9.4261
  vertex 11.8321 19.6364 9.32454
  endloop
 endfacet
 facet normal -0.386036 -0.922484 5.96718e-05
  outer loop
  vertex 11.6635 19.7073 4.90507
  vertex 11.5184 19.7683 9.20937
  vertex 11.4804 19.7842 9.20158
  endloop
 endfacet
 facet normal -0.387226 -0.921985 0
  outer loop
  vertex 11.6635 19.7073 4.90507
  vertex 11.4804 19.7842 9.20158
  vertex 11.4804 19.7842 4.93323
  endloop
 endfacet
 facet normal -0.387541 -0.921853 0
  outer loop
  vertex 11.5184 19.7683 9.20937
  vertex 11.6635 19.7073 4.90507
  vertex 11.6635 19.7073 9.23915
  endloop
 endfacet
 facet normal -0.387641 -0.92181 0
  outer loop
  vertex 11.6635 19.7073 9.23915
  vertex 11.6635 19.7073 4.90507
  vertex 11.8321 19.6364 9.32454
  endloop
 endfacet
 facet normal -0.387638 -0.921812 -1.33615e-07
  outer loop
  vertex 11.8 19.6499 4.82938
  vertex 11.8321 19.6364 9.32454
  vertex 11.6635 19.7073 4.90507
  endloop
 endfacet
 facet normal -0.38768 -0.921794 0
  outer loop
  vertex 11.8321 19.6364 4.81159
  vertex 11.8321 19.6364 9.32454
  vertex 11.8 19.6499 4.82938
  endloop
 endfacet
 facet normal -0.387492 -0.921873 3.33969e-06
  outer loop
  vertex 11.9461 19.5885 9.4261
  vertex 11.8321 19.6364 4.81159
  vertex 11.9756 19.5761 9.45236
  endloop
 endfacet
 facet normal -0.387 -0.92208 -1.45692e-05
  outer loop
  vertex 11.8595 19.6249 4.78239
  vertex 11.9756 19.5761 9.45236
  vertex 11.8321 19.6364 4.81159
  endloop
 endfacet
 facet normal -0.387496 -0.921871 1.11323e-06
  outer loop
  vertex 11.9756 19.5761 4.65867
  vertex 11.9756 19.5761 9.45236
  vertex 11.8595 19.6249 4.78239
  endloop
 endfacet
 facet normal -0.387709 -0.921782 0
  outer loop
  vertex 11.9756 19.5761 9.45236
  vertex 11.9756 19.5761 4.65867
  vertex 12.0852 19.53 9.6146
  endloop
 endfacet
 facet normal -0.387095 -0.92204 -1.59716e-05
  outer loop
  vertex 11.9968 19.5672 4.61945
  vertex 12.0852 19.53 9.6146
  vertex 11.9756 19.5761 4.65867
  endloop
 endfacet
 facet normal -0.387862 -0.921717 0
  outer loop
  vertex 12.0852 19.53 4.4559
  vertex 12.0852 19.53 9.6146
  vertex 11.9968 19.5672 4.61945
  endloop
 endfacet
 facet normal -0.387108 -0.922034 0
  outer loop
  vertex 12.0852 19.53 9.6146
  vertex 12.0852 19.53 4.4559
  vertex 12.1538 19.5012 9.80105
  endloop
 endfacet
 facet normal -0.387804 -0.921742 1.05089e-05
  outer loop
  vertex 12.1401 19.5069 4.2638
  vertex 12.1538 19.5012 9.80105
  vertex 12.0852 19.53 4.4559
  endloop
 endfacet
 facet normal -0.384186 -0.923256 0
  outer loop
  vertex 12.1538 19.5012 4.21603
  vertex 12.1538 19.5012 9.80105
  vertex 12.1401 19.5069 4.2638
  endloop
 endfacet
 facet normal -0.387598 -0.921828 0
  outer loop
  vertex 12.1538 19.5012 9.80105
  vertex 12.1538 19.5012 4.21603
  vertex 12.8202 19.221 12
  endloop
 endfacet
 facet normal -0.393166 -0.919467 0.000561633
  outer loop
  vertex 12.1584 19.4992 4.16345
  vertex 12.8202 19.221 12
  vertex 12.1538 19.5012 4.21603
  endloop
 endfacet
 facet normal -0.386226 -0.922404 -0.000128678
  outer loop
  vertex 12.1771 19.4914 3.95414
  vertex 12.8202 19.221 12
  vertex 12.1584 19.4992 4.16345
  endloop
 endfacet
 facet normal 0.562919 -0.82271 -0.0791859
  outer loop
  vertex 12.1538 19.5012 3.68668
  vertex 12.1771 19.4914 3.95414
  vertex 12.1723 19.4934 3.89923
  endloop
 endfacet
 facet normal 0.965655 0.0672543 -0.250974
  outer loop
  vertex 12.0852 19.53 3.43045
  vertex 12.1538 19.5012 3.68668
  vertex 12.1394 19.5072 3.63288
  endloop
 endfacet
 facet normal 0.0404106 0.983089 0.178613
  outer loop
  vertex 11.9756 19.5761 3.20155
  vertex 12.0852 19.53 3.43045
  vertex 11.9994 19.5661 3.2512
  endloop
 endfacet
 facet normal -0.381675 -0.924297 0
  outer loop
  vertex 11.4338 19.8038 -13.9968
  vertex 11.4384 19.8019 2.80761
  vertex 11.4338 19.8038 2.80748
  endloop
 endfacet
 facet normal -0.388356 -0.921509 2.14434e-06
  outer loop
  vertex 11.4338 19.8038 -13.9968
  vertex 11.4804 19.7842 2.80884
  vertex 11.4384 19.8019 2.80761
  endloop
 endfacet
 facet normal -0.387522 -0.921861 -5.80145e-07
  outer loop
  vertex 12.8202 19.221 -13.9968
  vertex 11.4804 19.7842 2.80884
  vertex 11.4338 19.8038 -13.9968
  endloop
 endfacet
 facet normal -0.386424 -0.922321 0.000102351
  outer loop
  vertex 11.4804 19.7842 2.80884
  vertex 12.8202 19.221 -13.9968
  vertex 11.5217 19.7669 2.82504
  endloop
 endfacet
 facet normal -0.387472 -0.921881 7.18557e-06
  outer loop
  vertex 11.5217 19.7669 2.82504
  vertex 12.8202 19.221 -13.9968
  vertex 11.6635 19.7073 2.88067
  endloop
 endfacet
 facet normal -0.388545 -0.92143 -7.93781e-05
  outer loop
  vertex 11.6635 19.7073 2.88067
  vertex 12.8202 19.221 -13.9968
  vertex 11.7012 19.6914 2.91055
  endloop
 endfacet
 facet normal -0.387373 -0.921923 1.19354e-05
  outer loop
  vertex 11.7012 19.6914 2.91055
  vertex 12.8202 19.221 -13.9968
  vertex 11.8321 19.6364 3.01437
  endloop
 endfacet
 facet normal -0.3871 -0.922038 3.06101e-05
  outer loop
  vertex 11.8321 19.6364 3.01437
  vertex 12.8202 19.221 -13.9968
  vertex 11.9443 19.5893 3.16063
  endloop
 endfacet
 facet normal -0.388535 -0.921434 -5.56119e-05
  outer loop
  vertex 11.9443 19.5893 3.16063
  vertex 12.8202 19.221 -13.9968
  vertex 11.9756 19.5761 3.20155
  endloop
 endfacet
 facet normal -0.387696 -0.921787 -7.1462e-06
  outer loop
  vertex 11.9756 19.5761 3.20155
  vertex 12.8202 19.221 -13.9968
  vertex 12.0852 19.53 3.43045
  endloop
 endfacet
 facet normal -0.387168 -0.922009 1.90609e-05
  outer loop
  vertex 12.0852 19.53 3.43045
  vertex 12.8202 19.221 -13.9968
  vertex 12.1538 19.5012 3.68668
  endloop
 endfacet
 facet normal -0.387669 -0.921799 -3.13137e-06
  outer loop
  vertex 12.1538 19.5012 3.68668
  vertex 12.8202 19.221 -13.9968
  vertex 12.1771 19.4914 3.95414
  endloop
 endfacet
 facet normal -0.387596 -0.921829 0
  outer loop
  vertex 12.1771 19.4914 3.95414
  vertex 12.8202 19.221 -13.9968
  vertex 12.8202 19.221 12
  endloop
 endfacet
 facet normal 0.182402 0.0479537 0.982054
  outer loop
  vertex 14.3081 19.0013 9.21597
  vertex 14.3835 19.0092 9.20158
  vertex 14.3599 19.0068 9.20608
  endloop
 endfacet
 facet normal 0.104182 -0.994558 0
  outer loop
  vertex 14.3835 19.0092 9.20158
  vertex 14.3081 19.0013 9.21597
  vertex 14.3081 19.0013 -13.9968
  endloop
 endfacet
 facet normal 0.104925 -0.99448 4.71551e-05
  outer loop
  vertex 14.5598 19.0278 10.7873
  vertex 14.3081 19.0013 12
  vertex 14.3835 19.0092 10.7984
  endloop
 endfacet
 facet normal 0.101187 -0.994867 -0.000189936
  outer loop
  vertex 14.3081 19.0013 12
  vertex 14.3599 19.0068 10.7939
  vertex 14.3835 19.0092 10.7984
  endloop
 endfacet
 facet normal 0.105561 -0.994413 0
  outer loop
  vertex 14.3599 19.0068 10.7939
  vertex 14.3081 19.0013 12
  vertex 14.3081 19.0013 10.784
  endloop
 endfacet
 facet normal 0.104048 -0.994572 -0.000136869
  outer loop
  vertex 14.5837 19.0303 10.7858
  vertex 14.3081 19.0013 12
  vertex 14.5598 19.0278 10.7873
  endloop
 endfacet
 facet normal 0.105158 -0.994456 0.000117746
  outer loop
  vertex 14.6064 19.0327 10.7784
  vertex 14.3081 19.0013 12
  vertex 14.5837 19.0303 10.7858
  endloop
 endfacet
 facet normal 0.104156 -0.994561 -0.000129588
  outer loop
  vertex 14.7744 19.0503 10.7239
  vertex 14.3081 19.0013 12
  vertex 14.6064 19.0327 10.7784
  endloop
 endfacet
 facet normal 0.104519 -0.994523 4.38657e-06
  outer loop
  vertex 14.3081 19.0013 12
  vertex 14.7744 19.0503 10.7239
  vertex 15.8039 19.1585 12
  endloop
 endfacet
 facet normal 0.104604 -0.994514 -6.5703e-05
  outer loop
  vertex 14.9236 19.066 10.6292
  vertex 15.8039 19.1585 12
  vertex 14.7744 19.0503 10.7239
  endloop
 endfacet
 facet normal 0.104085 -0.994568 0.000271808
  outer loop
  vertex 14.9437 19.0681 10.6164
  vertex 15.8039 19.1585 12
  vertex 14.9236 19.066 10.6292
  endloop
 endfacet
 facet normal 0.104023 -0.994575 0.000310451
  outer loop
  vertex 14.96 19.0698 10.5991
  vertex 15.8039 19.1585 12
  vertex 14.9437 19.0681 10.6164
  endloop
 endfacet
 facet normal 0.104448 -0.99453 5.17385e-05
  outer loop
  vertex 15.081 19.0825 10.4702
  vertex 15.8039 19.1585 12
  vertex 14.96 19.0698 10.5991
  endloop
 endfacet
 facet normal 0.104815 -0.994492 -0.000123572
  outer loop
  vertex 15.1662 19.0915 10.3153
  vertex 15.8039 19.1585 12
  vertex 15.081 19.0825 10.4702
  endloop
 endfacet
 facet normal 0.104591 -0.994515 -3.77569e-05
  outer loop
  vertex 15.1776 19.0927 10.2945
  vertex 15.8039 19.1585 12
  vertex 15.1662 19.0915 10.3153
  endloop
 endfacet
 facet normal 0.104238 -0.994552 9.30076e-05
  outer loop
  vertex 15.2274 19.0979 10.1003
  vertex 15.8039 19.1585 12
  vertex 15.1776 19.0927 10.2945
  endloop
 endfacet
 facet normal 0.104542 -0.994521 0
  outer loop
  vertex 15.2274 19.0979 9.89973
  vertex 15.8039 19.1585 12
  vertex 15.2274 19.0979 10.1003
  endloop
 endfacet
 facet normal 0.113906 -0.993488 -0.00260032
  outer loop
  vertex 15.1776 19.0927 9.7055
  vertex 15.8039 19.1585 12
  vertex 15.2274 19.0979 9.89973
  endloop
 endfacet
 facet normal -0.311608 0.943033 0.116571
  outer loop
  vertex 15.081 19.0825 9.52977
  vertex 15.1776 19.0927 9.7055
  vertex 15.1662 19.0915 9.68473
  endloop
 endfacet
 facet normal 0.481465 0.704354 -0.521609
  outer loop
  vertex 14.9437 19.0681 9.38359
  vertex 15.081 19.0825 9.52977
  vertex 14.96 19.0698 9.40093
  endloop
 endfacet
 facet normal -0.121948 -0.771609 0.624299
  outer loop
  vertex 14.5837 19.0303 9.21417
  vertex 14.7744 19.0503 9.27614
  vertex 14.6064 19.0327 9.22157
  endloop
 endfacet
 facet normal -0.0456446 -0.15573 0.986744
  outer loop
  vertex 14.3835 19.0092 9.20158
  vertex 14.5837 19.0303 9.21417
  vertex 14.5598 19.0278 9.21267
  endloop
 endfacet
 facet normal 0.104519 -0.994523 -1.10612e-06
  outer loop
  vertex 15.8039 19.1585 -13.9968
  vertex 14.3835 19.0092 9.20158
  vertex 14.3081 19.0013 -13.9968
  endloop
 endfacet
 facet normal 0.104818 -0.994492 1.74217e-05
  outer loop
  vertex 14.3835 19.0092 9.20158
  vertex 15.8039 19.1585 -13.9968
  vertex 14.5837 19.0303 9.21417
  endloop
 endfacet
 facet normal 0.10431 -0.994545 -9.55182e-06
  outer loop
  vertex 14.5837 19.0303 9.21417
  vertex 15.8039 19.1585 -13.9968
  vertex 14.7744 19.0503 9.27614
  endloop
 endfacet
 facet normal 0.104642 -0.99451 5.29859e-06
  outer loop
  vertex 14.7744 19.0503 9.27614
  vertex 15.8039 19.1585 -13.9968
  vertex 14.9236 19.066 9.37084
  endloop
 endfacet
 facet normal 0.103927 -0.994585 -2.19419e-05
  outer loop
  vertex 14.9236 19.066 9.37084
  vertex 15.8039 19.1585 -13.9968
  vertex 14.9437 19.0681 9.38359
  endloop
 endfacet
 facet normal 0.104316 -0.994544 -8.10648e-06
  outer loop
  vertex 14.9437 19.0681 9.38359
  vertex 15.8039 19.1585 -13.9968
  vertex 15.081 19.0825 9.52977
  endloop
 endfacet
 facet normal 0.104969 -0.994475 1.28338e-05
  outer loop
  vertex 15.081 19.0825 9.52977
  vertex 15.8039 19.1585 -13.9968
  vertex 15.1776 19.0927 9.7055
  endloop
 endfacet
 facet normal 0.104489 -0.994526 0
  outer loop
  vertex 15.1776 19.0927 9.7055
  vertex 15.8039 19.1585 -13.9968
  vertex 15.8039 19.1585 12
  endloop
 endfacet
 facet normal -0.944375 0.328872 3.81122e-07
  outer loop
  vertex 8.56487 26.2475 -13.9968
  vertex 9.05949 27.6678 12
  vertex 9.05948 27.6678 -13.9968
  endloop
 endfacet
 facet normal -0.944374 0.328874 2.54081e-07
  outer loop
  vertex 9.05949 27.6678 12
  vertex 8.56487 26.2475 -13.9968
  vertex 8.56487 26.2475 12
  endloop
 endfacet
 facet normal -0.604628 -0.796508 8.23729e-06
  outer loop
  vertex 11.1603 20.0114 10.7239
  vertex 11.4338 19.8038 12
  vertex 10.2358 20.7132 12
  endloop
 endfacet
 facet normal -0.604522 -0.796589 0
  outer loop
  vertex 11.4338 19.8038 12
  vertex 11.3467 19.8699 10.7884
  vertex 11.4338 19.8038 10.7953
  endloop
 endfacet
 facet normal -0.604986 -0.796236 5.26047e-05
  outer loop
  vertex 11.4338 19.8038 12
  vertex 11.3134 19.8952 10.7858
  vertex 11.3467 19.8699 10.7884
  endloop
 endfacet
 facet normal -0.604564 -0.796557 -1.34201e-05
  outer loop
  vertex 11.4338 19.8038 12
  vertex 11.1603 20.0114 10.7239
  vertex 11.3134 19.8952 10.7858
  endloop
 endfacet
 facet normal -0.604539 -0.796576 0.000109943
  outer loop
  vertex 10.2358 20.7132 12
  vertex 11.0243 20.1146 10.6164
  vertex 11.1603 20.0114 10.7239
  endloop
 endfacet
 facet normal -0.604766 -0.796403 -9.47608e-05
  outer loop
  vertex 10.2358 20.7132 12
  vertex 10.9141 20.1983 10.4702
  vertex 11.0243 20.1146 10.6164
  endloop
 endfacet
 facet normal -0.603543 -0.79733 0.000759548
  outer loop
  vertex 10.2358 20.7132 12
  vertex 10.8982 20.2103 10.4342
  vertex 10.9141 20.1983 10.4702
  endloop
 endfacet
 facet normal -0.604816 -0.796365 -8.85345e-05
  outer loop
  vertex 10.2358 20.7132 12
  vertex 10.8366 20.2571 10.2945
  vertex 10.8982 20.2103 10.4342
  endloop
 endfacet
 facet normal -0.604557 -0.796562 5.4983e-05
  outer loop
  vertex 10.2358 20.7132 12
  vertex 10.8047 20.2813 10.14
  vertex 10.8366 20.2571 10.2945
  endloop
 endfacet
 facet normal -0.604067 -0.796933 0.000291255
  outer loop
  vertex 10.2358 20.7132 12
  vertex 10.7965 20.2875 10.1003
  vertex 10.8047 20.2813 10.14
  endloop
 endfacet
 facet normal -0.604693 -0.796459 0
  outer loop
  vertex 10.2358 20.7132 12
  vertex 10.7965 20.2875 9.89973
  vertex 10.7965 20.2875 10.1003
  endloop
 endfacet
 facet normal -0.604709 -0.796447 -6.45919e-06
  outer loop
  vertex 10.8366 20.2571 4.33971
  vertex 10.7965 20.2875 9.89973
  vertex 10.2358 20.7132 12
  endloop
 endfacet
 facet normal -0.603136 -0.797638 1.13923e-05
  outer loop
  vertex 10.7965 20.2875 9.89973
  vertex 10.8366 20.2571 4.33971
  vertex 10.8047 20.2813 9.86003
  endloop
 endfacet
 facet normal -0.604961 -0.796255 -1.2551e-05
  outer loop
  vertex 10.9141 20.1983 4.56278
  vertex 10.8982 20.2103 9.56578
  vertex 10.8366 20.2571 9.7055
  endloop
 endfacet
 facet normal -0.604522 -0.796589 -5.65451e-06
  outer loop
  vertex 11.3467 19.8699 9.21156
  vertex 11.3134 19.8952 4.92752
  vertex 11.4338 19.8038 9.20474
  endloop
 endfacet
 facet normal -0.604983 -0.796238 0
  outer loop
  vertex 11.3134 19.8952 9.21417
  vertex 11.3134 19.8952 4.92752
  vertex 11.3467 19.8699 9.21156
  endloop
 endfacet
 facet normal -0.604567 -0.796554 -1.90383e-06
  outer loop
  vertex 11.1893 19.9894 4.87785
  vertex 11.3134 19.8952 9.21417
  vertex 11.1603 20.0114 9.27614
  endloop
 endfacet
 facet normal -0.604484 -0.796618 0
  outer loop
  vertex 11.1603 20.0114 4.86622
  vertex 11.1603 20.0114 9.27614
  vertex 11.0243 20.1146 9.38359
  endloop
 endfacet
 facet normal -0.604846 -0.796342 0
  outer loop
  vertex 11.0243 20.1146 4.74204
  vertex 11.0243 20.1146 9.38359
  vertex 10.9141 20.1983 9.52977
  endloop
 endfacet
 facet normal -0.602448 -0.798158 0
  outer loop
  vertex 10.8982 20.2103 9.56578
  vertex 10.9141 20.1983 4.56278
  vertex 10.9141 20.1983 9.52977
  endloop
 endfacet
 facet normal -0.604389 -0.79669 0
  outer loop
  vertex 10.8047 20.2813 9.86003
  vertex 10.8366 20.2571 4.33971
  vertex 10.8366 20.2571 9.7055
  endloop
 endfacet
 facet normal -0.60461 -0.796522 0
  outer loop
  vertex 11.3134 19.8952 9.21417
  vertex 11.1893 19.9894 4.87785
  vertex 11.3134 19.8952 4.92752
  endloop
 endfacet
 facet normal -0.604384 -0.796693 0
  outer loop
  vertex 11.1603 20.0114 9.27614
  vertex 11.1603 20.0114 4.86622
  vertex 11.1893 19.9894 4.87785
  endloop
 endfacet
 facet normal -0.60347 -0.797385 4.80378e-05
  outer loop
  vertex 11.0243 20.1146 9.38359
  vertex 11.1344 20.031 4.84261
  vertex 11.1603 20.0114 4.86622
  endloop
 endfacet
 facet normal -0.604728 -0.796432 0
  outer loop
  vertex 11.0243 20.1146 9.38359
  vertex 11.0243 20.1146 4.74204
  vertex 11.1344 20.031 4.84261
  endloop
 endfacet
 facet normal -0.606545 -0.795049 -6.1696e-05
  outer loop
  vertex 10.9141 20.1983 9.52977
  vertex 11.0032 20.1307 4.70761
  vertex 11.0243 20.1146 4.74204
  endloop
 endfacet
 facet normal -0.604428 -0.79666 0
  outer loop
  vertex 10.9141 20.1983 9.52977
  vertex 10.9141 20.1983 4.56278
  vertex 11.0032 20.1307 4.70761
  endloop
 endfacet
 facet normal -0.602632 -0.798019 4.27272e-05
  outer loop
  vertex 10.8366 20.2571 9.7055
  vertex 10.899 20.2097 4.51929
  vertex 10.9141 20.1983 4.56278
  endloop
 endfacet
 facet normal -0.604886 -0.796312 0
  outer loop
  vertex 10.8366 20.2571 9.7055
  vertex 10.8366 20.2571 4.33971
  vertex 10.899 20.2097 4.51929
  endloop
 endfacet
 facet normal -0.605843 -0.795584 -0.000146706
  outer loop
  vertex 10.2358 20.7132 12
  vertex 10.8286 20.2632 4.28946
  vertex 10.8366 20.2571 4.33971
  endloop
 endfacet
 facet normal -0.603916 -0.797048 8.67771e-05
  outer loop
  vertex 10.2358 20.7132 12
  vertex 10.7965 20.2875 4.08683
  vertex 10.8286 20.2632 4.28946
  endloop
 endfacet
 facet normal -0.604694 -0.796458 0
  outer loop
  vertex 10.2358 20.7132 12
  vertex 10.7965 20.2875 3.87493
  vertex 10.7965 20.2875 4.08683
  endloop
 endfacet
 facet normal -0.604693 -0.796459 0
  outer loop
  vertex 10.2358 20.7132 12
  vertex 10.7965 20.2875 3.82005
  vertex 10.7965 20.2875 3.87493
  endloop
 endfacet
 facet normal -0.604693 -0.796459 0
  outer loop
  vertex 10.2358 20.7132 -13.9968
  vertex 10.7965 20.2875 3.82005
  vertex 10.2358 20.7132 12
  endloop
 endfacet
 facet normal -0.604619 -0.796515 -3.72145e-06
  outer loop
  vertex 10.2358 20.7132 -13.9968
  vertex 10.8048 20.2812 3.76525
  vertex 10.7965 20.2875 3.82005
  endloop
 endfacet
 facet normal -0.604136 -0.796881 -2.80611e-05
  outer loop
  vertex 10.2358 20.7132 -13.9968
  vertex 10.8366 20.2571 3.55612
  vertex 10.8048 20.2812 3.76525
  endloop
 endfacet
 facet normal -0.604413 -0.796671 -1.31513e-05
  outer loop
  vertex 10.2358 20.7132 -13.9968
  vertex 10.8975 20.2109 3.36415
  vertex 10.8366 20.2571 3.55612
  endloop
 endfacet
 facet normal -0.604605 -0.796526 -1.54365e-06
  outer loop
  vertex 10.2358 20.7132 -13.9968
  vertex 10.9141 20.1983 3.31163
  vertex 10.8975 20.2109 3.36415
  endloop
 endfacet
 facet normal -0.604831 -0.796354 1.23783e-05
  outer loop
  vertex 10.2358 20.7132 -13.9968
  vertex 11.0243 20.1146 3.10194
  vertex 10.9141 20.1983 3.31163
  endloop
 endfacet
 facet normal -0.604568 -0.796554 -6.79242e-06
  outer loop
  vertex 10.2358 20.7132 -13.9968
  vertex 11.1301 20.0343 2.97615
  vertex 11.0243 20.1146 3.10194
  endloop
 endfacet
 facet normal -0.604233 -0.796808 -3.46143e-05
  outer loop
  vertex 10.2358 20.7132 -13.9968
  vertex 11.1603 20.0114 2.94022
  vertex 11.1301 20.0343 2.97615
  endloop
 endfacet
 facet normal -0.603756 -0.797169 -7.54687e-05
  outer loop
  vertex 10.2358 20.7132 -13.9968
  vertex 11.1945 19.9855 2.91708
  vertex 11.1603 20.0114 2.94022
  endloop
 endfacet
 facet normal -0.604801 -0.796376 1.77761e-05
  outer loop
  vertex 10.2358 20.7132 -13.9968
  vertex 11.3134 19.8952 2.83664
  vertex 11.1945 19.9855 2.91708
  endloop
 endfacet
 facet normal -0.604649 -0.796492 2.39892e-06
  outer loop
  vertex 10.2358 20.7132 -13.9968
  vertex 11.4338 19.8038 2.80748
  vertex 11.3134 19.8952 2.83664
  endloop
 endfacet
 facet normal -0.604628 -0.796508 0
  outer loop
  vertex 11.4338 19.8038 2.80748
  vertex 10.2358 20.7132 -13.9968
  vertex 11.4338 19.8038 -13.9968
  endloop
 endfacet
 facet normal -0.604649 -0.796492 0
  outer loop
  vertex 11.4338 19.8038 9.20474
  vertex 11.3134 19.8952 4.92752
  vertex 11.4338 19.8038 4.92345
  endloop
 endfacet
 facet normal 0.348615 -0.937266 0
  outer loop
  vertex 15.8039 19.1585 -13.9968
  vertex 17.2135 19.6828 12
  vertex 15.8039 19.1585 12
  endloop
 endfacet
 facet normal 0.348615 -0.937266 0
  outer loop
  vertex 17.2135 19.6828 12
  vertex 15.8039 19.1585 -13.9968
  vertex 17.2135 19.6828 -13.9968
  endloop
 endfacet
 facet normal 0.95732 0.289031 0
  outer loop
  vertex 20.3497 26.0006 12
  vertex 19.915 27.4404 -13.9968
  vertex 19.915 27.4404 12
  endloop
 endfacet
 facet normal 0.95732 0.289031 0
  outer loop
  vertex 19.915 27.4404 -13.9968
  vertex 20.3497 26.0006 12
  vertex 20.3497 26.0006 -13.9968
  endloop
 endfacet
 facet normal -0.228321 0.973586 0
  outer loop
  vertex 13.8066 30.9671 -13.9968
  vertex 12.3423 30.6237 12
  vertex 13.8066 30.9671 12
  endloop
 endfacet
 facet normal -0.228321 0.973586 0
  outer loop
  vertex 12.3423 30.6237 12
  vertex 13.8066 30.9671 -13.9968
  vertex 12.3423 30.6237 -13.9968
  endloop
 endfacet
 facet normal 0.978146 -0.207917 0
  outer loop
  vertex 20.4127 24.4979 12
  vertex 20.1 23.0268 -13.9968
  vertex 20.4127 24.4979 -13.9968
  endloop
 endfacet
 facet normal 0.978146 -0.207917 0
  outer loop
  vertex 20.1 23.0268 -13.9968
  vertex 20.4127 24.4979 12
  vertex 20.1 23.0268 12
  endloop
 endfacet
 facet normal 0.570692 -0.821164 0
  outer loop
  vertex 17.2135 19.6828 -13.9968
  vertex 18.4485 20.5411 12
  vertex 17.2135 19.6828 12
  endloop
 endfacet
 facet normal 0.570692 -0.821164 0
  outer loop
  vertex 18.4485 20.5411 12
  vertex 17.2135 19.6828 -13.9968
  vertex 18.4485 20.5411 -13.9968
  endloop
 endfacet
 facet normal 0.855374 0.518011 0
  outer loop
  vertex 19.915 27.4404 12
  vertex 19.1359 28.7269 -13.9968
  vertex 19.1359 28.7269 12
  endloop
 endfacet
 facet normal 0.855374 0.518011 0
  outer loop
  vertex 19.1359 28.7269 -13.9968
  vertex 19.915 27.4404 12
  vertex 19.915 27.4404 -13.9968
  endloop
 endfacet
 facet normal 0.50003 0.866008 0
  outer loop
  vertex 18.0613 29.7792 -13.9968
  vertex 16.7589 30.5312 12
  vertex 18.0613 29.7792 12
  endloop
 endfacet
 facet normal 0.500001 0.866025 -1.90759e-06
  outer loop
  vertex 16.7589 30.5312 12
  vertex 18.0613 29.7792 -13.9968
  vertex 16.7588 30.5312 -13.9968
  endloop
 endfacet
 facet normal -0.913551 -0.406723 0
  outer loop
  vertex 8.68984 23.2658 -13.9968
  vertex 8.92558 22.7363 9.89973
  vertex 8.68984 23.2658 12
  endloop
 endfacet
 facet normal -0.913522 -0.406789 -1.72718e-06
  outer loop
  vertex 8.68984 23.2658 -13.9968
  vertex 8.94357 22.6959 9.72845
  vertex 8.92558 22.7363 9.89973
  endloop
 endfacet
 facet normal -0.913212 -0.407484 -2.16859e-05
  outer loop
  vertex 8.68984 23.2658 -13.9968
  vertex 8.94598 22.6905 9.7055
  vertex 8.94357 22.6959 9.72845
  endloop
 endfacet
 facet normal -0.913479 -0.406887 -4.37364e-06
  outer loop
  vertex 8.68984 23.2658 -13.9968
  vertex 8.98549 22.6018 9.52977
  vertex 8.94598 22.6905 9.7055
  endloop
 endfacet
 facet normal -0.914389 -0.404837 6.49461e-05
  outer loop
  vertex 8.68984 23.2658 -13.9968
  vertex 8.99213 22.5868 9.51247
  vertex 8.98549 22.6018 9.52977
  endloop
 endfacet
 facet normal -0.913443 -0.406968 -8.8091e-06
  outer loop
  vertex 8.68984 23.2658 -13.9968
  vertex 9.04163 22.4757 9.38359
  vertex 8.99213 22.5868 9.51247
  endloop
 endfacet
 facet normal -0.913619 -0.406571 7.2796e-06
  outer loop
  vertex 8.68984 23.2658 -13.9968
  vertex 9.10264 22.3386 9.28892
  vertex 9.04163 22.4757 9.38359
  endloop
 endfacet
 facet normal -0.913657 -0.406486 1.13193e-05
  outer loop
  vertex 8.68984 23.2658 -13.9968
  vertex 9.11087 22.3201 9.27614
  vertex 9.10264 22.3386 9.28892
  endloop
 endfacet
 facet normal -0.913471 -0.406904 -9.03381e-06
  outer loop
  vertex 8.68984 23.2658 -13.9968
  vertex 9.17956 22.1659 9.22157
  vertex 9.11087 22.3201 9.27614
  endloop
 endfacet
 facet normal -0.91345 -0.406951 -1.16975e-05
  outer loop
  vertex 8.68984 23.2658 -13.9968
  vertex 9.18887 22.145 9.21417
  vertex 9.17956 22.1659 9.22157
  endloop
 endfacet
 facet normal -0.913786 -0.406196 3.1998e-05
  outer loop
  vertex 8.68984 23.2658 -13.9968
  vertex 9.19865 22.123 9.21267
  vertex 9.18887 22.145 9.21417
  endloop
 endfacet
 facet normal -0.913551 -0.406724 5.48811e-07
  outer loop
  vertex 8.68984 23.2658 -13.9968
  vertex 9.27073 21.9611 9.20158
  vertex 9.19865 22.123 9.21267
  endloop
 endfacet
 facet normal -0.913551 -0.406725 4.52213e-07
  outer loop
  vertex 9.30157 21.8918 -13.9968
  vertex 9.27073 21.9611 9.20158
  vertex 8.68984 23.2658 -13.9968
  endloop
 endfacet
 facet normal -0.913615 -0.406579 0
  outer loop
  vertex 9.27073 21.9611 9.20158
  vertex 9.30157 21.8918 -13.9968
  vertex 9.30157 21.8918 9.21597
  endloop
 endfacet
 facet normal -0.913551 -0.406723 0
  outer loop
  vertex 8.92558 22.7363 10.1003
  vertex 8.68984 23.2658 12
  vertex 8.92558 22.7363 9.89973
  endloop
 endfacet
 facet normal -0.913537 -0.406756 1.0929e-05
  outer loop
  vertex 8.94357 22.6959 10.2716
  vertex 8.68984 23.2658 12
  vertex 8.92558 22.7363 10.1003
  endloop
 endfacet
 facet normal -0.913395 -0.407075 0.000136998
  outer loop
  vertex 8.94598 22.6905 10.2945
  vertex 8.68984 23.2658 12
  vertex 8.94357 22.6959 10.2716
  endloop
 endfacet
 facet normal -0.913504 -0.406831 3.82034e-05
  outer loop
  vertex 8.98549 22.6018 10.4702
  vertex 8.68984 23.2658 12
  vertex 8.94598 22.6905 10.2945
  endloop
 endfacet
 facet normal -0.914123 -0.405436 -0.000687014
  outer loop
  vertex 8.99213 22.5868 10.4875
  vertex 8.68984 23.2658 12
  vertex 8.98549 22.6018 10.4702
  endloop
 endfacet
 facet normal -0.913479 -0.406886 9.30237e-05
  outer loop
  vertex 9.04163 22.4757 10.6164
  vertex 8.68984 23.2658 12
  vertex 8.99213 22.5868 10.4875
  endloop
 endfacet
 facet normal -0.913598 -0.406619 -9.02211e-05
  outer loop
  vertex 9.10264 22.3386 10.7111
  vertex 8.68984 23.2658 12
  vertex 9.04163 22.4757 10.6164
  endloop
 endfacet
 facet normal -0.913624 -0.40656 -0.000140347
  outer loop
  vertex 9.11087 22.3201 10.7239
  vertex 8.68984 23.2658 12
  vertex 9.10264 22.3386 10.7111
  endloop
 endfacet
 facet normal -0.91346 -0.406928 -7.13215e-05
  outer loop
  vertex 9.30157 21.8918 12
  vertex 9.11087 22.3201 10.7239
  vertex 9.17956 22.1659 10.7784
  endloop
 endfacet
 facet normal -0.913437 -0.406979 -8.52812e-05
  outer loop
  vertex 9.30157 21.8918 12
  vertex 9.17956 22.1659 10.7784
  vertex 9.18887 22.145 10.7858
  endloop
 endfacet
 facet normal -0.91379 -0.406187 0.000112721
  outer loop
  vertex 9.30157 21.8918 12
  vertex 9.18887 22.145 10.7858
  vertex 9.19865 22.123 10.7873
  endloop
 endfacet
 facet normal -0.913551 -0.406725 -1.00353e-05
  outer loop
  vertex 9.30157 21.8918 12
  vertex 9.19865 22.123 10.7873
  vertex 9.27073 21.9611 10.7984
  endloop
 endfacet
 facet normal -0.913615 -0.406579 0
  outer loop
  vertex 9.30157 21.8918 12
  vertex 9.27073 21.9611 10.7984
  vertex 9.30157 21.8918 10.784
  endloop
 endfacet
 facet normal -0.913549 -0.406728 8.85862e-06
  outer loop
  vertex 9.11087 22.3201 10.7239
  vertex 9.30157 21.8918 12
  vertex 8.68984 23.2658 12
  endloop
 endfacet
 facet normal -0.996493 0.0836725 0
  outer loop
  vertex 8.43902 24.7487 -13.9968
  vertex 8.56487 26.2475 12
  vertex 8.56487 26.2475 -13.9968
  endloop
 endfacet
 facet normal -0.996493 0.0836725 0
  outer loop
  vertex 8.56487 26.2475 12
  vertex 8.43902 24.7487 -13.9968
  vertex 8.43902 24.7487 12
  endloop
 endfacet
 facet normal -0.985995 -0.166773 0
  outer loop
  vertex 8.68984 23.2658 -13.9968
  vertex 8.43902 24.7487 12
  vertex 8.43902 24.7487 -13.9968
  endloop
 endfacet
 facet normal -0.985995 -0.166773 0
  outer loop
  vertex 8.43902 24.7487 12
  vertex 8.68984 23.2658 -13.9968
  vertex 8.68984 23.2658 12
  endloop
 endfacet
 facet normal -0.783667 -0.621182 0
  outer loop
  vertex 10.2358 20.7132 -13.9968
  vertex 9.30157 21.8918 9.21597
  vertex 9.30157 21.8918 -13.9968
  endloop
 endfacet
 facet normal -0.783624 -0.621235 4.45405e-06
  outer loop
  vertex 9.30157 21.8918 9.21597
  vertex 10.2358 20.7132 -13.9968
  vertex 9.36309 21.8142 9.23466
  endloop
 endfacet
 facet normal -0.783907 -0.620878 -2.3097e-05
  outer loop
  vertex 9.36309 21.8142 9.23466
  vertex 10.2358 20.7132 -13.9968
  vertex 9.3779 21.7955 9.23915
  endloop
 endfacet
 facet normal -0.783626 -0.621233 3.91893e-06
  outer loop
  vertex 9.3779 21.7955 9.23915
  vertex 10.2358 20.7132 -13.9968
  vertex 9.49182 21.6518 9.32454
  endloop
 endfacet
 facet normal -0.784256 -0.620437 -4.83464e-05
  outer loop
  vertex 9.49182 21.6518 9.32454
  vertex 10.2358 20.7132 -13.9968
  vertex 9.50337 21.6372 9.33975
  endloop
 endfacet
 facet normal -0.783596 -0.621271 5.38646e-06
  outer loop
  vertex 9.50337 21.6372 9.33975
  vertex 10.2358 20.7132 -13.9968
  vertex 9.58884 21.5294 9.45236
  endloop
 endfacet
 facet normal -0.783604 -0.62126 4.76394e-06
  outer loop
  vertex 9.58884 21.5294 9.45236
  vertex 10.2358 20.7132 -13.9968
  vertex 9.65409 21.4471 9.5954
  endloop
 endfacet
 facet normal -0.78488 -0.619647 -7.68586e-05
  outer loop
  vertex 9.65409 21.4471 9.5954
  vertex 10.2358 20.7132 -13.9968
  vertex 9.66285 21.436 9.6146
  endloop
 endfacet
 facet normal -0.783171 -0.621806 3.07079e-05
  outer loop
  vertex 9.66285 21.436 9.6146
  vertex 10.2358 20.7132 -13.9968
  vertex 9.66833 21.4291 9.63664
  endloop
 endfacet
 facet normal -0.783877 -0.620916 -1.31925e-05
  outer loop
  vertex 9.66833 21.4291 9.63664
  vertex 10.2358 20.7132 -13.9968
  vertex 9.7092 21.3775 9.80105
  endloop
 endfacet
 facet normal -0.783647 -0.621207 0
  outer loop
  vertex 10.2358 20.7132 12
  vertex 9.7092 21.3775 9.80105
  vertex 10.2358 20.7132 -13.9968
  endloop
 endfacet
 facet normal -0.784156 -0.620564 0.000316296
  outer loop
  vertex 9.7092 21.3775 9.80105
  vertex 10.2358 20.7132 12
  vertex 9.72312 21.36 9.97653
  endloop
 endfacet
 facet normal -0.783623 -0.621236 0
  outer loop
  vertex 9.36309 21.8142 10.7653
  vertex 9.30157 21.8918 12
  vertex 9.30157 21.8918 10.784
  endloop
 endfacet
 facet normal -0.783914 -0.620869 -3.75243e-05
  outer loop
  vertex 9.3779 21.7955 10.7608
  vertex 9.30157 21.8918 12
  vertex 9.36309 21.8142 10.7653
  endloop
 endfacet
 facet normal -0.783624 -0.621236 5.8777e-06
  outer loop
  vertex 9.49182 21.6518 10.6755
  vertex 9.30157 21.8918 12
  vertex 9.3779 21.7955 10.7608
  endloop
 endfacet
 facet normal -0.784021 -0.620734 0.000508928
  outer loop
  vertex 10.2358 20.7132 12
  vertex 9.49182 21.6518 10.6755
  vertex 9.50337 21.6372 10.6602
  endloop
 endfacet
 facet normal -0.783622 -0.621238 -5.67695e-05
  outer loop
  vertex 10.2358 20.7132 12
  vertex 9.50337 21.6372 10.6602
  vertex 9.58884 21.5294 10.5476
  endloop
 endfacet
 facet normal -0.783635 -0.621221 -4.13209e-05
  outer loop
  vertex 10.2358 20.7132 12
  vertex 9.58884 21.5294 10.5476
  vertex 9.65409 21.4471 10.4046
  endloop
 endfacet
 facet normal -0.784384 -0.620275 0.000666781
  outer loop
  vertex 10.2358 20.7132 12
  vertex 9.65409 21.4471 10.4046
  vertex 9.66285 21.436 10.3854
  endloop
 endfacet
 facet normal -0.783437 -0.621471 -0.000202892
  outer loop
  vertex 10.2358 20.7132 12
  vertex 9.66285 21.436 10.3854
  vertex 9.66833 21.4291 10.3634
  endloop
 endfacet
 facet normal -0.783762 -0.621062 8.72419e-05
  outer loop
  vertex 10.2358 20.7132 12
  vertex 9.66833 21.4291 10.3634
  vertex 9.7092 21.3775 10.199
  endloop
 endfacet
 facet normal -0.783667 -0.621182 -7.14392e-06
  outer loop
  vertex 9.49182 21.6518 10.6755
  vertex 10.2358 20.7132 12
  vertex 9.30157 21.8918 12
  endloop
 endfacet
 facet normal -0.783427 -0.621484 -0.000166619
  outer loop
  vertex 9.72312 21.36 10.0235
  vertex 10.2358 20.7132 12
  vertex 9.7092 21.3775 10.199
  endloop
 endfacet
 facet normal -0.785292 -0.619124 0.00108958
  outer loop
  vertex 9.72498 21.3576 10
  vertex 10.2358 20.7132 12
  vertex 9.72312 21.36 10.0235
  endloop
 endfacet
 facet normal -0.780476 -0.625183 -0.00209275
  outer loop
  vertex 9.72312 21.36 9.97653
  vertex 10.2358 20.7132 12
  vertex 9.72498 21.3576 10
  endloop
 endfacet
 facet normal 0.756971 -0.653448 0
  outer loop
  vertex 19.4313 21.6796 12
  vertex 18.4485 20.5411 -13.9968
  vertex 19.4313 21.6796 -13.9968
  endloop
 endfacet
 facet normal 0.756971 -0.653448 0
  outer loop
  vertex 18.4485 20.5411 -13.9968
  vertex 19.4313 21.6796 12
  vertex 18.4485 20.5411 12
  endloop
 endfacet
 facet normal 0.699654 0.714482 0
  outer loop
  vertex 19.1359 28.7269 -13.9968
  vertex 18.0613 29.7792 12
  vertex 19.1359 28.7269 12
  endloop
 endfacet
 facet normal 0.699654 0.714482 0
  outer loop
  vertex 18.0613 29.7792 12
  vertex 19.1359 28.7269 -13.9968
  vertex 18.0613 29.7792 -13.9968
  endloop
 endfacet
 facet normal 0.895726 -0.444606 0
  outer loop
  vertex 20.1 23.0268 12
  vertex 19.4313 21.6796 -13.9968
  vertex 20.1 23.0268 -13.9968
  endloop
 endfacet
 facet normal 0.895726 -0.444606 0
  outer loop
  vertex 19.4313 21.6796 -13.9968
  vertex 20.1 23.0268 12
  vertex 19.4313 21.6796 12
  endloop
 endfacet
 facet normal 0.999122 0.0418875 0
  outer loop
  vertex 20.3497 26.0006 12
  vertex 20.4127 24.4979 -13.9968
  vertex 20.3497 26.0006 -13.9968
  endloop
 endfacet
 facet normal 0.999122 0.0418875 0
  outer loop
  vertex 20.4127 24.4979 -13.9968
  vertex 20.3497 26.0006 12
  vertex 20.4127 24.4979 12
  endloop
 endfacet
 facet normal 0.268885 0.963172 -1.02584e-06
  outer loop
  vertex 16.7588 30.5312 -13.9968
  vertex 15.3103 30.9356 12
  vertex 16.7589 30.5312 12
  endloop
 endfacet
 facet normal 0.268902 0.963167 0
  outer loop
  vertex 15.3103 30.9356 12
  vertex 16.7588 30.5312 -13.9968
  vertex 15.3103 30.9356 -13.9968
  endloop
 endfacet
 facet normal 0.0209436 0.999781 0
  outer loop
  vertex 15.3103 30.9356 -13.9968
  vertex 13.8066 30.9671 12
  vertex 15.3103 30.9356 12
  endloop
 endfacet
 facet normal 0.0209436 0.999781 0
  outer loop
  vertex 13.8066 30.9671 12
  vertex 15.3103 30.9356 -13.9968
  vertex 13.8066 30.9671 -13.9968
  endloop
 endfacet
 facet normal -0.832918 0.553396 3.3843e-07
  outer loop
  vertex 9.05948 27.6678 -13.9968
  vertex 9.89179 28.9205 12
  vertex 9.89178 28.9205 -13.9968
  endloop
 endfacet
 facet normal -0.832918 0.553396 3.3843e-07
  outer loop
  vertex 9.89179 28.9205 12
  vertex 9.05948 27.6678 -13.9968
  vertex 9.05949 27.6678 12
  endloop
 endfacet
 facet normal 0 0 1
  outer loop
  vertex 20.3497 26.0006 12
  vertex 20.1 23.0268 12
  vertex 20.4127 24.4979 12
  endloop
 endfacet
 facet normal 0 0 1
  outer loop
  vertex 19.915 27.4404 12
  vertex 20.1 23.0268 12
  vertex 20.3497 26.0006 12
  endloop
 endfacet
 facet normal 0 0 1
  outer loop
  vertex 19.915 27.4404 12
  vertex 19.4313 21.6796 12
  vertex 20.1 23.0268 12
  endloop
 endfacet
 facet normal 0 0 1
  outer loop
  vertex 19.1359 28.7269 12
  vertex 19.4313 21.6796 12
  vertex 19.915 27.4404 12
  endloop
 endfacet
 facet normal 0 0 1
  outer loop
  vertex 19.1359 28.7269 12
  vertex 18.4485 20.5411 12
  vertex 19.4313 21.6796 12
  endloop
 endfacet
 facet normal 0 0 1
  outer loop
  vertex 18.0613 29.7792 12
  vertex 18.4485 20.5411 12
  vertex 19.1359 28.7269 12
  endloop
 endfacet
 facet normal 0 0 1
  outer loop
  vertex 18.0613 29.7792 12
  vertex 17.2135 19.6828 12
  vertex 18.4485 20.5411 12
  endloop
 endfacet
 facet normal 0 0 1
  outer loop
  vertex 16.7589 30.5312 12
  vertex 17.2135 19.6828 12
  vertex 18.0613 29.7792 12
  endloop
 endfacet
 facet normal 0 0 1
  outer loop
  vertex 16.7589 30.5312 12
  vertex 15.8039 19.1585 12
  vertex 17.2135 19.6828 12
  endloop
 endfacet
 facet normal 0 0 1
  outer loop
  vertex 15.3103 30.9356 12
  vertex 15.8039 19.1585 12
  vertex 16.7589 30.5312 12
  endloop
 endfacet
 facet normal 0 0 1
  outer loop
  vertex 15.3103 30.9356 12
  vertex 14.3081 19.0013 12
  vertex 15.8039 19.1585 12
  endloop
 endfacet
 facet normal 0 0 1
  outer loop
  vertex 13.8066 30.9671 12
  vertex 14.3081 19.0013 12
  vertex 15.3103 30.9356 12
  endloop
 endfacet
 facet normal 0 0 1
  outer loop
  vertex 13.8066 30.9671 12
  vertex 12.8202 19.221 12
  vertex 14.3081 19.0013 12
  endloop
 endfacet
 facet normal 0 0 1
  outer loop
  vertex 12.3423 30.6237 12
  vertex 12.8202 19.221 12
  vertex 13.8066 30.9671 12
  endloop
 endfacet
 facet normal 0 0 1
  outer loop
  vertex 12.3423 30.6237 12
  vertex 11.4338 19.8038 12
  vertex 12.8202 19.221 12
  endloop
 endfacet
 facet normal 0 0 1
  outer loop
  vertex 11.0095 29.9269 12
  vertex 11.4338 19.8038 12
  vertex 12.3423 30.6237 12
  endloop
 endfacet
 facet normal 0 0 1
  outer loop
  vertex 11.0095 29.9269 12
  vertex 10.2358 20.7132 12
  vertex 11.4338 19.8038 12
  endloop
 endfacet
 facet normal 0 0 1
  outer loop
  vertex 9.89179 28.9205 12
  vertex 10.2358 20.7132 12
  vertex 11.0095 29.9269 12
  endloop
 endfacet
 facet normal 0 0 1
  outer loop
  vertex 9.89179 28.9205 12
  vertex 9.30157 21.8918 12
  vertex 10.2358 20.7132 12
  endloop
 endfacet
 facet normal 0 0 1
  outer loop
  vertex 9.05949 27.6678 12
  vertex 9.30157 21.8918 12
  vertex 9.89179 28.9205 12
  endloop
 endfacet
 facet normal 0 0 1
  outer loop
  vertex 9.05949 27.6678 12
  vertex 8.68984 23.2658 12
  vertex 9.30157 21.8918 12
  endloop
 endfacet
 facet normal 0 0 1
  outer loop
  vertex 8.56487 26.2475 12
  vertex 8.68984 23.2658 12
  vertex 9.05949 27.6678 12
  endloop
 endfacet
 facet normal 0 0 1
  outer loop
  vertex 8.68984 23.2658 12
  vertex 8.56487 26.2475 12
  vertex 8.43902 24.7487 12
  endloop
 endfacet
 facet normal -0.669135 0.743141 0
  outer loop
  vertex 11.0095 29.9269 -13.9968
  vertex 9.89179 28.9205 12
  vertex 11.0095 29.9269 12
  endloop
 endfacet
 facet normal -0.669134 0.743142 9.00042e-08
  outer loop
  vertex 9.89179 28.9205 12
  vertex 11.0095 29.9269 -13.9968
  vertex 9.89178 28.9205 -13.9968
  endloop
 endfacet
 facet normal -0.46331 0.886196 0
  outer loop
  vertex 12.3423 30.6237 12
  vertex 11.0095 29.9269 -13.9968
  vertex 11.0095 29.9269 12
  endloop
 endfacet
 facet normal -0.46331 0.886196 0
  outer loop
  vertex 11.0095 29.9269 -13.9968
  vertex 12.3423 30.6237 12
  vertex 12.3423 30.6237 -13.9968
  endloop
 endfacet
 facet normal -0.968583 -0.24869 0
  outer loop
  vertex 3.27644 -29.4175 -20
  vertex 2.52838 -26.504 -14
  vertex 2.52838 -26.504 -20
  endloop
 endfacet
 facet normal -0.968583 -0.24869 0
  outer loop
  vertex 2.52838 -26.504 -14
  vertex 3.27644 -29.4175 -20
  vertex 3.27644 -29.4175 -14
  endloop
 endfacet
 facet normal 0.929764 0.368156 0
  outer loop
  vertex 26.0568 -22.0157 -14
  vertex 24.9494 -19.219 -20
  vertex 24.9494 -19.219 -14
  endloop
 endfacet
 facet normal 0.929764 0.368156 0
  outer loop
  vertex 24.9494 -19.219 -20
  vertex 26.0568 -22.0157 -14
  vertex 26.0568 -22.0157 -20
  endloop
 endfacet
 facet normal 0.187362 -0.982291 0
  outer loop
  vertex 15.1872 -36.9763 -20
  vertex 18.142 -36.4127 -14
  vertex 15.1872 -36.9763 -14
  endloop
 endfacet
 facet normal 0.187362 -0.982291 0
  outer loop
  vertex 18.142 -36.4127 -14
  vertex 15.1872 -36.9763 -20
  vertex 18.142 -36.4127 -20
  endloop
 endfacet
 facet normal -0.728978 0.684537 0
  outer loop
  vertex 4.72555 -17.9466 -20
  vertex 6.78467 -15.7538 -14
  vertex 6.78467 -15.7538 -20
  endloop
 endfacet
 facet normal -0.728978 0.684537 0
  outer loop
  vertex 6.78467 -15.7538 -14
  vertex 4.72555 -17.9466 -20
  vertex 4.72555 -17.9466 -14
  endloop
 endfacet
 facet normal 0.992115 -0.125331 0
  outer loop
  vertex 26.0568 -27.9843 -14
  vertex 26.4338 -25 -20
  vertex 26.4338 -25 -14
  endloop
 endfacet
 facet normal 0.992115 -0.125331 0
  outer loop
  vertex 26.4338 -25 -20
  vertex 26.0568 -27.9843 -14
  vertex 26.0568 -27.9843 -20
  endloop
 endfacet
 facet normal -0.0607723 0.998152 9.25617e-05
  outer loop
  vertex 15.1872 -13.0237 -20
  vertex 15.0481 -13.0324 -17.5052
  vertex 15.081 -13.0304 -17.4702
  endloop
 endfacet
 facet normal -0.0627648 0.998028 -5.69903e-06
  outer loop
  vertex 15.1872 -13.0237 -20
  vertex 14.8149 -13.0471 -17.6982
  vertex 14.9437 -13.039 -17.6164
  endloop
 endfacet
 facet normal -0.0623241 0.998056 0.000141659
  outer loop
  vertex 14.5837 -13.0617 -17.7858
  vertex 15.1872 -13.0237 -20
  vertex 14.3835 -13.0742 -17.7984
  endloop
 endfacet
 facet normal -0.0628056 0.998026 9.90349e-06
  outer loop
  vertex 14.7744 -13.0497 -17.7239
  vertex 15.1872 -13.0237 -20
  vertex 14.5837 -13.0617 -17.7858
  endloop
 endfacet
 facet normal -0.0639341 0.997954 -0.000195575
  outer loop
  vertex 14.8149 -13.0471 -17.6982
  vertex 15.1872 -13.0237 -20
  vertex 14.7744 -13.0497 -17.7239
  endloop
 endfacet
 facet normal -0.0630496 0.99801 -3.4904e-05
  outer loop
  vertex 15.0481 -13.0324 -17.5052
  vertex 15.1872 -13.0237 -20
  vertex 14.9437 -13.039 -17.6164
  endloop
 endfacet
 facet normal -0.0646743 0.997906 -7.18927e-05
  outer loop
  vertex 15.1041 -13.0289 -17.4282
  vertex 15.1872 -13.0237 -20
  vertex 15.081 -13.0304 -17.4702
  endloop
 endfacet
 facet normal -0.0624695 0.998047 -3.68971e-07
  outer loop
  vertex 15.1776 -13.0243 -17.2945
  vertex 15.1872 -13.0237 -20
  vertex 15.1041 -13.0289 -17.4282
  endloop
 endfacet
 facet normal -0.0623659 0.998053 0
  outer loop
  vertex 15.1872 -13.0237 -20
  vertex 15.1776 -13.0243 -17.2945
  vertex 15.1872 -13.0237 -17.2569
  endloop
 endfacet
 facet normal -0.0628313 0.998024 4.41987e-05
  outer loop
  vertex 14.1865 -13.0866 -16.2392
  vertex 15.1872 -13.0237 -14
  vertex 14.3835 -13.0742 -16.2016
  endloop
 endfacet
 facet normal -0.0623241 0.998056 -0.000141663
  outer loop
  vertex 15.1872 -13.0237 -14
  vertex 14.5837 -13.0617 -16.2142
  vertex 14.3835 -13.0742 -16.2016
  endloop
 endfacet
 facet normal -0.0628056 0.998026 -9.90551e-06
  outer loop
  vertex 15.1872 -13.0237 -14
  vertex 14.7744 -13.0497 -16.2761
  vertex 14.5837 -13.0617 -16.2142
  endloop
 endfacet
 facet normal -0.0639341 0.997954 0.000195581
  outer loop
  vertex 15.1872 -13.0237 -14
  vertex 14.8149 -13.0471 -16.3018
  vertex 14.7744 -13.0497 -16.2761
  endloop
 endfacet
 facet normal -0.0627648 0.998028 5.69903e-06
  outer loop
  vertex 15.1872 -13.0237 -14
  vertex 14.9437 -13.039 -16.3836
  vertex 14.8149 -13.0471 -16.3018
  endloop
 endfacet
 facet normal -0.0630496 0.99801 3.4904e-05
  outer loop
  vertex 15.1872 -13.0237 -14
  vertex 15.0481 -13.0324 -16.4948
  vertex 14.9437 -13.039 -16.3836
  endloop
 endfacet
 facet normal -0.0607723 0.998152 -9.25617e-05
  outer loop
  vertex 15.1872 -13.0237 -14
  vertex 15.081 -13.0304 -16.5298
  vertex 15.0481 -13.0324 -16.4948
  endloop
 endfacet
 facet normal -0.0646743 0.997906 7.18924e-05
  outer loop
  vertex 15.1872 -13.0237 -14
  vertex 15.1041 -13.0289 -16.5718
  vertex 15.081 -13.0304 -16.5298
  endloop
 endfacet
 facet normal -0.0624695 0.998047 3.68971e-07
  outer loop
  vertex 15.1872 -13.0237 -14
  vertex 15.1776 -13.0243 -16.7055
  vertex 15.1041 -13.0289 -16.5718
  endloop
 endfacet
 facet normal -0.0623659 0.998053 0
  outer loop
  vertex 15.1776 -13.0243 -16.7055
  vertex 15.1872 -13.0237 -14
  vertex 15.1872 -13.0237 -16.7431
  endloop
 endfacet
 facet normal -0.0628005 0.998026 3.04069e-05
  outer loop
  vertex 15.1872 -13.0237 -14
  vertex 14.1865 -13.0866 -16.2392
  vertex 12.1852 -13.2126 -14
  endloop
 endfacet
 facet normal -0.0631381 0.998005 -0.000272538
  outer loop
  vertex 14.0051 -13.0981 -16.3245
  vertex 12.1852 -13.2126 -14
  vertex 14.1865 -13.0866 -16.2392
  endloop
 endfacet
 facet normal -0.0627108 0.998032 6.33099e-05
  outer loop
  vertex 13.8506 -13.1078 -16.4524
  vertex 12.1852 -13.2126 -14
  vertex 14.0051 -13.0981 -16.3245
  endloop
 endfacet
 facet normal -0.0627223 0.998031 5.55319e-05
  outer loop
  vertex 13.7327 -13.1152 -16.6146
  vertex 12.1852 -13.2126 -14
  vertex 13.8506 -13.1078 -16.4524
  endloop
 endfacet
 facet normal -0.0625706 0.998041 0.000145675
  outer loop
  vertex 13.6589 -13.1198 -16.801
  vertex 12.1852 -13.2126 -14
  vertex 13.7327 -13.1152 -16.6146
  endloop
 endfacet
 facet normal -0.0629969 0.998014 -7.95039e-05
  outer loop
  vertex 13.6338 -13.1214 -17
  vertex 12.1852 -13.2126 -14
  vertex 13.6589 -13.1198 -16.801
  endloop
 endfacet
 facet normal -0.0629969 0.998014 7.94764e-05
  outer loop
  vertex 12.1852 -13.2126 -20
  vertex 13.6338 -13.1214 -17
  vertex 13.6589 -13.1198 -17.199
  endloop
 endfacet
 facet normal -0.0625706 0.998041 -0.000145657
  outer loop
  vertex 12.1852 -13.2126 -20
  vertex 13.6589 -13.1198 -17.199
  vertex 13.7327 -13.1152 -17.3854
  endloop
 endfacet
 facet normal -0.0628312 0.998024 -4.4201e-05
  outer loop
  vertex 15.1872 -13.0237 -20
  vertex 14.1865 -13.0866 -17.7608
  vertex 14.3835 -13.0742 -17.7984
  endloop
 endfacet
 facet normal -0.0628005 0.998026 -3.04069e-05
  outer loop
  vertex 12.1852 -13.2126 -20
  vertex 14.1865 -13.0866 -17.7608
  vertex 15.1872 -13.0237 -20
  endloop
 endfacet
 facet normal -0.0631381 0.998005 0.000272534
  outer loop
  vertex 14.1865 -13.0866 -17.7608
  vertex 12.1852 -13.2126 -20
  vertex 14.0051 -13.0981 -17.6755
  endloop
 endfacet
 facet normal -0.0627108 0.998032 -6.33099e-05
  outer loop
  vertex 14.0051 -13.0981 -17.6755
  vertex 12.1852 -13.2126 -20
  vertex 13.8506 -13.1078 -17.5476
  endloop
 endfacet
 facet normal -0.0628329 0.998024 0
  outer loop
  vertex 13.6338 -13.1214 -17
  vertex 12.1852 -13.2126 -20
  vertex 12.1852 -13.2126 -14
  endloop
 endfacet
 facet normal -0.0627223 0.998031 -5.55319e-05
  outer loop
  vertex 13.8506 -13.1078 -17.5476
  vertex 12.1852 -13.2126 -20
  vertex 13.7327 -13.1152 -17.3854
  endloop
 endfacet
 facet normal -0.535812 -0.844337 0
  outer loop
  vertex 6.78467 -34.2462 -20
  vertex 9.3244 -35.8579 -14
  vertex 6.78467 -34.2462 -14
  endloop
 endfacet
 facet normal -0.535812 -0.844337 0
  outer loop
  vertex 9.3244 -35.8579 -14
  vertex 6.78467 -34.2462 -20
  vertex 9.3244 -35.8579 -20
  endloop
 endfacet
 facet normal 0.809035 -0.587761 0
  outer loop
  vertex 23.1814 -33.2146 -14
  vertex 24.9494 -30.781 -20
  vertex 24.9494 -30.781 -14
  endloop
 endfacet
 facet normal 0.809035 -0.587761 0
  outer loop
  vertex 24.9494 -30.781 -20
  vertex 23.1814 -33.2146 -14
  vertex 23.1814 -33.2146 -20
  endloop
 endfacet
 facet normal 0.637411 -0.770524 0
  outer loop
  vertex 20.8637 -35.1319 -20
  vertex 23.1814 -33.2146 -14
  vertex 20.8637 -35.1319 -14
  endloop
 endfacet
 facet normal 0.637411 -0.770524 0
  outer loop
  vertex 23.1814 -33.2146 -14
  vertex 20.8637 -35.1319 -20
  vertex 23.1814 -33.2146 -20
  endloop
 endfacet
 facet normal 0.637411 0.770524 0
  outer loop
  vertex 23.1814 -16.7854 -20
  vertex 20.8637 -14.8681 -14
  vertex 23.1814 -16.7854 -14
  endloop
 endfacet
 facet normal 0.637411 0.770524 0
  outer loop
  vertex 20.8637 -14.8681 -14
  vertex 23.1814 -16.7854 -20
  vertex 20.8637 -14.8681 -20
  endloop
 endfacet
 facet normal 0.992115 0.125331 0
  outer loop
  vertex 26.4338 -25 -14
  vertex 26.0568 -22.0157 -20
  vertex 26.0568 -22.0157 -14
  endloop
 endfacet
 facet normal 0.992115 0.125331 0
  outer loop
  vertex 26.0568 -22.0157 -20
  vertex 26.4338 -25 -14
  vertex 26.4338 -25 -20
  endloop
 endfacet
 facet normal -1 0 0
  outer loop
  vertex 2.52838 -26.504 -20
  vertex 2.52838 -23.496 -14
  vertex 2.52838 -23.496 -20
  endloop
 endfacet
 facet normal -1 0 0
  outer loop
  vertex 2.52838 -23.496 -14
  vertex 2.52838 -26.504 -20
  vertex 2.52838 -26.504 -14
  endloop
 endfacet
 facet normal 0.809035 0.587761 0
  outer loop
  vertex 24.9494 -19.219 -14
  vertex 23.1814 -16.7854 -20
  vertex 23.1814 -16.7854 -14
  endloop
 endfacet
 facet normal 0.809035 0.587761 0
  outer loop
  vertex 23.1814 -16.7854 -20
  vertex 24.9494 -19.219 -14
  vertex 24.9494 -19.219 -20
  endloop
 endfacet
 facet normal -0.535812 0.844337 1.17187e-05
  outer loop
  vertex 9.3244 -14.1421 -14
  vertex 8.43339 -14.7075 -16.2016
  vertex 6.78467 -15.7538 -14
  endloop
 endfacet
 facet normal -0.535724 0.844393 -3.82143e-05
  outer loop
  vertex 9.3244 -14.1421 -14
  vertex 8.53269 -14.6445 -16.209
  vertex 8.43339 -14.7075 -16.2016
  endloop
 endfacet
 facet normal -0.535697 0.84441 -5.18019e-05
  outer loop
  vertex 9.3244 -14.1421 -14
  vertex 8.60252 -14.6002 -16.2142
  vertex 8.53269 -14.6445 -16.209
  endloop
 endfacet
 facet normal -0.535697 0.84441 -5.18368e-05
  outer loop
  vertex 9.3244 -14.1421 -14
  vertex 8.6971 -14.5402 -16.2505
  vertex 8.60252 -14.6002 -16.2142
  endloop
 endfacet
 facet normal -0.536159 0.844117 0.000128951
  outer loop
  vertex 9.3244 -14.1421 -14
  vertex 8.76369 -14.4979 -16.2761
  vertex 8.6971 -14.5402 -16.2505
  endloop
 endfacet
 facet normal -0.535816 0.844335 1.10347e-05
  outer loop
  vertex 9.3244 -14.1421 -14
  vertex 8.90677 -14.4071 -16.3836
  vertex 8.76369 -14.4979 -16.2761
  endloop
 endfacet
 facet normal -0.535304 0.84466 -0.000115458
  outer loop
  vertex 9.3244 -14.1421 -14
  vertex 8.95475 -14.3767 -16.444
  vertex 8.90677 -14.4071 -16.3836
  endloop
 endfacet
 facet normal -0.536032 0.844198 3.89174e-05
  outer loop
  vertex 9.3244 -14.1421 -14
  vertex 9.02278 -14.3335 -16.5298
  vertex 8.95475 -14.3767 -16.444
  endloop
 endfacet
 facet normal -0.535291 0.844668 -8.50082e-05
  outer loop
  vertex 9.3244 -14.1421 -14
  vertex 9.05656 -14.3121 -16.6025
  vertex 9.02278 -14.3335 -16.5298
  endloop
 endfacet
 facet normal -0.536117 0.844143 3.43729e-05
  outer loop
  vertex 9.3244 -14.1421 -14
  vertex 9.10442 -14.2817 -16.7055
  vertex 9.05656 -14.3121 -16.6025
  endloop
 endfacet
 facet normal -0.536269 0.844047 5.17036e-05
  outer loop
  vertex 9.3244 -14.1421 -14
  vertex 9.12912 -14.266 -16.8193
  vertex 9.10442 -14.2817 -16.7055
  endloop
 endfacet
 facet normal -0.536646 0.843808 8.82668e-05
  outer loop
  vertex 9.3244 -14.1421 -14
  vertex 9.14656 -14.2549 -16.8997
  vertex 9.12912 -14.266 -16.8193
  endloop
 endfacet
 facet normal -0.53562 0.844459 0
  outer loop
  vertex 9.3244 -14.1421 -14
  vertex 9.14656 -14.2549 -17.1003
  vertex 9.14656 -14.2549 -16.8997
  endloop
 endfacet
 facet normal -0.536159 0.844117 -0.000128951
  outer loop
  vertex 9.3244 -14.1421 -20
  vertex 8.6971 -14.5402 -17.7495
  vertex 8.76369 -14.4979 -17.7239
  endloop
 endfacet
 facet normal -0.535724 0.844393 3.82283e-05
  outer loop
  vertex 8.53269 -14.6445 -17.791
  vertex 9.3244 -14.1421 -20
  vertex 8.43339 -14.7075 -17.7984
  endloop
 endfacet
 facet normal -0.535697 0.84441 5.17821e-05
  outer loop
  vertex 8.60252 -14.6002 -17.7858
  vertex 9.3244 -14.1421 -20
  vertex 8.53269 -14.6445 -17.791
  endloop
 endfacet
 facet normal -0.535697 0.84441 5.1828e-05
  outer loop
  vertex 8.6971 -14.5402 -17.7495
  vertex 9.3244 -14.1421 -20
  vertex 8.60252 -14.6002 -17.7858
  endloop
 endfacet
 facet normal -0.535817 0.844334 -1.07009e-05
  outer loop
  vertex 8.90677 -14.4071 -17.6164
  vertex 9.3244 -14.1421 -20
  vertex 8.76369 -14.4979 -17.7239
  endloop
 endfacet
 facet normal -0.535304 0.84466 0.000115436
  outer loop
  vertex 8.95475 -14.3767 -17.556
  vertex 9.3244 -14.1421 -20
  vertex 8.90677 -14.4071 -17.6164
  endloop
 endfacet
 facet normal -0.536032 0.844198 -3.89373e-05
  outer loop
  vertex 9.02278 -14.3335 -17.4702
  vertex 9.3244 -14.1421 -20
  vertex 8.95475 -14.3767 -17.556
  endloop
 endfacet
 facet normal -0.53529 0.844668 8.50119e-05
  outer loop
  vertex 9.05656 -14.3121 -17.3975
  vertex 9.3244 -14.1421 -20
  vertex 9.02278 -14.3335 -17.4702
  endloop
 endfacet
 facet normal -0.536117 0.844143 -3.43625e-05
  outer loop
  vertex 9.10442 -14.2817 -17.2945
  vertex 9.3244 -14.1421 -20
  vertex 9.05656 -14.3121 -17.3975
  endloop
 endfacet
 facet normal -0.536269 0.844047 -5.16993e-05
  outer loop
  vertex 9.12912 -14.266 -17.1807
  vertex 9.3244 -14.1421 -20
  vertex 9.10442 -14.2817 -17.2945
  endloop
 endfacet
 facet normal -0.536646 0.843808 -8.82698e-05
  outer loop
  vertex 9.14656 -14.2549 -17.1003
  vertex 9.3244 -14.1421 -20
  vertex 9.12912 -14.266 -17.1807
  endloop
 endfacet
 facet normal -0.53562 0.844459 0
  outer loop
  vertex 9.3244 -14.1421 -20
  vertex 9.14656 -14.2549 -17.1003
  vertex 9.3244 -14.1421 -14
  endloop
 endfacet
 facet normal -0.536014 0.844209 -0.000200583
  outer loop
  vertex 8.26693 -14.8132 -16.2392
  vertex 6.78467 -15.7538 -14
  vertex 8.43339 -14.7075 -16.2016
  endloop
 endfacet
 facet normal -0.535783 0.844356 1.4114e-05
  outer loop
  vertex 8.11359 -14.9105 -16.3245
  vertex 6.78467 -15.7538 -14
  vertex 8.26693 -14.8132 -16.2392
  endloop
 endfacet
 facet normal -0.535721 0.844395 6.42824e-05
  outer loop
  vertex 8.03682 -14.9592 -16.3997
  vertex 6.78467 -15.7538 -14
  vertex 8.11359 -14.9105 -16.3245
  endloop
 endfacet
 facet normal -0.535507 0.844531 0.000220639
  outer loop
  vertex 7.98302 -14.9933 -16.4524
  vertex 6.78467 -15.7538 -14
  vertex 8.03682 -14.9592 -16.3997
  endloop
 endfacet
 facet normal -0.536113 0.844146 -0.000194895
  outer loop
  vertex 7.88341 -15.0566 -16.6146
  vertex 6.78467 -15.7538 -14
  vertex 7.98302 -14.9933 -16.4524
  endloop
 endfacet
 facet normal -0.535769 0.844365 8.12559e-06
  outer loop
  vertex 7.85772 -15.0729 -16.6914
  vertex 6.78467 -15.7538 -14
  vertex 7.88341 -15.0566 -16.6146
  endloop
 endfacet
 facet normal -0.535126 0.844772 0.000367366
  outer loop
  vertex 7.82102 -15.0961 -16.801
  vertex 6.78467 -15.7538 -14
  vertex 7.85772 -15.0729 -16.6914
  endloop
 endfacet
 facet normal -0.536004 0.844215 -8.84009e-05
  outer loop
  vertex 7.79979 -15.1096 -17
  vertex 6.78467 -15.7538 -14
  vertex 7.82102 -15.0961 -16.801
  endloop
 endfacet
 facet normal -0.536005 0.844215 8.84424e-05
  outer loop
  vertex 6.78467 -15.7538 -20
  vertex 7.79979 -15.1096 -17
  vertex 7.82102 -15.0961 -17.199
  endloop
 endfacet
 facet normal -0.535769 0.844365 -7.96993e-06
  outer loop
  vertex 6.78467 -15.7538 -20
  vertex 7.85772 -15.0729 -17.3086
  vertex 7.88341 -15.0566 -17.3854
  endloop
 endfacet
 facet normal -0.535814 0.844336 -1.13675e-05
  outer loop
  vertex 6.78467 -15.7538 -20
  vertex 8.43339 -14.7075 -17.7984
  vertex 9.3244 -14.1421 -20
  endloop
 endfacet
 facet normal -0.536014 0.844209 0.000200554
  outer loop
  vertex 8.43339 -14.7075 -17.7984
  vertex 6.78467 -15.7538 -20
  vertex 8.26693 -14.8132 -17.7608
  endloop
 endfacet
 facet normal -0.535783 0.844356 -1.40872e-05
  outer loop
  vertex 8.26693 -14.8132 -17.7608
  vertex 6.78467 -15.7538 -20
  vertex 8.11359 -14.9105 -17.6755
  endloop
 endfacet
 facet normal -0.535721 0.844395 -6.42937e-05
  outer loop
  vertex 8.11359 -14.9105 -17.6755
  vertex 6.78467 -15.7538 -20
  vertex 8.03682 -14.9592 -17.6003
  endloop
 endfacet
 facet normal -0.535507 0.844531 -0.000220639
  outer loop
  vertex 8.03682 -14.9592 -17.6003
  vertex 6.78467 -15.7538 -20
  vertex 7.98302 -14.9933 -17.5476
  endloop
 endfacet
 facet normal -0.535818 0.844333 0
  outer loop
  vertex 7.79979 -15.1096 -17
  vertex 6.78467 -15.7538 -20
  vertex 6.78467 -15.7538 -14
  endloop
 endfacet
 facet normal -0.535126 0.844772 -0.000367366
  outer loop
  vertex 7.85772 -15.0729 -17.3086
  vertex 6.78467 -15.7538 -20
  vertex 7.82102 -15.0961 -17.199
  endloop
 endfacet
 facet normal -0.536113 0.844146 0.000194909
  outer loop
  vertex 7.98302 -14.9933 -17.5476
  vertex 6.78467 -15.7538 -20
  vertex 7.88341 -15.0566 -17.3854
  endloop
 endfacet
 facet normal -0.876305 -0.481757 0
  outer loop
  vertex 4.72555 -32.0534 -20
  vertex 3.27644 -29.4175 -14
  vertex 3.27644 -29.4175 -20
  endloop
 endfacet
 facet normal -0.876305 -0.481757 0
  outer loop
  vertex 3.27644 -29.4175 -14
  vertex 4.72555 -32.0534 -20
  vertex 4.72555 -32.0534 -14
  endloop
 endfacet
 facet normal 0.425797 0.904819 0
  outer loop
  vertex 20.8637 -14.8681 -20
  vertex 18.142 -13.5873 -14
  vertex 20.8637 -14.8681 -14
  endloop
 endfacet
 facet normal 0.425797 0.904819 0
  outer loop
  vertex 18.142 -13.5873 -14
  vertex 20.8637 -14.8681 -20
  vertex 18.142 -13.5873 -20
  endloop
 endfacet
 facet normal -0.309008 0.951059 0
  outer loop
  vertex 12.1852 -13.2126 -20
  vertex 9.3244 -14.1421 -14
  vertex 12.1852 -13.2126 -14
  endloop
 endfacet
 facet normal -0.309008 0.951059 0
  outer loop
  vertex 9.3244 -14.1421 -14
  vertex 12.1852 -13.2126 -20
  vertex 9.3244 -14.1421 -20
  endloop
 endfacet
 facet normal 0.187363 0.982291 0
  outer loop
  vertex 18.142 -13.5873 -14
  vertex 15.1872 -13.0237 -16.7431
  vertex 15.1872 -13.0237 -14
  endloop
 endfacet
 facet normal 0.187054 0.98235 0.000344368
  outer loop
  vertex 18.142 -13.5873 -14
  vertex 15.2274 -13.0313 -16.8997
  vertex 15.1872 -13.0237 -16.7431
  endloop
 endfacet
 facet normal 0.187385 0.982287 0
  outer loop
  vertex 18.142 -13.5873 -14
  vertex 15.2274 -13.0313 -17.1003
  vertex 15.2274 -13.0313 -16.8997
  endloop
 endfacet
 facet normal 0.187385 0.982287 0
  outer loop
  vertex 18.142 -13.5873 -20
  vertex 15.2274 -13.0313 -17.1003
  vertex 18.142 -13.5873 -14
  endloop
 endfacet
 facet normal 0.187054 0.98235 -0.000344403
  outer loop
  vertex 15.2274 -13.0313 -17.1003
  vertex 18.142 -13.5873 -20
  vertex 15.1872 -13.0237 -17.2569
  endloop
 endfacet
 facet normal 0.187363 0.982291 0
  outer loop
  vertex 15.1872 -13.0237 -17.2569
  vertex 18.142 -13.5873 -20
  vertex 15.1872 -13.0237 -20
  endloop
 endfacet
 facet normal -0.728978 -0.684537 0
  outer loop
  vertex 6.78467 -34.2462 -20
  vertex 4.72555 -32.0534 -14
  vertex 4.72555 -32.0534 -20
  endloop
 endfacet
 facet normal -0.728978 -0.684537 0
  outer loop
  vertex 4.72555 -32.0534 -14
  vertex 6.78467 -34.2462 -20
  vertex 6.78467 -34.2462 -14
  endloop
 endfacet
 facet normal -0.876291 0.481783 0
  outer loop
  vertex 4.72555 -17.9466 -20
  vertex 4.50662 -18.3448 -17
  vertex 4.72555 -17.9466 -14
  endloop
 endfacet
 facet normal -0.877026 0.480442 -0.000231528
  outer loop
  vertex 4.72555 -17.9466 -20
  vertex 4.50373 -18.3501 -17.0474
  vertex 4.50662 -18.3448 -17
  endloop
 endfacet
 facet normal -0.87593 0.482438 0.000123339
  outer loop
  vertex 4.72555 -17.9466 -20
  vertex 4.49451 -18.3668 -17.199
  vertex 4.50373 -18.3501 -17.0474
  endloop
 endfacet
 facet normal -0.876363 0.481651 -3.02835e-05
  outer loop
  vertex 4.72555 -17.9466 -20
  vertex 4.46742 -18.4161 -17.3409
  vertex 4.49451 -18.3668 -17.199
  endloop
 endfacet
 facet normal -0.87608 0.482165 8.80258e-05
  outer loop
  vertex 4.72555 -17.9466 -20
  vertex 4.45894 -18.4315 -17.3854
  vertex 4.46742 -18.4161 -17.3409
  endloop
 endfacet
 facet normal -0.876756 0.480936 -0.000209106
  outer loop
  vertex 4.72555 -17.9466 -20
  vertex 4.4454 -18.4562 -17.4241
  vertex 4.45894 -18.4315 -17.3854
  endloop
 endfacet
 facet normal -0.87633 0.481712 -9.04436e-06
  outer loop
  vertex 4.72555 -17.9466 -20
  vertex 4.40214 -18.5349 -17.5476
  vertex 4.4454 -18.4562 -17.4241
  endloop
 endfacet
 facet normal -0.876248 0.481861 3.74693e-05
  outer loop
  vertex 4.72555 -17.9466 -20
  vertex 4.34544 -18.638 -17.645
  vertex 4.40214 -18.5349 -17.5476
  endloop
 endfacet
 facet normal -0.876366 0.481645 -4.48952e-05
  outer loop
  vertex 4.72555 -17.9466 -20
  vertex 4.32769 -18.6703 -17.6755
  vertex 4.34544 -18.638 -17.645
  endloop
 endfacet
 facet normal -0.876274 0.481814 2.36273e-05
  outer loop
  vertex 4.72555 -17.9466 -20
  vertex 4.30685 -18.7082 -17.6958
  vertex 4.32769 -18.6703 -17.6755
  endloop
 endfacet
 facet normal -0.876268 0.481825 2.79001e-05
  outer loop
  vertex 4.72555 -17.9466 -20
  vertex 4.24026 -18.8293 -17.7608
  vertex 4.30685 -18.7082 -17.6958
  endloop
 endfacet
 facet normal -0.876262 0.481836 3.35631e-05
  outer loop
  vertex 4.72555 -17.9466 -20
  vertex 4.16795 -18.9608 -17.7895
  vertex 4.24026 -18.8293 -17.7608
  endloop
 endfacet
 facet normal -0.876633 0.48116 -0.000370084
  outer loop
  vertex 4.72555 -17.9466 -20
  vertex 4.14534 -19.002 -17.7984
  vertex 4.16795 -18.9608 -17.7895
  endloop
 endfacet
 facet normal -0.876239 0.481878 7.81589e-05
  outer loop
  vertex 4.72555 -17.9466 -20
  vertex 4.07187 -19.1356 -17.7888
  vertex 4.14534 -19.002 -17.7984
  endloop
 endfacet
 facet normal -0.876407 0.481572 -0.000136376
  outer loop
  vertex 4.72555 -17.9466 -20
  vertex 4.0489 -19.1774 -17.7858
  vertex 4.07187 -19.1356 -17.7888
  endloop
 endfacet
 facet normal -0.876305 0.481757 -2.47001e-06
  outer loop
  vertex 3.27644 -20.5825 -20
  vertex 4.0489 -19.1774 -17.7858
  vertex 4.72555 -17.9466 -20
  endloop
 endfacet
 facet normal -0.876341 0.481692 5.09554e-05
  outer loop
  vertex 4.0489 -19.1774 -17.7858
  vertex 3.27644 -20.5825 -20
  vertex 3.957 -19.3446 -17.7239
  endloop
 endfacet
 facet normal -0.876311 0.481746 1.28682e-05
  outer loop
  vertex 3.957 -19.3446 -17.7239
  vertex 3.27644 -20.5825 -20
  vertex 3.87542 -19.493 -17.6164
  endloop
 endfacet
 facet normal -0.8763 0.481766 0
  outer loop
  vertex 3.73869 -19.7417 -17.1003
  vertex 3.27644 -20.5825 -20
  vertex 3.73869 -19.7417 -16.8997
  endloop
 endfacet
 facet normal -0.876279 0.481803 -1.40313e-05
  outer loop
  vertex 3.76272 -19.698 -17.2945
  vertex 3.27644 -20.5825 -20
  vertex 3.73869 -19.7417 -17.1003
  endloop
 endfacet
 facet normal -0.876454 0.481486 0.000120932
  outer loop
  vertex 3.79819 -19.6334 -17.4284
  vertex 3.27644 -20.5825 -20
  vertex 3.76272 -19.698 -17.2945
  endloop
 endfacet
 facet normal -0.875999 0.482313 -0.000276541
  outer loop
  vertex 3.80927 -19.6133 -17.4702
  vertex 3.27644 -20.5825 -20
  vertex 3.79819 -19.6334 -17.4284
  endloop
 endfacet
 facet normal -0.876275 0.481811 -2.58643e-05
  outer loop
  vertex 3.87542 -19.493 -17.6164
  vertex 3.27644 -20.5825 -20
  vertex 3.80927 -19.6133 -17.4702
  endloop
 endfacet
 facet normal -0.877026 0.480443 0.000231608
  outer loop
  vertex 4.50373 -18.3501 -16.9526
  vertex 4.72555 -17.9466 -14
  vertex 4.50662 -18.3448 -17
  endloop
 endfacet
 facet normal -0.87593 0.482438 -0.000123354
  outer loop
  vertex 4.49451 -18.3668 -16.801
  vertex 4.72555 -17.9466 -14
  vertex 4.50373 -18.3501 -16.9526
  endloop
 endfacet
 facet normal -0.876363 0.481651 3.03124e-05
  outer loop
  vertex 4.46742 -18.4161 -16.6591
  vertex 4.72555 -17.9466 -14
  vertex 4.49451 -18.3668 -16.801
  endloop
 endfacet
 facet normal -0.87608 0.482165 -8.7894e-05
  outer loop
  vertex 4.45894 -18.4315 -16.6146
  vertex 4.72555 -17.9466 -14
  vertex 4.46742 -18.4161 -16.6591
  endloop
 endfacet
 facet normal -0.876756 0.480935 0.000209086
  outer loop
  vertex 4.4454 -18.4562 -16.5759
  vertex 4.72555 -17.9466 -14
  vertex 4.45894 -18.4315 -16.6146
  endloop
 endfacet
 facet normal -0.87633 0.481712 9.08122e-06
  outer loop
  vertex 4.40214 -18.5349 -16.4524
  vertex 4.72555 -17.9466 -14
  vertex 4.4454 -18.4562 -16.5759
  endloop
 endfacet
 facet normal -0.876248 0.481861 -3.74798e-05
  outer loop
  vertex 4.34544 -18.638 -16.355
  vertex 4.72555 -17.9466 -14
  vertex 4.40214 -18.5349 -16.4524
  endloop
 endfacet
 facet normal -0.876366 0.481645 4.49792e-05
  outer loop
  vertex 4.32769 -18.6703 -16.3245
  vertex 4.72555 -17.9466 -14
  vertex 4.34544 -18.638 -16.355
  endloop
 endfacet
 facet normal -0.876273 0.481814 -2.35003e-05
  outer loop
  vertex 4.30685 -18.7082 -16.3042
  vertex 4.72555 -17.9466 -14
  vertex 4.32769 -18.6703 -16.3245
  endloop
 endfacet
 facet normal -0.876268 0.481825 -2.79299e-05
  outer loop
  vertex 4.24026 -18.8293 -16.2392
  vertex 4.72555 -17.9466 -14
  vertex 4.30685 -18.7082 -16.3042
  endloop
 endfacet
 facet normal -0.876262 0.481836 -3.35631e-05
  outer loop
  vertex 4.16795 -18.9608 -16.2105
  vertex 4.72555 -17.9466 -14
  vertex 4.24026 -18.8293 -16.2392
  endloop
 endfacet
 facet normal -0.876633 0.48116 0.000369742
  outer loop
  vertex 4.14534 -19.002 -16.2016
  vertex 4.72555 -17.9466 -14
  vertex 4.16795 -18.9608 -16.2105
  endloop
 endfacet
 facet normal -0.876238 0.481878 -7.80899e-05
  outer loop
  vertex 4.07187 -19.1356 -16.2112
  vertex 4.72555 -17.9466 -14
  vertex 4.14534 -19.002 -16.2016
  endloop
 endfacet
 facet normal -0.876406 0.481572 0.000136155
  outer loop
  vertex 4.0489 -19.1774 -16.2142
  vertex 4.72555 -17.9466 -14
  vertex 4.07187 -19.1356 -16.2112
  endloop
 endfacet
 facet normal -0.876341 0.481692 -5.09553e-05
  outer loop
  vertex 3.27644 -20.5825 -14
  vertex 4.0489 -19.1774 -16.2142
  vertex 3.957 -19.3446 -16.2761
  endloop
 endfacet
 facet normal -0.876311 0.481746 -1.28682e-05
  outer loop
  vertex 3.27644 -20.5825 -14
  vertex 3.957 -19.3446 -16.2761
  vertex 3.87542 -19.493 -16.3836
  endloop
 endfacet
 facet normal -0.876275 0.481811 2.58789e-05
  outer loop
  vertex 3.27644 -20.5825 -14
  vertex 3.87542 -19.493 -16.3836
  vertex 3.80927 -19.6133 -16.5298
  endloop
 endfacet
 facet normal -0.8763 0.481766 0
  outer loop
  vertex 3.27644 -20.5825 -14
  vertex 3.73869 -19.7417 -16.8997
  vertex 3.27644 -20.5825 -20
  endloop
 endfacet
 facet normal -0.876305 0.481757 2.46106e-06
  outer loop
  vertex 4.0489 -19.1774 -16.2142
  vertex 3.27644 -20.5825 -14
  vertex 4.72555 -17.9466 -14
  endloop
 endfacet
 facet normal -0.875999 0.482313 0.000276541
  outer loop
  vertex 3.79819 -19.6334 -16.5716
  vertex 3.27644 -20.5825 -14
  vertex 3.80927 -19.6133 -16.5298
  endloop
 endfacet
 facet normal -0.876454 0.481486 -0.000120932
  outer loop
  vertex 3.76272 -19.698 -16.7055
  vertex 3.27644 -20.5825 -14
  vertex 3.79819 -19.6334 -16.5716
  endloop
 endfacet
 facet normal -0.876279 0.481803 1.4037e-05
  outer loop
  vertex 3.73869 -19.7417 -16.8997
  vertex 3.27644 -20.5825 -14
  vertex 3.76272 -19.698 -16.7055
  endloop
 endfacet
 facet normal -0.309008 -0.951059 0
  outer loop
  vertex 9.3244 -35.8579 -20
  vertex 12.1852 -36.7874 -14
  vertex 9.3244 -35.8579 -14
  endloop
 endfacet
 facet normal -0.309008 -0.951059 0
  outer loop
  vertex 12.1852 -36.7874 -14
  vertex 9.3244 -35.8579 -20
  vertex 12.1852 -36.7874 -20
  endloop
 endfacet
 facet normal 0.929764 -0.368156 0
  outer loop
  vertex 24.9494 -30.781 -14
  vertex 26.0568 -27.9843 -20
  vertex 26.0568 -27.9843 -14
  endloop
 endfacet
 facet normal 0.929764 -0.368156 0
  outer loop
  vertex 26.0568 -27.9843 -20
  vertex 24.9494 -30.781 -14
  vertex 24.9494 -30.781 -20
  endloop
 endfacet
 facet normal 0.425797 -0.904819 0
  outer loop
  vertex 18.142 -36.4127 -20
  vertex 20.8637 -35.1319 -14
  vertex 18.142 -36.4127 -14
  endloop
 endfacet
 facet normal 0.425797 -0.904819 0
  outer loop
  vertex 20.8637 -35.1319 -14
  vertex 18.142 -36.4127 -20
  vertex 20.8637 -35.1319 -20
  endloop
 endfacet
 facet normal -0.0628005 -0.998026 0
  outer loop
  vertex 12.1852 -36.7874 -20
  vertex 15.1872 -36.9763 -14
  vertex 12.1852 -36.7874 -14
  endloop
 endfacet
 facet normal -0.0628005 -0.998026 0
  outer loop
  vertex 15.1872 -36.9763 -14
  vertex 12.1852 -36.7874 -20
  vertex 15.1872 -36.9763 -20
  endloop
 endfacet
 facet normal 0 0 -1
  outer loop
  vertex 26.0568 -27.9843 -20
  vertex 26.0568 -22.0157 -20
  vertex 26.4338 -25 -20
  endloop
 endfacet
 facet normal 0 0 -1
  outer loop
  vertex 24.9494 -30.781 -20
  vertex 26.0568 -22.0157 -20
  vertex 26.0568 -27.9843 -20
  endloop
 endfacet
 facet normal 0 0 -1
  outer loop
  vertex 24.9494 -30.781 -20
  vertex 24.9494 -19.219 -20
  vertex 26.0568 -22.0157 -20
  endloop
 endfacet
 facet normal 0 0 -1
  outer loop
  vertex 23.1814 -33.2146 -20
  vertex 24.9494 -19.219 -20
  vertex 24.9494 -30.781 -20
  endloop
 endfacet
 facet normal 0 0 -1
  outer loop
  vertex 23.1814 -33.2146 -20
  vertex 23.1814 -16.7854 -20
  vertex 24.9494 -19.219 -20
  endloop
 endfacet
 facet normal 0 0 -1
  outer loop
  vertex 20.8637 -35.1319 -20
  vertex 23.1814 -16.7854 -20
  vertex 23.1814 -33.2146 -20
  endloop
 endfacet
 facet normal 0 0 -1
  outer loop
  vertex 20.8637 -35.1319 -20
  vertex 20.8637 -14.8681 -20
  vertex 23.1814 -16.7854 -20
  endloop
 endfacet
 facet normal 0 0 -1
  outer loop
  vertex 18.142 -36.4127 -20
  vertex 20.8637 -14.8681 -20
  vertex 20.8637 -35.1319 -20
  endloop
 endfacet
 facet normal 0 0 -1
  outer loop
  vertex 18.142 -36.4127 -20
  vertex 18.142 -13.5873 -20
  vertex 20.8637 -14.8681 -20
  endloop
 endfacet
 facet normal 0 0 -1
  outer loop
  vertex 15.1872 -36.9763 -20
  vertex 18.142 -13.5873 -20
  vertex 18.142 -36.4127 -20
  endloop
 endfacet
 facet normal 0 0 -1
  outer loop
  vertex 15.1872 -36.9763 -20
  vertex 15.1872 -13.0237 -20
  vertex 18.142 -13.5873 -20
  endloop
 endfacet
 facet normal 0 0 -1
  outer loop
  vertex 12.1852 -36.7874 -20
  vertex 15.1872 -13.0237 -20
  vertex 15.1872 -36.9763 -20
  endloop
 endfacet
 facet normal 0 0 -1
  outer loop
  vertex 12.1852 -36.7874 -20
  vertex 12.1852 -13.2126 -20
  vertex 15.1872 -13.0237 -20
  endloop
 endfacet
 facet normal 0 0 -1
  outer loop
  vertex 9.3244 -35.8579 -20
  vertex 12.1852 -13.2126 -20
  vertex 12.1852 -36.7874 -20
  endloop
 endfacet
 facet normal 0 0 -1
  outer loop
  vertex 9.3244 -35.8579 -20
  vertex 9.3244 -14.1421 -20
  vertex 12.1852 -13.2126 -20
  endloop
 endfacet
 facet normal 0 0 -1
  outer loop
  vertex 6.78467 -34.2462 -20
  vertex 9.3244 -14.1421 -20
  vertex 9.3244 -35.8579 -20
  endloop
 endfacet
 facet normal 0 0 -1
  outer loop
  vertex 6.78467 -34.2462 -20
  vertex 6.78467 -15.7538 -20
  vertex 9.3244 -14.1421 -20
  endloop
 endfacet
 facet normal 0 0 -1
  outer loop
  vertex 4.72555 -32.0534 -20
  vertex 6.78467 -15.7538 -20
  vertex 6.78467 -34.2462 -20
  endloop
 endfacet
 facet normal 0 0 -1
  outer loop
  vertex 4.72555 -32.0534 -20
  vertex 4.72555 -17.9466 -20
  vertex 6.78467 -15.7538 -20
  endloop
 endfacet
 facet normal 0 0 -1
  outer loop
  vertex 3.27644 -29.4175 -20
  vertex 4.72555 -17.9466 -20
  vertex 4.72555 -32.0534 -20
  endloop
 endfacet
 facet normal 0 0 -1
  outer loop
  vertex 3.27644 -29.4175 -20
  vertex 3.27644 -20.5825 -20
  vertex 4.72555 -17.9466 -20
  endloop
 endfacet
 facet normal 0 0 -1
  outer loop
  vertex 2.52838 -26.504 -20
  vertex 3.27644 -20.5825 -20
  vertex 3.27644 -29.4175 -20
  endloop
 endfacet
 facet normal 0 0 -1
  outer loop
  vertex 3.27644 -20.5825 -20
  vertex 2.52838 -26.504 -20
  vertex 2.52838 -23.496 -20
  endloop
 endfacet
 facet normal -0.968583 0.24869 0
  outer loop
  vertex 2.52838 -23.496 -20
  vertex 3.27644 -20.5825 -14
  vertex 3.27644 -20.5825 -20
  endloop
 endfacet
 facet normal -0.968583 0.24869 0
  outer loop
  vertex 3.27644 -20.5825 -14
  vertex 2.52838 -23.496 -20
  vertex 2.52838 -23.496 -14
  endloop
 endfacet
 facet normal -0.000520613 0.000133671 1
  outer loop
  vertex 3.27644 -20.5825 -14
  vertex 2.52838 -23.496 -14
  vertex 8.8551 -22.7913 -13.9968
  endloop
 endfacet
 facet normal 0.000434859 -0.000315923 1
  outer loop
  vertex 24.9494 -30.781 -14
  vertex 18.8076 -29.1073 -13.9968
  vertex 23.1814 -33.2146 -14
  endloop
 endfacet
 facet normal 0.000228865 0.000486338 1
  outer loop
  vertex 18.142 -13.5873 -14
  vertex 16.2879 -19.2937 -13.9968
  vertex 20.8637 -14.8681 -14
  endloop
 endfacet
 facet normal 0.000228859 0.000486344 1
  outer loop
  vertex 20.8637 -14.8681 -14
  vertex 16.2879 -19.2937 -13.9968
  vertex 17.6487 -19.934 -13.9968
  endloop
 endfacet
 facet normal -0.000391829 -0.000367938 1
  outer loop
  vertex 9.57965 -28.5267 -13.9968
  vertex 6.78467 -34.2462 -14
  vertex 10.6092 -29.6231 -13.9968
  endloop
 endfacet
 facet normal -0.000391828 -0.000367938 1
  outer loop
  vertex 6.78467 -34.2462 -14
  vertex 9.57965 -28.5267 -13.9968
  vertex 4.72555 -32.0534 -14
  endloop
 endfacet
 facet normal -0.000288 -0.000453833 1
  outer loop
  vertex 10.6092 -29.6231 -13.9968
  vertex 6.78467 -34.2462 -14
  vertex 9.3244 -35.8579 -14
  endloop
 endfacet
 facet normal -0.000288009 0.000453831 1
  outer loop
  vertex 11.8791 -19.571 -13.9968
  vertex 9.3244 -14.1421 -14
  vertex 10.6092 -20.3769 -13.9968
  endloop
 endfacet
 facet normal 0.000342612 0.000414157 1
  outer loop
  vertex 20.8637 -14.8681 -14
  vertex 17.6487 -19.934 -13.9968
  vertex 18.8076 -20.8927 -13.9968
  endloop
 endfacet
 facet normal 0.000342611 0.000414158 1
  outer loop
  vertex 20.8637 -14.8681 -14
  vertex 18.8076 -20.8927 -13.9968
  vertex 23.1814 -16.7854 -14
  endloop
 endfacet
 facet normal -3.37557e-05 0.000536446 1
  outer loop
  vertex 15.1872 -13.0237 -14
  vertex 12.1852 -13.2126 -14
  vertex 14.8105 -19.0118 -13.9968
  endloop
 endfacet
 facet normal 0.000434859 0.000315923 1
  outer loop
  vertex 23.1814 -16.7854 -14
  vertex 18.8076 -20.8927 -13.9968
  vertex 24.9494 -19.219 -14
  endloop
 endfacet
 facet normal 0.000499754 0.000197879 1
  outer loop
  vertex 24.9494 -19.219 -14
  vertex 19.6916 -22.1095 -13.9968
  vertex 20.2453 -23.5079 -13.9968
  endloop
 endfacet
 facet normal 0.000342609 -0.000414158 1
  outer loop
  vertex 23.1814 -33.2146 -14
  vertex 18.8076 -29.1073 -13.9968
  vertex 20.8637 -35.1319 -14
  endloop
 endfacet
 facet normal -0.000166093 0.000511197 1
  outer loop
  vertex 12.1852 -13.2126 -14
  vertex 9.3244 -14.1421 -14
  vertex 13.3095 -19.1063 -13.9968
  endloop
 endfacet
 facet normal -0.000288003 -0.000453832 1
  outer loop
  vertex 10.6092 -29.6231 -13.9968
  vertex 9.3244 -35.8579 -14
  vertex 11.8791 -30.429 -13.9968
  endloop
 endfacet
 facet normal 0.000228865 -0.000486338 1
  outer loop
  vertex 20.8637 -35.1319 -14
  vertex 16.2879 -30.7063 -13.9968
  vertex 18.142 -36.4127 -14
  endloop
 endfacet
 facet normal -0.000537501 0 1
  outer loop
  vertex 2.52838 -23.496 -14
  vertex 8.48107 -25.752 -13.9968
  vertex 8.48107 -24.248 -13.9968
  endloop
 endfacet
 facet normal -0.000537501 0 1
  outer loop
  vertex 8.48107 -25.752 -13.9968
  vertex 2.52838 -23.496 -14
  vertex 2.52838 -26.504 -14
  endloop
 endfacet
 facet normal 0.000499754 -0.000197879 1
  outer loop
  vertex 20.2453 -26.4921 -13.9968
  vertex 19.6916 -27.8905 -13.9968
  vertex 24.9494 -30.781 -14
  endloop
 endfacet
 facet normal 0.000228859 -0.000486344 1
  outer loop
  vertex 17.6487 -30.066 -13.9968
  vertex 16.2879 -30.7063 -13.9968
  vertex 20.8637 -35.1319 -14
  endloop
 endfacet
 facet normal -0.000391829 0.000367938 1
  outer loop
  vertex 6.78467 -15.7538 -14
  vertex 9.57965 -21.4733 -13.9968
  vertex 10.6092 -20.3769 -13.9968
  endloop
 endfacet
 facet normal -0.000391828 0.000367939 1
  outer loop
  vertex 9.57965 -21.4733 -13.9968
  vertex 6.78467 -15.7538 -14
  vertex 4.72555 -17.9466 -14
  endloop
 endfacet
 facet normal -0.000288006 0.000453831 1
  outer loop
  vertex 9.3244 -14.1421 -14
  vertex 6.78467 -15.7538 -14
  vertex 10.6092 -20.3769 -13.9968
  endloop
 endfacet
 facet normal -3.37557e-05 -0.000536446 1
  outer loop
  vertex 14.8105 -30.9882 -13.9968
  vertex 12.1852 -36.7874 -14
  vertex 15.1872 -36.9763 -14
  endloop
 endfacet
 facet normal 0.000434859 0.000315923 1
  outer loop
  vertex 24.9494 -19.219 -14
  vertex 18.8076 -20.8927 -13.9968
  vertex 19.6916 -22.1095 -13.9968
  endloop
 endfacet
 facet normal -0.000166093 -0.000511197 1
  outer loop
  vertex 13.3095 -30.8937 -13.9968
  vertex 9.3244 -35.8579 -14
  vertex 12.1852 -36.7874 -14
  endloop
 endfacet
 facet normal -3.37615e-05 0.000536443 1
  outer loop
  vertex 14.8105 -19.0118 -13.9968
  vertex 12.1852 -13.2126 -14
  vertex 13.3095 -19.1063 -13.9968
  endloop
 endfacet
 facet normal 0.000499753 -0.000197881 1
  outer loop
  vertex 26.0568 -27.9843 -14
  vertex 20.2453 -26.4921 -13.9968
  vertex 24.9494 -30.781 -14
  endloop
 endfacet
 facet normal 0.000499753 0.000197881 1
  outer loop
  vertex 24.9494 -19.219 -14
  vertex 20.2453 -23.5079 -13.9968
  vertex 26.0568 -22.0157 -14
  endloop
 endfacet
 facet normal -0.000471021 0.000258937 1
  outer loop
  vertex 4.72555 -17.9466 -14
  vertex 8.8551 -22.7913 -13.9968
  vertex 9.57965 -21.4733 -13.9968
  endloop
 endfacet
 facet normal -0.000471018 0.000258939 1
  outer loop
  vertex 8.8551 -22.7913 -13.9968
  vertex 4.72555 -17.9466 -14
  vertex 3.27644 -20.5825 -14
  endloop
 endfacet
 facet normal 0.000434859 -0.000315923 1
  outer loop
  vertex 19.6916 -27.8905 -13.9968
  vertex 18.8076 -29.1073 -13.9968
  vertex 24.9494 -30.781 -14
  endloop
 endfacet
 facet normal 0.000100707 -0.000527979 1
  outer loop
  vertex 16.2879 -30.7063 -13.9968
  vertex 15.1872 -36.9763 -14
  vertex 18.142 -36.4127 -14
  endloop
 endfacet
 facet normal 0.000100719 -0.000527981 1
  outer loop
  vertex 15.1872 -36.9763 -14
  vertex 16.2879 -30.7063 -13.9968
  vertex 14.8105 -30.9882 -13.9968
  endloop
 endfacet
 facet normal 0.000533263 -6.73657e-05 1
  outer loop
  vertex 20.4338 -25 -13.9968
  vertex 26.0568 -27.9843 -14
  vertex 26.4338 -25 -14
  endloop
 endfacet
 facet normal 0.000533262 -6.73665e-05 1
  outer loop
  vertex 26.0568 -27.9843 -14
  vertex 20.4338 -25 -13.9968
  vertex 20.2453 -26.4921 -13.9968
  endloop
 endfacet
 facet normal -0.000166088 0.0005112 1
  outer loop
  vertex 13.3095 -19.1063 -13.9968
  vertex 9.3244 -14.1421 -14
  vertex 11.8791 -19.571 -13.9968
  endloop
 endfacet
 facet normal -3.37615e-05 -0.000536443 1
  outer loop
  vertex 13.3095 -30.8937 -13.9968
  vertex 12.1852 -36.7874 -14
  vertex 14.8105 -30.9882 -13.9968
  endloop
 endfacet
 facet normal -0.000166088 -0.000511201 1
  outer loop
  vertex 11.8791 -30.429 -13.9968
  vertex 9.3244 -35.8579 -14
  vertex 13.3095 -30.8937 -13.9968
  endloop
 endfacet
 facet normal 0.00034261 -0.000414158 1
  outer loop
  vertex 18.8076 -29.1073 -13.9968
  vertex 17.6487 -30.066 -13.9968
  vertex 20.8637 -35.1319 -14
  endloop
 endfacet
 facet normal -0.000520614 0.000133672 1
  outer loop
  vertex 8.8551 -22.7913 -13.9968
  vertex 2.52838 -23.496 -14
  vertex 8.48107 -24.248 -13.9968
  endloop
 endfacet
 facet normal 0.000533263 6.73657e-05 1
  outer loop
  vertex 26.0568 -22.0157 -14
  vertex 20.4338 -25 -13.9968
  vertex 26.4338 -25 -14
  endloop
 endfacet
 facet normal 0.000533262 6.73664e-05 1
  outer loop
  vertex 20.4338 -25 -13.9968
  vertex 26.0568 -22.0157 -14
  vertex 20.2453 -23.5079 -13.9968
  endloop
 endfacet
 facet normal 0.000100707 0.000527979 1
  outer loop
  vertex 15.1872 -13.0237 -14
  vertex 16.2879 -19.2937 -13.9968
  vertex 18.142 -13.5873 -14
  endloop
 endfacet
 facet normal 0.000100719 0.000527981 1
  outer loop
  vertex 16.2879 -19.2937 -13.9968
  vertex 15.1872 -13.0237 -14
  vertex 14.8105 -19.0118 -13.9968
  endloop
 endfacet
 facet normal -0.000520614 -0.000133676 1
  outer loop
  vertex 8.48107 -25.752 -13.9968
  vertex 2.52838 -26.504 -14
  vertex 8.8551 -27.2087 -13.9968
  endloop
 endfacet
 facet normal -0.000471021 -0.000258937 1
  outer loop
  vertex 8.8551 -27.2087 -13.9968
  vertex 4.72555 -32.0534 -14
  vertex 9.57965 -28.5267 -13.9968
  endloop
 endfacet
 facet normal -0.000471019 -0.000258939 1
  outer loop
  vertex 4.72555 -32.0534 -14
  vertex 8.8551 -27.2087 -13.9968
  vertex 3.27644 -29.4175 -14
  endloop
 endfacet
 facet normal -0.000520614 -0.000133674 1
  outer loop
  vertex 8.8551 -27.2087 -13.9968
  vertex 2.52838 -26.504 -14
  vertex 3.27644 -29.4175 -14
  endloop
 endfacet
 facet normal 0.929769 0.368144 0
  outer loop
  vertex 20.2453 -23.5079 12
  vertex 19.6916 -22.1095 -13.9968
  vertex 19.6916 -22.1095 12
  endloop
 endfacet
 facet normal 0.929769 0.368144 0
  outer loop
  vertex 19.6916 -22.1095 -13.9968
  vertex 20.2453 -23.5079 12
  vertex 20.2453 -23.5079 -13.9968
  endloop
 endfacet
 facet normal 0.992114 0.125335 0
  outer loop
  vertex 20.4338 -25 12
  vertex 20.2453 -23.5079 -13.9968
  vertex 20.2453 -23.5079 12
  endloop
 endfacet
 facet normal 0.992114 0.125335 0
  outer loop
  vertex 20.2453 -23.5079 -13.9968
  vertex 20.4338 -25 12
  vertex 20.4338 -25 -13.9968
  endloop
 endfacet
 facet normal 0.809035 0.587761 0
  outer loop
  vertex 19.6916 -22.1095 12
  vertex 18.8076 -20.8927 -13.9968
  vertex 18.8076 -20.8927 12
  endloop
 endfacet
 facet normal 0.809035 0.587761 0
  outer loop
  vertex 18.8076 -20.8927 -13.9968
  vertex 19.6916 -22.1095 12
  vertex 19.6916 -22.1095 -13.9968
  endloop
 endfacet
 facet normal 0.187426 -0.982279 0
  outer loop
  vertex 14.8105 -30.9882 -13.9968
  vertex 16.2879 -30.7063 12
  vertex 14.8105 -30.9882 12
  endloop
 endfacet
 facet normal 0.187426 -0.982279 0
  outer loop
  vertex 16.2879 -30.7063 12
  vertex 14.8105 -30.9882 -13.9968
  vertex 16.2879 -30.7063 -13.9968
  endloop
 endfacet
 facet normal 0.992114 -0.125335 0
  outer loop
  vertex 20.2453 -26.4921 12
  vertex 20.4338 -25 -13.9968
  vertex 20.4338 -25 12
  endloop
 endfacet
 facet normal 0.992114 -0.125335 0
  outer loop
  vertex 20.4338 -25 -13.9968
  vertex 20.2453 -26.4921 12
  vertex 20.2453 -26.4921 -13.9968
  endloop
 endfacet
 facet normal 0.637414 0.770521 0
  outer loop
  vertex 18.8076 -20.8927 -13.9968
  vertex 17.6487 -19.934 12
  vertex 18.8076 -20.8927 12
  endloop
 endfacet
 facet normal 0.637414 0.770521 0
  outer loop
  vertex 17.6487 -19.934 12
  vertex 18.8076 -20.8927 -13.9968
  vertex 17.6487 -19.934 -13.9968
  endloop
 endfacet
 facet normal -0.728989 0.684525 0
  outer loop
  vertex 9.6316 -21.418 9.6146
  vertex 10.6092 -20.3769 12
  vertex 10.6092 -20.3769 -13.9968
  endloop
 endfacet
 facet normal -0.729952 0.683498 0.000938066
  outer loop
  vertex 10.6092 -20.3769 12
  vertex 9.69908 -21.3461 9.97641
  vertex 9.70117 -21.3439 10
  endloop
 endfacet
 facet normal -0.728936 0.684582 -3.91889e-05
  outer loop
  vertex 10.6092 -20.3769 12
  vertex 9.6835 -21.3627 9.80105
  vertex 9.69908 -21.3461 9.97641
  endloop
 endfacet
 facet normal -0.728969 0.684547 -8.71404e-06
  outer loop
  vertex 10.6092 -20.3769 12
  vertex 9.63777 -21.4114 9.63678
  vertex 9.6835 -21.3627 9.80105
  endloop
 endfacet
 facet normal -0.725734 0.687969 -0.00283711
  outer loop
  vertex 10.6092 -20.3769 12
  vertex 9.6316 -21.418 9.6146
  vertex 9.63777 -21.4114 9.63678
  endloop
 endfacet
 facet normal -0.728636 0.684901 3.11102e-05
  outer loop
  vertex 10.6092 -20.3769 -13.9968
  vertex 9.62173 -21.4285 9.59528
  vertex 9.6316 -21.418 9.6146
  endloop
 endfacet
 facet normal -0.728982 0.684533 0
  outer loop
  vertex 9.57965 -21.4733 9.51292
  vertex 10.6092 -20.3769 -13.9968
  vertex 9.57965 -21.4733 -13.9968
  endloop
 endfacet
 facet normal -0.728908 0.684612 6.91448e-06
  outer loop
  vertex 10.6092 -20.3769 -13.9968
  vertex 9.57965 -21.4733 9.51292
  vertex 9.62173 -21.4285 9.59528
  endloop
 endfacet
 facet normal -0.728332 0.685224 -0.000632423
  outer loop
  vertex 9.69908 -21.3461 10.0236
  vertex 10.6092 -20.3769 12
  vertex 9.70117 -21.3439 10
  endloop
 endfacet
 facet normal -0.729003 0.68451 2.64302e-05
  outer loop
  vertex 9.6835 -21.3627 10.199
  vertex 10.6092 -20.3769 12
  vertex 9.69908 -21.3461 10.0236
  endloop
 endfacet
 facet normal -0.728981 0.684534 1.90418e-06
  outer loop
  vertex 9.63777 -21.4114 10.3632
  vertex 10.6092 -20.3769 12
  vertex 9.6835 -21.3627 10.199
  endloop
 endfacet
 facet normal -0.729469 0.684014 0.000620382
  outer loop
  vertex 9.6316 -21.418 10.3854
  vertex 10.6092 -20.3769 12
  vertex 9.63777 -21.4114 10.3632
  endloop
 endfacet
 facet normal -0.728815 0.684711 -0.000225393
  outer loop
  vertex 9.62173 -21.4285 10.4047
  vertex 10.6092 -20.3769 12
  vertex 9.6316 -21.418 10.3854
  endloop
 endfacet
 facet normal -0.728947 0.68457 -5.02327e-05
  outer loop
  vertex 9.57965 -21.4733 10.4871
  vertex 10.6092 -20.3769 12
  vertex 9.62173 -21.4285 10.4047
  endloop
 endfacet
 facet normal -0.728981 0.684533 6.34728e-07
  outer loop
  vertex 10.6092 -20.3769 12
  vertex 9.57965 -21.4733 10.4871
  vertex 9.57965 -21.4733 12
  endloop
 endfacet
 facet normal -0.728982 -0.684533 0
  outer loop
  vertex 10.6092 -29.6231 -13.9968
  vertex 9.57965 -28.5267 12
  vertex 9.57965 -28.5267 -13.9968
  endloop
 endfacet
 facet normal -0.728982 -0.684533 0
  outer loop
  vertex 9.57965 -28.5267 12
  vertex 10.6092 -29.6231 -13.9968
  vertex 10.6092 -29.6231 12
  endloop
 endfacet
 facet normal -0.308977 0.951069 2.03771e-05
  outer loop
  vertex 11.8867 -19.5685 10.6164
  vertex 11.8791 -19.571 12
  vertex 13.3095 -19.1063 12
  endloop
 endfacet
 facet normal -0.312327 0.949975 0
  outer loop
  vertex 11.8791 -19.571 12
  vertex 11.8867 -19.5685 10.6164
  vertex 11.8791 -19.571 10.6214
  endloop
 endfacet
 facet normal -0.307986 0.95139 -0.00110611
  outer loop
  vertex 13.3095 -19.1063 12
  vertex 11.9143 -19.5596 10.5862
  vertex 11.8867 -19.5685 10.6164
  endloop
 endfacet
 facet normal -0.308977 0.95107 -2.51086e-05
  outer loop
  vertex 13.3095 -19.1063 12
  vertex 12.0202 -19.5252 10.4702
  vertex 11.9143 -19.5596 10.5862
  endloop
 endfacet
 facet normal -0.309508 0.950897 0.000469353
  outer loop
  vertex 13.3095 -19.1063 12
  vertex 12.0395 -19.5189 10.434
  vertex 12.0202 -19.5252 10.4702
  endloop
 endfacet
 facet normal -0.30882 0.95112 -0.000147133
  outer loop
  vertex 13.3095 -19.1063 12
  vertex 12.1141 -19.4947 10.2945
  vertex 12.0395 -19.5189 10.434
  endloop
 endfacet
 facet normal -0.309352 0.950948 0.000264953
  outer loop
  vertex 13.3095 -19.1063 12
  vertex 12.1527 -19.4821 10.1401
  vertex 12.1141 -19.4947 10.2945
  endloop
 endfacet
 facet normal -0.30854 0.951211 -0.000294253
  outer loop
  vertex 13.3095 -19.1063 12
  vertex 12.1626 -19.4789 10.1003
  vertex 12.1527 -19.4821 10.1401
  endloop
 endfacet
 facet normal -0.30898 0.951069 0
  outer loop
  vertex 13.3095 -19.1063 12
  vertex 12.1626 -19.4789 9.89973
  vertex 12.1626 -19.4789 10.1003
  endloop
 endfacet
 facet normal -0.310241 0.950658 0.000761862
  outer loop
  vertex 13.3095 -19.1063 12
  vertex 12.1527 -19.4821 9.85991
  vertex 12.1626 -19.4789 9.89973
  endloop
 endfacet
 facet normal -0.30781 0.951448 -0.000691354
  outer loop
  vertex 13.3095 -19.1063 12
  vertex 12.1141 -19.4947 9.7055
  vertex 12.1527 -19.4821 9.85991
  endloop
 endfacet
 facet normal -0.308965 0.951073 1.34392e-05
  outer loop
  vertex 11.8867 -19.5685 4.70545
  vertex 11.9143 -19.5596 9.41383
  vertex 12.0202 -19.5252 9.52977
  endloop
 endfacet
 facet normal -0.312327 0.949975 0
  outer loop
  vertex 11.8867 -19.5685 9.38359
  vertex 11.8791 -19.571 4.71063
  vertex 11.8791 -19.571 9.37859
  endloop
 endfacet
 facet normal -0.306889 0.951745 0
  outer loop
  vertex 11.9143 -19.5596 9.41383
  vertex 11.8867 -19.5685 4.70545
  vertex 11.8867 -19.5685 9.38359
  endloop
 endfacet
 facet normal -0.310303 0.950638 0
  outer loop
  vertex 12.0202 -19.5252 4.53657
  vertex 12.0202 -19.5252 9.52977
  vertex 12.0395 -19.5189 9.56595
  endloop
 endfacet
 facet normal -0.308559 0.951205 -7.40468e-06
  outer loop
  vertex 12.0202 -19.5252 4.53657
  vertex 12.0395 -19.5189 9.56595
  vertex 12.1141 -19.4947 9.7055
  endloop
 endfacet
 facet normal -0.30901 0.951059 0
  outer loop
  vertex 12.1141 -19.4947 4.32081
  vertex 12.1141 -19.4947 9.7055
  vertex 13.3095 -19.1063 12
  endloop
 endfacet
 facet normal -0.312327 0.949975 0
  outer loop
  vertex 11.8867 -19.5685 9.38359
  vertex 11.8867 -19.5685 4.70545
  vertex 11.8791 -19.571 4.71063
  endloop
 endfacet
 facet normal -0.308782 0.951133 7.83446e-06
  outer loop
  vertex 12.0202 -19.5252 9.52977
  vertex 11.9942 -19.5336 4.56948
  vertex 11.8867 -19.5685 4.70545
  endloop
 endfacet
 facet normal -0.307429 0.951571 0
  outer loop
  vertex 12.0202 -19.5252 9.52977
  vertex 12.0202 -19.5252 4.53657
  vertex 11.9942 -19.5336 4.56948
  endloop
 endfacet
 facet normal -0.308928 0.951086 0
  outer loop
  vertex 12.1141 -19.4947 9.7055
  vertex 12.1141 -19.4947 4.32081
  vertex 12.0202 -19.5252 4.53657
  endloop
 endfacet
 facet normal -0.309333 0.950954 5.55318e-05
  outer loop
  vertex 13.3095 -19.1063 12
  vertex 12.1528 -19.4821 4.12199
  vertex 12.1141 -19.4947 4.32081
  endloop
 endfacet
 facet normal -0.309726 0.950826 0.000119532
  outer loop
  vertex 13.3095 -19.1063 12
  vertex 12.1626 -19.4789 4.07171
  vertex 12.1528 -19.4821 4.12199
  endloop
 endfacet
 facet normal -0.308981 0.951068 0
  outer loop
  vertex 13.3095 -19.1063 12
  vertex 12.1626 -19.4789 4.01739
  vertex 12.1626 -19.4789 4.07171
  endloop
 endfacet
 facet normal -0.30898 0.951068 0
  outer loop
  vertex 13.3095 -19.1063 12
  vertex 12.1626 -19.4789 3.80493
  vertex 12.1626 -19.4789 4.01739
  endloop
 endfacet
 facet normal -0.30898 0.951069 0
  outer loop
  vertex 13.3095 -19.1063 -13.9968
  vertex 12.1626 -19.4789 3.80493
  vertex 13.3095 -19.1063 12
  endloop
 endfacet
 facet normal -0.308807 0.951125 1.22941e-05
  outer loop
  vertex 13.3095 -19.1063 -13.9968
  vertex 12.1244 -19.4913 3.59372
  vertex 12.1626 -19.4789 3.80493
  endloop
 endfacet
 facet normal -0.31219 0.95002 -0.000239855
  outer loop
  vertex 13.3095 -19.1063 -13.9968
  vertex 12.1141 -19.4947 3.53723
  vertex 12.1244 -19.4913 3.59372
  endloop
 endfacet
 facet normal -0.308884 0.9511 9.4881e-06
  outer loop
  vertex 13.3095 -19.1063 -13.9968
  vertex 12.0405 -19.5186 3.33976
  vertex 12.1141 -19.4947 3.53723
  endloop
 endfacet
 facet normal -0.309142 0.951016 -1.13131e-05
  outer loop
  vertex 13.3095 -19.1063 -13.9968
  vertex 12.0202 -19.5252 3.28542
  vertex 12.0405 -19.5186 3.33976
  endloop
 endfacet
 facet normal -0.308839 0.951114 1.36652e-05
  outer loop
  vertex 13.3095 -19.1063 -13.9968
  vertex 11.9161 -19.559 3.1138
  vertex 12.0202 -19.5252 3.28542
  endloop
 endfacet
 facet normal -0.30767 0.951493 0.000118883
  outer loop
  vertex 13.3095 -19.1063 -13.9968
  vertex 11.8867 -19.5685 3.06535
  vertex 11.9161 -19.559 3.1138
  endloop
 endfacet
 facet normal -0.312052 0.950065 -0.000285102
  outer loop
  vertex 13.3095 -19.1063 -13.9968
  vertex 11.8791 -19.571 3.05723
  vertex 11.8867 -19.5685 3.06535
  endloop
 endfacet
 facet normal -0.308978 0.951069 0
  outer loop
  vertex 11.8791 -19.571 3.05723
  vertex 13.3095 -19.1063 -13.9968
  vertex 11.8791 -19.571 -13.9968
  endloop
 endfacet
 facet normal 0.425756 0.904838 0
  outer loop
  vertex 17.6487 -19.934 -13.9968
  vertex 16.2879 -19.2937 12
  vertex 17.6487 -19.934 12
  endloop
 endfacet
 facet normal 0.425756 0.904838 0
  outer loop
  vertex 16.2879 -19.2937 12
  vertex 17.6487 -19.934 -13.9968
  vertex 16.2879 -19.2937 -13.9968
  endloop
 endfacet
 facet normal -0.875973 0.48236 0
  outer loop
  vertex 9.57965 -21.4733 -13.9968
  vertex 9.55845 -21.5118 9.45236
  vertex 9.57965 -21.4733 9.51292
  endloop
 endfacet
 facet normal -0.876353 0.481669 -1.47938e-06
  outer loop
  vertex 9.57965 -21.4733 -13.9968
  vertex 9.49288 -21.6311 9.33978
  vertex 9.55845 -21.5118 9.45236
  endloop
 endfacet
 facet normal -0.876917 0.480642 -1.05177e-05
  outer loop
  vertex 9.57965 -21.4733 -13.9968
  vertex 9.484 -21.6473 9.32454
  vertex 9.49288 -21.6311 9.33978
  endloop
 endfacet
 facet normal -0.875526 0.483171 1.40547e-05
  outer loop
  vertex 9.57965 -21.4733 -13.9968
  vertex 9.47357 -21.6662 9.31435
  vertex 9.484 -21.6473 9.32454
  endloop
 endfacet
 facet normal -0.876359 0.481658 -2.25816e-06
  outer loop
  vertex 9.57965 -21.4733 -13.9968
  vertex 9.39657 -21.8063 9.23915
  vertex 9.47357 -21.6662 9.31435
  endloop
 endfacet
 facet normal -0.876303 0.48176 -3.37015e-07
  outer loop
  vertex 9.57965 -21.4733 -13.9968
  vertex 9.31295 -21.9584 9.20605
  vertex 9.39657 -21.8063 9.23915
  endloop
 endfacet
 facet normal -0.876745 0.480956 -2.22308e-05
  outer loop
  vertex 9.57965 -21.4733 -13.9968
  vertex 9.30165 -21.979 9.20158
  vertex 9.31295 -21.9584 9.20605
  endloop
 endfacet
 facet normal -0.876314 0.481741 2.56247e-08
  outer loop
  vertex 8.8551 -22.7913 -13.9968
  vertex 9.30165 -21.979 9.20158
  vertex 9.57965 -21.4733 -13.9968
  endloop
 endfacet
 facet normal -0.876251 0.481855 -5.20922e-06
  outer loop
  vertex 9.30165 -21.979 9.20158
  vertex 8.8551 -22.7913 -13.9968
  vertex 9.21669 -22.1335 9.21267
  endloop
 endfacet
 facet normal -0.876482 0.481434 1.03354e-05
  outer loop
  vertex 9.21669 -22.1335 9.21267
  vertex 8.8551 -22.7913 -13.9968
  vertex 9.20521 -22.1544 9.21417
  endloop
 endfacet
 facet normal -0.876349 0.481677 1.65633e-06
  outer loop
  vertex 9.20521 -22.1544 9.21417
  vertex 8.8551 -22.7913 -13.9968
  vertex 9.11331 -22.3216 9.27614
  endloop
 endfacet
 facet normal -0.876314 0.48174 1.41312e-08
  outer loop
  vertex 9.11331 -22.3216 9.27614
  vertex 8.8551 -22.7913 -13.9968
  vertex 9.03173 -22.47 9.38359
  endloop
 endfacet
 facet normal -0.876264 0.481831 -1.6221e-06
  outer loop
  vertex 9.03173 -22.47 9.38359
  vertex 8.8551 -22.7913 -13.9968
  vertex 8.96558 -22.5903 9.52977
  endloop
 endfacet
 facet normal -0.875118 0.483909 -2.47576e-05
  outer loop
  vertex 8.96558 -22.5903 9.52977
  vertex 8.8551 -22.7913 -13.9968
  vertex 8.96005 -22.6003 9.55065
  endloop
 endfacet
 facet normal -0.876537 0.481335 2.44369e-06
  outer loop
  vertex 8.96005 -22.6003 9.55065
  vertex 8.8551 -22.7913 -13.9968
  vertex 8.91903 -22.675 9.7055
  endloop
 endfacet
 facet normal -0.876363 0.481651 0
  outer loop
  vertex 8.8551 -22.7913 12
  vertex 8.895 -22.7187 9.89973
  vertex 8.8551 -22.7913 -13.9968
  endloop
 endfacet
 facet normal -0.876266 0.481827 -1.00076e-06
  outer loop
  vertex 8.91903 -22.675 9.7055
  vertex 8.8551 -22.7913 -13.9968
  vertex 8.895 -22.7187 9.89973
  endloop
 endfacet
 facet normal -0.875973 0.48236 0
  outer loop
  vertex 9.55845 -21.5118 10.5476
  vertex 9.57965 -21.4733 12
  vertex 9.57965 -21.4733 10.4871
  endloop
 endfacet
 facet normal -0.876345 0.481684 2.33399e-05
  outer loop
  vertex 9.49288 -21.6311 10.6602
  vertex 9.57965 -21.4733 12
  vertex 9.55845 -21.5118 10.5476
  endloop
 endfacet
 facet normal -0.876855 0.480755 0.000165906
  outer loop
  vertex 9.484 -21.6473 10.6755
  vertex 9.57965 -21.4733 12
  vertex 9.49288 -21.6311 10.6602
  endloop
 endfacet
 facet normal -0.875575 0.483081 -0.000232195
  outer loop
  vertex 9.47357 -21.6662 10.6856
  vertex 9.57965 -21.4733 12
  vertex 9.484 -21.6473 10.6755
  endloop
 endfacet
 facet normal -0.876352 0.481672 3.72808e-05
  outer loop
  vertex 9.39657 -21.8063 10.7608
  vertex 9.57965 -21.4733 12
  vertex 9.47357 -21.6662 10.6856
  endloop
 endfacet
 facet normal -0.876302 0.481761 5.98879e-06
  outer loop
  vertex 9.31295 -21.9584 10.7939
  vertex 9.57965 -21.4733 12
  vertex 9.39657 -21.8063 10.7608
  endloop
 endfacet
 facet normal -0.87671 0.481019 0.000394972
  outer loop
  vertex 9.30165 -21.979 10.7984
  vertex 9.57965 -21.4733 12
  vertex 9.31295 -21.9584 10.7939
  endloop
 endfacet
 facet normal -0.876249 0.481859 -6.55819e-05
  outer loop
  vertex 9.21669 -22.1335 10.7873
  vertex 9.57965 -21.4733 12
  vertex 9.30165 -21.979 10.7984
  endloop
 endfacet
 facet normal -0.876477 0.481444 -0.00019095
  outer loop
  vertex 8.8551 -22.7913 12
  vertex 9.21669 -22.1335 10.7873
  vertex 9.20521 -22.1544 10.7858
  endloop
 endfacet
 facet normal -0.876345 0.481684 -2.6824e-05
  outer loop
  vertex 8.8551 -22.7913 12
  vertex 9.20521 -22.1544 10.7858
  vertex 9.11331 -22.3216 10.7239
  endloop
 endfacet
 facet normal -0.876314 0.48174 -1.08879e-07
  outer loop
  vertex 8.8551 -22.7913 12
  vertex 9.11331 -22.3216 10.7239
  vertex 9.03173 -22.47 10.6164
  endloop
 endfacet
 facet normal -0.876275 0.481812 2.17348e-05
  outer loop
  vertex 8.8551 -22.7913 12
  vertex 9.03173 -22.47 10.6164
  vertex 8.96558 -22.5903 10.4702
  endloop
 endfacet
 facet normal -0.876314 0.481741 1.85945e-05
  outer loop
  vertex 9.21669 -22.1335 10.7873
  vertex 8.8551 -22.7913 12
  vertex 9.57965 -21.4733 12
  endloop
 endfacet
 facet normal -0.875364 0.483464 0.000304445
  outer loop
  vertex 8.96005 -22.6003 10.4494
  vertex 8.8551 -22.7913 12
  vertex 8.96558 -22.5903 10.4702
  endloop
 endfacet
 facet normal -0.876513 0.481379 -3.00558e-05
  outer loop
  vertex 8.91903 -22.675 10.2945
  vertex 8.8551 -22.7913 12
  vertex 8.96005 -22.6003 10.4494
  endloop
 endfacet
 facet normal -0.87628 0.481802 7.52084e-06
  outer loop
  vertex 8.895 -22.7187 10.1003
  vertex 8.8551 -22.7913 12
  vertex 8.91903 -22.675 10.2945
  endloop
 endfacet
 facet normal -0.876363 0.481651 0
  outer loop
  vertex 8.895 -22.7187 9.89973
  vertex 8.8551 -22.7913 12
  vertex 8.895 -22.7187 10.1003
  endloop
 endfacet
 facet normal -1 0 0
  outer loop
  vertex 8.48107 -25.752 -13.9968
  vertex 8.48107 -24.248 12
  vertex 8.48107 -24.248 -13.9968
  endloop
 endfacet
 facet normal -1 0 0
  outer loop
  vertex 8.48107 -24.248 12
  vertex 8.48107 -25.752 -13.9968
  vertex 8.48107 -25.752 12
  endloop
 endfacet
 facet normal 0.809035 -0.587761 0
  outer loop
  vertex 18.8076 -29.1073 12
  vertex 19.6916 -27.8905 -13.9968
  vertex 19.6916 -27.8905 12
  endloop
 endfacet
 facet normal 0.809035 -0.587761 0
  outer loop
  vertex 19.6916 -27.8905 -13.9968
  vertex 18.8076 -29.1073 12
  vertex 18.8076 -29.1073 -13.9968
  endloop
 endfacet
 facet normal 0.425756 -0.904838 0
  outer loop
  vertex 16.2879 -30.7063 -13.9968
  vertex 17.6487 -30.066 12
  vertex 16.2879 -30.7063 12
  endloop
 endfacet
 facet normal 0.425756 -0.904838 0
  outer loop
  vertex 17.6487 -30.066 12
  vertex 16.2879 -30.7063 -13.9968
  vertex 17.6487 -30.066 -13.9968
  endloop
 endfacet
 facet normal 0.637414 -0.770521 0
  outer loop
  vertex 17.6487 -30.066 -13.9968
  vertex 18.8076 -29.1073 12
  vertex 17.6487 -30.066 12
  endloop
 endfacet
 facet normal 0.637414 -0.770521 0
  outer loop
  vertex 18.8076 -29.1073 12
  vertex 17.6487 -30.066 -13.9968
  vertex 18.8076 -29.1073 -13.9968
  endloop
 endfacet
 facet normal 0.929769 -0.368144 0
  outer loop
  vertex 19.6916 -27.8905 12
  vertex 20.2453 -26.4921 -13.9968
  vertex 20.2453 -26.4921 12
  endloop
 endfacet
 facet normal 0.929769 -0.368144 0
  outer loop
  vertex 20.2453 -26.4921 -13.9968
  vertex 19.6916 -27.8905 12
  vertex 19.6916 -27.8905 -13.9968
  endloop
 endfacet
 facet normal 0.187426 0.982279 1.08464e-05
  outer loop
  vertex 14.9437 -19.0372 10.6164
  vertex 14.8105 -19.0118 12
  vertex 16.2879 -19.2937 12
  endloop
 endfacet
 facet normal 0.187317 0.9823 0
  outer loop
  vertex 14.8105 -19.0118 12
  vertex 14.9437 -19.0372 10.6164
  vertex 14.8105 -19.0118 10.7009
  endloop
 endfacet
 facet normal 0.187478 0.982269 -4.1863e-05
  outer loop
  vertex 16.2879 -19.2937 12
  vertex 15.0647 -19.0603 10.4876
  vertex 14.9437 -19.0372 10.6164
  endloop
 endfacet
 facet normal 0.187091 0.982342 0.000282328
  outer loop
  vertex 16.2879 -19.2937 12
  vertex 15.081 -19.0634 10.4702
  vertex 15.0647 -19.0603 10.4876
  endloop
 endfacet
 facet normal 0.188254 0.98212 -0.000668065
  outer loop
  vertex 16.2879 -19.2937 12
  vertex 15.0924 -19.0656 10.4494
  vertex 15.081 -19.0634 10.4702
  endloop
 endfacet
 facet normal 0.187622 0.982241 -0.000163297
  outer loop
  vertex 16.2879 -19.2937 12
  vertex 15.1776 -19.0819 10.2945
  vertex 15.0924 -19.0656 10.4494
  endloop
 endfacet
 facet normal 0.187384 0.982287 -2.62983e-06
  outer loop
  vertex 16.2879 -19.2937 12
  vertex 15.2274 -19.0914 10.1003
  vertex 15.1776 -19.0819 10.2945
  endloop
 endfacet
 facet normal 0.187382 0.982287 -1.75322e-06
  outer loop
  vertex 16.2879 -19.2937 12
  vertex 15.2274 -19.0914 9.89973
  vertex 15.2274 -19.0914 10.1003
  endloop
 endfacet
 facet normal 0.187365 0.98229 7.79594e-06
  outer loop
  vertex 16.2879 -19.2937 12
  vertex 15.1776 -19.0819 9.7055
  vertex 15.2274 -19.0914 9.89973
  endloop
 endfacet
 facet normal -0.0475004 0.990327 0.130368
  outer loop
  vertex 15.1776 -19.0819 9.7055
  vertex 15.081 -19.0634 9.52977
  vertex 15.0924 -19.0656 9.55063
  endloop
 endfacet
 facet normal 0.187381 0.982287 -8.76611e-07
  outer loop
  vertex 16.2879 -19.2937 -13.9968
  vertex 15.1776 -19.0819 9.7055
  vertex 16.2879 -19.2937 12
  endloop
 endfacet
 facet normal 0.188032 0.982163 3.16769e-05
  outer loop
  vertex 16.2879 -19.2937 -13.9968
  vertex 15.081 -19.0634 9.52977
  vertex 15.1776 -19.0819 9.7055
  endloop
 endfacet
 facet normal 0.186834 0.982392 -3.20691e-05
  outer loop
  vertex 16.2879 -19.2937 -13.9968
  vertex 15.0647 -19.0603 9.51241
  vertex 15.081 -19.0634 9.52977
  endloop
 endfacet
 facet normal 0.187516 0.982261 4.74862e-06
  outer loop
  vertex 16.2879 -19.2937 -13.9968
  vertex 14.9437 -19.0372 9.38359
  vertex 15.0647 -19.0603 9.51241
  endloop
 endfacet
 facet normal 0.187321 0.982299 -6.86549e-06
  outer loop
  vertex 16.2879 -19.2937 -13.9968
  vertex 14.8105 -19.0118 9.29906
  vertex 14.9437 -19.0372 9.38359
  endloop
 endfacet
 facet normal 0.187426 0.982279 0
  outer loop
  vertex 14.8105 -19.0118 9.29906
  vertex 16.2879 -19.2937 -13.9968
  vertex 14.8105 -19.0118 -13.9968
  endloop
 endfacet
 facet normal -0.968581 0.248698 0
  outer loop
  vertex 8.48107 -24.248 -13.9968
  vertex 8.8551 -22.7913 12
  vertex 8.8551 -22.7913 -13.9968
  endloop
 endfacet
 facet normal -0.968581 0.248698 0
  outer loop
  vertex 8.8551 -22.7913 12
  vertex 8.48107 -24.248 -13.9968
  vertex 8.48107 -24.248 12
  endloop
 endfacet
 facet normal 0.311814 -0.300669 -0.901316
  outer loop
  vertex 14.7744 -19.0141 9.27614
  vertex 14.5837 -19.0261 9.21417
  vertex 14.7516 -19.0155 9.26872
  endloop
 endfacet
 facet normal -0.0226396 -0.50348 0.86371
  outer loop
  vertex 14.5837 -19.0261 9.21417
  vertex 14.3835 -19.0387 9.20158
  vertex 14.4074 -19.0372 9.20308
  endloop
 endfacet
 facet normal -0.0628126 0.998025 1.08877e-06
  outer loop
  vertex 14.5837 -19.0261 9.21417
  vertex 14.8105 -19.0118 -13.9968
  vertex 14.3835 -19.0387 9.20158
  endloop
 endfacet
 facet normal -0.0628109 0.998025 1.10443e-06
  outer loop
  vertex 14.7744 -19.0141 9.27614
  vertex 14.8105 -19.0118 -13.9968
  vertex 14.5837 -19.0261 9.21417
  endloop
 endfacet
 facet normal -0.0638548 0.997959 -4.94962e-07
  outer loop
  vertex 14.7947 -19.0128 9.289
  vertex 14.8105 -19.0118 -13.9968
  vertex 14.7744 -19.0141 9.27614
  endloop
 endfacet
 facet normal -0.0631283 0.998005 0
  outer loop
  vertex 14.8105 -19.0118 -13.9968
  vertex 14.7947 -19.0128 9.289
  vertex 14.8105 -19.0118 9.29906
  endloop
 endfacet
 facet normal -0.0626912 0.998033 -6.43155e-05
  outer loop
  vertex 14.21 -19.0496 10.7653
  vertex 14.8105 -19.0118 12
  vertex 14.3835 -19.0387 10.7984
  endloop
 endfacet
 facet normal -0.0626098 0.998038 -9.33648e-05
  outer loop
  vertex 14.8105 -19.0118 12
  vertex 14.4074 -19.0372 10.7969
  vertex 14.3835 -19.0387 10.7984
  endloop
 endfacet
 facet normal -0.0628417 0.998024 -1.53425e-05
  outer loop
  vertex 14.8105 -19.0118 12
  vertex 14.5837 -19.0261 10.7858
  vertex 14.4074 -19.0372 10.7969
  endloop
 endfacet
 facet normal -0.0630084 0.998013 1.59103e-05
  outer loop
  vertex 14.8105 -19.0118 12
  vertex 14.7516 -19.0155 10.7313
  vertex 14.5837 -19.0261 10.7858
  endloop
 endfacet
 facet normal -0.0613096 0.998119 -6.32634e-05
  outer loop
  vertex 14.8105 -19.0118 12
  vertex 14.7744 -19.0141 10.7239
  vertex 14.7516 -19.0155 10.7313
  endloop
 endfacet
 facet normal -0.0638495 0.99796 8.87621e-06
  outer loop
  vertex 14.8105 -19.0118 12
  vertex 14.7947 -19.0128 10.711
  vertex 14.7744 -19.0141 10.7239
  endloop
 endfacet
 facet normal -0.0631283 0.998005 0
  outer loop
  vertex 14.7947 -19.0128 10.711
  vertex 14.8105 -19.0118 12
  vertex 14.8105 -19.0118 10.7009
  endloop
 endfacet
 facet normal -0.0628333 0.998024 5.08554e-06
  outer loop
  vertex 14.8105 -19.0118 12
  vertex 14.21 -19.0496 10.7653
  vertex 13.3095 -19.1063 12
  endloop
 endfacet
 facet normal -0.0635632 0.997978 -0.000529331
  outer loop
  vertex 14.1865 -19.0511 10.7608
  vertex 13.3095 -19.1063 12
  vertex 14.21 -19.0496 10.7653
  endloop
 endfacet
 facet normal -0.0627462 0.998029 5.11531e-05
  outer loop
  vertex 14.0051 -19.0625 10.6755
  vertex 13.3095 -19.1063 12
  vertex 14.1865 -19.0511 10.7608
  endloop
 endfacet
 facet normal -0.0627189 0.998031 6.55749e-05
  outer loop
  vertex 13.8506 -19.0722 10.5476
  vertex 13.3095 -19.1063 12
  vertex 14.0051 -19.0625 10.6755
  endloop
 endfacet
 facet normal -0.0636507 0.997972 -0.000282987
  outer loop
  vertex 13.8366 -19.0731 10.5284
  vertex 13.3095 -19.1063 12
  vertex 13.8506 -19.0722 10.5476
  endloop
 endfacet
 facet normal -0.0625802 0.99804 0.000101969
  outer loop
  vertex 13.7327 -19.0796 10.3854
  vertex 13.3095 -19.1063 12
  vertex 13.8366 -19.0731 10.5284
  endloop
 endfacet
 facet normal -0.0633198 0.997993 -9.26458e-05
  outer loop
  vertex 13.6589 -19.0843 10.199
  vertex 13.3095 -19.1063 12
  vertex 13.7327 -19.0796 10.3854
  endloop
 endfacet
 facet normal -0.0631517 0.998004 -5.98979e-05
  outer loop
  vertex 13.6338 -19.0859 10
  vertex 13.3095 -19.1063 12
  vertex 13.6589 -19.0843 10.199
  endloop
 endfacet
 facet normal -0.0598343 0.998208 0.000480086
  outer loop
  vertex 13.6589 -19.0843 9.80105
  vertex 13.3095 -19.1063 12
  vertex 13.6338 -19.0859 10
  endloop
 endfacet
 facet normal -0.1924 0.501839 -0.843291
  outer loop
  vertex 14.3835 -19.0387 9.20158
  vertex 14.1865 -19.0511 9.23915
  vertex 14.21 -19.0496 9.23468
  endloop
 endfacet
 facet normal -0.0628333 0.998024 7.04704e-07
  outer loop
  vertex 13.3095 -19.1063 -13.9968
  vertex 14.3835 -19.0387 9.20158
  vertex 14.8105 -19.0118 -13.9968
  endloop
 endfacet
 facet normal -0.0628162 0.998025 3.58621e-07
  outer loop
  vertex 14.3835 -19.0387 9.20158
  vertex 13.3095 -19.1063 -13.9968
  vertex 14.1865 -19.0511 9.23915
  endloop
 endfacet
 facet normal -0.0627239 0.998031 -3.57225e-06
  outer loop
  vertex 14.1865 -19.0511 9.23915
  vertex 13.3095 -19.1063 -13.9968
  vertex 14.0051 -19.0625 9.32454
  endloop
 endfacet
 facet normal -0.0626691 0.998034 -5.21471e-06
  outer loop
  vertex 14.0051 -19.0625 9.32454
  vertex 13.3095 -19.1063 -13.9968
  vertex 13.8506 -19.0722 9.45236
  endloop
 endfacet
 facet normal -0.0640021 0.99795 2.56688e-05
  outer loop
  vertex 13.8506 -19.0722 9.45236
  vertex 13.3095 -19.1063 -13.9968
  vertex 13.8366 -19.0731 9.47159
  endloop
 endfacet
 facet normal -0.0624531 0.998048 -9.25993e-06
  outer loop
  vertex 13.8366 -19.0731 9.47159
  vertex 13.3095 -19.1063 -13.9968
  vertex 13.7327 -19.0796 9.6146
  endloop
 endfacet
 facet normal -0.0635275 0.99798 1.00732e-05
  outer loop
  vertex 13.7327 -19.0796 9.6146
  vertex 13.3095 -19.1063 -13.9968
  vertex 13.6589 -19.0843 9.80105
  endloop
 endfacet
 facet normal -0.0628441 0.998023 0
  outer loop
  vertex 13.6589 -19.0843 9.80105
  vertex 13.3095 -19.1063 -13.9968
  vertex 13.3095 -19.1063 12
  endloop
 endfacet
 facet normal -0.746894 0.249299 0.616441
  outer loop
  vertex 11.8791 -19.571 3.05723
  vertex 11.7426 -19.6576 2.92687
  vertex 11.7745 -19.6374 2.95735
  endloop
 endfacet
 facet normal -0.5356 0.844472 6.89939e-06
  outer loop
  vertex 11.4503 -19.8431 2.84416
  vertex 11.8791 -19.571 -13.9968
  vertex 11.4123 -19.8672 2.84205
  endloop
 endfacet
 facet normal -0.535545 0.844507 8.85876e-06
  outer loop
  vertex 11.5815 -19.7599 2.85144
  vertex 11.8791 -19.571 -13.9968
  vertex 11.4503 -19.8431 2.84416
  endloop
 endfacet
 facet normal -0.535866 0.844303 8.96527e-07
  outer loop
  vertex 11.7066 -19.6805 2.91
  vertex 11.8791 -19.571 -13.9968
  vertex 11.5815 -19.7599 2.85144
  endloop
 endfacet
 facet normal -0.536711 0.843766 -1.12012e-05
  outer loop
  vertex 11.7426 -19.6576 2.92687
  vertex 11.8791 -19.571 -13.9968
  vertex 11.7066 -19.6805 2.91
  endloop
 endfacet
 facet normal -0.535721 0.844395 0
  outer loop
  vertex 11.8791 -19.571 -13.9968
  vertex 11.7426 -19.6576 2.92687
  vertex 11.8791 -19.571 3.05723
  endloop
 endfacet
 facet normal -0.537052 0.843549 5.19961e-05
  outer loop
  vertex 11.5815 -19.7599 4.94232
  vertex 11.7093 -19.6788 9.26332
  vertex 11.7426 -19.6576 9.27614
  endloop
 endfacet
 facet normal -0.535654 0.844437 5.4435e-06
  outer loop
  vertex 11.4123 -19.8672 4.96643
  vertex 11.5465 -19.7821 9.21157
  vertex 11.5815 -19.7599 9.21417
  endloop
 endfacet
 facet normal -0.535532 0.844515 0
  outer loop
  vertex 11.5465 -19.7821 9.21157
  vertex 11.4123 -19.8672 4.96643
  vertex 11.4123 -19.8672 9.20158
  endloop
 endfacet
 facet normal -0.5358 0.844345 0
  outer loop
  vertex 11.7093 -19.6788 9.26332
  vertex 11.5815 -19.7599 4.94232
  vertex 11.5815 -19.7599 9.21417
  endloop
 endfacet
 facet normal -0.535721 0.844395 0
  outer loop
  vertex 11.7426 -19.6576 4.85287
  vertex 11.7426 -19.6576 9.27614
  vertex 11.8791 -19.571 9.37859
  endloop
 endfacet
 facet normal -0.535013 0.844844 -3.04008e-05
  outer loop
  vertex 11.5815 -19.7599 9.21417
  vertex 11.4442 -19.847 4.9619
  vertex 11.4123 -19.8672 4.96643
  endloop
 endfacet
 facet normal -0.535684 0.844419 0
  outer loop
  vertex 11.5815 -19.7599 9.21417
  vertex 11.5815 -19.7599 4.94232
  vertex 11.4442 -19.847 4.9619
  endloop
 endfacet
 facet normal -0.535751 0.844376 -1.59022e-05
  outer loop
  vertex 11.7426 -19.6576 9.27614
  vertex 11.712 -19.6771 4.86987
  vertex 11.5815 -19.7599 4.94232
  endloop
 endfacet
 facet normal -0.53738 0.84334 0
  outer loop
  vertex 11.7426 -19.6576 9.27614
  vertex 11.7426 -19.6576 4.85287
  vertex 11.712 -19.6771 4.86987
  endloop
 endfacet
 facet normal -0.533925 0.845532 -7.59195e-05
  outer loop
  vertex 11.8791 -19.571 9.37859
  vertex 11.77 -19.6403 4.8244
  vertex 11.7426 -19.6576 4.85287
  endloop
 endfacet
 facet normal -0.536185 0.8441 0
  outer loop
  vertex 11.77 -19.6403 4.8244
  vertex 11.8791 -19.571 9.37859
  vertex 11.8791 -19.571 4.71063
  endloop
 endfacet
 facet normal -0.535826 0.844329 2.63022e-05
  outer loop
  vertex 11.8791 -19.571 12
  vertex 11.4123 -19.8672 10.7984
  vertex 10.6092 -20.3769 12
  endloop
 endfacet
 facet normal -0.535539 0.844511 -0.000130072
  outer loop
  vertex 11.8791 -19.571 12
  vertex 11.5465 -19.7821 10.7884
  vertex 11.4123 -19.8672 10.7984
  endloop
 endfacet
 facet normal -0.535659 0.844434 -8.38958e-05
  outer loop
  vertex 11.8791 -19.571 12
  vertex 11.5815 -19.7599 10.7858
  vertex 11.5465 -19.7821 10.7884
  endloop
 endfacet
 facet normal -0.535809 0.84434 -3.23458e-05
  outer loop
  vertex 11.8791 -19.571 12
  vertex 11.7093 -19.6788 10.7367
  vertex 11.5815 -19.7599 10.7858
  endloop
 endfacet
 facet normal -0.536986 0.843591 0.000189835
  outer loop
  vertex 11.8791 -19.571 12
  vertex 11.7426 -19.6576 10.7239
  vertex 11.7093 -19.6788 10.7367
  endloop
 endfacet
 facet normal -0.535721 0.844395 0
  outer loop
  vertex 11.7426 -19.6576 10.7239
  vertex 11.8791 -19.571 12
  vertex 11.8791 -19.571 10.6214
  endloop
 endfacet
 facet normal -0.536141 0.844128 -0.00026956
  outer loop
  vertex 11.2459 -19.9729 10.7608
  vertex 10.6092 -20.3769 12
  vertex 11.4123 -19.8672 10.7984
  endloop
 endfacet
 facet normal -0.535657 0.844436 7.93506e-05
  outer loop
  vertex 11.0925 -20.0702 10.6755
  vertex 10.6092 -20.3769 12
  vertex 11.2459 -19.9729 10.7608
  endloop
 endfacet
 facet normal -0.53578 0.844358 1.65411e-05
  outer loop
  vertex 10.9888 -20.136 10.5739
  vertex 10.6092 -20.3769 12
  vertex 11.0925 -20.0702 10.6755
  endloop
 endfacet
 facet normal -0.535689 0.844415 5.03471e-05
  outer loop
  vertex 10.962 -20.153 10.5476
  vertex 10.6092 -20.3769 12
  vertex 10.9888 -20.136 10.5739
  endloop
 endfacet
 facet normal -0.536224 0.844076 -0.000132057
  outer loop
  vertex 10.8624 -20.2163 10.3854
  vertex 10.6092 -20.3769 12
  vertex 10.962 -20.153 10.5476
  endloop
 endfacet
 facet normal -0.535033 0.844831 0.000129929
  outer loop
  vertex 10.8496 -20.2244 10.3471
  vertex 10.6092 -20.3769 12
  vertex 10.8624 -20.2163 10.3854
  endloop
 endfacet
 facet normal -0.535974 0.844235 -6.19113e-05
  outer loop
  vertex 10.8 -20.2559 10.199
  vertex 10.6092 -20.3769 12
  vertex 10.8496 -20.2244 10.3471
  endloop
 endfacet
 facet normal -0.534034 0.845463 0.000226163
  outer loop
  vertex 10.7787 -20.2693 10
  vertex 10.6092 -20.3769 12
  vertex 10.8 -20.2559 10.199
  endloop
 endfacet
 facet normal -0.536184 0.844101 0
  outer loop
  vertex 11.4123 -19.8672 4.96643
  vertex 11.2459 -19.9729 9.23915
  vertex 11.4123 -19.8672 9.20158
  endloop
 endfacet
 facet normal -0.536184 0.844101 0
  outer loop
  vertex 11.2459 -19.9729 4.92369
  vertex 11.2459 -19.9729 9.23915
  vertex 11.4123 -19.8672 4.96643
  endloop
 endfacet
 facet normal -0.535626 0.844456 0
  outer loop
  vertex 11.2459 -19.9729 9.23915
  vertex 11.2459 -19.9729 4.92369
  vertex 11.0925 -20.0702 9.32454
  endloop
 endfacet
 facet normal -0.535742 0.844382 -5.69674e-06
  outer loop
  vertex 11.2169 -19.9913 4.90348
  vertex 11.0925 -20.0702 9.32454
  vertex 11.2459 -19.9729 4.92369
  endloop
 endfacet
 facet normal -0.535598 0.844473 0
  outer loop
  vertex 11.0925 -20.0702 4.81677
  vertex 11.0925 -20.0702 9.32454
  vertex 11.2169 -19.9913 4.90348
  endloop
 endfacet
 facet normal -0.535768 0.844365 0
  outer loop
  vertex 11.0925 -20.0702 9.32454
  vertex 11.0925 -20.0702 4.81677
  vertex 10.9888 -20.136 9.42608
  endloop
 endfacet
 facet normal -0.535651 0.844439 3.68631e-06
  outer loop
  vertex 10.9888 -20.136 9.42608
  vertex 11.0925 -20.0702 4.81677
  vertex 10.962 -20.153 9.45236
  endloop
 endfacet
 facet normal -0.535886 0.84429 -5.59835e-06
  outer loop
  vertex 10.9871 -20.1371 4.68404
  vertex 10.962 -20.153 9.45236
  vertex 11.0925 -20.0702 4.81677
  endloop
 endfacet
 facet normal -0.535128 0.844771 0
  outer loop
  vertex 10.962 -20.153 4.6524
  vertex 10.962 -20.153 9.45236
  vertex 10.9871 -20.1371 4.68404
  endloop
 endfacet
 facet normal -0.536378 0.843978 0
  outer loop
  vertex 10.962 -20.153 9.45236
  vertex 10.962 -20.153 4.6524
  vertex 10.8624 -20.2163 9.6146
  endloop
 endfacet
 facet normal -0.537421 0.843314 -2.94253e-05
  outer loop
  vertex 10.9427 -20.1653 4.61143
  vertex 10.8624 -20.2163 9.6146
  vertex 10.962 -20.153 4.6524
  endloop
 endfacet
 facet normal -0.536116 0.844145 0
  outer loop
  vertex 10.8624 -20.2163 4.4409
  vertex 10.8624 -20.2163 9.6146
  vertex 10.9427 -20.1653 4.61143
  endloop
 endfacet
 facet normal -0.534756 0.845007 0
  outer loop
  vertex 10.8624 -20.2163 9.6146
  vertex 10.8624 -20.2163 4.4409
  vertex 10.8496 -20.2244 9.65288
  endloop
 endfacet
 facet normal -0.536115 0.844145 -3.11991e-06
  outer loop
  vertex 10.8496 -20.2244 9.65288
  vertex 10.8624 -20.2163 4.4409
  vertex 10.8 -20.2559 9.80105
  endloop
 endfacet
 facet normal -0.535058 0.844815 1.25811e-05
  outer loop
  vertex 10.8125 -20.2479 4.24461
  vertex 10.8 -20.2559 9.80105
  vertex 10.8624 -20.2163 4.4409
  endloop
 endfacet
 facet normal -0.539032 0.842285 0
  outer loop
  vertex 10.8 -20.2559 4.19557
  vertex 10.8 -20.2559 9.80105
  vertex 10.8125 -20.2479 4.24461
  endloop
 endfacet
 facet normal -0.532521 0.846417 0
  outer loop
  vertex 10.8 -20.2559 9.80105
  vertex 10.8 -20.2559 4.19557
  vertex 10.7787 -20.2693 10
  endloop
 endfacet
 facet normal -0.5319 0.846807 3.18038e-06
  outer loop
  vertex 10.7957 -20.2586 4.14239
  vertex 10.7787 -20.2693 10
  vertex 10.8 -20.2559 4.19557
  endloop
 endfacet
 facet normal -0.532685 0.846314 0
  outer loop
  vertex 10.7787 -20.2693 3.93181
  vertex 10.7787 -20.2693 10
  vertex 10.7957 -20.2586 4.14239
  endloop
 endfacet
 facet normal -0.535937 0.844258 0
  outer loop
  vertex 10.7787 -20.2693 10
  vertex 10.7787 -20.2693 3.93181
  vertex 10.6092 -20.3769 12
  endloop
 endfacet
 facet normal -0.717892 -0.637651 -0.279342
  outer loop
  vertex 10.8624 -20.2163 3.41545
  vertex 10.8 -20.2559 3.66621
  vertex 10.8131 -20.2475 3.61337
  endloop
 endfacet
 facet normal 0.606252 -0.793941 0.0459929
  outer loop
  vertex 10.962 -20.153 3.19528
  vertex 10.8624 -20.2163 3.41545
  vertex 10.9403 -20.1668 3.2431
  endloop
 endfacet
 facet normal -0.535826 0.844329 -1.87572e-06
  outer loop
  vertex 10.6092 -20.3769 -13.9968
  vertex 11.4123 -19.8672 2.84205
  vertex 11.8791 -19.571 -13.9968
  endloop
 endfacet
 facet normal -0.536263 0.844051 2.737e-05
  outer loop
  vertex 11.4123 -19.8672 2.84205
  vertex 10.6092 -20.3769 -13.9968
  vertex 11.375 -19.8909 2.85489
  endloop
 endfacet
 facet normal -0.536155 0.84412 2.05024e-05
  outer loop
  vertex 11.375 -19.8909 2.85489
  vertex 10.6092 -20.3769 -13.9968
  vertex 11.2459 -19.9729 2.89928
  endloop
 endfacet
 facet normal -0.535459 0.844561 -1.62735e-05
  outer loop
  vertex 11.2459 -19.9729 2.89928
  vertex 10.6092 -20.3769 -13.9968
  vertex 11.1265 -20.0486 2.99289
  endloop
 endfacet
 facet normal -0.536232 0.844071 1.67269e-05
  outer loop
  vertex 11.1265 -20.0486 2.99289
  vertex 10.6092 -20.3769 -13.9968
  vertex 11.0925 -20.0702 3.01955
  endloop
 endfacet
 facet normal -0.537552 0.843231 6.93678e-05
  outer loop
  vertex 11.0925 -20.0702 3.01955
  vertex 10.6092 -20.3769 -13.9968
  vertex 11.0638 -20.0885 3.0583
  endloop
 endfacet
 facet normal -0.535232 0.844705 -1.7419e-05
  outer loop
  vertex 11.0638 -20.0885 3.0583
  vertex 10.6092 -20.3769 -13.9968
  vertex 10.962 -20.153 3.19528
  endloop
 endfacet
 facet normal -0.536354 0.843993 1.48924e-05
  outer loop
  vertex 10.962 -20.153 3.19528
  vertex 10.6092 -20.3769 -13.9968
  vertex 10.8624 -20.2163 3.41545
  endloop
 endfacet
 facet normal -0.535818 0.844334 3.94673e-06
  outer loop
  vertex 10.8624 -20.2163 3.41545
  vertex 10.6092 -20.3769 -13.9968
  vertex 10.8 -20.2559 3.66621
  endloop
 endfacet
 facet normal -0.535937 0.844258 0
  outer loop
  vertex 10.7787 -20.2693 3.93181
  vertex 10.6092 -20.3769 -13.9968
  vertex 10.6092 -20.3769 12
  endloop
 endfacet
 facet normal -0.532882 0.846189 -4.04731e-05
  outer loop
  vertex 10.8 -20.2559 3.66621
  vertex 10.6092 -20.3769 -13.9968
  vertex 10.7787 -20.2693 3.93181
  endloop
 endfacet
 facet normal -0.968581 -0.248698 0
  outer loop
  vertex 8.8551 -27.2087 -13.9968
  vertex 8.48107 -25.752 12
  vertex 8.48107 -25.752 -13.9968
  endloop
 endfacet
 facet normal -0.968581 -0.248698 0
  outer loop
  vertex 8.48107 -25.752 12
  vertex 8.8551 -27.2087 -13.9968
  vertex 8.8551 -27.2087 12
  endloop
 endfacet
 facet normal -0.876314 -0.481741 0
  outer loop
  vertex 9.57965 -28.5267 -13.9968
  vertex 8.8551 -27.2087 12
  vertex 8.8551 -27.2087 -13.9968
  endloop
 endfacet
 facet normal -0.876314 -0.481741 0
  outer loop
  vertex 8.8551 -27.2087 12
  vertex 9.57965 -28.5267 -13.9968
  vertex 9.57965 -28.5267 12
  endloop
 endfacet
 facet normal -0.0628333 -0.998024 0
  outer loop
  vertex 13.3095 -30.8937 -13.9968
  vertex 14.8105 -30.9882 12
  vertex 13.3095 -30.8937 12
  endloop
 endfacet
 facet normal -0.0628333 -0.998024 0
  outer loop
  vertex 14.8105 -30.9882 12
  vertex 13.3095 -30.8937 -13.9968
  vertex 14.8105 -30.9882 -13.9968
  endloop
 endfacet
 facet normal 0 0 1
  outer loop
  vertex 20.2453 -23.5079 12
  vertex 20.2453 -26.4921 12
  vertex 20.4338 -25 12
  endloop
 endfacet
 facet normal 0 0 1
  outer loop
  vertex 19.6916 -22.1095 12
  vertex 20.2453 -26.4921 12
  vertex 20.2453 -23.5079 12
  endloop
 endfacet
 facet normal 0 0 1
  outer loop
  vertex 19.6916 -22.1095 12
  vertex 19.6916 -27.8905 12
  vertex 20.2453 -26.4921 12
  endloop
 endfacet
 facet normal 0 0 1
  outer loop
  vertex 18.8076 -20.8927 12
  vertex 19.6916 -27.8905 12
  vertex 19.6916 -22.1095 12
  endloop
 endfacet
 facet normal 0 0 1
  outer loop
  vertex 18.8076 -20.8927 12
  vertex 18.8076 -29.1073 12
  vertex 19.6916 -27.8905 12
  endloop
 endfacet
 facet normal 0 0 1
  outer loop
  vertex 17.6487 -19.934 12
  vertex 18.8076 -29.1073 12
  vertex 18.8076 -20.8927 12
  endloop
 endfacet
 facet normal 0 0 1
  outer loop
  vertex 17.6487 -19.934 12
  vertex 17.6487 -30.066 12
  vertex 18.8076 -29.1073 12
  endloop
 endfacet
 facet normal 0 0 1
  outer loop
  vertex 16.2879 -19.2937 12
  vertex 17.6487 -30.066 12
  vertex 17.6487 -19.934 12
  endloop
 endfacet
 facet normal 0 0 1
  outer loop
  vertex 16.2879 -19.2937 12
  vertex 16.2879 -30.7063 12
  vertex 17.6487 -30.066 12
  endloop
 endfacet
 facet normal 0 0 1
  outer loop
  vertex 14.8105 -19.0118 12
  vertex 16.2879 -30.7063 12
  vertex 16.2879 -19.2937 12
  endloop
 endfacet
 facet normal 0 0 1
  outer loop
  vertex 14.8105 -19.0118 12
  vertex 14.8105 -30.9882 12
  vertex 16.2879 -30.7063 12
  endloop
 endfacet
 facet normal 0 0 1
  outer loop
  vertex 13.3095 -19.1063 12
  vertex 14.8105 -30.9882 12
  vertex 14.8105 -19.0118 12
  endloop
 endfacet
 facet normal 0 0 1
  outer loop
  vertex 13.3095 -19.1063 12
  vertex 13.3095 -30.8937 12
  vertex 14.8105 -30.9882 12
  endloop
 endfacet
 facet normal 0 0 1
  outer loop
  vertex 11.8791 -19.571 12
  vertex 13.3095 -30.8937 12
  vertex 13.3095 -19.1063 12
  endloop
 endfacet
 facet normal 0 0 1
  outer loop
  vertex 11.8791 -19.571 12
  vertex 11.8791 -30.429 12
  vertex 13.3095 -30.8937 12
  endloop
 endfacet
 facet normal 0 0 1
  outer loop
  vertex 10.6092 -20.3769 12
  vertex 11.8791 -30.429 12
  vertex 11.8791 -19.571 12
  endloop
 endfacet
 facet normal 0 0 1
  outer loop
  vertex 10.6092 -20.3769 12
  vertex 10.6092 -29.6231 12
  vertex 11.8791 -30.429 12
  endloop
 endfacet
 facet normal 0 0 1
  outer loop
  vertex 9.57965 -21.4733 12
  vertex 10.6092 -29.6231 12
  vertex 10.6092 -20.3769 12
  endloop
 endfacet
 facet normal 0 0 1
  outer loop
  vertex 9.57965 -21.4733 12
  vertex 9.57965 -28.5267 12
  vertex 10.6092 -29.6231 12
  endloop
 endfacet
 facet normal 0 0 1
  outer loop
  vertex 8.8551 -22.7913 12
  vertex 9.57965 -28.5267 12
  vertex 9.57965 -21.4733 12
  endloop
 endfacet
 facet normal 0 0 1
  outer loop
  vertex 8.8551 -22.7913 12
  vertex 8.8551 -27.2087 12
  vertex 9.57965 -28.5267 12
  endloop
 endfacet
 facet normal 0 0 1
  outer loop
  vertex 8.48107 -24.248 12
  vertex 8.8551 -27.2087 12
  vertex 8.8551 -22.7913 12
  endloop
 endfacet
 facet normal 0 0 1
  outer loop
  vertex 8.8551 -27.2087 12
  vertex 8.48107 -24.248 12
  vertex 8.48107 -25.752 12
  endloop
 endfacet
 facet normal -0.308977 -0.95107 0
  outer loop
  vertex 11.8791 -30.429 -13.9968
  vertex 13.3095 -30.8937 12
  vertex 11.8791 -30.429 12
  endloop
 endfacet
 facet normal -0.308977 -0.95107 0
  outer loop
  vertex 13.3095 -30.8937 12
  vertex 11.8791 -30.429 -13.9968
  vertex 13.3095 -30.8937 -13.9968
  endloop
 endfacet
 facet normal -0.535826 -0.844329 0
  outer loop
  vertex 10.6092 -29.6231 -13.9968
  vertex 11.8791 -30.429 12
  vertex 10.6092 -29.6231 12
  endloop
 endfacet
 facet normal -0.535826 -0.844329 0
  outer loop
  vertex 11.8791 -30.429 12
  vertex 10.6092 -29.6231 -13.9968
  vertex 11.8791 -30.429 -13.9968
  endloop
 endfacet
 facet normal -0.968519 0.248939 0
  outer loop
  vertex -3.13001 0.774866 -13.7173
  vertex -3.12355 0.799999 -17
  vertex -3.13001 0.774866 -16.801
  endloop
 endfacet
 facet normal -0.968519 0.248939 0
  outer loop
  vertex -3.12355 0.799999 -17
  vertex -3.13001 0.774866 -13.7173
  vertex -3.12355 0.799999 -13.4583
  endloop
 endfacet
 facet normal -0.968606 0.2486 0
  outer loop
  vertex -3.13001 0.774866 -16.801
  vertex -3.14705 0.708474 -13.9255
  vertex -3.13001 0.774866 -13.7173
  endloop
 endfacet
 facet normal -0.968595 0.248643 0
  outer loop
  vertex -3.14896 0.701045 -13.9488
  vertex -3.13001 0.774866 -16.801
  vertex -3.14896 0.701045 -16.6146
  endloop
 endfacet
 facet normal -0.968504 0.248999 9.82347e-06
  outer loop
  vertex -3.13001 0.774866 -16.801
  vertex -3.14896 0.701045 -13.9488
  vertex -3.14705 0.708474 -13.9255
  endloop
 endfacet
 facet normal -0.968591 0.248659 0
  outer loop
  vertex -3.17922 0.583175 -14.138
  vertex -3.14896 0.701045 -16.6146
  vertex -3.17922 0.583175 -16.4524
  endloop
 endfacet
 facet normal -0.968591 0.248659 0
  outer loop
  vertex -3.14896 0.701045 -16.6146
  vertex -3.17922 0.583175 -14.138
  vertex -3.14896 0.701045 -13.9488
  endloop
 endfacet
 facet normal -0.968572 0.248734 0
  outer loop
  vertex -3.2189 0.428661 -14.2733
  vertex -3.17922 0.583175 -16.4524
  vertex -3.2189 0.428661 -16.3245
  endloop
 endfacet
 facet normal -0.968572 0.248734 0
  outer loop
  vertex -3.17922 0.583175 -16.4524
  vertex -3.2189 0.428661 -14.2733
  vertex -3.17922 0.583175 -14.138
  endloop
 endfacet
 facet normal -0.968652 0.248421 0
  outer loop
  vertex -3.22437 0.407332 -16.3145
  vertex -3.2189 0.428661 -14.2733
  vertex -3.2189 0.428661 -16.3245
  endloop
 endfacet
 facet normal -0.968638 0.248475 -6.05079e-07
  outer loop
  vertex -3.2189 0.428661 -14.2733
  vertex -3.22437 0.407332 -16.3145
  vertex -3.22337 0.411235 -14.2803
  endloop
 endfacet
 facet normal -0.968714 0.248179 0
  outer loop
  vertex -3.22337 0.411235 -14.2803
  vertex -3.22437 0.407332 -16.3145
  vertex -3.22437 0.407332 -14.2818
  endloop
 endfacet
 facet normal -0.968582 0.248693 0
  outer loop
  vertex -3.12355 0.799999 -13.4583
  vertex -3.02177 1.1964 -20
  vertex -3.12355 0.799999 -17
  endloop
 endfacet
 facet normal -0.968551 0.248813 1.69319e-05
  outer loop
  vertex -3.02177 1.1964 -20
  vertex -3.13001 0.774866 -17.199
  vertex -3.12355 0.799999 -17
  endloop
 endfacet
 facet normal -0.968591 0.248661 -7.51127e-06
  outer loop
  vertex -3.02177 1.1964 -20
  vertex -3.14896 0.701045 -17.3854
  vertex -3.13001 0.774866 -17.199
  endloop
 endfacet
 facet normal -0.96859 0.248663 -7.10638e-06
  outer loop
  vertex -3.02177 1.1964 -20
  vertex -3.17922 0.583175 -17.5476
  vertex -3.14896 0.701045 -17.3854
  endloop
 endfacet
 facet normal -0.968574 0.248727 9.62481e-06
  outer loop
  vertex -3.02177 1.1964 -20
  vertex -3.2189 0.428661 -17.6755
  vertex -3.17922 0.583175 -17.5476
  endloop
 endfacet
 facet normal -0.968582 0.248692 0
  outer loop
  vertex -3.22437 0.407332 -17.6855
  vertex -3.02177 1.1964 -20
  vertex -3.22437 0.407332 -20
  endloop
 endfacet
 facet normal -0.968643 0.248459 -8.49568e-05
  outer loop
  vertex -3.02177 1.1964 -20
  vertex -3.22437 0.407332 -17.6855
  vertex -3.2189 0.428661 -17.6755
  endloop
 endfacet
 facet normal -0.968582 0.248693 0
  outer loop
  vertex -3.02177 1.1964 -20
  vertex -3.12355 0.799999 -13.4583
  vertex -3.02177 1.1964 10
  endloop
 endfacet
 facet normal -0.968688 0.248281 7.4321e-06
  outer loop
  vertex -3.12425 0.797267 -13.4289
  vertex -3.02177 1.1964 10
  vertex -3.12355 0.799999 -13.4583
  endloop
 endfacet
 facet normal -0.96851 0.248976 -5.19606e-06
  outer loop
  vertex -3.13001 0.774866 -13.188
  vertex -3.02177 1.1964 10
  vertex -3.12425 0.797267 -13.4289
  endloop
 endfacet
 facet normal -0.968594 0.248647 1.17549e-06
  outer loop
  vertex -3.14896 0.701045 -12.9233
  vertex -3.02177 1.1964 10
  vertex -3.13001 0.774866 -13.188
  endloop
 endfacet
 facet normal -0.968582 0.248693 3.31251e-05
  outer loop
  vertex -3.02177 1.1964 10
  vertex -3.13001 0.774866 9.80105
  vertex -3.12355 0.799999 10
  endloop
 endfacet
 facet normal -0.968583 0.248691 1.31072e-07
  outer loop
  vertex -3.17553 0.597562 -12.7105
  vertex -3.02177 1.1964 10
  vertex -3.14896 0.701045 -12.9233
  endloop
 endfacet
 facet normal -0.968575 0.248723 -3.35368e-05
  outer loop
  vertex -3.02177 1.1964 10
  vertex -3.14896 0.701045 9.6146
  vertex -3.13001 0.774866 9.80105
  endloop
 endfacet
 facet normal -0.968644 0.248453 6.83736e-06
  outer loop
  vertex -3.17922 0.583175 -12.6809
  vertex -3.02177 1.1964 10
  vertex -3.17553 0.597562 -12.7105
  endloop
 endfacet
 facet normal -0.968543 0.248846 -4.46458e-06
  outer loop
  vertex -3.18411 0.564143 -12.6557
  vertex -3.02177 1.1964 10
  vertex -3.17922 0.583175 -12.6809
  endloop
 endfacet
 facet normal -0.968568 0.248749 -7.00173e-05
  outer loop
  vertex -3.02177 1.1964 10
  vertex -3.17922 0.583175 9.45236
  vertex -3.14896 0.701045 9.6146
  endloop
 endfacet
 facet normal -0.968576 0.248717 -6.41048e-07
  outer loop
  vertex -3.2189 0.428661 -12.4761
  vertex -3.02177 1.1964 10
  vertex -3.18411 0.564143 -12.6557
  endloop
 endfacet
 facet normal -0.968583 0.248691 2.19624e-07
  outer loop
  vertex -3.02177 1.1964 10
  vertex -3.2189 0.428661 -12.4761
  vertex -3.17922 0.583175 9.45236
  endloop
 endfacet
 facet normal -0.968572 0.248734 0
  outer loop
  vertex -3.2189 0.428661 -12.4761
  vertex -3.2189 0.428661 9.32454
  vertex -3.17922 0.583175 9.45236
  endloop
 endfacet
 facet normal -0.968652 0.248421 0
  outer loop
  vertex -3.22437 0.407332 -12.4579
  vertex -3.2189 0.428661 9.32454
  vertex -3.2189 0.428661 -12.4761
  endloop
 endfacet
 facet normal -0.968652 0.248421 0
  outer loop
  vertex -3.2189 0.428661 9.32454
  vertex -3.22437 0.407332 -12.4579
  vertex -3.22437 0.407332 9.3145
  endloop
 endfacet
 facet normal 0.92978 0.368115 0
  outer loop
  vertex 3.14789 0.808242 10
  vertex 2.848 1.5657 -20
  vertex 2.848 1.5657 10
  endloop
 endfacet
 facet normal 0.92978 0.368115 0
  outer loop
  vertex 2.848 1.5657 -20
  vertex 3.14789 0.808242 10
  vertex 3.14789 0.808242 -20
  endloop
 endfacet
 facet normal 0.992114 0.12534 0
  outer loop
  vertex 3.25 0 10
  vertex 3.14789 0.808242 -20
  vertex 3.14789 0.808242 10
  endloop
 endfacet
 facet normal 0.992114 0.12534 0
  outer loop
  vertex 3.14789 0.808242 -20
  vertex 3.25 0 10
  vertex 3.25 0 -20
  endloop
 endfacet
 facet normal 0.809017 0.587786 0
  outer loop
  vertex 2.848 1.5657 10
  vertex 2.36915 2.22478 -20
  vertex 2.36915 2.22478 10
  endloop
 endfacet
 facet normal 0.809017 0.587786 0
  outer loop
  vertex 2.36915 2.22478 -20
  vertex 2.848 1.5657 10
  vertex 2.848 1.5657 -20
  endloop
 endfacet
 facet normal -0.535824 0.844329 0
  outer loop
  vertex -1.38378 2.94069 -20
  vertex -2.07163 2.50417 10
  vertex -1.38378 2.94069 10
  endloop
 endfacet
 facet normal -0.535824 0.844329 0
  outer loop
  vertex -2.07163 2.50417 10
  vertex -1.38378 2.94069 -20
  vertex -2.07163 2.50417 -20
  endloop
 endfacet
 facet normal 0 0 1
  outer loop
  vertex 3.01674 0.66608 10
  vertex 3.25 0 10
  vertex 3.14789 0.808242 10
  endloop
 endfacet
 facet normal 0 0 1
  outer loop
  vertex 3.01674 -0.66608 10
  vertex 3.25 0 10
  vertex 3.10089 0 10
  endloop
 endfacet
 facet normal 0 0 1
  outer loop
  vertex 3.25 0 10
  vertex 3.01674 0.66608 10
  vertex 3.10089 0 10
  endloop
 endfacet
 facet normal 0 0 1
  outer loop
  vertex 3.14789 0.808242 10
  vertex 3.00347 0.77116 10
  vertex 3.01674 0.66608 10
  endloop
 endfacet
 facet normal 0 0 1
  outer loop
  vertex 3.14789 0.808242 10
  vertex 2.96448 0.869637 10
  vertex 3.00347 0.77116 10
  endloop
 endfacet
 facet normal 0 0 1
  outer loop
  vertex 2.848 1.5657 10
  vertex 2.96448 0.869637 10
  vertex 3.14789 0.808242 10
  endloop
 endfacet
 facet normal 0 0 1
  outer loop
  vertex 2.848 1.5657 10
  vertex 2.71733 1.49386 10
  vertex 2.96448 0.869637 10
  endloop
 endfacet
 facet normal 0 0 1
  outer loop
  vertex 2.848 1.5657 10
  vertex 2.65508 1.57955 10
  vertex 2.71733 1.49386 10
  endloop
 endfacet
 facet normal 0 0 1
  outer loop
  vertex 2.36915 2.22478 10
  vertex 2.65508 1.57955 10
  vertex 2.848 1.5657 10
  endloop
 endfacet
 facet normal 0 0 1
  outer loop
  vertex 2.36915 2.22478 10
  vertex 2.26045 2.1227 10
  vertex 2.65508 1.57955 10
  endloop
 endfacet
 facet normal 0 0 1
  outer loop
  vertex 2.18523 2.18493 10
  vertex 2.36915 2.22478 10
  vertex 2.26025 2.31487 10
  endloop
 endfacet
 facet normal 0 0 1
  outer loop
  vertex 2.36915 2.22478 10
  vertex 2.18523 2.18493 10
  vertex 2.26045 2.1227 10
  endloop
 endfacet
 facet normal 0 0 1
  outer loop
  vertex 3.25 0 10
  vertex 3.01674 -0.66608 10
  vertex 3.14789 -0.808242 10
  endloop
 endfacet
 facet normal 0 0 1
  outer loop
  vertex 3.00347 -0.77116 10
  vertex 3.14789 -0.808242 10
  vertex 3.01674 -0.66608 10
  endloop
 endfacet
 facet normal 0 0 1
  outer loop
  vertex 2.96448 -0.869637 10
  vertex 3.14789 -0.808242 10
  vertex 3.00347 -0.77116 10
  endloop
 endfacet
 facet normal 0 0 1
  outer loop
  vertex 2.96448 -0.869637 10
  vertex 2.848 -1.5657 10
  vertex 3.14789 -0.808242 10
  endloop
 endfacet
 facet normal 0 0 1
  outer loop
  vertex 2.71733 -1.49386 10
  vertex 2.848 -1.5657 10
  vertex 2.96448 -0.869637 10
  endloop
 endfacet
 facet normal 0 0 1
  outer loop
  vertex 2.65508 -1.57955 10
  vertex 2.848 -1.5657 10
  vertex 2.71733 -1.49386 10
  endloop
 endfacet
 facet normal 0 0 1
  outer loop
  vertex 2.65508 -1.57955 10
  vertex 2.36915 -2.22478 10
  vertex 2.848 -1.5657 10
  endloop
 endfacet
 facet normal 0 0 1
  outer loop
  vertex 2.26045 -2.1227 10
  vertex 2.36915 -2.22478 10
  vertex 2.65508 -1.57955 10
  endloop
 endfacet
 facet normal 0 0 1
  outer loop
  vertex 2.1803 -2.18901 10
  vertex 2.36915 -2.22478 10
  vertex 2.26045 -2.1227 10
  endloop
 endfacet
 facet normal 0 0 1
  outer loop
  vertex 2.36915 -2.22478 10
  vertex 2.1803 -2.18901 10
  vertex 2.25532 -2.31894 10
  endloop
 endfacet
 facet normal 0 0 1
  outer loop
  vertex 0.204069 3.24359 10
  vertex 0.803267 2.97868 10
  vertex 0.88159 3.11434 10
  endloop
 endfacet
 facet normal 0 0 1
  outer loop
  vertex 0.204069 3.24359 10
  vertex 0.194706 3.09477 10
  vertex 0.803267 2.97868 10
  endloop
 endfacet
 facet normal 0 0 1
  outer loop
  vertex 0.204069 3.24359 10
  vertex -0.475342 3.05261 10
  vertex 0.194706 3.09477 10
  endloop
 endfacet
 facet normal 0 0 1
  outer loop
  vertex -0.608989 3.19243 10
  vertex -0.475342 3.05261 10
  vertex 0.204069 3.24359 10
  endloop
 endfacet
 facet normal 0 0 1
  outer loop
  vertex -0.475342 3.05261 10
  vertex -0.608989 3.19243 10
  vertex -0.581048 3.04596 10
  endloop
 endfacet
 facet normal 0 0 1
  outer loop
  vertex -0.608989 3.19243 10
  vertex -1.21956 2.8385 10
  vertex -0.581048 3.04596 10
  endloop
 endfacet
 facet normal 0 0 1
  outer loop
  vertex -1.38378 2.94069 10
  vertex -1.21956 2.8385 10
  vertex -0.608989 3.19243 10
  endloop
 endfacet
 facet normal 0 0 1
  outer loop
  vertex -1.21956 2.8385 10
  vertex -1.38378 2.94069 10
  vertex -1.32029 2.80577 10
  endloop
 endfacet
 facet normal 0 0 1
  outer loop
  vertex -1.38378 2.94069 10
  vertex -1.88715 2.44603 10
  vertex -1.32029 2.80577 10
  endloop
 endfacet
 facet normal 0 0 1
  outer loop
  vertex -2.07163 2.50417 10
  vertex -1.88715 2.44603 10
  vertex -1.38378 2.94069 10
  endloop
 endfacet
 facet normal 0 0 1
  outer loop
  vertex -1.88715 2.44603 10
  vertex -2.07163 2.50417 10
  vertex -1.97658 2.38928 10
  endloop
 endfacet
 facet normal 0 0 1
  outer loop
  vertex -2.07163 2.50417 10
  vertex -2.43617 1.89987 10
  vertex -1.97658 2.38928 10
  endloop
 endfacet
 facet normal 0 0 1
  outer loop
  vertex -2.6293 1.9103 10
  vertex -2.43617 1.89987 10
  vertex -2.07163 2.50417 10
  endloop
 endfacet
 facet normal 0 0 1
  outer loop
  vertex -2.43617 1.89987 10
  vertex -2.6293 1.9103 10
  vertex -2.50867 1.82266 10
  endloop
 endfacet
 facet normal 0 0 1
  outer loop
  vertex -2.6293 1.9103 10
  vertex -2.5597 1.72984 10
  vertex -2.50867 1.82266 10
  endloop
 endfacet
 facet normal 0 0 1
  outer loop
  vertex -3.02177 1.1964 10
  vertex -2.5597 1.72984 10
  vertex -2.6293 1.9103 10
  endloop
 endfacet
 facet normal 0 0 1
  outer loop
  vertex -3.02177 1.1964 10
  vertex -2.90947 1.03893 10
  vertex -2.88313 1.14151 10
  endloop
 endfacet
 facet normal 0 0 1
  outer loop
  vertex -2.5597 1.72984 10
  vertex -3.02177 1.1964 10
  vertex -2.88313 1.14151 10
  endloop
 endfacet
 facet normal 0 0 1
  outer loop
  vertex -3.12355 0.799999 10
  vertex -2.90947 1.03893 10
  vertex -3.02177 1.1964 10
  endloop
 endfacet
 facet normal 0 0 1
  outer loop
  vertex -2.90947 1.03893 10
  vertex -3.12355 0.799999 10
  vertex -2.97082 0.799999 10
  endloop
 endfacet
 facet normal 0 0 1
  outer loop
  vertex 0.796706 -2.97993 10
  vertex 0.204069 -3.24359 10
  vertex 0.875029 -3.11559 10
  endloop
 endfacet
 facet normal 0 0 1
  outer loop
  vertex 0.194706 -3.09477 10
  vertex 0.204069 -3.24359 10
  vertex 0.796706 -2.97993 10
  endloop
 endfacet
 facet normal 0 0 1
  outer loop
  vertex -0.475342 -3.05261 10
  vertex 0.204069 -3.24359 10
  vertex 0.194706 -3.09477 10
  endloop
 endfacet
 facet normal 0 0 1
  outer loop
  vertex -0.608989 -3.19243 10
  vertex -0.475342 -3.05261 10
  vertex -0.581048 -3.04596 10
  endloop
 endfacet
 facet normal 0 0 1
  outer loop
  vertex -0.475342 -3.05261 10
  vertex -0.608989 -3.19243 10
  vertex 0.204069 -3.24359 10
  endloop
 endfacet
 facet normal 0 0 1
  outer loop
  vertex -1.21956 -2.8385 10
  vertex -0.608989 -3.19243 10
  vertex -0.581048 -3.04596 10
  endloop
 endfacet
 facet normal 0 0 1
  outer loop
  vertex -1.38378 -2.94069 10
  vertex -1.21956 -2.8385 10
  vertex -1.32029 -2.80577 10
  endloop
 endfacet
 facet normal 0 0 1
  outer loop
  vertex -1.21956 -2.8385 10
  vertex -1.38378 -2.94069 10
  vertex -0.608989 -3.19243 10
  endloop
 endfacet
 facet normal 0 0 1
  outer loop
  vertex -1.88715 -2.44603 10
  vertex -1.38378 -2.94069 10
  vertex -1.32029 -2.80577 10
  endloop
 endfacet
 facet normal 0 0 1
  outer loop
  vertex -2.07163 -2.50417 10
  vertex -1.88715 -2.44603 10
  vertex -1.97658 -2.38928 10
  endloop
 endfacet
 facet normal 0 0 1
  outer loop
  vertex -1.88715 -2.44603 10
  vertex -2.07163 -2.50417 10
  vertex -1.38378 -2.94069 10
  endloop
 endfacet
 facet normal 0 0 1
  outer loop
  vertex -2.43617 -1.89987 10
  vertex -2.07163 -2.50417 10
  vertex -1.97658 -2.38928 10
  endloop
 endfacet
 facet normal 0 0 1
  outer loop
  vertex -2.6293 -1.9103 10
  vertex -2.43617 -1.89987 10
  vertex -2.50867 -1.82266 10
  endloop
 endfacet
 facet normal 0 0 1
  outer loop
  vertex -2.43617 -1.89987 10
  vertex -2.6293 -1.9103 10
  vertex -2.07163 -2.50417 10
  endloop
 endfacet
 facet normal 0 0 1
  outer loop
  vertex -2.5597 -1.72984 10
  vertex -2.6293 -1.9103 10
  vertex -2.50867 -1.82266 10
  endloop
 endfacet
 facet normal 0 0 1
  outer loop
  vertex -3.02177 -1.1964 10
  vertex -2.5597 -1.72984 10
  vertex -2.88313 -1.14151 10
  endloop
 endfacet
 facet normal 0 0 1
  outer loop
  vertex -3.12517 -0.793692 10
  vertex -2.90947 -1.03893 10
  vertex -2.97244 -0.793692 10
  endloop
 endfacet
 facet normal 0 0 1
  outer loop
  vertex -2.5597 -1.72984 10
  vertex -3.02177 -1.1964 10
  vertex -2.6293 -1.9103 10
  endloop
 endfacet
 facet normal 0 0 1
  outer loop
  vertex -2.90947 -1.03893 10
  vertex -3.02177 -1.1964 10
  vertex -2.88313 -1.14151 10
  endloop
 endfacet
 facet normal 0 0 1
  outer loop
  vertex -2.90947 -1.03893 10
  vertex -3.12517 -0.793692 10
  vertex -3.02177 -1.1964 10
  endloop
 endfacet
 facet normal -0.0627989 0.998026 0
  outer loop
  vertex 0.204069 3.24359 -20
  vertex -0.608989 3.19243 10
  vertex 0.204069 3.24359 10
  endloop
 endfacet
 facet normal -0.0627989 0.998026 0
  outer loop
  vertex -0.608989 3.19243 10
  vertex 0.204069 3.24359 -20
  vertex -0.608989 3.19243 -20
  endloop
 endfacet
 facet normal -0.728975 0.68454 0
  outer loop
  vertex -2.6293 1.9103 -20
  vertex -2.07163 2.50417 10
  vertex -2.07163 2.50417 -20
  endloop
 endfacet
 facet normal -0.728975 0.68454 0
  outer loop
  vertex -2.07163 2.50417 10
  vertex -2.6293 1.9103 -20
  vertex -2.6293 1.9103 10
  endloop
 endfacet
 facet normal -0.876307 0.481754 0
  outer loop
  vertex -3.02177 1.1964 -20
  vertex -2.6293 1.9103 10
  vertex -2.6293 1.9103 -20
  endloop
 endfacet
 facet normal -0.876307 0.481754 0
  outer loop
  vertex -2.6293 1.9103 10
  vertex -3.02177 1.1964 -20
  vertex -3.02177 1.1964 10
  endloop
 endfacet
 facet normal 0.637425 0.770512 -2.53815e-05
  outer loop
  vertex 2.36915 2.22478 10
  vertex 2.24274 2.32935 9.82268
  vertex 2.26025 2.31487 10
  endloop
 endfacet
 facet normal 0.637474 0.770472 -8.31259e-05
  outer loop
  vertex 2.36915 2.22478 10
  vertex 2.24061 2.33111 9.80105
  vertex 2.24274 2.32935 9.82268
  endloop
 endfacet
 facet normal 0.637337 0.770585 6.48195e-05
  outer loop
  vertex 2.36915 2.22478 10
  vertex 2.18292 2.37884 9.6146
  vertex 2.24061 2.33111 9.80105
  endloop
 endfacet
 facet normal -0.625448 -0.780037 -0.01891
  outer loop
  vertex 2.09081 2.45504 9.45236
  vertex 1.97006 2.55493 9.32454
  vertex 1.98343 2.54387 9.33868
  endloop
 endfacet
 facet normal 0.606747 0.569881 -0.554161
  outer loop
  vertex 1.82827 2.67223 9.23915
  vertex 1.74144 2.74407 9.21796
  vertex 1.81104 2.68649 9.23495
  endloop
 endfacet
 facet normal 0.637467 0.770478 0
  outer loop
  vertex 1.82827 2.67223 9.23915
  vertex 1.74144 2.74407 -12.3095
  vertex 1.74144 2.74407 9.21796
  endloop
 endfacet
 facet normal 0.637428 0.77051 0
  outer loop
  vertex 1.82827 2.67223 -12.3542
  vertex 1.82827 2.67223 9.23915
  vertex 1.97006 2.55493 9.32454
  endloop
 endfacet
 facet normal 0.637412 0.770523 0
  outer loop
  vertex 1.97006 2.55493 -12.4947
  vertex 1.97006 2.55493 9.32454
  vertex 2.09081 2.45504 9.45236
  endloop
 endfacet
 facet normal 0.637424 0.770513 0
  outer loop
  vertex 2.09081 2.45504 -12.6877
  vertex 2.09081 2.45504 9.45236
  vertex 2.18292 2.37884 9.6146
  endloop
 endfacet
 facet normal 0.637422 0.770515 1.75428e-08
  outer loop
  vertex 2.09081 2.45504 -12.6877
  vertex 2.18292 2.37884 9.6146
  vertex 2.36915 2.22478 10
  endloop
 endfacet
 facet normal 0.637467 0.770478 0
  outer loop
  vertex 1.82827 2.67223 9.23915
  vertex 1.82827 2.67223 -12.3542
  vertex 1.74144 2.74407 -12.3095
  endloop
 endfacet
 facet normal 0.637318 0.770601 1.20622e-06
  outer loop
  vertex 1.97006 2.55493 9.32454
  vertex 1.84654 2.65712 -12.3723
  vertex 1.82827 2.67223 -12.3542
  endloop
 endfacet
 facet normal 0.637444 0.770497 0
  outer loop
  vertex 1.97006 2.55493 9.32454
  vertex 1.97006 2.55493 -12.4947
  vertex 1.84654 2.65712 -12.3723
  endloop
 endfacet
 facet normal 0.637404 0.77053 7.24091e-08
  outer loop
  vertex 2.09081 2.45504 9.45236
  vertex 2.07598 2.46731 -12.664
  vertex 1.97006 2.55493 -12.4947
  endloop
 endfacet
 facet normal 0.637468 0.770477 0
  outer loop
  vertex 2.09081 2.45504 9.45236
  vertex 2.09081 2.45504 -12.6877
  vertex 2.07598 2.46731 -12.664
  endloop
 endfacet
 facet normal 0.637445 0.770496 -5.22911e-07
  outer loop
  vertex 2.36915 2.22478 10
  vertex 2.172 2.38787 -12.8933
  vertex 2.09081 2.45504 -12.6877
  endloop
 endfacet
 facet normal 0.63727 0.77064 2.00601e-06
  outer loop
  vertex 2.36915 2.22478 10
  vertex 2.18292 2.37884 -12.921
  vertex 2.172 2.38787 -12.8933
  endloop
 endfacet
 facet normal 0.638025 0.770015 -8.33771e-06
  outer loop
  vertex 2.36915 2.22478 10
  vertex 2.18969 2.37323 -12.9514
  vertex 2.18292 2.37884 -12.921
  endloop
 endfacet
 facet normal 0.637384 0.770547 1.21018e-07
  outer loop
  vertex 2.36915 2.22478 10
  vertex 2.24061 2.33111 -13.18
  vertex 2.18969 2.37323 -12.9514
  endloop
 endfacet
 facet normal 0.637245 0.770662 1.41939e-06
  outer loop
  vertex 2.36915 2.22478 10
  vertex 2.25811 2.31664 -13.4191
  vertex 2.24061 2.33111 -13.18
  endloop
 endfacet
 facet normal 0.637301 0.770615 9.81643e-07
  outer loop
  vertex 2.36915 2.22478 10
  vertex 2.26025 2.31487 -13.4484
  vertex 2.25811 2.31664 -13.4191
  endloop
 endfacet
 facet normal 0.637484 0.770464 0
  outer loop
  vertex 1.97006 2.55493 -16.3245
  vertex 1.95656 2.5661 -14.3002
  vertex 1.97006 2.55493 -14.2919
  endloop
 endfacet
 facet normal 0.637468 0.770477 -8.09895e-08
  outer loop
  vertex 1.74144 2.74407 -16.218
  vertex 1.81373 2.68426 -14.3805
  vertex 1.82827 2.67223 -14.3786
  endloop
 endfacet
 facet normal 0.637467 0.770478 -5.3993e-08
  outer loop
  vertex 1.81373 2.68426 -14.3805
  vertex 1.74144 2.74407 -16.218
  vertex 1.74144 2.74407 -14.3903
  endloop
 endfacet
 facet normal 0.637422 0.770515 0
  outer loop
  vertex 1.95656 2.5661 -14.3002
  vertex 1.82827 2.67223 -16.2392
  vertex 1.82827 2.67223 -14.3786
  endloop
 endfacet
 facet normal 0.637175 0.770719 -2.2324e-05
  outer loop
  vertex 2.09081 2.45504 -16.4524
  vertex 1.97006 2.55493 -14.2919
  vertex 1.9816 2.54539 -14.2779
  endloop
 endfacet
 facet normal 0.637439 0.770501 0
  outer loop
  vertex 2.09081 2.45504 -16.4524
  vertex 1.9816 2.54539 -14.2779
  vertex 2.09081 2.45504 -14.1448
  endloop
 endfacet
 facet normal 0.637461 0.770482 2.33017e-06
  outer loop
  vertex 2.18292 2.37884 -16.6146
  vertex 2.09081 2.45504 -14.1448
  vertex 2.1737 2.38646 -13.9663
  endloop
 endfacet
 facet normal 0.637064 0.770811 0
  outer loop
  vertex 2.18292 2.37884 -16.6146
  vertex 2.1737 2.38646 -13.9663
  vertex 2.18292 2.37884 -13.9464
  endloop
 endfacet
 facet normal 0.637673 0.770307 7.20069e-06
  outer loop
  vertex 2.24061 2.33111 -16.801
  vertex 2.18292 2.37884 -13.9464
  vertex 2.18873 2.37403 -13.9226
  endloop
 endfacet
 facet normal 0.637436 0.770503 0
  outer loop
  vertex 2.24061 2.33111 -16.801
  vertex 2.18873 2.37403 -13.9226
  vertex 2.24061 2.33111 -13.7094
  endloop
 endfacet
 facet normal 0.637467 0.770477 -5.3993e-08
  outer loop
  vertex 1.82827 2.67223 -14.3786
  vertex 1.82827 2.67223 -16.2392
  vertex 1.74144 2.74407 -16.218
  endloop
 endfacet
 facet normal 0.637424 0.770514 -2.10646e-07
  outer loop
  vertex 1.95656 2.5661 -14.3002
  vertex 1.97006 2.55493 -16.3245
  vertex 1.82827 2.67223 -16.2392
  endloop
 endfacet
 facet normal 0.637402 0.770532 0
  outer loop
  vertex 1.97006 2.55493 -14.2919
  vertex 1.98343 2.54387 -16.3387
  vertex 1.97006 2.55493 -16.3245
  endloop
 endfacet
 facet normal 0.637414 0.770522 1.311e-07
  outer loop
  vertex 1.97006 2.55493 -14.2919
  vertex 2.09081 2.45504 -16.4524
  vertex 1.98343 2.54387 -16.3387
  endloop
 endfacet
 facet normal 0.638212 0.769861 9.77512e-06
  outer loop
  vertex 2.26025 2.31487 -17
  vertex 2.24061 2.33111 -13.7094
  vertex 2.24266 2.32941 -13.682
  endloop
 endfacet
 facet normal 0.637117 0.770767 0
  outer loop
  vertex 2.26025 2.31487 -17
  vertex 2.24266 2.32941 -13.682
  vertex 2.26025 2.31487 -13.4484
  endloop
 endfacet
 facet normal 0.637424 0.770513 0
  outer loop
  vertex 2.09081 2.45504 -14.1448
  vertex 2.18292 2.37884 -16.6146
  vertex 2.09081 2.45504 -16.4524
  endloop
 endfacet
 facet normal 0.637424 0.770513 0
  outer loop
  vertex 2.18292 2.37884 -13.9464
  vertex 2.23433 2.33631 -16.7808
  vertex 2.18292 2.37884 -16.6146
  endloop
 endfacet
 facet normal 0.637786 0.770213 1.10627e-05
  outer loop
  vertex 2.18292 2.37884 -13.9464
  vertex 2.24061 2.33111 -16.801
  vertex 2.23433 2.33631 -16.7808
  endloop
 endfacet
 facet normal 0.63724 0.770666 0
  outer loop
  vertex 2.24061 2.33111 -13.7094
  vertex 2.26025 2.31487 -17
  vertex 2.24061 2.33111 -16.801
  endloop
 endfacet
 facet normal 0.637425 0.770512 0
  outer loop
  vertex 2.36915 2.22478 -20
  vertex 2.26025 2.31487 -13.4484
  vertex 2.36915 2.22478 10
  endloop
 endfacet
 facet normal 0.637425 0.770512 0
  outer loop
  vertex 2.26025 2.31487 -13.4484
  vertex 2.36915 2.22478 -20
  vertex 2.26025 2.31487 -17
  endloop
 endfacet
 facet normal 0.63729 0.770624 -8.28201e-06
  outer loop
  vertex 2.36915 2.22478 -20
  vertex 2.24061 2.33111 -17.199
  vertex 2.26025 2.31487 -17
  endloop
 endfacet
 facet normal 0.637718 0.77027 2.48402e-05
  outer loop
  vertex 2.36915 2.22478 -20
  vertex 2.23433 2.33631 -17.2192
  vertex 2.24061 2.33111 -17.199
  endloop
 endfacet
 facet normal 0.637424 0.770514 4.91798e-07
  outer loop
  vertex 2.36915 2.22478 -20
  vertex 2.18292 2.37884 -17.3854
  vertex 2.23433 2.33631 -17.2192
  endloop
 endfacet
 facet normal 0.637424 0.770513 5.10659e-07
  outer loop
  vertex 2.36915 2.22478 -20
  vertex 2.09081 2.45504 -17.5476
  vertex 2.18292 2.37884 -17.3854
  endloop
 endfacet
 facet normal 0.637414 0.770521 -1.01199e-06
  outer loop
  vertex 2.36915 2.22478 -20
  vertex 1.98343 2.54387 -17.6613
  vertex 2.09081 2.45504 -17.5476
  endloop
 endfacet
 facet normal 0.637404 0.77053 -3.74959e-06
  outer loop
  vertex 2.36915 2.22478 -20
  vertex 1.97006 2.55493 -17.6755
  vertex 1.98343 2.54387 -17.6613
  endloop
 endfacet
 facet normal 0.637426 0.770511 1.83132e-06
  outer loop
  vertex 2.36915 2.22478 -20
  vertex 1.82827 2.67223 -17.7608
  vertex 1.97006 2.55493 -17.6755
  endloop
 endfacet
 facet normal 0.637464 0.77048 1.79551e-05
  outer loop
  vertex 2.36915 2.22478 -20
  vertex 1.74144 2.74407 -17.782
  vertex 1.82827 2.67223 -17.7608
  endloop
 endfacet
 facet normal 0.637426 0.770512 0
  outer loop
  vertex 1.74144 2.74407 -17.782
  vertex 2.36915 2.22478 -20
  vertex 1.74144 2.74407 -20
  endloop
 endfacet
 facet normal -0.535824 -0.844329 0
  outer loop
  vertex -2.07163 -2.50417 -20
  vertex -1.38378 -2.94069 10
  vertex -2.07163 -2.50417 10
  endloop
 endfacet
 facet normal -0.535824 -0.844329 0
  outer loop
  vertex -1.38378 -2.94069 10
  vertex -2.07163 -2.50417 -20
  vertex -1.38378 -2.94069 -20
  endloop
 endfacet
 facet normal 0.187392 -0.982285 3.48694e-05
  outer loop
  vertex 0.204069 -3.24359 10
  vertex 0.901171 -3.11061 9.80105
  vertex 0.875029 -3.11559 10
  endloop
 endfacet
 facet normal 0.187335 -0.982296 -0.00017321
  outer loop
  vertex 0.204069 -3.24359 10
  vertex 0.909542 -3.10901 9.78072
  vertex 0.901171 -3.11061 9.80105
  endloop
 endfacet
 facet normal 0.187389 -0.982286 6.51713e-06
  outer loop
  vertex 0.204069 -3.24359 10
  vertex 0.977956 -3.09596 9.6146
  vertex 0.909542 -3.10901 9.78072
  endloop
 endfacet
 facet normal 0.18729 -0.982305 -0.000199572
  outer loop
  vertex 0.204069 -3.24359 10
  vertex 1.0043 -3.09093 9.57973
  vertex 0.977956 -3.09596 9.6146
  endloop
 endfacet
 facet normal 0.18739 -0.982286 2.17238e-06
  outer loop
  vertex 0.204069 -3.24359 10
  vertex 1.0043 -3.09093 -12.8506
  vertex 1.0043 -3.09093 9.57973
  endloop
 endfacet
 facet normal 0.187615 -0.982243 8.12775e-06
  outer loop
  vertex 0.204069 -3.24359 10
  vertex 0.992574 -3.09317 -12.8747
  vertex 1.0043 -3.09093 -12.8506
  endloop
 endfacet
 facet normal 0.187468 -0.982271 2.94342e-06
  outer loop
  vertex 0.204069 -3.24359 10
  vertex 0.977956 -3.09596 -12.9047
  vertex 0.992574 -3.09317 -12.8747
  endloop
 endfacet
 facet normal 0.187525 -0.98226 4.88422e-06
  outer loop
  vertex 0.204069 -3.24359 10
  vertex 0.968894 -3.09769 -12.9366
  vertex 0.977956 -3.09596 -12.9047
  endloop
 endfacet
 facet normal 0.187393 -0.982285 2.42815e-06
  outer loop
  vertex 0.204069 -3.24359 10
  vertex 0.901171 -3.11061 -13.1753
  vertex 0.968894 -3.09769 -12.9366
  endloop
 endfacet
 facet normal 0.187309 -0.982301 -2.30251e-06
  outer loop
  vertex 0.204069 -3.24359 10
  vertex 0.877883 -3.11505 -13.4179
  vertex 0.901171 -3.11061 -13.1753
  endloop
 endfacet
 facet normal 0.186256 -0.982501 -3.36894e-05
  outer loop
  vertex 0.204069 -3.24359 10
  vertex 0.875029 -3.11559 -13.4477
  vertex 0.877883 -3.11505 -13.4179
  endloop
 endfacet
 facet normal 0.18748 -0.982268 0
  outer loop
  vertex 0.901171 -3.11061 -16.801
  vertex 0.970173 -3.09744 -13.9073
  vertex 0.901171 -3.11061 -13.7047
  endloop
 endfacet
 facet normal 0.427047 -0.886949 0.175931
  outer loop
  vertex 0.977956 -3.09596 -13.9302
  vertex 1.0043 -3.09093 -13.9688
  vertex 0.990312 -3.0936 -13.9483
  endloop
 endfacet
 facet normal 0.187544 -0.982256 0
  outer loop
  vertex 0.977956 -3.09596 -16.6146
  vertex 1.0043 -3.09093 -13.9688
  vertex 0.977956 -3.09596 -13.9302
  endloop
 endfacet
 facet normal 0.186866 -0.982385 1.51661e-05
  outer loop
  vertex 0.970173 -3.09744 -13.9073
  vertex 0.901171 -3.11061 -16.801
  vertex 0.977956 -3.09596 -13.9302
  endloop
 endfacet
 facet normal 0.187136 -0.982334 0
  outer loop
  vertex 0.875029 -3.11559 -17
  vertex 0.901171 -3.11061 -13.7047
  vertex 0.875029 -3.11559 -13.4477
  endloop
 endfacet
 facet normal 0.187544 -0.982256 0
  outer loop
  vertex 1.0043 -3.09093 -13.9688
  vertex 0.977956 -3.09596 -16.6146
  vertex 1.0043 -3.09093 -16.5797
  endloop
 endfacet
 facet normal 0.187373 -0.982289 0
  outer loop
  vertex 0.977956 -3.09596 -13.9302
  vertex 0.909542 -3.10901 -16.7807
  vertex 0.977956 -3.09596 -16.6146
  endloop
 endfacet
 facet normal 0.187391 -0.982285 2.17238e-06
  outer loop
  vertex 0.204069 -3.24359 -20
  vertex 0.875029 -3.11559 -13.4477
  vertex 0.204069 -3.24359 10
  endloop
 endfacet
 facet normal 0.187763 -0.982214 -9.7082e-06
  outer loop
  vertex 0.977956 -3.09596 -13.9302
  vertex 0.901171 -3.11061 -16.801
  vertex 0.909542 -3.10901 -16.7807
  endloop
 endfacet
 facet normal 0.187392 -0.982285 0
  outer loop
  vertex 0.875029 -3.11559 -17
  vertex 0.875029 -3.11559 -13.4477
  vertex 0.204069 -3.24359 -20
  endloop
 endfacet
 facet normal 0.187136 -0.982334 0
  outer loop
  vertex 0.901171 -3.11061 -13.7047
  vertex 0.875029 -3.11559 -17
  vertex 0.901171 -3.11061 -16.801
  endloop
 endfacet
 facet normal 0.187297 -0.982303 2.19617e-05
  outer loop
  vertex 0.204069 -3.24359 -20
  vertex 0.901171 -3.11061 -17.199
  vertex 0.875029 -3.11559 -17
  endloop
 endfacet
 facet normal 0.187605 -0.982245 -5.76146e-05
  outer loop
  vertex 0.204069 -3.24359 -20
  vertex 0.909542 -3.10901 -17.2193
  vertex 0.901171 -3.11061 -17.199
  endloop
 endfacet
 facet normal 0.187378 -0.982288 2.16641e-06
  outer loop
  vertex 0.204069 -3.24359 -20
  vertex 0.977956 -3.09596 -17.3854
  vertex 0.909542 -3.10901 -17.2193
  endloop
 endfacet
 facet normal 0.1875 -0.982265 -3.50327e-05
  outer loop
  vertex 0.204069 -3.24359 -20
  vertex 1.0043 -3.09093 -17.4203
  vertex 0.977956 -3.09596 -17.3854
  endloop
 endfacet
 facet normal 0.187391 -0.982285 0
  outer loop
  vertex 1.0043 -3.09093 -17.4203
  vertex 0.204069 -3.24359 -20
  vertex 1.0043 -3.09093 -20
  endloop
 endfacet
 facet normal 0.425685 0.904871 0
  outer loop
  vertex 1.74144 2.74407 -17.782
  vertex 1.74144 2.74407 -20
  vertex 1.66347 2.78075 -17.7984
  endloop
 endfacet
 facet normal 0.425562 0.904929 5.26564e-05
  outer loop
  vertex 1.0043 3.09093 -20
  vertex 1.46242 2.87536 -17.7789
  vertex 1.48175 2.86627 -17.7858
  endloop
 endfacet
 facet normal 0.426137 0.904659 1.95576e-05
  outer loop
  vertex 1.74144 2.74407 -20
  vertex 1.64309 2.79035 -17.797
  vertex 1.66347 2.78075 -17.7984
  endloop
 endfacet
 facet normal 0.425776 0.904829 -1.37939e-07
  outer loop
  vertex 1.74144 2.74407 -20
  vertex 1.48175 2.86627 -17.7858
  vertex 1.64309 2.79035 -17.797
  endloop
 endfacet
 facet normal 0.425773 0.90483 -5.43549e-07
  outer loop
  vertex 1.0043 3.09093 -20
  vertex 1.48175 2.86627 -17.7858
  vertex 1.74144 2.74407 -20
  endloop
 endfacet
 facet normal 0.425796 0.904819 -6.15508e-06
  outer loop
  vertex 1.46242 2.87536 -17.7789
  vertex 1.0043 3.09093 -20
  vertex 1.30857 2.94776 -17.7239
  endloop
 endfacet
 facet normal 0.425757 0.904837 1.10117e-07
  outer loop
  vertex 1.30857 2.94776 -17.7239
  vertex 1.0043 3.09093 -20
  vertex 1.15483 3.0201 -17.6164
  endloop
 endfacet
 facet normal 0.425802 0.904817 -4.40231e-06
  outer loop
  vertex 1.15483 3.0201 -17.6164
  vertex 1.0043 3.09093 -20
  vertex 1.04393 3.07229 -17.4863
  endloop
 endfacet
 facet normal 0.425762 0.904835 -2.2181e-06
  outer loop
  vertex 1.04393 3.07229 -17.4863
  vertex 1.0043 3.09093 -20
  vertex 1.03018 3.07876 -17.4702
  endloop
 endfacet
 facet normal 0.425547 0.904936 0
  outer loop
  vertex 1.03018 3.07876 -17.4702
  vertex 1.0043 3.09093 -20
  vertex 1.0043 3.09093 -17.4184
  endloop
 endfacet
 facet normal 0.425685 0.904871 0
  outer loop
  vertex 1.74144 2.74407 -16.218
  vertex 1.66347 2.78075 -14.4184
  vertex 1.74144 2.74407 -14.3903
  endloop
 endfacet
 facet normal 0.425685 0.904871 0
  outer loop
  vertex 1.66347 2.78075 -14.4184
  vertex 1.74144 2.74407 -16.218
  vertex 1.66347 2.78075 -16.2016
  endloop
 endfacet
 facet normal 0.425749 0.904841 7.23877e-07
  outer loop
  vertex 1.15483 3.0201 -16.3836
  vertex 1.16964 3.01313 -14.2301
  vertex 1.30857 2.94776 -14.348
  endloop
 endfacet
 facet normal 0.425685 0.904872 5.55884e-07
  outer loop
  vertex 1.46242 2.87536 -16.2211
  vertex 1.4655 2.87391 -14.41
  vertex 1.48174 2.86627 -14.4164
  endloop
 endfacet
 facet normal 0.426136 0.904659 0
  outer loop
  vertex 1.64309 2.79035 -16.203
  vertex 1.66347 2.78075 -14.4184
  vertex 1.66347 2.78075 -16.2016
  endloop
 endfacet
 facet normal 0.425791 0.904821 4.81089e-06
  outer loop
  vertex 1.66347 2.78075 -14.4184
  vertex 1.64309 2.79035 -16.203
  vertex 1.49878 2.85825 -14.4166
  endloop
 endfacet
 facet normal 0.425776 0.904829 3.28945e-06
  outer loop
  vertex 1.48175 2.86627 -16.2142
  vertex 1.49878 2.85825 -14.4166
  vertex 1.64309 2.79035 -16.203
  endloop
 endfacet
 facet normal 0.425855 0.904791 2.37202e-06
  outer loop
  vertex 1.49878 2.85825 -14.4166
  vertex 1.48175 2.86627 -16.2142
  vertex 1.48174 2.86627 -14.4164
  endloop
 endfacet
 facet normal 0.425546 0.904937 2.37023e-06
  outer loop
  vertex 1.46242 2.87536 -16.2211
  vertex 1.48174 2.86627 -14.4164
  vertex 1.48175 2.86627 -16.2142
  endloop
 endfacet
 facet normal 0.425797 0.904818 3.21383e-07
  outer loop
  vertex 1.4655 2.87391 -14.41
  vertex 1.46242 2.87536 -16.2211
  vertex 1.30857 2.94776 -16.2761
  endloop
 endfacet
 facet normal 0.425799 0.904818 2.14255e-07
  outer loop
  vertex 1.4655 2.87391 -14.41
  vertex 1.30857 2.94776 -16.2761
  vertex 1.30857 2.94776 -14.348
  endloop
 endfacet
 facet normal 0.425752 0.90484 4.82584e-07
  outer loop
  vertex 1.15483 3.0201 -16.3836
  vertex 1.30857 2.94776 -14.348
  vertex 1.30857 2.94776 -16.2761
  endloop
 endfacet
 facet normal 0.425836 0.9048 0
  outer loop
  vertex 1.16964 3.01313 -14.2301
  vertex 1.15483 3.0201 -16.3836
  vertex 1.15483 3.0201 -14.2175
  endloop
 endfacet
 facet normal 0.425808 0.904814 0
  outer loop
  vertex 1.04393 3.07229 -16.5137
  vertex 1.15483 3.0201 -14.2175
  vertex 1.15483 3.0201 -16.3836
  endloop
 endfacet
 facet normal 0.425759 0.904837 2.89975e-06
  outer loop
  vertex 1.03018 3.07876 -16.5298
  vertex 1.15483 3.0201 -14.2175
  vertex 1.04393 3.07229 -16.5137
  endloop
 endfacet
 facet normal 0.425804 0.904815 0
  outer loop
  vertex 1.15483 3.0201 -14.2175
  vertex 1.03018 3.07876 -16.5298
  vertex 1.03018 3.07876 -14.0332
  endloop
 endfacet
 facet normal 0.425547 0.904936 0
  outer loop
  vertex 1.0043 3.09093 -16.5816
  vertex 1.03018 3.07876 -14.0332
  vertex 1.03018 3.07876 -16.5298
  endloop
 endfacet
 facet normal 0.425547 0.904936 0
  outer loop
  vertex 1.03018 3.07876 -14.0332
  vertex 1.0043 3.09093 -16.5816
  vertex 1.0043 3.09093 -13.9663
  endloop
 endfacet
 facet normal 0.425685 0.904871 0
  outer loop
  vertex 1.74144 2.74407 -12.3095
  vertex 1.66347 2.78075 9.20158
  vertex 1.74144 2.74407 9.21796
  endloop
 endfacet
 facet normal 0.425685 0.904871 0
  outer loop
  vertex 1.66347 2.78075 9.20158
  vertex 1.74144 2.74407 -12.3095
  vertex 1.66347 2.78075 -12.294
  endloop
 endfacet
 facet normal -0.19133 -0.267538 -0.94436
  outer loop
  vertex 1.66347 2.78075 9.20158
  vertex 1.48175 2.86627 9.21417
  vertex 1.64309 2.79035 9.20299
  endloop
 endfacet
 facet normal 0.425816 0.90481 0
  outer loop
  vertex 1.66347 2.78075 -12.294
  vertex 1.48175 2.86627 9.21417
  vertex 1.66347 2.78075 9.20158
  endloop
 endfacet
 facet normal 0.42578 0.904827 -3.71837e-07
  outer loop
  vertex 1.50532 2.85517 -12.3214
  vertex 1.48175 2.86627 9.21417
  vertex 1.66347 2.78075 -12.294
  endloop
 endfacet
 facet normal 0.42591 0.904765 -1.98002e-07
  outer loop
  vertex 1.48174 2.86627 -12.3255
  vertex 1.48175 2.86627 9.21417
  vertex 1.50532 2.85517 -12.3214
  endloop
 endfacet
 facet normal 0.425769 0.904832 -1.97936e-07
  outer loop
  vertex 1.48175 2.86627 9.21417
  vertex 1.48174 2.86627 -12.3255
  vertex 1.30857 2.94776 9.27614
  endloop
 endfacet
 facet normal 0.425758 0.904837 -3.08398e-07
  outer loop
  vertex 1.45934 2.87681 -12.338
  vertex 1.30857 2.94776 9.27614
  vertex 1.48174 2.86627 -12.3255
  endloop
 endfacet
 facet normal 0.425794 0.90482 0
  outer loop
  vertex 1.30857 2.94776 -12.422
  vertex 1.30857 2.94776 9.27614
  vertex 1.45934 2.87681 -12.338
  endloop
 endfacet
 facet normal 0.425758 0.904837 -1.02799e-07
  outer loop
  vertex 1.30857 2.94776 9.27614
  vertex 1.30857 2.94776 -12.422
  vertex 1.15483 3.0201 9.38359
  endloop
 endfacet
 facet normal 0.425748 0.904842 -8.22665e-08
  outer loop
  vertex 1.17406 3.01105 -12.558
  vertex 1.15483 3.0201 9.38359
  vertex 1.30857 2.94776 -12.422
  endloop
 endfacet
 facet normal 0.425825 0.904806 0
  outer loop
  vertex 1.15483 3.0201 -12.5774
  vertex 1.15483 3.0201 9.38359
  vertex 1.17406 3.01105 -12.558
  endloop
 endfacet
 facet normal 0.425803 0.904816 0
  outer loop
  vertex 1.15483 3.0201 9.38359
  vertex 1.15483 3.0201 -12.5774
  vertex 1.03018 3.07876 9.52977
  endloop
 endfacet
 facet normal 0.425769 0.904832 -2.33468e-07
  outer loop
  vertex 1.04532 3.07163 -12.7572
  vertex 1.03018 3.07876 9.52977
  vertex 1.15483 3.0201 -12.5774
  endloop
 endfacet
 facet normal 0.42605 0.9047 0
  outer loop
  vertex 1.03018 3.07876 -12.782
  vertex 1.03018 3.07876 9.52977
  vertex 1.04532 3.07163 -12.7572
  endloop
 endfacet
 facet normal 0.425547 0.904936 0
  outer loop
  vertex 1.03018 3.07876 9.52977
  vertex 1.03018 3.07876 -12.782
  vertex 1.0043 3.09093 9.58161
  endloop
 endfacet
 facet normal 0.425547 0.904936 0
  outer loop
  vertex 1.0043 3.09093 9.58161
  vertex 1.03018 3.07876 -12.782
  vertex 1.0043 3.09093 -12.8531
  endloop
 endfacet
 facet normal 0.992114 -0.12534 0
  outer loop
  vertex 3.14789 -0.808242 10
  vertex 3.25 0 -20
  vertex 3.25 0 10
  endloop
 endfacet
 facet normal 0.992114 -0.12534 0
  outer loop
  vertex 3.25 0 -20
  vertex 3.14789 -0.808242 10
  vertex 3.14789 -0.808242 -20
  endloop
 endfacet
 facet normal 0.809017 -0.587786 0
  outer loop
  vertex 2.36915 -2.22478 10
  vertex 2.848 -1.5657 -20
  vertex 2.848 -1.5657 10
  endloop
 endfacet
 facet normal 0.809017 -0.587786 0
  outer loop
  vertex 2.848 -1.5657 -20
  vertex 2.36915 -2.22478 10
  vertex 2.36915 -2.22478 -20
  endloop
 endfacet
 facet normal -0.309012 -0.951058 0
  outer loop
  vertex -1.38378 -2.94069 -20
  vertex -0.608989 -3.19243 10
  vertex -1.38378 -2.94069 10
  endloop
 endfacet
 facet normal -0.309012 -0.951058 0
  outer loop
  vertex -0.608989 -3.19243 10
  vertex -1.38378 -2.94069 -20
  vertex -0.608989 -3.19243 -20
  endloop
 endfacet
 facet normal -1 0 0
  outer loop
  vertex -3.22437 0.407332 -20
  vertex -3.22437 0.247213 -17.7608
  vertex -3.22437 0.407332 -17.6855
  endloop
 endfacet
 facet normal -1 0 0
  outer loop
  vertex -3.22437 0.407332 -20
  vertex -3.22437 0.0502319 -17.7984
  vertex -3.22437 0.247213 -17.7608
  endloop
 endfacet
 facet normal -1 0 0
  outer loop
  vertex -3.22437 -0.407332 -20
  vertex -3.22437 0.0502319 -17.7984
  vertex -3.22437 0.407332 -20
  endloop
 endfacet
 facet normal -1 0 0
  outer loop
  vertex -3.22437 0.0502319 -17.7984
  vertex -3.22437 -0.407332 -20
  vertex -3.22437 -0.149904 -17.7858
  endloop
 endfacet
 facet normal -1 0 0
  outer loop
  vertex -3.22437 -0.149904 -17.7858
  vertex -3.22437 -0.407332 -20
  vertex -3.22437 -0.340623 -17.7239
  endloop
 endfacet
 facet normal -1 0 0
  outer loop
  vertex -3.22437 -0.340623 -17.7239
  vertex -3.22437 -0.407332 -20
  vertex -3.22437 -0.407332 -17.6815
  endloop
 endfacet
 facet normal -1 0 0
  outer loop
  vertex -3.22437 0.247213 -14.3821
  vertex -3.22437 0.407332 -16.3145
  vertex -3.22437 0.247213 -16.2392
  endloop
 endfacet
 facet normal -1 0 0
  outer loop
  vertex -3.22437 0.407332 -16.3145
  vertex -3.22437 0.247213 -14.3821
  vertex -3.22437 0.407332 -14.2818
  endloop
 endfacet
 facet normal -1 0 0
  outer loop
  vertex -3.22437 0.247213 -16.2392
  vertex -3.22437 0.0686565 -14.4274
  vertex -3.22437 0.247213 -14.3821
  endloop
 endfacet
 facet normal -1 0 0
  outer loop
  vertex -3.22437 0.0502319 -16.2016
  vertex -3.22437 0.0686565 -14.4274
  vertex -3.22437 0.247213 -16.2392
  endloop
 endfacet
 facet normal -1 0 0
  outer loop
  vertex -3.22437 0.0502319 -16.2016
  vertex -3.22437 0.0502319 -14.4321
  vertex -3.22437 0.0686565 -14.4274
  endloop
 endfacet
 facet normal -1 0 0
  outer loop
  vertex -3.22437 -0.149904 -16.2142
  vertex -3.22437 0.0502319 -14.4321
  vertex -3.22437 0.0502319 -16.2016
  endloop
 endfacet
 facet normal -1 0 0
  outer loop
  vertex -3.22437 0.0502319 -14.4321
  vertex -3.22437 -0.149904 -16.2142
  vertex -3.22437 -0.131149 -14.4169
  endloop
 endfacet
 facet normal -1 0 0
  outer loop
  vertex -3.22437 -0.149904 -16.2142
  vertex -3.22437 -0.149904 -14.4153
  vertex -3.22437 -0.131149 -14.4169
  endloop
 endfacet
 facet normal -1 0 0
  outer loop
  vertex -3.22437 -0.149904 -16.2142
  vertex -3.22437 -0.167808 -14.4076
  vertex -3.22437 -0.149904 -14.4153
  endloop
 endfacet
 facet normal -1 0 0
  outer loop
  vertex -3.22437 -0.340623 -16.2761
  vertex -3.22437 -0.167808 -14.4076
  vertex -3.22437 -0.149904 -16.2142
  endloop
 endfacet
 facet normal -1 0 0
  outer loop
  vertex -3.22437 -0.340623 -16.2761
  vertex -3.22437 -0.340623 -14.3329
  vertex -3.22437 -0.167808 -14.4076
  endloop
 endfacet
 facet normal -1 0 0
  outer loop
  vertex -3.22437 -0.407332 -16.3185
  vertex -3.22437 -0.340623 -14.3329
  vertex -3.22437 -0.340623 -16.2761
  endloop
 endfacet
 facet normal -1 0 0
  outer loop
  vertex -3.22437 -0.340623 -14.3329
  vertex -3.22437 -0.407332 -16.3185
  vertex -3.22437 -0.407332 -14.2765
  endloop
 endfacet
 facet normal -1 0 0
  outer loop
  vertex -3.22437 0.247213 -12.3577
  vertex -3.22437 0.407332 9.3145
  vertex -3.22437 0.407332 -12.4579
  endloop
 endfacet
 facet normal -1 0 0
  outer loop
  vertex -3.22437 0.247213 -12.3577
  vertex -3.22437 0.247213 9.23915
  vertex -3.22437 0.407332 9.3145
  endloop
 endfacet
 facet normal -1 0 0
  outer loop
  vertex -3.22437 0.0502319 -12.3077
  vertex -3.22437 0.247213 9.23915
  vertex -3.22437 0.247213 -12.3577
  endloop
 endfacet
 facet normal -1 0 0
  outer loop
  vertex -3.22437 0.0502319 -12.3077
  vertex -3.22437 0.0502319 9.20158
  vertex -3.22437 0.247213 9.23915
  endloop
 endfacet
 facet normal -1 0 0
  outer loop
  vertex -3.22437 -0.149904 9.21417
  vertex -3.22437 0.0502319 -12.3077
  vertex -3.22437 -0.123949 -12.3223
  endloop
 endfacet
 facet normal -1 0 0
  outer loop
  vertex -3.22437 -0.149904 9.21417
  vertex -3.22437 -0.123949 -12.3223
  vertex -3.22437 -0.149904 -12.3244
  endloop
 endfacet
 facet normal -1 0 0
  outer loop
  vertex -3.22437 0.0502319 -12.3077
  vertex -3.22437 -0.149904 9.21417
  vertex -3.22437 0.0502319 9.20158
  endloop
 endfacet
 facet normal -1 0 0
  outer loop
  vertex -3.22437 -0.340623 9.27614
  vertex -3.22437 -0.149904 -12.3244
  vertex -3.22437 -0.174596 -12.3351
  endloop
 endfacet
 facet normal -1 0 0
  outer loop
  vertex -3.22437 -0.340623 9.27614
  vertex -3.22437 -0.174596 -12.3351
  vertex -3.22437 -0.340623 -12.4069
  endloop
 endfacet
 facet normal -1 0 0
  outer loop
  vertex -3.22437 -0.149904 -12.3244
  vertex -3.22437 -0.340623 9.27614
  vertex -3.22437 -0.149904 9.21417
  endloop
 endfacet
 facet normal -1 0 0
  outer loop
  vertex -3.22437 -0.407332 9.31847
  vertex -3.22437 -0.340623 -12.4069
  vertex -3.22437 -0.407332 -12.4632
  endloop
 endfacet
 facet normal -1 0 0
  outer loop
  vertex -3.22437 -0.340623 -12.4069
  vertex -3.22437 -0.407332 9.31847
  vertex -3.22437 -0.340623 9.27614
  endloop
 endfacet
 facet normal -0.876307 -0.481754 0
  outer loop
  vertex -2.6293 -1.9103 -20
  vertex -3.02177 -1.1964 10
  vertex -3.02177 -1.1964 -20
  endloop
 endfacet
 facet normal -0.876307 -0.481754 0
  outer loop
  vertex -3.02177 -1.1964 10
  vertex -2.6293 -1.9103 -20
  vertex -2.6293 -1.9103 10
  endloop
 endfacet
 facet normal 0.637581 -0.770383 0
  outer loop
  vertex 1.74144 -2.74407 -14.3965
  vertex 1.74144 -2.74407 -16.2133
  vertex 1.75223 -2.73514 -14.3974
  endloop
 endfacet
 facet normal 0.63739 -0.770541 0
  outer loop
  vertex 2.25532 -2.31894 9.89973
  vertex 2.36915 -2.22478 10
  vertex 2.25532 -2.31894 10
  endloop
 endfacet
 facet normal 0.637386 -0.770545 8.62785e-06
  outer loop
  vertex 2.22059 -2.34767 9.72665
  vertex 2.36915 -2.22478 10
  vertex 2.25532 -2.31894 9.89973
  endloop
 endfacet
 facet normal 0.637231 -0.770673 0.000150268
  outer loop
  vertex 2.21635 -2.35118 9.7055
  vertex 2.36915 -2.22478 10
  vertex 2.22059 -2.34767 9.72665
  endloop
 endfacet
 facet normal 0.636892 -0.770953 0.000446651
  outer loop
  vertex 2.20812 -2.35799 9.68635
  vertex 2.36915 -2.22478 10
  vertex 2.21635 -2.35118 9.7055
  endloop
 endfacet
 facet normal 0.63735 -0.770575 5.07528e-05
  outer loop
  vertex 2.14085 -2.41364 9.52977
  vertex 2.36915 -2.22478 10
  vertex 2.20812 -2.35799 9.68635
  endloop
 endfacet
 facet normal -0.650067 0.759687 0.0169952
  outer loop
  vertex 2.03358 -2.50238 9.38359
  vertex 2.14085 -2.41364 9.52977
  vertex 2.1291 -2.42336 9.51375
  endloop
 endfacet
 facet normal 0.655403 -0.75072 -0.0828706
  outer loop
  vertex 1.75223 -2.73514 9.21417
  vertex 1.90127 -2.61184 9.27614
  vertex 1.76896 -2.7213 9.22113
  endloop
 endfacet
 facet normal 0.637581 -0.770383 0
  outer loop
  vertex 1.74144 -2.74407 -12.3033
  vertex 1.75223 -2.73514 9.21417
  vertex 1.74144 -2.74407 9.2133
  endloop
 endfacet
 facet normal 0.637581 -0.770383 0
  outer loop
  vertex 1.75223 -2.73514 -12.3065
  vertex 1.75223 -2.73514 9.21417
  vertex 1.74144 -2.74407 -12.3033
  endloop
 endfacet
 facet normal 0.637435 -0.770504 0
  outer loop
  vertex 1.75223 -2.73514 9.21417
  vertex 1.75223 -2.73514 -12.3065
  vertex 1.90127 -2.61184 9.27614
  endloop
 endfacet
 facet normal 0.637367 -0.770561 7.89048e-07
  outer loop
  vertex 1.77161 -2.71911 -12.3209
  vertex 1.90127 -2.61184 9.27614
  vertex 1.75223 -2.73514 -12.3065
  endloop
 endfacet
 facet normal 0.637445 -0.770496 0
  outer loop
  vertex 1.90127 -2.61184 -12.4172
  vertex 1.90127 -2.61184 9.27614
  vertex 1.77161 -2.71911 -12.3209
  endloop
 endfacet
 facet normal 0.637436 -0.770503 0
  outer loop
  vertex 1.90127 -2.61184 9.27614
  vertex 1.90127 -2.61184 -12.4172
  vertex 2.03358 -2.50238 9.38359
  endloop
 endfacet
 facet normal 0.637392 -0.77054 4.59727e-07
  outer loop
  vertex 2.01707 -2.51605 -12.5643
  vertex 2.03358 -2.50238 9.38359
  vertex 1.90127 -2.61184 -12.4172
  endloop
 endfacet
 facet normal 0.637755 -0.77024 0
  outer loop
  vertex 2.03358 -2.50238 -12.5853
  vertex 2.03358 -2.50238 9.38359
  vertex 2.01707 -2.51605 -12.5643
  endloop
 endfacet
 facet normal 0.637417 -0.770519 0
  outer loop
  vertex 2.03358 -2.50238 9.38359
  vertex 2.03358 -2.50238 -12.5853
  vertex 2.14085 -2.41364 9.52977
  endloop
 endfacet
 facet normal 0.637271 -0.77064 1.19292e-06
  outer loop
  vertex 2.04687 -2.49139 -12.6119
  vertex 2.14085 -2.41364 9.52977
  vertex 2.03358 -2.50238 -12.5853
  endloop
 endfacet
 facet normal 0.637438 -0.770502 0
  outer loop
  vertex 2.14085 -2.41364 -12.8002
  vertex 2.14085 -2.41364 9.52977
  vertex 2.04687 -2.49139 -12.6119
  endloop
 endfacet
 facet normal 0.637414 -0.770522 0
  outer loop
  vertex 2.14085 -2.41364 9.52977
  vertex 2.14085 -2.41364 -12.8002
  vertex 2.36915 -2.22478 10
  endloop
 endfacet
 facet normal 0.637429 -0.770509 -2.89772e-07
  outer loop
  vertex 2.21635 -2.35118 -13.0483
  vertex 2.36915 -2.22478 10
  vertex 2.14085 -2.41364 -12.8002
  endloop
 endfacet
 facet normal 0.637809 -0.770195 -4.52967e-06
  outer loop
  vertex 2.22083 -2.34747 -13.0789
  vertex 2.36915 -2.22478 10
  vertex 2.21635 -2.35118 -13.0483
  endloop
 endfacet
 facet normal 0.63739 -0.770541 2.30318e-09
  outer loop
  vertex 2.25532 -2.31894 -13.3141
  vertex 2.36915 -2.22478 10
  vertex 2.22083 -2.34747 -13.0789
  endloop
 endfacet
 facet normal 0.63739 -0.770541 1.15159e-09
  outer loop
  vertex 2.36915 -2.22478 -20
  vertex 2.25532 -2.31894 -13.3141
  vertex 2.25532 -2.31894 -13.5524
  endloop
 endfacet
 facet normal 0.637388 -0.770543 0
  outer loop
  vertex 2.36915 -2.22478 -20
  vertex 2.25532 -2.31894 -13.5524
  vertex 2.25532 -2.31894 -13.5809
  endloop
 endfacet
 facet normal 0.637581 -0.770383 0
  outer loop
  vertex 1.75223 -2.73514 -16.2142
  vertex 1.75223 -2.73514 -14.3974
  vertex 1.74144 -2.74407 -16.2133
  endloop
 endfacet
 facet normal 0.637494 -0.770455 0
  outer loop
  vertex 1.75223 -2.73514 -14.3974
  vertex 1.75223 -2.73514 -16.2142
  vertex 1.76631 -2.72349 -14.3923
  endloop
 endfacet
 facet normal 0.637424 -0.770514 9.15992e-07
  outer loop
  vertex 1.76896 -2.7213 -16.2211
  vertex 1.76631 -2.72349 -14.3923
  vertex 1.75223 -2.73514 -16.2142
  endloop
 endfacet
 facet normal 0.637425 -0.770512 9.19774e-07
  outer loop
  vertex 1.76631 -2.72349 -14.3923
  vertex 1.76896 -2.7213 -16.2211
  vertex 1.90127 -2.61184 -14.3432
  endloop
 endfacet
 facet normal 0.637436 -0.770503 0
  outer loop
  vertex 1.90127 -2.61184 -16.2761
  vertex 1.90127 -2.61184 -14.3432
  vertex 1.76896 -2.7213 -16.2211
  endloop
 endfacet
 facet normal 0.637436 -0.770503 0
  outer loop
  vertex 2.03358 -2.50238 -16.3836
  vertex 1.90127 -2.61184 -14.3432
  vertex 1.90127 -2.61184 -16.2761
  endloop
 endfacet
 facet normal 0.637418 -0.770518 -2.03502e-06
  outer loop
  vertex 1.90127 -2.61184 -14.3432
  vertex 2.03358 -2.50238 -16.3836
  vertex 2.02087 -2.5129 -14.2367
  endloop
 endfacet
 facet normal 0.637622 -0.770349 0
  outer loop
  vertex 2.02087 -2.5129 -14.2367
  vertex 2.03358 -2.50238 -16.3836
  vertex 2.03358 -2.50238 -14.2254
  endloop
 endfacet
 facet normal 0.637418 -0.770518 -6.78339e-07
  outer loop
  vertex 2.1291 -2.42336 -16.5138
  vertex 2.03358 -2.50238 -14.2254
  vertex 2.03358 -2.50238 -16.3836
  endloop
 endfacet
 facet normal 0.63741 -0.770525 -5.55319e-07
  outer loop
  vertex 2.14085 -2.41364 -16.5298
  vertex 2.03358 -2.50238 -14.2254
  vertex 2.1291 -2.42336 -16.5138
  endloop
 endfacet
 facet normal 0.637399 -0.770534 -1.41015e-06
  outer loop
  vertex 2.03358 -2.50238 -14.2254
  vertex 2.14085 -2.41364 -16.5298
  vertex 2.13029 -2.42238 -14.0685
  endloop
 endfacet
 facet normal 0.637594 -0.770373 0
  outer loop
  vertex 2.13029 -2.42238 -14.0685
  vertex 2.14085 -2.41364 -16.5298
  vertex 2.14085 -2.41364 -14.0513
  endloop
 endfacet
 facet normal 0.63742 -0.770517 0
  outer loop
  vertex 2.20812 -2.35799 -16.6863
  vertex 2.14085 -2.41364 -14.0513
  vertex 2.14085 -2.41364 -16.5298
  endloop
 endfacet
 facet normal 0.637514 -0.770438 4.07017e-06
  outer loop
  vertex 2.21635 -2.35118 -16.7055
  vertex 2.14085 -2.41364 -14.0513
  vertex 2.20812 -2.35799 -16.6863
  endloop
 endfacet
 facet normal 0.63738 -0.770549 -2.34592e-06
  outer loop
  vertex 2.14085 -2.41364 -14.0513
  vertex 2.21635 -2.35118 -16.7055
  vertex 2.20866 -2.35755 -13.8542
  endloop
 endfacet
 facet normal 0.637896 -0.770122 0
  outer loop
  vertex 2.20866 -2.35755 -13.8542
  vertex 2.21635 -2.35118 -16.7055
  vertex 2.21635 -2.35118 -13.8319
  endloop
 endfacet
 facet normal 0.637676 -0.770305 0
  outer loop
  vertex 2.22059 -2.34767 -16.7267
  vertex 2.21635 -2.35118 -13.8319
  vertex 2.21635 -2.35118 -16.7055
  endloop
 endfacet
 facet normal 0.637409 -0.770525 -6.57909e-07
  outer loop
  vertex 2.25532 -2.31894 -16.8997
  vertex 2.21635 -2.35118 -13.8319
  vertex 2.22059 -2.34767 -16.7267
  endloop
 endfacet
 facet normal 0.637401 -0.770532 -8.39375e-07
  outer loop
  vertex 2.21635 -2.35118 -13.8319
  vertex 2.25532 -2.31894 -16.8997
  vertex 2.25119 -2.32236 -13.6074
  endloop
 endfacet
 facet normal 0.637798 -0.770204 0
  outer loop
  vertex 2.25119 -2.32236 -13.6074
  vertex 2.25532 -2.31894 -16.8997
  vertex 2.25532 -2.31894 -13.5809
  endloop
 endfacet
 facet normal 0.637389 -0.770543 0
  outer loop
  vertex 2.36915 -2.22478 -20
  vertex 2.25532 -2.31894 -13.5809
  vertex 2.25532 -2.31894 -16.8997
  endloop
 endfacet
 facet normal 0.63739 -0.770541 0
  outer loop
  vertex 2.36915 -2.22478 -20
  vertex 2.25532 -2.31894 -16.8997
  vertex 2.25532 -2.31894 -17.1003
  endloop
 endfacet
 facet normal 0.637417 -0.770519 9.09653e-07
  outer loop
  vertex 2.36915 -2.22478 -20
  vertex 2.1291 -2.42336 -17.4862
  vertex 2.03358 -2.50238 -17.6164
  endloop
 endfacet
 facet normal 0.637421 -0.770516 -6.74472e-08
  outer loop
  vertex 2.36915 -2.22478 -20
  vertex 1.76896 -2.7213 -17.7789
  vertex 1.75223 -2.73514 -17.7858
  endloop
 endfacet
 facet normal 0.637581 -0.770383 0
  outer loop
  vertex 1.74144 -2.74407 -20
  vertex 1.75223 -2.73514 -17.7858
  vertex 1.74144 -2.74407 -17.7867
  endloop
 endfacet
 facet normal 0.637425 -0.770512 6.62779e-07
  outer loop
  vertex 2.36915 -2.22478 -20
  vertex 1.75223 -2.73514 -17.7858
  vertex 1.74144 -2.74407 -20
  endloop
 endfacet
 facet normal 0.637435 -0.770504 5.11051e-06
  outer loop
  vertex 1.76896 -2.7213 -17.7789
  vertex 2.36915 -2.22478 -20
  vertex 1.90127 -2.61184 -17.7239
  endloop
 endfacet
 facet normal 0.637435 -0.770504 5.0704e-06
  outer loop
  vertex 1.90127 -2.61184 -17.7239
  vertex 2.36915 -2.22478 -20
  vertex 2.03358 -2.50238 -17.6164
  endloop
 endfacet
 facet normal 0.637415 -0.770521 5.5627e-07
  outer loop
  vertex 2.1291 -2.42336 -17.4862
  vertex 2.36915 -2.22478 -20
  vertex 2.14085 -2.41364 -17.4702
  endloop
 endfacet
 facet normal 0.637418 -0.770518 9.79316e-07
  outer loop
  vertex 2.14085 -2.41364 -17.4702
  vertex 2.36915 -2.22478 -20
  vertex 2.20812 -2.35799 -17.3137
  endloop
 endfacet
 facet normal 0.637497 -0.770453 8.89813e-06
  outer loop
  vertex 2.20812 -2.35799 -17.3137
  vertex 2.36915 -2.22478 -20
  vertex 2.21635 -2.35118 -17.2945
  endloop
 endfacet
 facet normal 0.637616 -0.770355 2.02488e-05
  outer loop
  vertex 2.21635 -2.35118 -17.2945
  vertex 2.36915 -2.22478 -20
  vertex 2.22059 -2.34767 -17.2733
  endloop
 endfacet
 facet normal 0.63739 -0.770541 1.15159e-09
  outer loop
  vertex 2.25532 -2.31894 -13.3141
  vertex 2.36915 -2.22478 -20
  vertex 2.36915 -2.22478 10
  endloop
 endfacet
 facet normal 0.637408 -0.770527 1.16225e-06
  outer loop
  vertex 2.22059 -2.34767 -17.2733
  vertex 2.36915 -2.22478 -20
  vertex 2.25532 -2.31894 -17.1003
  endloop
 endfacet
 facet normal 0.425759 -0.904836 3.50773e-06
  outer loop
  vertex 1.39339 -2.90784 -17.7608
  vertex 1.0043 -3.09093 -20
  vertex 1.57225 -2.82368 -17.7984
  endloop
 endfacet
 facet normal 0.425778 -0.904828 -4.31696e-07
  outer loop
  vertex 1.22863 -2.98537 -17.6755
  vertex 1.0043 -3.09093 -20
  vertex 1.39339 -2.90784 -17.7608
  endloop
 endfacet
 facet normal 0.426111 -0.904671 -3.97818e-05
  outer loop
  vertex 1.21309 -2.99269 -17.6613
  vertex 1.0043 -3.09093 -20
  vertex 1.22863 -2.98537 -17.6755
  endloop
 endfacet
 facet normal 0.425734 -0.904848 1.3301e-06
  outer loop
  vertex 1.08833 -3.05139 -17.5476
  vertex 1.0043 -3.09093 -20
  vertex 1.21309 -2.99269 -17.6613
  endloop
 endfacet
 facet normal 0.425764 -0.904834 1.16924e-06
  outer loop
  vertex 1.0043 -3.09093 -20
  vertex 1.08833 -3.05139 -17.5476
  vertex 1.0043 -3.09093 -17.4203
  endloop
 endfacet
 facet normal 0.425762 -0.904835 2.64035e-06
  outer loop
  vertex 1.74144 -2.74407 -20
  vertex 1.57225 -2.82368 -17.7984
  vertex 1.0043 -3.09093 -20
  endloop
 endfacet
 facet normal 0.425921 -0.90476 1.53481e-05
  outer loop
  vertex 1.57225 -2.82368 -17.7984
  vertex 1.74144 -2.74407 -20
  vertex 1.5926 -2.8141 -17.797
  endloop
 endfacet
 facet normal 0.425735 -0.904848 0
  outer loop
  vertex 1.5926 -2.8141 -17.797
  vertex 1.74144 -2.74407 -20
  vertex 1.74144 -2.74407 -17.7867
  endloop
 endfacet
 facet normal 0.42598 -0.904733 -4.9e-06
  outer loop
  vertex 1.39339 -2.90784 -16.2392
  vertex 1.41019 -2.89994 -14.3937
  vertex 1.39339 -2.90785 -14.3903
  endloop
 endfacet
 facet normal 0.425781 -0.904826 0
  outer loop
  vertex 1.41019 -2.89994 -14.3937
  vertex 1.57225 -2.82368 -16.2016
  vertex 1.57225 -2.82368 -14.4258
  endloop
 endfacet
 facet normal 0.425366 -0.905021 -4.90156e-06
  outer loop
  vertex 1.39339 -2.90784 -16.2392
  vertex 1.39339 -2.90785 -14.3903
  vertex 1.37788 -2.91514 -14.3809
  endloop
 endfacet
 facet normal 0.425771 -0.904831 0
  outer loop
  vertex 1.22863 -2.98537 -16.3245
  vertex 1.37788 -2.91514 -14.3809
  vertex 1.22863 -2.98537 -14.2901
  endloop
 endfacet
 facet normal 0.425816 -0.90481 -2.93717e-06
  outer loop
  vertex 1.08833 -3.05139 -16.4524
  vertex 1.22863 -2.98537 -14.2901
  vertex 1.10203 -3.04495 -14.1469
  endloop
 endfacet
 facet normal 0.425411 -0.905 0
  outer loop
  vertex 1.08833 -3.05139 -16.4524
  vertex 1.10203 -3.04495 -14.1469
  vertex 1.08833 -3.05139 -14.1314
  endloop
 endfacet
 facet normal 0.425766 -0.904833 0
  outer loop
  vertex 1.0043 -3.09093 -16.5797
  vertex 1.08833 -3.05139 -14.1314
  vertex 1.0043 -3.09093 -13.9688
  endloop
 endfacet
 facet normal 0.425759 -0.904837 -2.4437e-06
  outer loop
  vertex 1.41019 -2.89994 -14.3937
  vertex 1.39339 -2.90784 -16.2392
  vertex 1.57225 -2.82368 -16.2016
  endloop
 endfacet
 facet normal 0.425773 -0.90483 -2.32598e-07
  outer loop
  vertex 1.37788 -2.91514 -14.3809
  vertex 1.22863 -2.98537 -16.3245
  vertex 1.39339 -2.90784 -16.2392
  endloop
 endfacet
 facet normal 0.426141 -0.904657 0
  outer loop
  vertex 1.22863 -2.98537 -14.2901
  vertex 1.21309 -2.99269 -16.3387
  vertex 1.22863 -2.98537 -16.3245
  endloop
 endfacet
 facet normal 0.425731 -0.90485 3.8053e-06
  outer loop
  vertex 1.22863 -2.98537 -14.2901
  vertex 1.08833 -3.05139 -16.4524
  vertex 1.21309 -2.99269 -16.3387
  endloop
 endfacet
 facet normal 0.425766 -0.904833 0
  outer loop
  vertex 1.08833 -3.05139 -14.1314
  vertex 1.0043 -3.09093 -16.5797
  vertex 1.08833 -3.05139 -16.4524
  endloop
 endfacet
 facet normal 0.425922 -0.90476 0
  outer loop
  vertex 1.5926 -2.8141 -16.203
  vertex 1.57225 -2.82368 -14.4258
  vertex 1.57225 -2.82368 -16.2016
  endloop
 endfacet
 facet normal 0.425735 -0.904848 -2.61444e-06
  outer loop
  vertex 1.74144 -2.74407 -16.2133
  vertex 1.57225 -2.82368 -14.4258
  vertex 1.5926 -2.8141 -16.203
  endloop
 endfacet
 facet normal 0.425776 -0.904829 1.18577e-06
  outer loop
  vertex 1.57225 -2.82368 -14.4258
  vertex 1.74144 -2.74407 -16.2133
  vertex 1.7368 -2.74625 -14.3973
  endloop
 endfacet
 facet normal 0.425203 -0.905098 0
  outer loop
  vertex 1.7368 -2.74625 -14.3973
  vertex 1.74144 -2.74407 -16.2133
  vertex 1.74144 -2.74407 -14.3965
  endloop
 endfacet
 facet normal -0.584886 -0.250233 -0.771552
  outer loop
  vertex 1.08833 -3.05139 9.45236
  vertex 1.22863 -2.98537 9.32454
  vertex 1.21309 -2.99269 9.3387
  endloop
 endfacet
 facet normal 0.425759 -0.904837 0
  outer loop
  vertex 1.39339 -2.90784 9.23915
  vertex 1.57225 -2.82368 -12.3014
  vertex 1.57225 -2.82368 9.20158
  endloop
 endfacet
 facet normal 0.425778 -0.904828 0
  outer loop
  vertex 1.39339 -2.90784 -12.3659
  vertex 1.39339 -2.90784 9.23915
  vertex 1.22863 -2.98537 9.32454
  endloop
 endfacet
 facet normal 0.425778 -0.904827 0
  outer loop
  vertex 1.22863 -2.98537 -12.4929
  vertex 1.22863 -2.98537 9.32454
  vertex 1.08833 -3.05139 9.45236
  endloop
 endfacet
 facet normal 0.425766 -0.904833 0
  outer loop
  vertex 1.08833 -3.05139 -12.6743
  vertex 1.08833 -3.05139 9.45236
  vertex 1.0043 -3.09093 9.57973
  endloop
 endfacet
 facet normal 0.425759 -0.904837 0
  outer loop
  vertex 1.39339 -2.90784 9.23915
  vertex 1.39339 -2.90784 -12.3659
  vertex 1.57225 -2.82368 -12.3014
  endloop
 endfacet
 facet normal 0.425809 -0.904813 2.8468e-07
  outer loop
  vertex 1.22863 -2.98537 9.32454
  vertex 1.24949 -2.97556 -12.4768
  vertex 1.39339 -2.90784 -12.3659
  endloop
 endfacet
 facet normal 0.425565 -0.904928 0
  outer loop
  vertex 1.22863 -2.98537 9.32454
  vertex 1.22863 -2.98537 -12.4929
  vertex 1.24949 -2.97556 -12.4768
  endloop
 endfacet
 facet normal 0.425778 -0.904828 -2.87545e-09
  outer loop
  vertex 1.08833 -3.05139 9.45236
  vertex 1.21097 -2.99368 -12.5157
  vertex 1.22863 -2.98537 -12.4929
  endloop
 endfacet
 facet normal 0.425778 -0.904828 -2.87545e-09
  outer loop
  vertex 1.08833 -3.05139 9.45236
  vertex 1.08833 -3.05139 -12.6743
  vertex 1.21097 -2.99368 -12.5157
  endloop
 endfacet
 facet normal 0.425766 -0.904833 0
  outer loop
  vertex 1.08833 -3.05139 -12.6743
  vertex 1.0043 -3.09093 9.57973
  vertex 1.0043 -3.09093 -12.8506
  endloop
 endfacet
 facet normal -0.0795683 0.0223976 0.996578
  outer loop
  vertex 1.57225 -2.82368 9.20158
  vertex 1.74144 -2.74407 9.2133
  vertex 1.5926 -2.8141 9.20299
  endloop
 endfacet
 facet normal 0.425785 -0.904824 0
  outer loop
  vertex 1.73027 -2.74932 -12.3032
  vertex 1.57225 -2.82368 9.20158
  vertex 1.57225 -2.82368 -12.3014
  endloop
 endfacet
 facet normal 0.425365 -0.905022 -3.77055e-06
  outer loop
  vertex 1.74144 -2.74407 -12.3033
  vertex 1.57225 -2.82368 9.20158
  vertex 1.73027 -2.74932 -12.3032
  endloop
 endfacet
 facet normal 0.425758 -0.904837 0
  outer loop
  vertex 1.57225 -2.82368 9.20158
  vertex 1.74144 -2.74407 -12.3033
  vertex 1.74144 -2.74407 9.2133
  endloop
 endfacet
 facet normal 0.92978 -0.368115 0
  outer loop
  vertex 2.848 -1.5657 10
  vertex 3.14789 -0.808242 -20
  vertex 3.14789 -0.808242 10
  endloop
 endfacet
 facet normal 0.92978 -0.368115 0
  outer loop
  vertex 3.14789 -0.808242 -20
  vertex 2.848 -1.5657 10
  vertex 2.848 -1.5657 -20
  endloop
 endfacet
 facet normal -0.728975 -0.68454 0
  outer loop
  vertex -2.07163 -2.50417 -20
  vertex -2.6293 -1.9103 10
  vertex -2.6293 -1.9103 -20
  endloop
 endfacet
 facet normal -0.728975 -0.68454 0
  outer loop
  vertex -2.6293 -1.9103 10
  vertex -2.07163 -2.50417 -20
  vertex -2.07163 -2.50417 10
  endloop
 endfacet
 facet normal -0.309012 0.951058 0
  outer loop
  vertex -0.608989 3.19243 -20
  vertex -1.38378 2.94069 10
  vertex -0.608989 3.19243 10
  endloop
 endfacet
 facet normal -0.309012 0.951058 0
  outer loop
  vertex -1.38378 2.94069 10
  vertex -0.608989 3.19243 -20
  vertex -1.38378 2.94069 -20
  endloop
 endfacet
 facet normal 0.18739 0.982286 0
  outer loop
  vertex 0.88159 3.11434 9.89973
  vertex 0.204069 3.24359 10
  vertex 0.88159 3.11434 10
  endloop
 endfacet
 facet normal 0.187394 0.982285 2.85211e-05
  outer loop
  vertex 0.927797 3.10553 9.72672
  vertex 0.204069 3.24359 10
  vertex 0.88159 3.11434 9.89973
  endloop
 endfacet
 facet normal 0.187399 0.982284 4.19882e-05
  outer loop
  vertex 0.933463 3.10445 9.7055
  vertex 0.204069 3.24359 10
  vertex 0.927797 3.10553 9.72672
  endloop
 endfacet
 facet normal 0.187321 0.982299 -0.0001575
  outer loop
  vertex 0.944459 3.10235 9.68627
  vertex 0.204069 3.24359 10
  vertex 0.933463 3.10445 9.7055
  endloop
 endfacet
 facet normal 0.187363 0.982291 -5.54831e-05
  outer loop
  vertex 1.0043 3.09093 9.58161
  vertex 0.204069 3.24359 10
  vertex 0.944459 3.10235 9.68627
  endloop
 endfacet
 facet normal 0.18739 0.982285 0
  outer loop
  vertex 1.0043 3.09093 -12.8531
  vertex 0.204069 3.24359 10
  vertex 1.0043 3.09093 9.58161
  endloop
 endfacet
 facet normal 0.187424 0.982279 1.2262e-06
  outer loop
  vertex 0.945183 3.10221 -13.008
  vertex 0.204069 3.24359 10
  vertex 1.0043 3.09093 -12.8531
  endloop
 endfacet
 facet normal 0.187697 0.982227 1.03395e-05
  outer loop
  vertex 0.933463 3.10445 -13.0387
  vertex 0.204069 3.24359 10
  vertex 0.945183 3.10221 -13.008
  endloop
 endfacet
 facet normal 0.187358 0.982292 -8.09195e-07
  outer loop
  vertex 0.887377 3.11324 -13.2818
  vertex 0.204069 3.24359 10
  vertex 0.933463 3.10445 -13.0387
  endloop
 endfacet
 facet normal 0.186833 0.982392 -1.67719e-05
  outer loop
  vertex 0.88159 3.11434 -13.3123
  vertex 0.204069 3.24359 10
  vertex 0.887377 3.11324 -13.2818
  endloop
 endfacet
 facet normal 0.187389 0.982286 0
  outer loop
  vertex 0.204069 3.24359 -20
  vertex 0.88159 3.11434 -13.3123
  vertex 0.88159 3.11434 -13.3418
  endloop
 endfacet
 facet normal 0.187387 0.982286 2.57939e-07
  outer loop
  vertex 0.204069 3.24359 -20
  vertex 0.88159 3.11434 -13.3418
  vertex 0.881591 3.11434 -13.5791
  endloop
 endfacet
 facet normal 0.187477 0.982269 0
  outer loop
  vertex 0.933463 3.10445 -16.7055
  vertex 1.0043 3.09093 -13.9663
  vertex 1.0043 3.09093 -16.5816
  endloop
 endfacet
 facet normal 0.187501 0.982264 -6.5197e-07
  outer loop
  vertex 1.0043 3.09093 -13.9663
  vertex 0.933463 3.10445 -16.7055
  vertex 0.943741 3.10249 -13.8432
  endloop
 endfacet
 facet normal 0.187326 0.982298 0
  outer loop
  vertex 0.943741 3.10249 -13.8432
  vertex 0.933463 3.10445 -16.7055
  vertex 0.933463 3.10445 -13.8223
  endloop
 endfacet
 facet normal 0.187286 0.982305 0
  outer loop
  vertex 0.88159 3.11434 -16.8997
  vertex 0.933463 3.10445 -13.8223
  vertex 0.933463 3.10445 -16.7055
  endloop
 endfacet
 facet normal 0.187556 0.982254 -4.72098e-06
  outer loop
  vertex 0.933463 3.10445 -13.8223
  vertex 0.88159 3.11434 -16.8997
  vertex 0.928122 3.10547 -13.7973
  endloop
 endfacet
 facet normal 0.187256 0.982311 -5.7174e-08
  outer loop
  vertex 0.928122 3.10547 -13.7973
  vertex 0.88159 3.11434 -16.8997
  vertex 0.881591 3.11434 -13.5791
  endloop
 endfacet
 facet normal 0.187387 0.982286 2.39505e-07
  outer loop
  vertex 0.204069 3.24359 -20
  vertex 0.881591 3.11434 -13.5791
  vertex 0.88159 3.11434 -16.8997
  endloop
 endfacet
 facet normal 0.18739 0.982286 -1.84339e-08
  outer loop
  vertex 0.204069 3.24359 -20
  vertex 0.88159 3.11434 -16.8997
  vertex 0.88159 3.11434 -17.1003
  endloop
 endfacet
 facet normal 0.18739 0.982286 0
  outer loop
  vertex 0.204069 3.24359 -20
  vertex 1.0043 3.09093 -17.4184
  vertex 1.0043 3.09093 -20
  endloop
 endfacet
 facet normal 0.187446 0.982275 -1.78895e-05
  outer loop
  vertex 1.0043 3.09093 -17.4184
  vertex 0.204069 3.24359 -20
  vertex 0.933463 3.10445 -17.2945
  endloop
 endfacet
 facet normal 0.187389 0.982286 0
  outer loop
  vertex 0.88159 3.11434 -13.3123
  vertex 0.204069 3.24359 -20
  vertex 0.204069 3.24359 10
  endloop
 endfacet
 facet normal 0.187334 0.982296 1.34018e-05
  outer loop
  vertex 0.933463 3.10445 -17.2945
  vertex 0.204069 3.24359 -20
  vertex 0.88159 3.11434 -17.1003
  endloop
 endfacet
 facet normal -0.968583 -0.248692 0
  outer loop
  vertex -3.02177 -1.1964 -20
  vertex -3.22437 -0.407332 -17.6815
  vertex -3.22437 -0.407332 -20
  endloop
 endfacet
 facet normal -0.968592 -0.248656 -1.31166e-05
  outer loop
  vertex -3.22437 -0.407332 -17.6815
  vertex -3.02177 -1.1964 -20
  vertex -3.19803 -0.509938 -17.6164
  endloop
 endfacet
 facet normal -0.968578 -0.248711 3.77221e-06
  outer loop
  vertex -3.19803 -0.509938 -17.6164
  vertex -3.02177 -1.1964 -20
  vertex -3.16278 -0.647213 -17.4702
  endloop
 endfacet
 facet normal -0.968595 -0.248644 -1.16867e-05
  outer loop
  vertex -3.16278 -0.647213 -17.4702
  vertex -3.02177 -1.1964 -20
  vertex -3.14068 -0.733311 -17.3136
  endloop
 endfacet
 facet normal -0.968555 -0.248798 1.65639e-05
  outer loop
  vertex -3.14068 -0.733311 -17.3136
  vertex -3.02177 -1.1964 -20
  vertex -3.13798 -0.743821 -17.2945
  endloop
 endfacet
 facet normal -0.968617 -0.248557 -2.64406e-05
  outer loop
  vertex -3.13798 -0.743821 -17.2945
  vertex -3.02177 -1.1964 -20
  vertex -3.13659 -0.74924 -17.2734
  endloop
 endfacet
 facet normal -0.968582 -0.248694 0
  outer loop
  vertex -3.02177 -1.1964 -20
  vertex -3.12517 -0.793692 -16.8997
  vertex -3.12517 -0.793692 -17.1003
  endloop
 endfacet
 facet normal -0.968582 -0.248694 0
  outer loop
  vertex -3.12517 -0.793692 -16.8997
  vertex -3.02177 -1.1964 -20
  vertex -3.12517 -0.793692 -13.5903
  endloop
 endfacet
 facet normal -0.968582 -0.248694 0
  outer loop
  vertex -3.12517 -0.793692 -13.5903
  vertex -3.02177 -1.1964 -20
  vertex -3.12517 -0.793692 -13.3235
  endloop
 endfacet
 facet normal -0.968582 -0.248695 0
  outer loop
  vertex -3.12517 -0.793692 -13.3235
  vertex -3.02177 -1.1964 10
  vertex -3.12517 -0.793692 9.89973
  endloop
 endfacet
 facet normal -0.96856 -0.24878 1.26445e-05
  outer loop
  vertex -3.13659 -0.74924 -17.2734
  vertex -3.02177 -1.1964 -20
  vertex -3.12517 -0.793692 -17.1003
  endloop
 endfacet
 facet normal -0.968582 -0.248694 0
  outer loop
  vertex -3.12517 -0.793692 -13.3235
  vertex -3.02177 -1.1964 -20
  vertex -3.02177 -1.1964 10
  endloop
 endfacet
 facet normal -0.968582 -0.248695 0
  outer loop
  vertex -3.12517 -0.793692 9.89973
  vertex -3.02177 -1.1964 10
  vertex -3.12517 -0.793692 10
  endloop
 endfacet
 facet normal -0.968597 -0.248638 0
  outer loop
  vertex -3.22437 -0.407332 -16.3185
  vertex -3.20223 -0.493581 -14.2232
  vertex -3.22437 -0.407332 -14.2765
  endloop
 endfacet
 facet normal -0.968594 -0.248648 -4.37788e-07
  outer loop
  vertex -3.19803 -0.509938 -16.3836
  vertex -3.20223 -0.493581 -14.2232
  vertex -3.22437 -0.407332 -16.3185
  endloop
 endfacet
 facet normal -0.96858 -0.248702 0
  outer loop
  vertex -3.19803 -0.509938 -16.3836
  vertex -3.19803 -0.509938 -14.213
  vertex -3.20223 -0.493581 -14.2232
  endloop
 endfacet
 facet normal -0.968577 -0.248715 0
  outer loop
  vertex -3.16278 -0.647213 -16.5298
  vertex -3.19803 -0.509938 -14.213
  vertex -3.19803 -0.509938 -16.3836
  endloop
 endfacet
 facet normal -0.968584 -0.248688 -1.68268e-06
  outer loop
  vertex -3.19803 -0.509938 -14.213
  vertex -3.16278 -0.647213 -16.5298
  vertex -3.16626 -0.633676 -14.0656
  endloop
 endfacet
 facet normal -0.96851 -0.248975 0
  outer loop
  vertex -3.16278 -0.647213 -16.5298
  vertex -3.16278 -0.647213 -14.0495
  vertex -3.16626 -0.633676 -14.0656
  endloop
 endfacet
 facet normal -0.9686 -0.248624 0
  outer loop
  vertex -3.14068 -0.733311 -16.6864
  vertex -3.16278 -0.647213 -14.0495
  vertex -3.16278 -0.647213 -16.5298
  endloop
 endfacet
 facet normal -0.968545 -0.248839 7.47166e-06
  outer loop
  vertex -3.13798 -0.743821 -16.7055
  vertex -3.16278 -0.647213 -14.0495
  vertex -3.14068 -0.733311 -16.6864
  endloop
 endfacet
 facet normal -0.968592 -0.248654 3.00796e-07
  outer loop
  vertex -3.16278 -0.647213 -14.0495
  vertex -3.13798 -0.743821 -16.7055
  vertex -3.1405 -0.734001 -13.859
  endloop
 endfacet
 facet normal -0.968613 -0.248572 0
  outer loop
  vertex -3.13798 -0.743821 -16.7055
  vertex -3.13798 -0.743821 -13.8375
  vertex -3.1405 -0.734001 -13.859
  endloop
 endfacet
 facet normal -0.968642 -0.24846 0
  outer loop
  vertex -3.13659 -0.74924 -16.7266
  vertex -3.13798 -0.743821 -13.8375
  vertex -3.13798 -0.743821 -16.7055
  endloop
 endfacet
 facet normal -0.968547 -0.248829 7.38052e-07
  outer loop
  vertex -3.12517 -0.793692 -16.8997
  vertex -3.13798 -0.743821 -13.8375
  vertex -3.13659 -0.74924 -16.7266
  endloop
 endfacet
 facet normal -0.968629 -0.248513 -4.75193e-06
  outer loop
  vertex -3.13798 -0.743821 -13.8375
  vertex -3.12517 -0.793692 -16.8997
  vertex -3.13667 -0.748927 -13.8122
  endloop
 endfacet
 facet normal -0.968549 -0.248823 2.46017e-07
  outer loop
  vertex -3.13667 -0.748927 -13.8122
  vertex -3.12517 -0.793692 -16.8997
  vertex -3.12517 -0.793692 -13.5903
  endloop
 endfacet
 facet normal -0.968597 -0.248636 6.01719e-08
  outer loop
  vertex -3.19803 -0.509938 9.38359
  vertex -3.22437 -0.407332 -12.4632
  vertex -3.20348 -0.488712 -12.5502
  endloop
 endfacet
 facet normal -0.968582 -0.248694 0
  outer loop
  vertex -3.19803 -0.509938 9.38359
  vertex -3.20348 -0.488712 -12.5502
  vertex -3.19803 -0.509938 -12.5729
  endloop
 endfacet
 facet normal -0.968594 -0.248648 0
  outer loop
  vertex -3.22437 -0.407332 -12.4632
  vertex -3.19803 -0.509938 9.38359
  vertex -3.22437 -0.407332 9.31847
  endloop
 endfacet
 facet normal -0.968576 -0.248716 -1.08378e-08
  outer loop
  vertex -3.16278 -0.647213 9.52977
  vertex -3.19803 -0.509938 -12.5729
  vertex -3.16704 -0.630622 -12.7711
  endloop
 endfacet
 facet normal -0.96858 -0.248702 0
  outer loop
  vertex -3.16278 -0.647213 9.52977
  vertex -3.16704 -0.630622 -12.7711
  vertex -3.16278 -0.647213 -12.7983
  endloop
 endfacet
 facet normal -0.968576 -0.248716 -7.22521e-09
  outer loop
  vertex -3.19803 -0.509938 -12.5729
  vertex -3.16278 -0.647213 9.52977
  vertex -3.19803 -0.509938 9.38359
  endloop
 endfacet
 facet normal -0.968577 -0.248715 -3.17513e-07
  outer loop
  vertex -3.13798 -0.743821 9.7055
  vertex -3.16278 -0.647213 -12.7983
  vertex -3.14085 -0.732615 -13.0242
  endloop
 endfacet
 facet normal -0.9686 -0.248624 0
  outer loop
  vertex -3.16278 -0.647213 -12.7983
  vertex -3.14068 -0.733311 9.68638
  vertex -3.16278 -0.647213 9.52977
  endloop
 endfacet
 facet normal -0.968732 -0.248111 0
  outer loop
  vertex -3.13798 -0.743821 9.7055
  vertex -3.14085 -0.732615 -13.0242
  vertex -3.13798 -0.743821 -13.0539
  endloop
 endfacet
 facet normal -0.968548 -0.248827 -8.29311e-07
  outer loop
  vertex -3.16278 -0.647213 -12.7983
  vertex -3.13798 -0.743821 9.7055
  vertex -3.14068 -0.733311 9.68638
  endloop
 endfacet
 facet normal -0.968642 -0.24846 0
  outer loop
  vertex -3.13798 -0.743821 -13.0539
  vertex -3.13659 -0.74924 9.7266
  vertex -3.13798 -0.743821 9.7055
  endloop
 endfacet
 facet normal -0.968617 -0.248557 5.32677e-07
  outer loop
  vertex -3.12517 -0.793692 9.89973
  vertex -3.13798 -0.743821 -13.0539
  vertex -3.13651 -0.74955 -13.0849
  endloop
 endfacet
 facet normal -0.968551 -0.248817 0
  outer loop
  vertex -3.12517 -0.793692 9.89973
  vertex -3.13651 -0.74955 -13.0849
  vertex -3.12517 -0.793692 -13.3235
  endloop
 endfacet
 facet normal -0.968548 -0.248827 -9.2977e-08
  outer loop
  vertex -3.13798 -0.743821 -13.0539
  vertex -3.12517 -0.793692 9.89973
  vertex -3.13659 -0.74924 9.7266
  endloop
 endfacet
 facet normal -0.0627989 -0.998026 0
  outer loop
  vertex -0.608989 -3.19243 -20
  vertex 0.204069 -3.24359 10
  vertex -0.608989 -3.19243 10
  endloop
 endfacet
 facet normal -0.0627989 -0.998026 0
  outer loop
  vertex 0.204069 -3.24359 10
  vertex -0.608989 -3.19243 -20
  vertex 0.204069 -3.24359 -20
  endloop
 endfacet
 facet normal 0 0 -1
  outer loop
  vertex 3.14789 -0.808242 -20
  vertex 3.14789 0.808242 -20
  vertex 3.25 0 -20
  endloop
 endfacet
 facet normal 0 0 -1
  outer loop
  vertex 2.848 -1.5657 -20
  vertex 3.14789 0.808242 -20
  vertex 3.14789 -0.808242 -20
  endloop
 endfacet
 facet normal 0 0 -1
  outer loop
  vertex 2.848 -1.5657 -20
  vertex 2.848 1.5657 -20
  vertex 3.14789 0.808242 -20
  endloop
 endfacet
 facet normal 0 0 -1
  outer loop
  vertex 2.36915 -2.22478 -20
  vertex 2.848 1.5657 -20
  vertex 2.848 -1.5657 -20
  endloop
 endfacet
 facet normal 0 0 -1
  outer loop
  vertex 2.36915 -2.22478 -20
  vertex 2.36915 2.22478 -20
  vertex 2.848 1.5657 -20
  endloop
 endfacet
 facet normal 0 0 -1
  outer loop
  vertex 1.74144 -2.74407 -20
  vertex 2.36915 2.22478 -20
  vertex 2.36915 -2.22478 -20
  endloop
 endfacet
 facet normal 0 0 -1
  outer loop
  vertex 1.74144 -2.74407 -20
  vertex 1.74144 2.74407 -20
  vertex 2.36915 2.22478 -20
  endloop
 endfacet
 facet normal 0 0 -1
  outer loop
  vertex 1.0043 -3.09093 -20
  vertex 1.74144 2.74407 -20
  vertex 1.74144 -2.74407 -20
  endloop
 endfacet
 facet normal 0 0 -1
  outer loop
  vertex 1.0043 -3.09093 -20
  vertex 1.0043 3.09093 -20
  vertex 1.74144 2.74407 -20
  endloop
 endfacet
 facet normal 0 0 -1
  outer loop
  vertex 0.204069 -3.24359 -20
  vertex 1.0043 3.09093 -20
  vertex 1.0043 -3.09093 -20
  endloop
 endfacet
 facet normal 0 0 -1
  outer loop
  vertex 0.204069 -3.24359 -20
  vertex 0.204069 3.24359 -20
  vertex 1.0043 3.09093 -20
  endloop
 endfacet
 facet normal 0 0 -1
  outer loop
  vertex -0.608989 -3.19243 -20
  vertex 0.204069 3.24359 -20
  vertex 0.204069 -3.24359 -20
  endloop
 endfacet
 facet normal 0 0 -1
  outer loop
  vertex -0.608989 -3.19243 -20
  vertex -0.608989 3.19243 -20
  vertex 0.204069 3.24359 -20
  endloop
 endfacet
 facet normal 0 0 -1
  outer loop
  vertex -1.38378 -2.94069 -20
  vertex -0.608989 3.19243 -20
  vertex -0.608989 -3.19243 -20
  endloop
 endfacet
 facet normal 0 0 -1
  outer loop
  vertex -1.38378 -2.94069 -20
  vertex -1.38378 2.94069 -20
  vertex -0.608989 3.19243 -20
  endloop
 endfacet
 facet normal 0 0 -1
  outer loop
  vertex -2.07163 -2.50417 -20
  vertex -1.38378 2.94069 -20
  vertex -1.38378 -2.94069 -20
  endloop
 endfacet
 facet normal 0 0 -1
  outer loop
  vertex -2.07163 -2.50417 -20
  vertex -2.07163 2.50417 -20
  vertex -1.38378 2.94069 -20
  endloop
 endfacet
 facet normal 0 0 -1
  outer loop
  vertex -2.6293 -1.9103 -20
  vertex -2.07163 2.50417 -20
  vertex -2.07163 -2.50417 -20
  endloop
 endfacet
 facet normal 0 0 -1
  outer loop
  vertex -2.6293 -1.9103 -20
  vertex -2.6293 1.9103 -20
  vertex -2.07163 2.50417 -20
  endloop
 endfacet
 facet normal 0 0 -1
  outer loop
  vertex -3.02177 -1.1964 -20
  vertex -2.6293 1.9103 -20
  vertex -2.6293 -1.9103 -20
  endloop
 endfacet
 facet normal 0 0 -1
  outer loop
  vertex -3.02177 -1.1964 -20
  vertex -3.02177 1.1964 -20
  vertex -2.6293 1.9103 -20
  endloop
 endfacet
 facet normal 0 0 -1
  outer loop
  vertex -3.22437 -0.407332 -20
  vertex -3.02177 1.1964 -20
  vertex -3.02177 -1.1964 -20
  endloop
 endfacet
 facet normal 0 0 -1
  outer loop
  vertex -3.02177 1.1964 -20
  vertex -3.22437 -0.407332 -20
  vertex -3.22437 0.407332 -20
  endloop
 endfacet
 facet normal 0.49609 -0.859253 -0.124814
  outer loop
  vertex 4.49812 18.3689 -17.199
  vertex -18.1548 5.28334 -17.1515
  vertex -18.157 5.28897 -17.199
  endloop
 endfacet
 facet normal 0.496083 -0.859242 -0.12492
  outer loop
  vertex -18.1548 5.28334 -17.1515
  vertex 4.49812 18.3689 -17.199
  vertex 4.51014 18.3538 -17.0474
  endloop
 endfacet
 facet normal 0.0945669 -0.163795 -0.981951
  outer loop
  vertex -18.3543 5.78438 -17.7608
  vertex 4.14839 18.8308 -17.7699
  vertex 4.16771 18.7874 -17.7608
  endloop
 endfacet
 facet normal 0.0937867 -0.16245 -0.982249
  outer loop
  vertex 4.14839 18.8308 -17.7699
  vertex -18.3543 5.78438 -17.7608
  vertex -18.4428 5.90622 -17.7894
  endloop
 endfacet
 facet normal -0.268396 0.464876 -0.843714
  outer loop
  vertex -18.7017 6.26257 -17.7239
  vertex 3.91077 19.3645 -17.6982
  vertex 3.9273 19.3274 -17.7239
  endloop
 endfacet
 facet normal -0.268082 0.464336 -0.844112
  outer loop
  vertex 3.91077 19.3645 -17.6982
  vertex -18.7017 6.26257 -17.7239
  vertex -18.7779 6.36746 -17.642
  endloop
 endfacet
 facet normal -0.15433 0.267309 -0.951172
  outer loop
  vertex -18.589 6.10742 -17.7858
  vertex 3.98665 19.1941 -17.771
  vertex 4.0053 19.1522 -17.7858
  endloop
 endfacet
 facet normal -0.154297 0.267252 -0.951193
  outer loop
  vertex 3.98665 19.1941 -17.771
  vertex -18.589 6.10742 -17.7858
  vertex -18.6748 6.22552 -17.7387
  endloop
 endfacet
 facet normal -0.267912 0.464037 0.84433
  outer loop
  vertex 3.85805 19.4829 -16.3836
  vertex -18.7779 6.36746 -16.358
  vertex 3.91077 19.3645 -16.3018
  endloop
 endfacet
 facet normal -0.267911 0.464036 0.84433
  outer loop
  vertex -18.7779 6.36746 -16.358
  vertex 3.85805 19.4829 -16.3836
  vertex -18.8017 6.4003 -16.3836
  endloop
 endfacet
 facet normal 0.0945668 -0.163795 0.981951
  outer loop
  vertex 4.14839 18.8308 -16.2301
  vertex -18.3543 5.78438 -16.2392
  vertex 4.16771 18.7874 -16.2392
  endloop
 endfacet
 facet normal 0.0937863 -0.162449 0.98225
  outer loop
  vertex -18.3543 5.78438 -16.2392
  vertex 4.14839 18.8308 -16.2301
  vertex -18.4428 5.90622 -16.2106
  endloop
 endfacet
 facet normal -0.484291 0.838816 -0.248698
  outer loop
  vertex -18.94 6.59056 -17.2945
  vertex 3.742 19.7436 -17.1003
  vertex 3.7624 19.6978 -17.2945
  endloop
 endfacet
 facet normal -0.484314 0.838854 -0.248524
  outer loop
  vertex 3.742 19.7436 -17.1003
  vertex -18.94 6.59056 -17.2945
  vertex -18.9694 6.63112 -17.1003
  endloop
 endfacet
 facet normal 0.49609 -0.859253 0.124816
  outer loop
  vertex -18.1548 5.28334 -16.8485
  vertex 4.49812 18.3689 -16.801
  vertex -18.157 5.28897 -16.801
  endloop
 endfacet
 facet normal 0.496083 -0.859242 0.124921
  outer loop
  vertex 4.49812 18.3689 -16.801
  vertex -18.1548 5.28334 -16.8485
  vertex 4.51014 18.3538 -16.9526
  endloop
 endfacet
 facet normal 0.318856 -0.552273 -0.770276
  outer loop
  vertex -18.2283 5.46914 -17.5476
  vertex 4.30396 18.6139 -17.6449
  vertex 4.37776 18.5208 -17.5476
  endloop
 endfacet
 facet normal 0.318816 -0.552205 -0.770342
  outer loop
  vertex 4.30396 18.6139 -17.6449
  vertex -18.2283 5.46914 -17.5476
  vertex -18.2421 5.50386 -17.5782
  endloop
 endfacet
 facet normal -0.268393 0.464872 0.843718
  outer loop
  vertex 3.91077 19.3645 -16.3018
  vertex -18.7017 6.26257 -16.2761
  vertex 3.9273 19.3274 -16.2761
  endloop
 endfacet
 facet normal -0.268083 0.464337 0.84411
  outer loop
  vertex -18.7017 6.26257 -16.2761
  vertex 3.91077 19.3645 -16.3018
  vertex -18.7779 6.36746 -16.358
  endloop
 endfacet
 facet normal 0.318855 -0.552271 0.770278
  outer loop
  vertex 4.30396 18.6139 -16.3551
  vertex -18.2283 5.46914 -16.4524
  vertex 4.37776 18.5208 -16.4524
  endloop
 endfacet
 facet normal 0.318817 -0.552206 0.770341
  outer loop
  vertex -18.2283 5.46914 -16.4524
  vertex 4.30396 18.6139 -16.3551
  vertex -18.2421 5.50386 -16.4218
  endloop
 endfacet
 facet normal 0.0934638 -0.161885 0.982373
  outer loop
  vertex 4.08715 18.9684 -16.2016
  vertex -18.4428 5.90622 -16.2106
  vertex 4.14839 18.8308 -16.2301
  endloop
 endfacet
 facet normal 0.0936667 -0.162235 0.982296
  outer loop
  vertex -18.4428 5.90622 -16.2106
  vertex 4.08715 18.9684 -16.2016
  vertex -18.4707 5.94461 -16.2016
  endloop
 endfacet
 facet normal 0.404529 -0.700663 0.58773
  outer loop
  vertex -18.1845 5.35836 -16.6146
  vertex 4.4341 18.4497 -16.5759
  vertex -18.2179 5.44267 -16.4911
  endloop
 endfacet
 facet normal 0.404365 -0.700381 0.58818
  outer loop
  vertex 4.4341 18.4497 -16.5759
  vertex -18.1845 5.35836 -16.6146
  vertex 4.45177 18.4274 -16.6146
  endloop
 endfacet
 facet normal 0.464901 -0.805233 0.368057
  outer loop
  vertex -18.1636 5.30552 -16.7566
  vertex 4.45177 18.4274 -16.6146
  vertex -18.1845 5.35836 -16.6146
  endloop
 endfacet
 facet normal 0.464775 -0.805023 0.368675
  outer loop
  vertex 4.45177 18.4274 -16.6146
  vertex -18.1636 5.30552 -16.7566
  vertex 4.46282 18.4134 -16.6591
  endloop
 endfacet
 facet normal 0.495993 -0.859087 -0.126333
  outer loop
  vertex -18.1477 5.26535 -17
  vertex 4.51014 18.3538 -17.0474
  vertex 4.5139 18.349 -17
  endloop
 endfacet
 facet normal 0.496062 -0.859202 -0.125276
  outer loop
  vertex 4.51014 18.3538 -17.0474
  vertex -18.1477 5.26535 -17
  vertex -18.1548 5.28334 -17.1515
  endloop
 endfacet
 facet normal 0.496062 -0.859202 0.125278
  outer loop
  vertex -18.1477 5.26535 -17
  vertex 4.51014 18.3538 -16.9526
  vertex -18.1548 5.28334 -16.8485
  endloop
 endfacet
 facet normal 0.495994 -0.859089 0.126321
  outer loop
  vertex 4.51014 18.3538 -16.9526
  vertex -18.1477 5.26535 -17
  vertex 4.5139 18.349 -17
  endloop
 endfacet
 facet normal 0.46469 -0.804879 -0.369098
  outer loop
  vertex 4.46282 18.4134 -17.3409
  vertex -18.157 5.28897 -17.199
  vertex -18.1636 5.30552 -17.2434
  endloop
 endfacet
 facet normal 0.464882 -0.805199 -0.368157
  outer loop
  vertex -18.157 5.28897 -17.199
  vertex 4.46282 18.4134 -17.3409
  vertex 4.49812 18.3689 -17.199
  endloop
 endfacet
 facet normal 0.212767 -0.368522 -0.904943
  outer loop
  vertex -18.2858 5.61436 -17.6755
  vertex 4.16938 18.7837 -17.7589
  vertex 4.28074 18.6432 -17.6755
  endloop
 endfacet
 facet normal 0.212774 -0.368535 -0.904936
  outer loop
  vertex -18.3518 5.78104 -17.7589
  vertex 4.16938 18.7837 -17.7589
  vertex -18.2858 5.61436 -17.6755
  endloop
 endfacet
 facet normal 0.21285 -0.368665 -0.904865
  outer loop
  vertex 4.16938 18.7837 -17.7589
  vertex -18.3518 5.78104 -17.7589
  vertex 4.16771 18.7874 -17.7608
  endloop
 endfacet
 facet normal 0.208478 -0.361097 -0.908926
  outer loop
  vertex 4.16771 18.7874 -17.7608
  vertex -18.3518 5.78104 -17.7589
  vertex -18.3543 5.78438 -17.7608
  endloop
 endfacet
 facet normal -0.0312371 0.0541098 -0.998046
  outer loop
  vertex -18.499 5.98359 -17.7954
  vertex 4.0053 19.1522 -17.7858
  vertex 4.02488 19.1082 -17.7888
  endloop
 endfacet
 facet normal -0.0314655 0.0545 -0.998018
  outer loop
  vertex 4.0053 19.1522 -17.7858
  vertex -18.499 5.98359 -17.7954
  vertex -18.589 6.10742 -17.7858
  endloop
 endfacet
 facet normal -0.267912 0.464038 -0.84433
  outer loop
  vertex -18.7779 6.36746 -17.642
  vertex 3.85805 19.4829 -17.6164
  vertex 3.91077 19.3645 -17.6982
  endloop
 endfacet
 facet normal -0.267912 0.464037 -0.84433
  outer loop
  vertex 3.85805 19.4829 -17.6164
  vertex -18.7779 6.36746 -17.642
  vertex -18.8017 6.4003 -17.6164
  endloop
 endfacet
 facet normal -0.48429 0.838815 0.248702
  outer loop
  vertex 3.742 19.7436 -16.8997
  vertex -18.94 6.59056 -16.7055
  vertex 3.7624 19.6978 -16.7055
  endloop
 endfacet
 facet normal -0.484315 0.838854 0.248521
  outer loop
  vertex -18.94 6.59056 -16.7055
  vertex 3.742 19.7436 -16.8997
  vertex -18.9694 6.63112 -16.8997
  endloop
 endfacet
 facet normal -0.438082 0.758783 0.48201
  outer loop
  vertex 3.7624 19.6978 -16.7055
  vertex -18.8829 6.51197 -16.5298
  vertex 3.80191 19.609 -16.5298
  endloop
 endfacet
 facet normal -0.438133 0.758868 0.481828
  outer loop
  vertex -18.8829 6.51197 -16.5298
  vertex 3.7624 19.6978 -16.7055
  vertex -18.94 6.59056 -16.7055
  endloop
 endfacet
 facet normal -0.500001 0.866025 0
  outer loop
  vertex 3.742 19.7436 -17.1003
  vertex -18.9694 6.63112 -16.8997
  vertex 3.742 19.7436 -16.8997
  endloop
 endfacet
 facet normal -0.500001 0.866025 0
  outer loop
  vertex -18.9694 6.63112 -16.8997
  vertex 3.742 19.7436 -17.1003
  vertex -18.9694 6.63112 -17.1003
  endloop
 endfacet
 facet normal 0.212767 -0.368521 0.904943
  outer loop
  vertex 4.16938 18.7837 -16.2411
  vertex -18.2858 5.61436 -16.3245
  vertex 4.28074 18.6432 -16.3245
  endloop
 endfacet
 facet normal 0.212798 -0.368576 0.904914
  outer loop
  vertex -18.3518 5.78104 -16.2411
  vertex 4.16938 18.7837 -16.2411
  vertex 4.16771 18.7874 -16.2392
  endloop
 endfacet
 facet normal 0.212775 -0.368536 0.904936
  outer loop
  vertex 4.16938 18.7837 -16.2411
  vertex -18.3518 5.78104 -16.2411
  vertex -18.2858 5.61436 -16.3245
  endloop
 endfacet
 facet normal 0.20846 -0.361065 0.908943
  outer loop
  vertex -18.3518 5.78104 -16.2411
  vertex 4.16771 18.7874 -16.2392
  vertex -18.3543 5.78438 -16.2392
  endloop
 endfacet
 facet normal 0.404475 -0.700569 0.58788
  outer loop
  vertex -18.2179 5.44267 -16.4911
  vertex 4.37776 18.5208 -16.4524
  vertex -18.2283 5.46914 -16.4524
  endloop
 endfacet
 facet normal 0.404482 -0.700581 0.58786
  outer loop
  vertex 4.37776 18.5208 -16.4524
  vertex -18.2179 5.44267 -16.4911
  vertex 4.4341 18.4497 -16.5759
  endloop
 endfacet
 facet normal 0.46469 -0.804879 0.369098
  outer loop
  vertex -18.157 5.28897 -16.801
  vertex 4.46282 18.4134 -16.6591
  vertex -18.1636 5.30552 -16.7566
  endloop
 endfacet
 facet normal 0.464882 -0.805199 0.368157
  outer loop
  vertex 4.46282 18.4134 -16.6591
  vertex -18.157 5.28897 -16.801
  vertex 4.49812 18.3689 -16.801
  endloop
 endfacet
 facet normal 0.464902 -0.805234 -0.368054
  outer loop
  vertex 4.45177 18.4274 -17.3854
  vertex -18.1636 5.30552 -17.2434
  vertex -18.1845 5.35836 -17.3854
  endloop
 endfacet
 facet normal 0.46478 -0.805032 -0.36865
  outer loop
  vertex -18.1636 5.30552 -17.2434
  vertex 4.45177 18.4274 -17.3854
  vertex 4.46282 18.4134 -17.3409
  endloop
 endfacet
 facet normal 0.404365 -0.700381 -0.58818
  outer loop
  vertex -18.1845 5.35836 -17.3854
  vertex 4.4341 18.4497 -17.4241
  vertex 4.45177 18.4274 -17.3854
  endloop
 endfacet
 facet normal 0.404528 -0.700662 -0.587733
  outer loop
  vertex 4.4341 18.4497 -17.4241
  vertex -18.1845 5.35836 -17.3854
  vertex -18.2179 5.44267 -17.5089
  endloop
 endfacet
 facet normal -0.0314789 0.0545229 -0.998016
  outer loop
  vertex -18.4707 5.94461 -17.7984
  vertex 4.02488 19.1082 -17.7888
  vertex 4.08715 18.9684 -17.7984
  endloop
 endfacet
 facet normal -0.0312492 0.0541306 -0.998045
  outer loop
  vertex 4.02488 19.1082 -17.7888
  vertex -18.4707 5.94461 -17.7984
  vertex -18.499 5.98359 -17.7954
  endloop
 endfacet
 facet normal 0.0934643 -0.161886 -0.982373
  outer loop
  vertex -18.4428 5.90622 -17.7894
  vertex 4.08715 18.9684 -17.7984
  vertex 4.14839 18.8308 -17.7699
  endloop
 endfacet
 facet normal 0.093665 -0.162233 -0.982297
  outer loop
  vertex 4.08715 18.9684 -17.7984
  vertex -18.4428 5.90622 -17.7894
  vertex -18.4707 5.94461 -17.7984
  endloop
 endfacet
 facet normal -0.154355 0.267352 -0.951156
  outer loop
  vertex -18.6748 6.22552 -17.7387
  vertex 3.9273 19.3274 -17.7239
  vertex 3.98665 19.1941 -17.771
  endloop
 endfacet
 facet normal -0.154559 0.267705 -0.951024
  outer loop
  vertex 3.9273 19.3274 -17.7239
  vertex -18.6748 6.22552 -17.7387
  vertex -18.7017 6.26257 -17.7239
  endloop
 endfacet
 facet normal -0.364489 0.631314 -0.684537
  outer loop
  vertex -18.8017 6.4003 -17.6164
  vertex 3.81528 19.579 -17.505
  vertex 3.85805 19.4829 -17.6164
  endloop
 endfacet
 facet normal -0.364139 0.630719 -0.685271
  outer loop
  vertex 3.81528 19.579 -17.505
  vertex -18.8017 6.4003 -17.6164
  vertex -18.8211 6.42691 -17.5816
  endloop
 endfacet
 facet normal -0.364561 0.631441 -0.684381
  outer loop
  vertex -18.8211 6.42691 -17.5816
  vertex 3.80191 19.609 -17.4702
  vertex 3.81528 19.579 -17.505
  endloop
 endfacet
 facet normal -0.364561 0.631441 -0.684381
  outer loop
  vertex 3.80191 19.609 -17.4702
  vertex -18.8211 6.42691 -17.5816
  vertex -18.8829 6.51197 -17.4702
  endloop
 endfacet
 facet normal -0.364558 0.631435 0.684388
  outer loop
  vertex 3.80191 19.609 -16.5298
  vertex -18.8211 6.42691 -16.4184
  vertex 3.81528 19.579 -16.495
  endloop
 endfacet
 facet normal -0.364561 0.631442 0.68438
  outer loop
  vertex -18.8211 6.42691 -16.4184
  vertex 3.80191 19.609 -16.5298
  vertex -18.8829 6.51197 -16.5298
  endloop
 endfacet
 facet normal -0.364488 0.631312 0.68454
  outer loop
  vertex 3.81528 19.579 -16.495
  vertex -18.8017 6.4003 -16.3836
  vertex 3.85805 19.4829 -16.3836
  endloop
 endfacet
 facet normal -0.364136 0.630714 0.685277
  outer loop
  vertex -18.8017 6.4003 -16.3836
  vertex 3.81528 19.579 -16.495
  vertex -18.8211 6.42691 -16.4184
  endloop
 endfacet
 facet normal -0.0312372 0.05411 0.998046
  outer loop
  vertex 4.0053 19.1522 -16.2142
  vertex -18.499 5.98359 -16.2046
  vertex 4.02488 19.1082 -16.2112
  endloop
 endfacet
 facet normal -0.0314656 0.0545002 0.998018
  outer loop
  vertex -18.499 5.98359 -16.2046
  vertex 4.0053 19.1522 -16.2142
  vertex -18.589 6.10742 -16.2142
  endloop
 endfacet
 facet normal -0.154332 0.267311 0.951171
  outer loop
  vertex 3.98665 19.1941 -16.229
  vertex -18.589 6.10742 -16.2142
  vertex 4.0053 19.1522 -16.2142
  endloop
 endfacet
 facet normal -0.154297 0.267252 0.951193
  outer loop
  vertex -18.589 6.10742 -16.2142
  vertex 3.98665 19.1941 -16.229
  vertex -18.6748 6.22552 -16.2613
  endloop
 endfacet
 facet normal -0.154356 0.267354 0.951155
  outer loop
  vertex 3.9273 19.3274 -16.2761
  vertex -18.6748 6.22552 -16.2613
  vertex 3.98665 19.1941 -16.229
  endloop
 endfacet
 facet normal -0.154561 0.267708 0.951022
  outer loop
  vertex -18.6748 6.22552 -16.2613
  vertex 3.9273 19.3274 -16.2761
  vertex -18.7017 6.26257 -16.2761
  endloop
 endfacet
 facet normal 0.318742 -0.552077 -0.770464
  outer loop
  vertex -18.2421 5.50386 -17.5782
  vertex 4.28074 18.6432 -17.6755
  vertex 4.30396 18.6139 -17.6449
  endloop
 endfacet
 facet normal 0.318828 -0.552225 -0.770322
  outer loop
  vertex 4.28074 18.6432 -17.6755
  vertex -18.2421 5.50386 -17.5782
  vertex -18.2858 5.61436 -17.6755
  endloop
 endfacet
 facet normal 0.404476 -0.70057 -0.587879
  outer loop
  vertex 4.37776 18.5208 -17.5476
  vertex -18.2179 5.44267 -17.5089
  vertex -18.2283 5.46914 -17.5476
  endloop
 endfacet
 facet normal 0.404482 -0.700581 -0.587861
  outer loop
  vertex -18.2179 5.44267 -17.5089
  vertex 4.37776 18.5208 -17.5476
  vertex 4.4341 18.4497 -17.4241
  endloop
 endfacet
 facet normal -0.0314788 0.0545229 0.998016
  outer loop
  vertex 4.02488 19.1082 -16.2112
  vertex -18.4707 5.94461 -16.2016
  vertex 4.08715 18.9684 -16.2016
  endloop
 endfacet
 facet normal -0.0312491 0.0541304 0.998045
  outer loop
  vertex -18.4707 5.94461 -16.2016
  vertex 4.02488 19.1082 -16.2112
  vertex -18.499 5.98359 -16.2046
  endloop
 endfacet
 facet normal 0.318741 -0.552076 0.770465
  outer loop
  vertex 4.28074 18.6432 -16.3245
  vertex -18.2421 5.50386 -16.4218
  vertex 4.30396 18.6139 -16.3551
  endloop
 endfacet
 facet normal 0.318827 -0.552223 0.770324
  outer loop
  vertex -18.2421 5.50386 -16.4218
  vertex 4.28074 18.6432 -16.3245
  vertex -18.2858 5.61436 -16.3245
  endloop
 endfacet
 facet normal -0.438081 0.758782 -0.482011
  outer loop
  vertex -18.8829 6.51197 -17.4702
  vertex 3.7624 19.6978 -17.2945
  vertex 3.80191 19.609 -17.4702
  endloop
 endfacet
 facet normal -0.438133 0.758869 -0.481826
  outer loop
  vertex 3.7624 19.6978 -17.2945
  vertex -18.8829 6.51197 -17.4702
  vertex -18.94 6.59056 -17.2945
  endloop
 endfacet
 facet normal 0.728743 -2.5754e-06 0.684787
  outer loop
  vertex 14.9437 13.0826 -16.3836
  vertex 15.0481 -13.0324 -16.4948
  vertex 14.9764 13.0861 -16.4184
  endloop
 endfacet
 facet normal 0.729045 0 0.684465
  outer loop
  vertex 15.0481 -13.0324 -16.4948
  vertex 14.9437 13.0826 -16.3836
  vertex 14.9437 -13.039 -16.3836
  endloop
 endfacet
 facet normal -0.637683 0 0.770299
  outer loop
  vertex 13.8506 -13.1078 -16.4524
  vertex 14.0051 13.0288 -16.3245
  vertex 13.8506 13.0516 -16.4524
  endloop
 endfacet
 facet normal -0.637683 0 0.770299
  outer loop
  vertex 14.0051 13.0288 -16.3245
  vertex 13.8506 -13.1078 -16.4524
  vertex 14.0051 -13.0981 -16.3245
  endloop
 endfacet
 facet normal 0.535262 0 -0.844686
  outer loop
  vertex 14.9437 -13.039 -17.6164
  vertex 14.9033 13.0784 -17.642
  vertex 14.9437 13.0826 -17.6164
  endloop
 endfacet
 facet normal 0.536116 1.8519e-06 -0.844145
  outer loop
  vertex 14.9033 13.0784 -17.642
  vertex 14.9437 -13.039 -17.6164
  vertex 14.8149 -13.0471 -17.6982
  endloop
 endfacet
 facet normal 0.535262 0 0.844686
  outer loop
  vertex 14.9033 13.0784 -16.358
  vertex 14.9437 -13.039 -16.3836
  vertex 14.9437 13.0826 -16.3836
  endloop
 endfacet
 facet normal 0.536116 1.8519e-06 0.844145
  outer loop
  vertex 14.9437 -13.039 -16.3836
  vertex 14.9033 13.0784 -16.358
  vertex 14.8149 -13.0471 -16.3018
  endloop
 endfacet
 facet normal -0.420423 0 0.907328
  outer loop
  vertex 14.1824 13.0026 -16.2411
  vertex 14.1865 -13.0866 -16.2392
  vertex 14.1865 13.0031 -16.2392
  endloop
 endfacet
 facet normal -0.425646 0 0.90489
  outer loop
  vertex 14.0051 -13.0981 -16.3245
  vertex 14.1824 13.0026 -16.2411
  vertex 14.0051 13.0288 -16.3245
  endloop
 endfacet
 facet normal -0.425528 -9.75776e-07 0.904945
  outer loop
  vertex 14.1824 13.0026 -16.2411
  vertex 14.0051 -13.0981 -16.3245
  vertex 14.1865 -13.0866 -16.2392
  endloop
 endfacet
 facet normal 0.535784 0 -0.844355
  outer loop
  vertex 14.7744 13.0648 -17.7239
  vertex 14.8149 -13.0471 -17.6982
  vertex 14.7744 -13.0497 -17.7239
  endloop
 endfacet
 facet normal 0.536279 1.07664e-06 -0.844041
  outer loop
  vertex 14.8149 -13.0471 -17.6982
  vertex 14.7744 13.0648 -17.7239
  vertex 14.9033 13.0784 -17.642
  endloop
 endfacet
 facet normal 0.308742 0 -0.951146
  outer loop
  vertex 14.5837 13.0448 -17.7858
  vertex 14.7744 -13.0497 -17.7239
  vertex 14.5837 -13.0617 -17.7858
  endloop
 endfacet
 facet normal 0.308742 0 -0.951146
  outer loop
  vertex 14.7744 -13.0497 -17.7239
  vertex 14.5837 13.0448 -17.7858
  vertex 14.7744 13.0648 -17.7239
  endloop
 endfacet
 facet normal 0.728743 -2.5754e-06 -0.684787
  outer loop
  vertex 15.0481 -13.0324 -17.5052
  vertex 14.9437 13.0826 -17.6164
  vertex 14.9764 13.0861 -17.5816
  endloop
 endfacet
 facet normal 0.729045 0 -0.684465
  outer loop
  vertex 14.9437 13.0826 -17.6164
  vertex 15.0481 -13.0324 -17.5052
  vertex 14.9437 -13.039 -17.6164
  endloop
 endfacet
 facet normal -0.929779 0 -0.368118
  outer loop
  vertex 13.6589 -13.1198 -17.199
  vertex 13.7327 13.069 -17.3854
  vertex 13.7327 -13.1152 -17.3854
  endloop
 endfacet
 facet normal -0.929779 0 -0.368118
  outer loop
  vertex 13.7327 13.069 -17.3854
  vertex 13.6589 -13.1198 -17.199
  vertex 13.6589 13.0799 -17.199
  endloop
 endfacet
 facet normal 0.968658 -1.56354e-06 -0.248398
  outer loop
  vertex 15.2274 13.1125 -17.1003
  vertex 15.1872 -13.0237 -17.2569
  vertex 15.1776 13.1072 -17.2945
  endloop
 endfacet
 facet normal 0.968595 0 -0.248643
  outer loop
  vertex 15.1872 -13.0237 -17.2569
  vertex 15.2274 13.1125 -17.1003
  vertex 15.2274 -13.0313 -17.1003
  endloop
 endfacet
 facet normal 0.968919 0 -0.247378
  outer loop
  vertex 15.1776 13.1072 -17.2945
  vertex 15.1872 -13.0237 -17.2569
  vertex 15.1776 -13.0243 -17.2945
  endloop
 endfacet
 facet normal 0.87634 4.73561e-07 0.481693
  outer loop
  vertex 15.081 13.0971 -16.5298
  vertex 15.1041 -13.0289 -16.5718
  vertex 15.1546 13.1048 -16.6637
  endloop
 endfacet
 facet normal 0.876216 0 0.481919
  outer loop
  vertex 15.1041 -13.0289 -16.5718
  vertex 15.081 13.0971 -16.5298
  vertex 15.081 -13.0304 -16.5298
  endloop
 endfacet
 facet normal -0.808886 0 0.587966
  outer loop
  vertex 13.7327 -13.1152 -16.6146
  vertex 13.8506 13.0516 -16.4524
  vertex 13.7327 13.069 -16.6146
  endloop
 endfacet
 facet normal -0.808886 0 0.587966
  outer loop
  vertex 13.8506 13.0516 -16.4524
  vertex 13.7327 -13.1152 -16.6146
  vertex 13.8506 -13.1078 -16.4524
  endloop
 endfacet
 facet normal 0.0628125 0 0.998025
  outer loop
  vertex 14.3835 13.0238 -16.2016
  vertex 14.5837 -13.0617 -16.2142
  vertex 14.5837 13.0448 -16.2142
  endloop
 endfacet
 facet normal 0.0628125 0 0.998025
  outer loop
  vertex 14.5837 -13.0617 -16.2142
  vertex 14.3835 13.0238 -16.2016
  vertex 14.3835 -13.0742 -16.2016
  endloop
 endfacet
 facet normal -0.808886 0 -0.587966
  outer loop
  vertex 13.7327 -13.1152 -17.3854
  vertex 13.8506 13.0516 -17.5476
  vertex 13.8506 -13.1078 -17.5476
  endloop
 endfacet
 facet normal -0.808886 0 -0.587966
  outer loop
  vertex 13.8506 13.0516 -17.5476
  vertex 13.7327 -13.1152 -17.3854
  vertex 13.7327 13.069 -17.3854
  endloop
 endfacet
 facet normal 1 0 0
  outer loop
  vertex 15.2274 -13.0313 -16.8997
  vertex 15.2274 13.1125 -17.1003
  vertex 15.2274 13.1125 -16.8997
  endloop
 endfacet
 facet normal 1 0 0
  outer loop
  vertex 15.2274 13.1125 -17.1003
  vertex 15.2274 -13.0313 -16.8997
  vertex 15.2274 -13.0313 -17.1003
  endloop
 endfacet
 facet normal 0.87634 4.73561e-07 -0.481693
  outer loop
  vertex 15.1041 -13.0289 -17.4282
  vertex 15.081 13.0971 -17.4702
  vertex 15.1546 13.1048 -17.3363
  endloop
 endfacet
 facet normal 0.876216 0 -0.481919
  outer loop
  vertex 15.081 13.0971 -17.4702
  vertex 15.1041 -13.0289 -17.4282
  vertex 15.081 -13.0304 -17.4702
  endloop
 endfacet
 facet normal -0.992139 0 -0.125143
  outer loop
  vertex 13.6338 -13.1214 -17
  vertex 13.6589 13.0799 -17.199
  vertex 13.6589 -13.1198 -17.199
  endloop
 endfacet
 facet normal -0.992139 0 -0.125143
  outer loop
  vertex 13.6589 13.0799 -17.199
  vertex 13.6338 -13.1214 -17
  vertex 13.6338 13.0837 -17
  endloop
 endfacet
 facet normal -0.992139 0 0.125143
  outer loop
  vertex 13.6338 -13.1214 -17
  vertex 13.6589 13.0799 -16.801
  vertex 13.6338 13.0837 -17
  endloop
 endfacet
 facet normal -0.992139 0 0.125143
  outer loop
  vertex 13.6589 13.0799 -16.801
  vertex 13.6338 -13.1214 -17
  vertex 13.6589 -13.1198 -16.801
  endloop
 endfacet
 facet normal -0.929779 0 0.368118
  outer loop
  vertex 13.6589 -13.1198 -16.801
  vertex 13.7327 13.069 -16.6146
  vertex 13.6589 13.0799 -16.801
  endloop
 endfacet
 facet normal -0.929779 0 0.368118
  outer loop
  vertex 13.7327 13.069 -16.6146
  vertex 13.6589 -13.1198 -16.801
  vertex 13.7327 -13.1152 -16.6146
  endloop
 endfacet
 facet normal 0.308742 0 0.951146
  outer loop
  vertex 14.5837 13.0448 -16.2142
  vertex 14.7744 -13.0497 -16.2761
  vertex 14.7744 13.0648 -16.2761
  endloop
 endfacet
 facet normal 0.308742 0 0.951146
  outer loop
  vertex 14.7744 -13.0497 -16.2761
  vertex 14.5837 13.0448 -16.2142
  vertex 14.5837 -13.0617 -16.2142
  endloop
 endfacet
 facet normal -0.420423 0 -0.907328
  outer loop
  vertex 14.1865 -13.0866 -17.7608
  vertex 14.1824 13.0026 -17.7589
  vertex 14.1865 13.0031 -17.7608
  endloop
 endfacet
 facet normal -0.425528 -9.75893e-07 -0.904945
  outer loop
  vertex 14.0051 -13.0981 -17.6755
  vertex 14.1824 13.0026 -17.7589
  vertex 14.1865 -13.0866 -17.7608
  endloop
 endfacet
 facet normal -0.425646 0 -0.90489
  outer loop
  vertex 14.1824 13.0026 -17.7589
  vertex 14.0051 -13.0981 -17.6755
  vertex 14.0051 13.0288 -17.6755
  endloop
 endfacet
 facet normal 0.0628125 0 -0.998025
  outer loop
  vertex 14.3835 13.0238 -17.7984
  vertex 14.5837 -13.0617 -17.7858
  vertex 14.3835 -13.0742 -17.7984
  endloop
 endfacet
 facet normal 0.0628125 0 -0.998025
  outer loop
  vertex 14.5837 -13.0617 -17.7858
  vertex 14.3835 13.0238 -17.7984
  vertex 14.5837 13.0448 -17.7858
  endloop
 endfacet
 facet normal 0.876127 0 -0.48208
  outer loop
  vertex 15.1776 -13.0243 -17.2945
  vertex 15.1546 13.1048 -17.3363
  vertex 15.1776 13.1072 -17.2945
  endloop
 endfacet
 facet normal 0.876313 7.02741e-07 -0.481743
  outer loop
  vertex 15.1546 13.1048 -17.3363
  vertex 15.1776 -13.0243 -17.2945
  vertex 15.1041 -13.0289 -17.4282
  endloop
 endfacet
 facet normal 0.536279 1.07664e-06 0.844041
  outer loop
  vertex 14.7744 13.0648 -16.2761
  vertex 14.8149 -13.0471 -16.3018
  vertex 14.9033 13.0784 -16.358
  endloop
 endfacet
 facet normal 0.535784 0 0.844355
  outer loop
  vertex 14.8149 -13.0471 -16.3018
  vertex 14.7744 13.0648 -16.2761
  vertex 14.7744 -13.0497 -16.2761
  endloop
 endfacet
 facet normal 0.729008 0 0.684505
  outer loop
  vertex 14.9764 13.0861 -16.4184
  vertex 15.081 -13.0304 -16.5298
  vertex 15.081 13.0971 -16.5298
  endloop
 endfacet
 facet normal 0.728628 -3.25268e-06 0.68491
  outer loop
  vertex 15.081 -13.0304 -16.5298
  vertex 14.9764 13.0861 -16.4184
  vertex 15.0481 -13.0324 -16.4948
  endloop
 endfacet
 facet normal -0.637683 0 -0.770299
  outer loop
  vertex 13.8506 -13.1078 -17.5476
  vertex 14.0051 13.0288 -17.6755
  vertex 14.0051 -13.0981 -17.6755
  endloop
 endfacet
 facet normal -0.637683 0 -0.770299
  outer loop
  vertex 14.0051 13.0288 -17.6755
  vertex 13.8506 -13.1078 -17.5476
  vertex 13.8506 13.0516 -17.5476
  endloop
 endfacet
 facet normal 0.876127 0 0.48208
  outer loop
  vertex 15.1546 13.1048 -16.6637
  vertex 15.1776 -13.0243 -16.7055
  vertex 15.1776 13.1072 -16.7055
  endloop
 endfacet
 facet normal 0.876313 7.02799e-07 0.481743
  outer loop
  vertex 15.1776 -13.0243 -16.7055
  vertex 15.1546 13.1048 -16.6637
  vertex 15.1041 -13.0289 -16.5718
  endloop
 endfacet
 facet normal -0.187485 0 0.982267
  outer loop
  vertex 14.1865 13.0031 -16.2392
  vertex 14.3835 -13.0742 -16.2016
  vertex 14.3835 13.0238 -16.2016
  endloop
 endfacet
 facet normal -0.187485 0 0.982267
  outer loop
  vertex 14.3835 -13.0742 -16.2016
  vertex 14.1865 13.0031 -16.2392
  vertex 14.1865 -13.0866 -16.2392
  endloop
 endfacet
 facet normal 0.729008 0 -0.684505
  outer loop
  vertex 15.081 -13.0304 -17.4702
  vertex 14.9764 13.0861 -17.5816
  vertex 15.081 13.0971 -17.4702
  endloop
 endfacet
 facet normal 0.728628 -3.2523e-06 -0.68491
  outer loop
  vertex 14.9764 13.0861 -17.5816
  vertex 15.081 -13.0304 -17.4702
  vertex 15.0481 -13.0324 -17.5052
  endloop
 endfacet
 facet normal -0.187485 0 -0.982267
  outer loop
  vertex 14.1865 13.0031 -17.7608
  vertex 14.3835 -13.0742 -17.7984
  vertex 14.1865 -13.0866 -17.7608
  endloop
 endfacet
 facet normal -0.187485 0 -0.982267
  outer loop
  vertex 14.3835 -13.0742 -17.7984
  vertex 14.1865 13.0031 -17.7608
  vertex 14.3835 13.0238 -17.7984
  endloop
 endfacet
 facet normal 0.968919 0 0.247378
  outer loop
  vertex 15.1776 13.1072 -16.7055
  vertex 15.1776 -13.0243 -16.7055
  vertex 15.1872 -13.0237 -16.7431
  endloop
 endfacet
 facet normal 0.968658 -1.56352e-06 0.248398
  outer loop
  vertex 15.1872 -13.0237 -16.7431
  vertex 15.2274 13.1125 -16.8997
  vertex 15.1776 13.1072 -16.7055
  endloop
 endfacet
 facet normal 0.968595 0 0.248643
  outer loop
  vertex 15.2274 13.1125 -16.8997
  vertex 15.1872 -13.0237 -16.7431
  vertex 15.2274 -13.0313 -16.8997
  endloop
 endfacet
 facet normal 0.496088 0.859252 -0.124828
  outer loop
  vertex 4.49451 -18.3668 -17.199
  vertex -18.1548 -5.28334 -17.1515
  vertex 4.50373 -18.3501 -17.0474
  endloop
 endfacet
 facet normal 0.496089 0.859253 -0.124816
  outer loop
  vertex -18.1548 -5.28334 -17.1515
  vertex 4.49451 -18.3668 -17.199
  vertex -18.157 -5.28897 -17.199
  endloop
 endfacet
 facet normal 0.465041 0.80547 -0.367363
  outer loop
  vertex 4.45894 -18.4315 -17.3854
  vertex -18.1636 -5.30552 -17.2434
  vertex 4.46742 -18.4161 -17.3409
  endloop
 endfacet
 facet normal 0.4649 0.805234 -0.368057
  outer loop
  vertex -18.1636 -5.30552 -17.2434
  vertex 4.45894 -18.4315 -17.3854
  vertex -18.1845 -5.35836 -17.3854
  endloop
 endfacet
 facet normal 0.495997 0.859093 -0.126277
  outer loop
  vertex 4.50373 -18.3501 -17.0474
  vertex -18.1477 -5.26535 -17
  vertex 4.50662 -18.3448 -17
  endloop
 endfacet
 facet normal 0.496062 0.859202 -0.125278
  outer loop
  vertex -18.1477 -5.26535 -17
  vertex 4.50373 -18.3501 -17.0474
  vertex -18.1548 -5.28334 -17.1515
  endloop
 endfacet
 facet normal -0.26801 -0.464206 -0.844206
  outer loop
  vertex 3.87542 -19.493 -17.6164
  vertex -18.7017 -6.26256 -17.7239
  vertex 3.957 -19.3446 -17.7239
  endloop
 endfacet
 facet normal -0.268034 -0.464247 -0.844176
  outer loop
  vertex -18.7017 -6.26256 -17.7239
  vertex 3.87542 -19.493 -17.6164
  vertex -18.8017 -6.4003 -17.6164
  endloop
 endfacet
 facet normal 0.318827 0.552223 -0.770324
  outer loop
  vertex -18.2858 -5.61436 -17.6755
  vertex 4.34544 -18.638 -17.645
  vertex 4.32769 -18.6703 -17.6755
  endloop
 endfacet
 facet normal 0.318827 0.552223 -0.770324
  outer loop
  vertex 4.34544 -18.638 -17.645
  vertex -18.2858 -5.61436 -17.6755
  vertex -18.2421 -5.50386 -17.5782
  endloop
 endfacet
 facet normal 0.49609 0.859254 0.124809
  outer loop
  vertex 4.49451 -18.3668 -16.801
  vertex -18.1548 -5.28334 -16.8485
  vertex -18.157 -5.28897 -16.801
  endloop
 endfacet
 facet normal 0.496088 0.859252 0.124832
  outer loop
  vertex -18.1548 -5.28334 -16.8485
  vertex 4.49451 -18.3668 -16.801
  vertex 4.50373 -18.3501 -16.9526
  endloop
 endfacet
 facet normal 0.40429 0.700255 -0.588381
  outer loop
  vertex 4.4454 -18.4562 -17.4241
  vertex -18.1845 -5.35836 -17.3854
  vertex 4.45894 -18.4315 -17.3854
  endloop
 endfacet
 facet normal 0.404528 0.700664 -0.587731
  outer loop
  vertex -18.1845 -5.35836 -17.3854
  vertex 4.4454 -18.4562 -17.4241
  vertex -18.2179 -5.44267 -17.5089
  endloop
 endfacet
 facet normal -0.0313756 -0.0543463 -0.998029
  outer loop
  vertex 4.0489 -19.1774 -17.7858
  vertex -18.499 -5.98359 -17.7954
  vertex 4.07187 -19.1356 -17.7888
  endloop
 endfacet
 facet normal -0.0314656 -0.0545001 -0.998018
  outer loop
  vertex -18.499 -5.98359 -17.7954
  vertex 4.0489 -19.1774 -17.7858
  vertex -18.589 -6.10742 -17.7858
  endloop
 endfacet
 facet normal -0.438083 -0.758781 -0.48201
  outer loop
  vertex -18.9264 -6.57186 -17.3363
  vertex 3.76272 -19.698 -17.2945
  vertex -18.94 -6.59056 -17.2945
  endloop
 endfacet
 facet normal -0.438059 -0.75874 -0.482097
  outer loop
  vertex 3.76272 -19.698 -17.2945
  vertex -18.9264 -6.57186 -17.3363
  vertex 3.79819 -19.6334 -17.4284
  endloop
 endfacet
 facet normal 0.318875 0.552306 -0.770245
  outer loop
  vertex -18.2421 -5.50386 -17.5782
  vertex 4.40214 -18.5349 -17.5476
  vertex 4.34544 -18.638 -17.645
  endloop
 endfacet
 facet normal 0.318817 0.552204 -0.770342
  outer loop
  vertex 4.40214 -18.5349 -17.5476
  vertex -18.2421 -5.50386 -17.5782
  vertex -18.2283 -5.46914 -17.5476
  endloop
 endfacet
 facet normal -0.500002 -0.866024 0
  outer loop
  vertex -18.9694 -6.63112 -17.1003
  vertex 3.73869 -19.7417 -16.8997
  vertex -18.9694 -6.63112 -16.8997
  endloop
 endfacet
 facet normal -0.500002 -0.866024 0
  outer loop
  vertex 3.73869 -19.7417 -16.8997
  vertex -18.9694 -6.63112 -17.1003
  vertex 3.73869 -19.7417 -17.1003
  endloop
 endfacet
 facet normal 0.464824 0.8051 0.368446
  outer loop
  vertex -18.157 -5.28897 -16.801
  vertex 4.46742 -18.4161 -16.6591
  vertex 4.49451 -18.3668 -16.801
  endloop
 endfacet
 facet normal 0.464691 0.804879 0.369096
  outer loop
  vertex 4.46742 -18.4161 -16.6591
  vertex -18.157 -5.28897 -16.801
  vertex -18.1636 -5.30552 -16.7566
  endloop
 endfacet
 facet normal -0.0313761 -0.0543471 0.998029
  outer loop
  vertex -18.499 -5.98359 -16.2046
  vertex 4.0489 -19.1774 -16.2142
  vertex 4.07187 -19.1356 -16.2112
  endloop
 endfacet
 facet normal -0.0314656 -0.0545001 0.998018
  outer loop
  vertex 4.0489 -19.1774 -16.2142
  vertex -18.499 -5.98359 -16.2046
  vertex -18.589 -6.10742 -16.2142
  endloop
 endfacet
 facet normal -0.154334 -0.267315 -0.95117
  outer loop
  vertex 3.957 -19.3446 -17.7239
  vertex -18.589 -6.10742 -17.7858
  vertex 4.0489 -19.1774 -17.7858
  endloop
 endfacet
 facet normal -0.154367 -0.267371 -0.951148
  outer loop
  vertex -18.589 -6.10742 -17.7858
  vertex 3.957 -19.3446 -17.7239
  vertex -18.7017 -6.26256 -17.7239
  endloop
 endfacet
 facet normal 0.212479 0.368014 -0.905217
  outer loop
  vertex -18.3372 -5.74399 -17.7404
  vertex 4.32769 -18.6703 -17.6755
  vertex 4.30685 -18.7082 -17.6958
  endloop
 endfacet
 facet normal 0.212835 0.368639 -0.904879
  outer loop
  vertex 4.32769 -18.6703 -17.6755
  vertex -18.3372 -5.74399 -17.7404
  vertex -18.2858 -5.61436 -17.6755
  endloop
 endfacet
 facet normal 0.404416 0.700467 -0.588042
  outer loop
  vertex 4.40214 -18.5349 -17.5476
  vertex -18.2179 -5.44267 -17.5089
  vertex 4.4454 -18.4562 -17.4241
  endloop
 endfacet
 facet normal 0.404476 0.700568 -0.58788
  outer loop
  vertex -18.2179 -5.44267 -17.5089
  vertex 4.40214 -18.5349 -17.5476
  vertex -18.2283 -5.46914 -17.5476
  endloop
 endfacet
 facet normal 0.464824 0.8051 -0.368446
  outer loop
  vertex 4.46742 -18.4161 -17.3409
  vertex -18.157 -5.28897 -17.199
  vertex 4.49451 -18.3668 -17.199
  endloop
 endfacet
 facet normal 0.464691 0.804878 -0.369098
  outer loop
  vertex -18.157 -5.28897 -17.199
  vertex 4.46742 -18.4161 -17.3409
  vertex -18.1636 -5.30552 -17.2434
  endloop
 endfacet
 facet normal 0.495997 0.859093 0.126277
  outer loop
  vertex -18.1477 -5.26535 -17
  vertex 4.50373 -18.3501 -16.9526
  vertex 4.50662 -18.3448 -17
  endloop
 endfacet
 facet normal 0.496061 0.859201 0.125288
  outer loop
  vertex 4.50373 -18.3501 -16.9526
  vertex -18.1477 -5.26535 -17
  vertex -18.1548 -5.28334 -16.8485
  endloop
 endfacet
 facet normal -0.0314318 -0.0544414 0.998022
  outer loop
  vertex -18.4707 -5.94461 -16.2016
  vertex 4.07187 -19.1356 -16.2112
  vertex 4.14534 -19.002 -16.2016
  endloop
 endfacet
 facet normal -0.03125 -0.0541308 0.998045
  outer loop
  vertex 4.07187 -19.1356 -16.2112
  vertex -18.4707 -5.94461 -16.2016
  vertex -18.499 -5.98359 -16.2046
  endloop
 endfacet
 facet normal -0.438147 -0.758896 -0.481772
  outer loop
  vertex -18.8829 -6.51197 -17.4702
  vertex 3.79819 -19.6334 -17.4284
  vertex -18.9264 -6.57186 -17.3363
  endloop
 endfacet
 facet normal -0.438298 -0.759155 -0.481225
  outer loop
  vertex 3.79819 -19.6334 -17.4284
  vertex -18.8829 -6.51197 -17.4702
  vertex 3.80927 -19.6133 -17.4702
  endloop
 endfacet
 facet normal -0.0314319 -0.0544415 -0.998022
  outer loop
  vertex 4.07187 -19.1356 -17.7888
  vertex -18.4707 -5.94461 -17.7984
  vertex 4.14534 -19.002 -17.7984
  endloop
 endfacet
 facet normal -0.0312496 -0.0541301 -0.998045
  outer loop
  vertex -18.4707 -5.94461 -17.7984
  vertex 4.07187 -19.1356 -17.7888
  vertex -18.499 -5.98359 -17.7954
  endloop
 endfacet
 facet normal -0.26801 -0.464205 0.844206
  outer loop
  vertex -18.7017 -6.26256 -16.2761
  vertex 3.87542 -19.493 -16.3836
  vertex 3.957 -19.3446 -16.2761
  endloop
 endfacet
 facet normal -0.268034 -0.464246 0.844176
  outer loop
  vertex 3.87542 -19.493 -16.3836
  vertex -18.7017 -6.26256 -16.2761
  vertex -18.8017 -6.4003 -16.3836
  endloop
 endfacet
 facet normal 0.0930664 0.161206 -0.982523
  outer loop
  vertex 4.14534 -19.002 -17.7984
  vertex -18.3822 -5.82281 -17.7699
  vertex 4.16795 -18.9608 -17.7895
  endloop
 endfacet
 facet normal 0.0934968 0.161941 -0.982361
  outer loop
  vertex -18.3822 -5.82281 -17.7699
  vertex 4.14534 -19.002 -17.7984
  vertex -18.4707 -5.94461 -17.7984
  endloop
 endfacet
 facet normal 0.0930662 0.161205 0.982523
  outer loop
  vertex -18.3822 -5.82281 -16.2301
  vertex 4.14534 -19.002 -16.2016
  vertex 4.16795 -18.9608 -16.2105
  endloop
 endfacet
 facet normal 0.0934963 0.16194 0.982361
  outer loop
  vertex 4.14534 -19.002 -16.2016
  vertex -18.3822 -5.82281 -16.2301
  vertex -18.4707 -5.94461 -16.2016
  endloop
 endfacet
 facet normal 0.212834 0.368639 0.90488
  outer loop
  vertex -18.3372 -5.74399 -16.2596
  vertex 4.32769 -18.6703 -16.3245
  vertex -18.2858 -5.61436 -16.3245
  endloop
 endfacet
 facet normal 0.212476 0.368008 0.90522
  outer loop
  vertex 4.32769 -18.6703 -16.3245
  vertex -18.3372 -5.74399 -16.2596
  vertex 4.30685 -18.7082 -16.3042
  endloop
 endfacet
 facet normal -0.438079 -0.758775 0.482024
  outer loop
  vertex 3.76272 -19.698 -16.7055
  vertex -18.9264 -6.57186 -16.6637
  vertex -18.94 -6.59056 -16.7055
  endloop
 endfacet
 facet normal -0.438059 -0.75874 0.482097
  outer loop
  vertex -18.9264 -6.57186 -16.6637
  vertex 3.76272 -19.698 -16.7055
  vertex 3.79819 -19.6334 -16.5716
  endloop
 endfacet
 facet normal -0.484315 -0.838854 -0.248521
  outer loop
  vertex -18.94 -6.59056 -17.2945
  vertex 3.73869 -19.7417 -17.1003
  vertex -18.9694 -6.63112 -17.1003
  endloop
 endfacet
 facet normal -0.484293 -0.83882 -0.248678
  outer loop
  vertex 3.73869 -19.7417 -17.1003
  vertex -18.94 -6.59056 -17.2945
  vertex 3.76272 -19.698 -17.2945
  endloop
 endfacet
 facet normal 0.404292 0.700257 0.588378
  outer loop
  vertex -18.1845 -5.35836 -16.6146
  vertex 4.4454 -18.4562 -16.5759
  vertex 4.45894 -18.4315 -16.6146
  endloop
 endfacet
 facet normal 0.404528 0.700663 0.587732
  outer loop
  vertex 4.4454 -18.4562 -16.5759
  vertex -18.1845 -5.35836 -16.6146
  vertex -18.2179 -5.44267 -16.4911
  endloop
 endfacet
 facet normal 0.318827 0.552223 0.770324
  outer loop
  vertex -18.2858 -5.61436 -16.3245
  vertex 4.34544 -18.638 -16.355
  vertex -18.2421 -5.50386 -16.4218
  endloop
 endfacet
 facet normal 0.318826 0.552222 0.770325
  outer loop
  vertex 4.34544 -18.638 -16.355
  vertex -18.2858 -5.61436 -16.3245
  vertex 4.32769 -18.6703 -16.3245
  endloop
 endfacet
 facet normal 0.318818 0.552205 0.770341
  outer loop
  vertex -18.2421 -5.50386 -16.4218
  vertex 4.40214 -18.5349 -16.4524
  vertex -18.2283 -5.46914 -16.4524
  endloop
 endfacet
 facet normal 0.318874 0.552303 0.770247
  outer loop
  vertex 4.40214 -18.5349 -16.4524
  vertex -18.2421 -5.50386 -16.4218
  vertex 4.34544 -18.638 -16.355
  endloop
 endfacet
 facet normal -0.438305 -0.759166 0.481202
  outer loop
  vertex -18.8829 -6.51197 -16.5298
  vertex 3.79819 -19.6334 -16.5716
  vertex 3.80927 -19.6133 -16.5298
  endloop
 endfacet
 facet normal -0.438149 -0.758898 0.481767
  outer loop
  vertex 3.79819 -19.6334 -16.5716
  vertex -18.8829 -6.51197 -16.5298
  vertex -18.9264 -6.57186 -16.6637
  endloop
 endfacet
 facet normal -0.364527 -0.631376 0.68446
  outer loop
  vertex -18.8017 -6.4003 -16.3836
  vertex 3.80927 -19.6133 -16.5298
  vertex 3.87542 -19.493 -16.3836
  endloop
 endfacet
 facet normal -0.364462 -0.631266 0.684595
  outer loop
  vertex 3.80927 -19.6133 -16.5298
  vertex -18.8017 -6.4003 -16.3836
  vertex -18.8829 -6.51197 -16.5298
  endloop
 endfacet
 facet normal -0.364526 -0.631376 -0.68446
  outer loop
  vertex 3.80927 -19.6133 -17.4702
  vertex -18.8017 -6.4003 -17.6164
  vertex 3.87542 -19.493 -17.6164
  endloop
 endfacet
 facet normal -0.364462 -0.631267 -0.684594
  outer loop
  vertex -18.8017 -6.4003 -17.6164
  vertex 3.80927 -19.6133 -17.4702
  vertex -18.8829 -6.51197 -17.4702
  endloop
 endfacet
 facet normal 0.0939389 0.162708 -0.982192
  outer loop
  vertex 4.16795 -18.9608 -17.7895
  vertex -18.3543 -5.78438 -17.7608
  vertex 4.24026 -18.8293 -17.7608
  endloop
 endfacet
 facet normal 0.0945992 0.163836 -0.981941
  outer loop
  vertex -18.3543 -5.78438 -17.7608
  vertex 4.16795 -18.9608 -17.7895
  vertex -18.3822 -5.82281 -17.7699
  endloop
 endfacet
 facet normal 0.212837 0.368643 -0.904877
  outer loop
  vertex -18.3518 -5.78104 -17.7589
  vertex 4.30685 -18.7082 -17.6958
  vertex 4.24026 -18.8293 -17.7608
  endloop
 endfacet
 facet normal 0.212567 0.368168 -0.905134
  outer loop
  vertex 4.30685 -18.7082 -17.6958
  vertex -18.3518 -5.78104 -17.7589
  vertex -18.3372 -5.74399 -17.7404
  endloop
 endfacet
 facet normal 0.20846 0.361065 -0.908943
  outer loop
  vertex -18.3518 -5.78104 -17.7589
  vertex 4.24026 -18.8293 -17.7608
  vertex -18.3543 -5.78438 -17.7608
  endloop
 endfacet
 facet normal -0.484315 -0.838855 0.24852
  outer loop
  vertex 3.73869 -19.7417 -16.8997
  vertex -18.94 -6.59056 -16.7055
  vertex -18.9694 -6.63112 -16.8997
  endloop
 endfacet
 facet normal -0.484294 -0.83882 0.248679
  outer loop
  vertex -18.94 -6.59056 -16.7055
  vertex 3.73869 -19.7417 -16.8997
  vertex 3.76272 -19.698 -16.7055
  endloop
 endfacet
 facet normal 0.212568 0.368169 0.905133
  outer loop
  vertex -18.3518 -5.78104 -16.2411
  vertex 4.30685 -18.7082 -16.3042
  vertex -18.3372 -5.74399 -16.2596
  endloop
 endfacet
 facet normal 0.212839 0.368646 0.904876
  outer loop
  vertex 4.30685 -18.7082 -16.3042
  vertex -18.3518 -5.78104 -16.2411
  vertex 4.24026 -18.8293 -16.2392
  endloop
 endfacet
 facet normal 0.208448 0.361043 0.908954
  outer loop
  vertex 4.24026 -18.8293 -16.2392
  vertex -18.3518 -5.78104 -16.2411
  vertex -18.3543 -5.78438 -16.2392
  endloop
 endfacet
 facet normal 0.0939391 0.162708 0.982192
  outer loop
  vertex -18.3543 -5.78438 -16.2392
  vertex 4.16795 -18.9608 -16.2105
  vertex 4.24026 -18.8293 -16.2392
  endloop
 endfacet
 facet normal 0.0946001 0.163837 0.981941
  outer loop
  vertex 4.16795 -18.9608 -16.2105
  vertex -18.3543 -5.78438 -16.2392
  vertex -18.3822 -5.82281 -16.2301
  endloop
 endfacet
 facet normal 0.404476 0.700569 0.58788
  outer loop
  vertex 4.40214 -18.5349 -16.4524
  vertex -18.2179 -5.44267 -16.4911
  vertex -18.2283 -5.46914 -16.4524
  endloop
 endfacet
 facet normal 0.404417 0.700467 0.588041
  outer loop
  vertex -18.2179 -5.44267 -16.4911
  vertex 4.40214 -18.5349 -16.4524
  vertex 4.4454 -18.4562 -16.5759
  endloop
 endfacet
 facet normal -0.154335 -0.267316 0.951169
  outer loop
  vertex -18.589 -6.10742 -16.2142
  vertex 3.957 -19.3446 -16.2761
  vertex 4.0489 -19.1774 -16.2142
  endloop
 endfacet
 facet normal -0.154368 -0.267372 0.951148
  outer loop
  vertex 3.957 -19.3446 -16.2761
  vertex -18.589 -6.10742 -16.2142
  vertex -18.7017 -6.26256 -16.2761
  endloop
 endfacet
 facet normal 0.465042 0.805472 0.367357
  outer loop
  vertex -18.1636 -5.30552 -16.7566
  vertex 4.45894 -18.4315 -16.6146
  vertex 4.46742 -18.4161 -16.6591
  endloop
 endfacet
 facet normal 0.4649 0.805233 0.368059
  outer loop
  vertex 4.45894 -18.4315 -16.6146
  vertex -18.1636 -5.30552 -16.7566
  vertex -18.1845 -5.35836 -16.6146
  endloop
 endfacet
 facet normal 0.496087 -0.859249 -0.124858
  outer loop
  vertex 9.7092 21.3775 9.80105
  vertex -23.367 2.27757 9.82453
  vertex -23.3681 2.28035 9.80105
  endloop
 endfacet
 facet normal 0.496076 -0.859231 -0.125025
  outer loop
  vertex -23.367 2.27757 9.82453
  vertex 9.7092 21.3775 9.80105
  vertex 9.72312 21.36 9.97653
  endloop
 endfacet
 facet normal -0.0314 0.0543864 -0.998026
  outer loop
  vertex -23.6542 2.95188 9.20158
  vertex 9.19865 22.123 9.21267
  vertex 9.27073 21.9611 9.20158
  endloop
 endfacet
 facet normal -0.0314169 0.0544154 -0.998024
  outer loop
  vertex 9.19865 22.123 9.21267
  vertex -23.6542 2.95188 9.20158
  vertex -23.6684 2.97137 9.20309
  endloop
 endfacet
 facet normal 0.495929 -0.858975 -0.127343
  outer loop
  vertex -23.3587 2.25673 10
  vertex 9.72312 21.36 9.97653
  vertex 9.72498 21.3576 10
  endloop
 endfacet
 facet normal 0.496047 -0.859177 -0.125511
  outer loop
  vertex 9.72312 21.36 9.97653
  vertex -23.3587 2.25673 10
  vertex -23.367 2.27757 9.82453
  endloop
 endfacet
 facet normal -0.154559 0.267704 -0.951024
  outer loop
  vertex -23.8718 3.25136 9.26876
  vertex 9.11087 22.3201 9.27614
  vertex 9.17956 22.1659 9.22157
  endloop
 endfacet
 facet normal -0.154316 0.267285 -0.951181
  outer loop
  vertex 9.11087 22.3201 9.27614
  vertex -23.8718 3.25136 9.26876
  vertex -23.8853 3.26983 9.27614
  endloop
 endfacet
 facet normal -0.154619 0.267807 -0.950985
  outer loop
  vertex -23.7725 3.11468 9.21417
  vertex 9.17956 22.1659 9.22157
  vertex 9.18887 22.145 9.21417
  endloop
 endfacet
 facet normal -0.154497 0.267597 -0.951064
  outer loop
  vertex 9.17956 22.1659 9.22157
  vertex -23.7725 3.11468 9.21417
  vertex -23.8718 3.25136 9.26876
  endloop
 endfacet
 facet normal 0.212943 -0.368827 -0.904777
  outer loop
  vertex -23.4969 2.60574 9.32454
  vertex 9.3779 21.7955 9.23915
  vertex 9.49182 21.6518 9.32454
  endloop
 endfacet
 facet normal 0.212919 -0.368786 -0.9048
  outer loop
  vertex 9.3779 21.7955 9.23915
  vertex -23.4969 2.60574 9.32454
  vertex -23.5644 2.77627 9.23915
  endloop
 endfacet
 facet normal -0.267931 0.464071 -0.844305
  outer loop
  vertex -23.8853 3.26983 9.27614
  vertex 9.10264 22.3386 9.28892
  vertex 9.11087 22.3201 9.27614
  endloop
 endfacet
 facet normal -0.267981 0.464159 -0.844241
  outer loop
  vertex 9.10264 22.3386 9.28892
  vertex -23.8853 3.26983 9.27614
  vertex -23.9734 3.39121 9.37084
  endloop
 endfacet
 facet normal -0.0312636 0.0541532 0.998043
  outer loop
  vertex 9.18887 22.145 10.7858
  vertex -23.6684 2.97137 10.7969
  vertex 9.19865 22.123 10.7873
  endloop
 endfacet
 facet normal -0.0314427 0.0544601 0.998021
  outer loop
  vertex -23.6684 2.97137 10.7969
  vertex 9.18887 22.145 10.7858
  vertex -23.7725 3.11468 10.7858
  endloop
 endfacet
 facet normal -0.154627 0.267821 0.95098
  outer loop
  vertex 9.17956 22.1659 10.7784
  vertex -23.7725 3.11468 10.7858
  vertex 9.18887 22.145 10.7858
  endloop
 endfacet
 facet normal -0.154527 0.267649 0.951044
  outer loop
  vertex -23.7725 3.11468 10.7858
  vertex 9.17956 22.1659 10.7784
  vertex -23.8718 3.25136 10.7312
  endloop
 endfacet
 facet normal -0.267895 0.464008 0.844351
  outer loop
  vertex 9.04163 22.4757 10.6164
  vertex -23.9734 3.39121 10.6292
  vertex 9.10264 22.3386 10.7111
  endloop
 endfacet
 facet normal -0.268487 0.465032 0.8436
  outer loop
  vertex -23.9734 3.39121 10.6292
  vertex 9.04163 22.4757 10.6164
  vertex -23.9853 3.40756 10.6164
  endloop
 endfacet
 facet normal 0.0936416 -0.162192 0.982306
  outer loop
  vertex 9.36309 21.8142 10.7653
  vertex -23.5644 2.77627 10.7608
  vertex 9.3779 21.7955 10.7608
  endloop
 endfacet
 facet normal 0.0937095 -0.16231 0.98228
  outer loop
  vertex 9.36309 21.8142 10.7653
  vertex -23.6097 2.89052 10.784
  vertex -23.5644 2.77627 10.7608
  endloop
 endfacet
 facet normal 0.093846 -0.162547 0.982228
  outer loop
  vertex -23.6097 2.89052 10.784
  vertex 9.36309 21.8142 10.7653
  vertex -23.6403 2.93267 10.7939
  endloop
 endfacet
 facet normal 0.404558 -0.700715 0.587649
  outer loop
  vertex -23.3956 2.34974 10.3854
  vertex 9.65409 21.4471 10.4046
  vertex -23.4342 2.44738 10.5284
  endloop
 endfacet
 facet normal 0.404084 -0.699896 0.588949
  outer loop
  vertex 9.65409 21.4471 10.4046
  vertex -23.3956 2.34974 10.3854
  vertex 9.66285 21.436 10.3854
  endloop
 endfacet
 facet normal 0.464838 -0.805124 0.368376
  outer loop
  vertex -23.3713 2.28855 10.221
  vertex 9.66285 21.436 10.3854
  vertex -23.3956 2.34974 10.3854
  endloop
 endfacet
 facet normal 0.464844 -0.805135 0.368344
  outer loop
  vertex 9.66285 21.436 10.3854
  vertex -23.3713 2.28855 10.221
  vertex 9.66833 21.4291 10.3634
  endloop
 endfacet
 facet normal 0.464849 -0.805144 -0.368318
  outer loop
  vertex 9.66285 21.436 9.6146
  vertex -23.3713 2.28855 9.77903
  vertex -23.3956 2.34974 9.6146
  endloop
 endfacet
 facet normal 0.464949 -0.805313 -0.367823
  outer loop
  vertex -23.3713 2.28855 9.77903
  vertex 9.66285 21.436 9.6146
  vertex 9.66833 21.4291 9.63664
  endloop
 endfacet
 facet normal -0.364574 0.63146 -0.684357
  outer loop
  vertex -23.9853 3.40756 9.38359
  vertex 8.99213 22.5868 9.51247
  vertex 9.04163 22.4757 9.38359
  endloop
 endfacet
 facet normal -0.364693 0.631663 -0.684106
  outer loop
  vertex 8.99213 22.5868 9.51247
  vertex -23.9853 3.40756 9.38359
  vertex -23.9949 3.4208 9.40093
  endloop
 endfacet
 facet normal 0.21276 -0.368511 0.904949
  outer loop
  vertex 9.3779 21.7955 10.7608
  vertex -23.4969 2.60574 10.6755
  vertex 9.49182 21.6518 10.6755
  endloop
 endfacet
 facet normal 0.212736 -0.368469 0.904972
  outer loop
  vertex -23.4969 2.60574 10.6755
  vertex 9.3779 21.7955 10.7608
  vertex -23.5644 2.77627 10.7608
  endloop
 endfacet
 facet normal -0.484344 0.838911 -0.248273
  outer loop
  vertex -24.1236 3.59782 9.7055
  vertex 8.94357 22.6959 9.72845
  vertex 8.94598 22.6905 9.7055
  endloop
 endfacet
 facet normal -0.484322 0.838872 -0.248448
  outer loop
  vertex 8.94357 22.6959 9.72845
  vertex -24.1236 3.59782 9.7055
  vertex -24.1495 3.6336 9.8768
  endloop
 endfacet
 facet normal -0.438194 0.758974 -0.481607
  outer loop
  vertex -24.0665 3.51923 9.52977
  vertex 8.94598 22.6905 9.7055
  vertex 8.98549 22.6018 9.52977
  endloop
 endfacet
 facet normal -0.438151 0.758902 -0.48176
  outer loop
  vertex 8.94598 22.6905 9.7055
  vertex -24.0665 3.51923 9.52977
  vertex -24.1236 3.59782 9.7055
  endloop
 endfacet
 facet normal -0.267833 0.4639 -0.84443
  outer loop
  vertex -23.9734 3.39121 9.37084
  vertex 9.04163 22.4757 9.38359
  vertex 9.10264 22.3386 9.28892
  endloop
 endfacet
 facet normal -0.267729 0.46372 -0.844562
  outer loop
  vertex 9.04163 22.4757 9.38359
  vertex -23.9734 3.39121 9.37084
  vertex -23.9853 3.40756 9.38359
  endloop
 endfacet
 facet normal 0.319484 -0.553346 0.769245
  outer loop
  vertex 9.49182 21.6518 10.6755
  vertex -23.4462 2.47775 10.5628
  vertex 9.50337 21.6372 10.6602
  endloop
 endfacet
 facet normal 0.318764 -0.552115 0.770428
  outer loop
  vertex -23.4462 2.47775 10.5628
  vertex 9.49182 21.6518 10.6755
  vertex -23.4969 2.60574 10.6755
  endloop
 endfacet
 facet normal 0.496049 -0.859179 0.125486
  outer loop
  vertex -23.3587 2.25673 10
  vertex 9.72312 21.36 10.0235
  vertex -23.367 2.27757 10.1755
  endloop
 endfacet
 facet normal 0.495949 -0.859008 0.127042
  outer loop
  vertex 9.72312 21.36 10.0235
  vertex -23.3587 2.25673 10
  vertex 9.72498 21.3576 10
  endloop
 endfacet
 facet normal 0.404116 -0.69995 -0.588863
  outer loop
  vertex -23.3956 2.34974 9.6146
  vertex 9.65409 21.4471 9.5954
  vertex 9.66285 21.436 9.6146
  endloop
 endfacet
 facet normal 0.404559 -0.700717 -0.587645
  outer loop
  vertex 9.65409 21.4471 9.5954
  vertex -23.3956 2.34974 9.6146
  vertex -23.4342 2.44738 9.4716
  endloop
 endfacet
 facet normal 0.318359 -0.551421 -0.771092
  outer loop
  vertex -23.4462 2.47775 9.43719
  vertex 9.49182 21.6518 9.32454
  vertex 9.50337 21.6372 9.33975
  endloop
 endfacet
 facet normal 0.318681 -0.551971 -0.770565
  outer loop
  vertex 9.49182 21.6518 9.32454
  vertex -23.4462 2.47775 9.43719
  vertex -23.4969 2.60574 9.32454
  endloop
 endfacet
 facet normal 0.0937029 -0.162298 -0.982283
  outer loop
  vertex -23.6403 2.93267 9.20608
  vertex 9.30157 21.8918 9.21597
  vertex 9.36309 21.8142 9.23466
  endloop
 endfacet
 facet normal 0.0936886 -0.162273 -0.982288
  outer loop
  vertex -23.6403 2.93267 9.20608
  vertex 9.27073 21.9611 9.20158
  vertex 9.30157 21.8918 9.21597
  endloop
 endfacet
 facet normal 0.0937167 -0.162322 -0.982277
  outer loop
  vertex 9.27073 21.9611 9.20158
  vertex -23.6403 2.93267 9.20608
  vertex -23.6542 2.95188 9.20158
  endloop
 endfacet
 facet normal 0.0934552 -0.161869 -0.982377
  outer loop
  vertex -23.5644 2.77627 9.23915
  vertex 9.36309 21.8142 9.23466
  vertex 9.3779 21.7955 9.23915
  endloop
 endfacet
 facet normal 0.0936317 -0.162175 -0.98231
  outer loop
  vertex -23.6097 2.89052 9.21597
  vertex 9.36309 21.8142 9.23466
  vertex -23.5644 2.77627 9.23915
  endloop
 endfacet
 facet normal 0.0937573 -0.162393 -0.982262
  outer loop
  vertex 9.36309 21.8142 9.23466
  vertex -23.6097 2.89052 9.21597
  vertex -23.6403 2.93267 9.20608
  endloop
 endfacet
 facet normal -0.36376 0.630069 -0.68607
  outer loop
  vertex -23.9949 3.4208 9.40093
  vertex 8.98549 22.6018 9.52977
  vertex 8.99213 22.5868 9.51247
  endloop
 endfacet
 facet normal -0.364405 0.631168 -0.684717
  outer loop
  vertex 8.98549 22.6018 9.52977
  vertex -23.9949 3.4208 9.40093
  vertex -24.0665 3.51923 9.52977
  endloop
 endfacet
 facet normal -0.484292 0.838818 0.248689
  outer loop
  vertex 8.92558 22.7363 10.1003
  vertex -24.1495 3.6336 10.1232
  vertex 8.94357 22.6959 10.2716
  endloop
 endfacet
 facet normal -0.484197 0.838655 0.249421
  outer loop
  vertex -24.1495 3.6336 10.1232
  vertex 8.92558 22.7363 10.1003
  vertex -24.153 3.63839 10.1003
  endloop
 endfacet
 facet normal 0.464951 -0.805316 0.367812
  outer loop
  vertex -23.3681 2.28035 10.199
  vertex 9.66833 21.4291 10.3634
  vertex -23.3713 2.28855 10.221
  endloop
 endfacet
 facet normal 0.464858 -0.805159 0.368275
  outer loop
  vertex 9.66833 21.4291 10.3634
  vertex -23.3681 2.28035 10.199
  vertex 9.7092 21.3775 10.199
  endloop
 endfacet
 facet normal 0.404207 -0.700107 0.588614
  outer loop
  vertex -23.4342 2.44738 10.5284
  vertex 9.58884 21.5294 10.5476
  vertex -23.4394 2.46052 10.5476
  endloop
 endfacet
 facet normal 0.404504 -0.70062 0.5878
  outer loop
  vertex 9.58884 21.5294 10.5476
  vertex -23.4342 2.44738 10.5284
  vertex 9.65409 21.4471 10.4046
  endloop
 endfacet
 facet normal 0.404498 -0.70061 -0.587816
  outer loop
  vertex 9.58884 21.5294 9.45236
  vertex -23.4342 2.44738 9.4716
  vertex -23.4394 2.46052 9.45236
  endloop
 endfacet
 facet normal 0.404543 -0.700689 -0.58769
  outer loop
  vertex -23.4342 2.44738 9.4716
  vertex 9.58884 21.5294 9.45236
  vertex 9.65409 21.4471 9.5954
  endloop
 endfacet
 facet normal 0.465007 -0.805409 -0.367539
  outer loop
  vertex 9.66833 21.4291 9.63664
  vertex -23.3681 2.28035 9.80105
  vertex -23.3713 2.28855 9.77903
  endloop
 endfacet
 facet normal 0.464861 -0.805164 -0.368259
  outer loop
  vertex -23.3681 2.28035 9.80105
  vertex 9.66833 21.4291 9.63664
  vertex 9.7092 21.3775 9.80105
  endloop
 endfacet
 facet normal -0.0312625 0.0541504 -0.998043
  outer loop
  vertex -23.6684 2.97137 9.20309
  vertex 9.18887 22.145 9.21417
  vertex 9.19865 22.123 9.21267
  endloop
 endfacet
 facet normal -0.031389 0.0543671 -0.998028
  outer loop
  vertex 9.18887 22.145 9.21417
  vertex -23.6684 2.97137 9.20309
  vertex -23.7725 3.11468 9.21417
  endloop
 endfacet
 facet normal -0.363789 0.63012 0.686007
  outer loop
  vertex 8.98549 22.6018 10.4702
  vertex -23.9949 3.4208 10.5991
  vertex 8.99213 22.5868 10.4875
  endloop
 endfacet
 facet normal -0.364488 0.631312 0.684539
  outer loop
  vertex -23.9949 3.4208 10.5991
  vertex 8.98549 22.6018 10.4702
  vertex -24.0665 3.51923 10.4702
  endloop
 endfacet
 facet normal -0.364598 0.631501 0.684306
  outer loop
  vertex 8.99213 22.5868 10.4875
  vertex -23.9853 3.40756 10.6164
  vertex 9.04163 22.4757 10.6164
  endloop
 endfacet
 facet normal -0.364266 0.630935 0.685004
  outer loop
  vertex -23.9853 3.40756 10.6164
  vertex 8.99213 22.5868 10.4875
  vertex -23.9949 3.4208 10.5991
  endloop
 endfacet
 facet normal -0.438175 0.758942 0.481674
  outer loop
  vertex 8.94598 22.6905 10.2945
  vertex -24.0665 3.51923 10.4702
  vertex 8.98549 22.6018 10.4702
  endloop
 endfacet
 facet normal -0.438132 0.758868 0.481829
  outer loop
  vertex -24.0665 3.51923 10.4702
  vertex 8.94598 22.6905 10.2945
  vertex -24.1236 3.59782 10.2945
  endloop
 endfacet
 facet normal -0.484284 0.838806 0.248745
  outer loop
  vertex 8.94357 22.6959 10.2716
  vertex -24.1236 3.59782 10.2945
  vertex 8.94598 22.6905 10.2945
  endloop
 endfacet
 facet normal -0.484322 0.838872 0.248446
  outer loop
  vertex -24.1236 3.59782 10.2945
  vertex 8.94357 22.6959 10.2716
  vertex -24.1495 3.6336 10.1232
  endloop
 endfacet
 facet normal -0.0314268 0.0544327 0.998023
  outer loop
  vertex 9.19865 22.123 10.7873
  vertex -23.6542 2.95188 10.7984
  vertex 9.27073 21.9611 10.7984
  endloop
 endfacet
 facet normal -0.0312175 0.0540742 0.998049
  outer loop
  vertex -23.6542 2.95188 10.7984
  vertex 9.19865 22.123 10.7873
  vertex -23.6684 2.97137 10.7969
  endloop
 endfacet
 facet normal 0.0937536 -0.162386 0.982263
  outer loop
  vertex 9.30157 21.8918 10.784
  vertex -23.6403 2.93267 10.7939
  vertex 9.36309 21.8142 10.7653
  endloop
 endfacet
 facet normal 0.0937525 -0.162384 0.982264
  outer loop
  vertex 9.27073 21.9611 10.7984
  vertex -23.6403 2.93267 10.7939
  vertex 9.30157 21.8918 10.784
  endloop
 endfacet
 facet normal 0.0937145 -0.162318 0.982278
  outer loop
  vertex -23.6403 2.93267 10.7939
  vertex 9.27073 21.9611 10.7984
  vertex -23.6542 2.95188 10.7984
  endloop
 endfacet
 facet normal 0.496088 -0.859251 0.124836
  outer loop
  vertex -23.367 2.27757 10.1755
  vertex 9.7092 21.3775 10.199
  vertex -23.3681 2.28035 10.199
  endloop
 endfacet
 facet normal 0.496076 -0.859231 0.125024
  outer loop
  vertex 9.7092 21.3775 10.199
  vertex -23.367 2.27757 10.1755
  vertex 9.72312 21.36 10.0235
  endloop
 endfacet
 facet normal 0.318754 -0.552097 -0.770445
  outer loop
  vertex -23.4394 2.46052 9.45236
  vertex 9.50337 21.6372 9.33975
  vertex 9.58884 21.5294 9.45236
  endloop
 endfacet
 facet normal 0.318879 -0.552312 -0.770239
  outer loop
  vertex 9.50337 21.6372 9.33975
  vertex -23.4394 2.46052 9.45236
  vertex -23.4462 2.47775 9.43719
  endloop
 endfacet
 facet normal -0.484246 0.838739 -0.249046
  outer loop
  vertex 8.92558 22.7363 9.89973
  vertex -24.1495 3.6336 9.8768
  vertex -24.153 3.63839 9.89973
  endloop
 endfacet
 facet normal -0.484288 0.838812 -0.248715
  outer loop
  vertex -24.1495 3.6336 9.8768
  vertex 8.92558 22.7363 9.89973
  vertex 8.94357 22.6959 9.72845
  endloop
 endfacet
 facet normal 0.318738 -0.55207 0.77047
  outer loop
  vertex 9.50337 21.6372 10.6602
  vertex -23.4394 2.46052 10.5476
  vertex 9.58884 21.5294 10.5476
  endloop
 endfacet
 facet normal 0.319263 -0.552967 0.769609
  outer loop
  vertex -23.4394 2.46052 10.5476
  vertex 9.50337 21.6372 10.6602
  vertex -23.4462 2.47775 10.5628
  endloop
 endfacet
 facet normal -0.154384 0.267397 0.951138
  outer loop
  vertex 9.11087 22.3201 10.7239
  vertex -23.8718 3.25136 10.7312
  vertex 9.17956 22.1659 10.7784
  endloop
 endfacet
 facet normal -0.152801 0.26466 0.952159
  outer loop
  vertex -23.8718 3.25136 10.7312
  vertex 9.11087 22.3201 10.7239
  vertex -23.8853 3.26983 10.7239
  endloop
 endfacet
 facet normal -0.268234 0.464596 0.84392
  outer loop
  vertex 9.10264 22.3386 10.7111
  vertex -23.8853 3.26983 10.7239
  vertex 9.11087 22.3201 10.7239
  endloop
 endfacet
 facet normal -0.267982 0.464162 0.844239
  outer loop
  vertex -23.8853 3.26983 10.7239
  vertex 9.10264 22.3386 10.7111
  vertex -23.9734 3.39121 10.6292
  endloop
 endfacet
 facet normal -0.5 0.866026 0
  outer loop
  vertex 8.92558 22.7363 9.89973
  vertex -24.153 3.63839 10.1003
  vertex 8.92558 22.7363 10.1003
  endloop
 endfacet
 facet normal -0.5 0.866026 0
  outer loop
  vertex -24.153 3.63839 10.1003
  vertex 8.92558 22.7363 9.89973
  vertex -24.153 3.63839 9.89973
  endloop
 endfacet
 facet normal 0.728628 0 -0.68491
  outer loop
  vertex 14.96 19.0698 9.40093
  vertex 14.9437 -19.0372 9.38359
  vertex 14.9437 19.0681 9.38359
  endloop
 endfacet
 facet normal 0.728884 -2.33679e-07 -0.684637
  outer loop
  vertex 14.9437 -19.0372 9.38359
  vertex 14.96 19.0698 9.40093
  vertex 15.0647 -19.0603 9.51241
  endloop
 endfacet
 facet normal -0.929812 0 -0.368035
  outer loop
  vertex 13.6589 -19.0843 9.80105
  vertex 13.7327 19.0863 9.6146
  vertex 13.7327 -19.0796 9.6146
  endloop
 endfacet
 facet normal -0.929812 0 -0.368035
  outer loop
  vertex 13.7327 19.0863 9.6146
  vertex 13.6589 -19.0843 9.80105
  vertex 13.6589 19.0972 9.80105
  endloop
 endfacet
 facet normal 0.308577 0 0.9512
  outer loop
  vertex 14.6064 19.0327 10.7784
  vertex 14.7744 -19.0141 10.7239
  vertex 14.7744 19.0503 10.7239
  endloop
 endfacet
 facet normal 0.308734 7.69894e-07 0.951148
  outer loop
  vertex 14.7744 -19.0141 10.7239
  vertex 14.6064 19.0327 10.7784
  vertex 14.7516 -19.0155 10.7313
  endloop
 endfacet
 facet normal 0.309929 4.57173e-06 -0.95076
  outer loop
  vertex 14.7516 -19.0155 9.26872
  vertex 14.5837 19.0303 9.21417
  vertex 14.6064 19.0327 9.22157
  endloop
 endfacet
 facet normal 0.308992 0 -0.951065
  outer loop
  vertex 14.5837 19.0303 9.21417
  vertex 14.7516 -19.0155 9.26872
  vertex 14.5837 -19.0261 9.21417
  endloop
 endfacet
 facet normal -0.808013 0 0.589164
  outer loop
  vertex 13.7327 -19.0796 10.3854
  vertex 13.7467 19.0842 10.4046
  vertex 13.7327 19.0863 10.3854
  endloop
 endfacet
 facet normal -0.809006 1.05056e-06 0.5878
  outer loop
  vertex 13.7467 19.0842 10.4046
  vertex 13.7327 -19.0796 10.3854
  vertex 13.8366 -19.0731 10.5284
  endloop
 endfacet
 facet normal -0.425536 0 0.904942
  outer loop
  vertex 14.0051 -19.0625 10.6755
  vertex 14.1865 19.0193 10.7608
  vertex 14.0051 19.0461 10.6755
  endloop
 endfacet
 facet normal -0.425536 0 0.904942
  outer loop
  vertex 14.1865 19.0193 10.7608
  vertex 14.0051 -19.0625 10.6755
  vertex 14.1865 -19.0511 10.7608
  endloop
 endfacet
 facet normal 0.968667 0 -0.248363
  outer loop
  vertex 15.2274 19.0979 9.89973
  vertex 15.1776 -19.0819 9.7055
  vertex 15.1776 19.0927 9.7055
  endloop
 endfacet
 facet normal 0.968667 0 -0.248363
  outer loop
  vertex 15.1776 -19.0819 9.7055
  vertex 15.2274 19.0979 9.89973
  vertex 15.2274 -19.0914 9.89973
  endloop
 endfacet
 facet normal 0.0627816 8.7048e-08 -0.998027
  outer loop
  vertex 14.4074 -19.0372 9.20308
  vertex 14.3835 19.0092 9.20158
  vertex 14.5598 19.0278 9.21267
  endloop
 endfacet
 facet normal 0.0626436 0 -0.998036
  outer loop
  vertex 14.3835 19.0092 9.20158
  vertex 14.4074 -19.0372 9.20308
  vertex 14.3835 -19.0387 9.20158
  endloop
 endfacet
 facet normal 0.727818 0 0.68577
  outer loop
  vertex 14.9437 -19.0372 10.6164
  vertex 14.96 19.0698 10.5991
  vertex 14.9437 19.0681 10.6164
  endloop
 endfacet
 facet normal 0.728829 -9.19674e-07 0.684696
  outer loop
  vertex 14.96 19.0698 10.5991
  vertex 14.9437 -19.0372 10.6164
  vertex 15.0647 -19.0603 10.4876
  endloop
 endfacet
 facet normal -0.809025 1.07031e-06 -0.587774
  outer loop
  vertex 13.7327 -19.0796 9.6146
  vertex 13.7467 19.0842 9.5954
  vertex 13.8366 -19.0731 9.47159
  endloop
 endfacet
 facet normal -0.808014 0 -0.589164
  outer loop
  vertex 13.7467 19.0842 9.5954
  vertex 13.7327 -19.0796 9.6146
  vertex 13.7327 19.0863 9.6146
  endloop
 endfacet
 facet normal 0.535821 0 -0.844331
  outer loop
  vertex 14.8105 -19.0118 9.29906
  vertex 14.9437 19.0681 9.38359
  vertex 14.9437 -19.0372 9.38359
  endloop
 endfacet
 facet normal 0.535649 8.47233e-07 -0.844441
  outer loop
  vertex 14.9437 19.0681 9.38359
  vertex 14.8105 -19.0118 9.29906
  vertex 14.9236 19.066 9.37084
  endloop
 endfacet
 facet normal 0.537083 -5.13254e-06 -0.843529
  outer loop
  vertex 14.9236 19.066 9.37084
  vertex 14.8105 -19.0118 9.29906
  vertex 14.7947 -19.0128 9.289
  endloop
 endfacet
 facet normal 0.876284 0 -0.481795
  outer loop
  vertex 15.1662 19.0915 9.68473
  vertex 15.081 -19.0634 9.52977
  vertex 15.081 19.0825 9.52977
  endloop
 endfacet
 facet normal 0.877519 -1.19107e-05 -0.479542
  outer loop
  vertex 15.081 -19.0634 9.52977
  vertex 15.1662 19.0915 9.68473
  vertex 15.0924 -19.0656 9.55063
  endloop
 endfacet
 facet normal 0.0626436 0 0.998036
  outer loop
  vertex 14.5598 19.0278 10.7873
  vertex 14.5837 -19.0261 10.7858
  vertex 14.5837 19.0303 10.7858
  endloop
 endfacet
 facet normal 0.0628354 1.2094e-07 0.998024
  outer loop
  vertex 14.5837 -19.0261 10.7858
  vertex 14.5598 19.0278 10.7873
  vertex 14.4074 -19.0372 10.7969
  endloop
 endfacet
 facet normal 0.728935 6.27886e-08 -0.684583
  outer loop
  vertex 15.081 19.0825 9.52977
  vertex 15.0647 -19.0603 9.51241
  vertex 14.96 19.0698 9.40093
  endloop
 endfacet
 facet normal 0.729004 0 -0.68451
  outer loop
  vertex 15.0647 -19.0603 9.51241
  vertex 15.081 19.0825 9.52977
  vertex 15.081 -19.0634 9.52977
  endloop
 endfacet
 facet normal 0.30949 2.71798e-06 -0.950903
  outer loop
  vertex 14.6064 19.0327 9.22157
  vertex 14.7744 -19.0141 9.27614
  vertex 14.7516 -19.0155 9.26872
  endloop
 endfacet
 facet normal 0.308933 0 -0.951084
  outer loop
  vertex 14.7744 -19.0141 9.27614
  vertex 14.6064 19.0327 9.22157
  vertex 14.7744 19.0503 9.27614
  endloop
 endfacet
 facet normal -0.808445 0 -0.588572
  outer loop
  vertex 13.8366 -19.0731 9.47159
  vertex 13.8506 19.0689 9.45236
  vertex 13.8506 -19.0722 9.45236
  endloop
 endfacet
 facet normal -0.809083 6.76542e-07 -0.587695
  outer loop
  vertex 13.8506 19.0689 9.45236
  vertex 13.8366 -19.0731 9.47159
  vertex 13.7467 19.0842 9.5954
  endloop
 endfacet
 facet normal -0.637443 0 -0.770497
  outer loop
  vertex 13.8506 -19.0722 9.45236
  vertex 14.0051 19.0461 9.32454
  vertex 14.0051 -19.0625 9.32454
  endloop
 endfacet
 facet normal -0.637443 0 -0.770497
  outer loop
  vertex 14.0051 19.0461 9.32454
  vertex 13.8506 -19.0722 9.45236
  vertex 13.8506 19.0689 9.45236
  endloop
 endfacet
 facet normal 0.535885 5.61779e-07 -0.844291
  outer loop
  vertex 14.7947 -19.0128 9.289
  vertex 14.7744 19.0503 9.27614
  vertex 14.9236 19.066 9.37084
  endloop
 endfacet
 facet normal 0.535133 0 -0.844768
  outer loop
  vertex 14.7744 19.0503 9.27614
  vertex 14.7947 -19.0128 9.289
  vertex 14.7744 -19.0141 9.27614
  endloop
 endfacet
 facet normal 0.968658 0 0.248398
  outer loop
  vertex 15.1776 -19.0819 10.2945
  vertex 15.2274 19.0979 10.1003
  vertex 15.1776 19.0927 10.2945
  endloop
 endfacet
 facet normal 0.968658 0 0.248398
  outer loop
  vertex 15.2274 19.0979 10.1003
  vertex 15.1776 -19.0819 10.2945
  vertex 15.2274 -19.0914 10.1003
  endloop
 endfacet
 facet normal 0.0628354 1.20947e-07 0.998024
  outer loop
  vertex 14.3835 19.0092 10.7984
  vertex 14.4074 -19.0372 10.7969
  vertex 14.5598 19.0278 10.7873
  endloop
 endfacet
 facet normal 0.0626436 0 0.998036
  outer loop
  vertex 14.4074 -19.0372 10.7969
  vertex 14.3835 19.0092 10.7984
  vertex 14.3835 -19.0387 10.7984
  endloop
 endfacet
 facet normal -0.992135 0 -0.125174
  outer loop
  vertex 13.6338 -19.0859 10
  vertex 13.6589 19.0972 9.80105
  vertex 13.6589 -19.0843 9.80105
  endloop
 endfacet
 facet normal -0.992135 0 -0.125174
  outer loop
  vertex 13.6589 19.0972 9.80105
  vertex 13.6338 -19.0859 10
  vertex 13.6338 19.1009 10
  endloop
 endfacet
 facet normal -0.992139 0 0.125142
  outer loop
  vertex 13.6338 -19.0859 10
  vertex 13.6589 19.0972 10.199
  vertex 13.6338 19.1009 10
  endloop
 endfacet
 facet normal -0.992139 0 0.125142
  outer loop
  vertex 13.6589 19.0972 10.199
  vertex 13.6338 -19.0859 10
  vertex 13.6589 -19.0843 10.199
  endloop
 endfacet
 facet normal -0.929778 0 0.368122
  outer loop
  vertex 13.6589 -19.0843 10.199
  vertex 13.7327 19.0863 10.3854
  vertex 13.6589 19.0972 10.199
  endloop
 endfacet
 facet normal -0.929778 0 0.368122
  outer loop
  vertex 13.7327 19.0863 10.3854
  vertex 13.6589 -19.0843 10.199
  vertex 13.7327 -19.0796 10.3854
  endloop
 endfacet
 facet normal -0.187322 0 0.982299
  outer loop
  vertex 14.3599 19.0068 10.7939
  vertex 14.3835 -19.0387 10.7984
  vertex 14.3835 19.0092 10.7984
  endloop
 endfacet
 facet normal -0.187399 -4.95269e-08 0.982284
  outer loop
  vertex 14.3835 -19.0387 10.7984
  vertex 14.3599 19.0068 10.7939
  vertex 14.21 -19.0496 10.7653
  endloop
 endfacet
 facet normal -0.425902 0 -0.904769
  outer loop
  vertex 14.0051 -19.0625 9.32454
  vertex 14.1865 19.0193 9.23915
  vertex 14.1865 -19.0511 9.23915
  endloop
 endfacet
 facet normal -0.425902 0 -0.904769
  outer loop
  vertex 14.1865 19.0193 9.23915
  vertex 14.0051 -19.0625 9.32454
  vertex 14.0051 19.0461 9.32454
  endloop
 endfacet
 facet normal -0.187322 0 -0.982299
  outer loop
  vertex 14.3835 -19.0387 9.20158
  vertex 14.3599 19.0068 9.20608
  vertex 14.3835 19.0092 9.20158
  endloop
 endfacet
 facet normal -0.187399 -4.95183e-08 -0.982284
  outer loop
  vertex 14.3599 19.0068 9.20608
  vertex 14.3835 -19.0387 9.20158
  vertex 14.21 -19.0496 9.23468
  endloop
 endfacet
 facet normal -0.63768 0 0.770301
  outer loop
  vertex 13.8506 -19.0722 10.5476
  vertex 14.0051 19.0461 10.6755
  vertex 13.8506 19.0689 10.5476
  endloop
 endfacet
 facet normal -0.63768 0 0.770301
  outer loop
  vertex 14.0051 19.0461 10.6755
  vertex 13.8506 -19.0722 10.5476
  vertex 14.0051 -19.0625 10.6755
  endloop
 endfacet
 facet normal 1 0 0
  outer loop
  vertex 15.2274 -19.0914 10.1003
  vertex 15.2274 19.0979 9.89973
  vertex 15.2274 19.0979 10.1003
  endloop
 endfacet
 facet normal 1 0 0
  outer loop
  vertex 15.2274 19.0979 9.89973
  vertex 15.2274 -19.0914 10.1003
  vertex 15.2274 -19.0914 9.89973
  endloop
 endfacet
 facet normal 0.537161 -7.23115e-06 0.84348
  outer loop
  vertex 14.8105 -19.0118 10.7009
  vertex 14.9437 19.0681 10.6164
  vertex 14.9236 19.066 10.6292
  endloop
 endfacet
 facet normal 0.535688 0 0.844416
  outer loop
  vertex 14.9437 19.0681 10.6164
  vertex 14.8105 -19.0118 10.7009
  vertex 14.9437 -19.0372 10.6164
  endloop
 endfacet
 facet normal 0.538602 -1.3245e-05 0.84256
  outer loop
  vertex 14.8105 -19.0118 10.7009
  vertex 14.9236 19.066 10.6292
  vertex 14.7947 -19.0128 10.711
  endloop
 endfacet
 facet normal 0.729097 6.51052e-07 0.684411
  outer loop
  vertex 15.0647 -19.0603 10.4876
  vertex 15.081 19.0825 10.4702
  vertex 14.96 19.0698 10.5991
  endloop
 endfacet
 facet normal 0.729809 0 0.683651
  outer loop
  vertex 15.081 19.0825 10.4702
  vertex 15.0647 -19.0603 10.4876
  vertex 15.081 -19.0634 10.4702
  endloop
 endfacet
 facet normal 0.876631 -4.49588e-06 -0.481163
  outer loop
  vertex 15.1776 19.0927 9.7055
  vertex 15.0924 -19.0656 9.55063
  vertex 15.1662 19.0915 9.68473
  endloop
 endfacet
 facet normal 0.876164 0 -0.482013
  outer loop
  vertex 15.0924 -19.0656 9.55063
  vertex 15.1776 19.0927 9.7055
  vertex 15.1776 -19.0819 9.7055
  endloop
 endfacet
 facet normal -0.187704 1.19529e-06 0.982226
  outer loop
  vertex 14.3081 19.0013 10.784
  vertex 14.21 -19.0496 10.7653
  vertex 14.3599 19.0068 10.7939
  endloop
 endfacet
 facet normal -0.187409 0 0.982282
  outer loop
  vertex 14.1865 -19.0511 10.7608
  vertex 14.3081 19.0013 10.784
  vertex 14.1865 19.0193 10.7608
  endloop
 endfacet
 facet normal -0.188046 2.11037e-06 0.98216
  outer loop
  vertex 14.3081 19.0013 10.784
  vertex 14.1865 -19.0511 10.7608
  vertex 14.21 -19.0496 10.7653
  endloop
 endfacet
 facet normal -0.187529 4.82695e-07 -0.982259
  outer loop
  vertex 14.21 -19.0496 9.23468
  vertex 14.3081 19.0013 9.21597
  vertex 14.3599 19.0068 9.20608
  endloop
 endfacet
 facet normal -0.186854 -1.32233e-06 -0.982388
  outer loop
  vertex 14.1865 -19.0511 9.23915
  vertex 14.3081 19.0013 9.21597
  vertex 14.21 -19.0496 9.23468
  endloop
 endfacet
 facet normal -0.187253 0 -0.982312
  outer loop
  vertex 14.3081 19.0013 9.21597
  vertex 14.1865 -19.0511 9.23915
  vertex 14.1865 19.0193 9.23915
  endloop
 endfacet
 facet normal 0.0626436 0 -0.998036
  outer loop
  vertex 14.5837 -19.0261 9.21417
  vertex 14.5598 19.0278 9.21267
  vertex 14.5837 19.0303 9.21417
  endloop
 endfacet
 facet normal 0.0627816 8.7043e-08 -0.998027
  outer loop
  vertex 14.5598 19.0278 9.21267
  vertex 14.5837 -19.0261 9.21417
  vertex 14.4074 -19.0372 9.20308
  endloop
 endfacet
 facet normal 0.535885 -3.26639e-07 0.844291
  outer loop
  vertex 14.7744 19.0503 10.7239
  vertex 14.7947 -19.0128 10.711
  vertex 14.9236 19.066 10.6292
  endloop
 endfacet
 facet normal 0.536321 0 0.844014
  outer loop
  vertex 14.7947 -19.0128 10.711
  vertex 14.7744 19.0503 10.7239
  vertex 14.7744 -19.0141 10.7239
  endloop
 endfacet
 facet normal 0.87692 -6.90209e-06 0.480637
  outer loop
  vertex 15.0924 -19.0656 10.4494
  vertex 15.1776 19.0927 10.2945
  vertex 15.1662 19.0915 10.3153
  endloop
 endfacet
 facet normal 0.876203 0 0.481943
  outer loop
  vertex 15.1776 19.0927 10.2945
  vertex 15.0924 -19.0656 10.4494
  vertex 15.1776 -19.0819 10.2945
  endloop
 endfacet
 facet normal 0.876205 0 0.481939
  outer loop
  vertex 15.081 -19.0634 10.4702
  vertex 15.1662 19.0915 10.3153
  vertex 15.081 19.0825 10.4702
  endloop
 endfacet
 facet normal 0.876936 -7.03918e-06 0.480607
  outer loop
  vertex 15.1662 19.0915 10.3153
  vertex 15.081 -19.0634 10.4702
  vertex 15.0924 -19.0656 10.4494
  endloop
 endfacet
 facet normal -0.809006 1.05497e-06 0.587801
  outer loop
  vertex 13.8366 -19.0731 10.5284
  vertex 13.8506 19.0689 10.5476
  vertex 13.7467 19.0842 10.4046
  endloop
 endfacet
 facet normal -0.808 0 0.589183
  outer loop
  vertex 13.8506 19.0689 10.5476
  vertex 13.8366 -19.0731 10.5284
  vertex 13.8506 -19.0722 10.5476
  endloop
 endfacet
 facet normal 0.309929 5.81035e-06 0.95076
  outer loop
  vertex 14.5837 19.0303 10.7858
  vertex 14.7516 -19.0155 10.7313
  vertex 14.6064 19.0327 10.7784
  endloop
 endfacet
 facet normal 0.308737 2.56631e-07 0.951147
  outer loop
  vertex 14.7516 -19.0155 10.7313
  vertex 14.5837 19.0303 10.7858
  vertex 14.5837 -19.0261 10.7858
  endloop
 endfacet
 facet normal 0.496053 0.859189 -0.125404
  outer loop
  vertex 9.6835 -21.3627 9.80105
  vertex -23.367 -2.27757 9.82453
  vertex 9.69908 -21.3461 9.97641
  endloop
 endfacet
 facet normal 0.496082 0.859239 -0.124946
  outer loop
  vertex -23.367 -2.27757 9.82453
  vertex 9.6835 -21.3627 9.80105
  vertex -23.3681 -2.28035 9.80105
  endloop
 endfacet
 facet normal 0.46486 0.805162 0.368266
  outer loop
  vertex -23.3681 -2.28035 10.199
  vertex 9.63777 -21.4114 10.3632
  vertex 9.6835 -21.3627 10.199
  endloop
 endfacet
 facet normal 0.464946 0.805305 0.367844
  outer loop
  vertex 9.63777 -21.4114 10.3632
  vertex -23.3681 -2.28035 10.199
  vertex -23.3713 -2.28855 10.221
  endloop
 endfacet
 facet normal 0.404505 0.700621 -0.587797
  outer loop
  vertex 9.57965 -21.4733 9.51292
  vertex -23.4342 -2.44738 9.4716
  vertex 9.62173 -21.4285 9.59528
  endloop
 endfacet
 facet normal 0.404691 0.700947 -0.587281
  outer loop
  vertex 9.55845 -21.5118 9.45236
  vertex -23.4342 -2.44738 9.4716
  vertex 9.57965 -21.4733 9.51292
  endloop
 endfacet
 facet normal 0.404498 0.700612 -0.587813
  outer loop
  vertex -23.4342 -2.44738 9.4716
  vertex 9.55845 -21.5118 9.45236
  vertex -23.4394 -2.46052 9.45236
  endloop
 endfacet
 facet normal 0.496138 0.859335 -0.124057
  outer loop
  vertex 9.69908 -21.3461 9.97641
  vertex -23.3587 -2.25673 10
  vertex 9.70117 -21.3439 10
  endloop
 endfacet
 facet normal 0.496046 0.859177 -0.125507
  outer loop
  vertex -23.3587 -2.25673 10
  vertex 9.69908 -21.3461 9.97641
  vertex -23.367 -2.27757 9.82453
  endloop
 endfacet
 facet normal -0.438069 -0.758758 0.482061
  outer loop
  vertex 8.91903 -22.675 10.2945
  vertex -24.1168 -3.58853 10.3153
  vertex -24.1236 -3.59782 10.2945
  endloop
 endfacet
 facet normal -0.4381 -0.758812 0.481947
  outer loop
  vertex -24.1168 -3.58853 10.3153
  vertex 8.91903 -22.675 10.2945
  vertex 8.96005 -22.6003 10.4494
  endloop
 endfacet
 facet normal -0.484313 -0.838854 -0.248525
  outer loop
  vertex -24.1236 -3.59782 9.7055
  vertex 8.895 -22.7187 9.89973
  vertex -24.153 -3.63839 9.89973
  endloop
 endfacet
 facet normal -0.484297 -0.838826 -0.24865
  outer loop
  vertex 8.895 -22.7187 9.89973
  vertex -24.1236 -3.59782 9.7055
  vertex 8.91903 -22.675 9.7055
  endloop
 endfacet
 facet normal -0.0313995 -0.0543853 -0.998026
  outer loop
  vertex 9.20521 -22.1544 9.21417
  vertex -23.6684 -2.97137 9.20309
  vertex 9.21669 -22.1335 9.21267
  endloop
 endfacet
 facet normal -0.0313888 -0.054367 -0.998028
  outer loop
  vertex -23.6684 -2.97137 9.20309
  vertex 9.20521 -22.1544 9.21417
  vertex -23.7725 -3.11468 9.21417
  endloop
 endfacet
 facet normal -0.0313944 -0.0543766 -0.998027
  outer loop
  vertex 9.21669 -22.1335 9.21267
  vertex -23.6542 -2.95188 9.20158
  vertex 9.30165 -21.979 9.20158
  endloop
 endfacet
 facet normal -0.031417 -0.0544153 -0.998024
  outer loop
  vertex -23.6542 -2.95188 9.20158
  vertex 9.21669 -22.1335 9.21267
  vertex -23.6684 -2.97137 9.20309
  endloop
 endfacet
 facet normal 0.318207 0.551149 -0.771349
  outer loop
  vertex -23.4969 -2.60574 9.32454
  vertex 9.49288 -21.6311 9.33978
  vertex 9.484 -21.6473 9.32454
  endloop
 endfacet
 facet normal 0.318683 0.551976 -0.770561
  outer loop
  vertex 9.49288 -21.6311 9.33978
  vertex -23.4969 -2.60574 9.32454
  vertex -23.4462 -2.47775 9.43719
  endloop
 endfacet
 facet normal 0.496088 0.85925 0.124844
  outer loop
  vertex 9.6835 -21.3627 10.199
  vertex -23.367 -2.27757 10.1755
  vertex -23.3681 -2.28035 10.199
  endloop
 endfacet
 facet normal 0.496054 0.859192 0.12538
  outer loop
  vertex -23.367 -2.27757 10.1755
  vertex 9.6835 -21.3627 10.199
  vertex 9.69908 -21.3461 10.0236
  endloop
 endfacet
 facet normal 0.49614 0.859338 0.124032
  outer loop
  vertex -23.3587 -2.25673 10
  vertex 9.69908 -21.3461 10.0236
  vertex 9.70117 -21.3439 10
  endloop
 endfacet
 facet normal 0.496047 0.859179 0.125491
  outer loop
  vertex 9.69908 -21.3461 10.0236
  vertex -23.3587 -2.25673 10
  vertex -23.367 -2.27757 10.1755
  endloop
 endfacet
 facet normal 0.0934654 0.161889 -0.982373
  outer loop
  vertex -23.6097 -2.89052 9.21597
  vertex 9.31295 -21.9584 9.20605
  vertex 9.30165 -21.979 9.20158
  endloop
 endfacet
 facet normal 0.093668 0.162238 -0.982296
  outer loop
  vertex 9.31295 -21.9584 9.20605
  vertex -23.6097 -2.89052 9.21597
  vertex -23.5732 -2.79843 9.23466
  endloop
 endfacet
 facet normal 0.0937455 0.162372 -0.982266
  outer loop
  vertex -23.6097 -2.89052 9.21597
  vertex 9.30165 -21.979 9.20158
  vertex -23.6542 -2.95188 9.20158
  endloop
 endfacet
 facet normal 0.0936809 0.162261 -0.982291
  outer loop
  vertex -23.5732 -2.79843 9.23466
  vertex 9.39657 -21.8063 9.23915
  vertex 9.31295 -21.9584 9.20605
  endloop
 endfacet
 facet normal 0.0934757 0.161905 -0.982369
  outer loop
  vertex 9.39657 -21.8063 9.23915
  vertex -23.5732 -2.79843 9.23466
  vertex -23.5644 -2.77627 9.23915
  endloop
 endfacet
 facet normal -0.437915 -0.758491 -0.48262
  outer loop
  vertex -24.1168 -3.58853 9.68473
  vertex 8.91903 -22.675 9.7055
  vertex -24.1236 -3.59782 9.7055
  endloop
 endfacet
 facet normal -0.438068 -0.758755 -0.482066
  outer loop
  vertex 8.91903 -22.675 9.7055
  vertex -24.1168 -3.58853 9.68473
  vertex 8.96005 -22.6003 9.55065
  endloop
 endfacet
 facet normal 0.212866 0.368695 -0.904849
  outer loop
  vertex -23.5644 -2.77627 9.23915
  vertex 9.47357 -21.6662 9.31435
  vertex 9.39657 -21.8063 9.23915
  endloop
 endfacet
 facet normal 0.213264 0.369393 -0.904471
  outer loop
  vertex 9.47357 -21.6662 9.31435
  vertex -23.5644 -2.77627 9.23915
  vertex -23.5564 -2.75589 9.24936
  endloop
 endfacet
 facet normal 0.318691 0.55199 -0.770547
  outer loop
  vertex -23.4462 -2.47775 9.43719
  vertex 9.55845 -21.5118 9.45236
  vertex 9.49288 -21.6311 9.33978
  endloop
 endfacet
 facet normal 0.318854 0.552272 -0.770278
  outer loop
  vertex 9.55845 -21.5118 9.45236
  vertex -23.4462 -2.47775 9.43719
  vertex -23.4394 -2.46052 9.45236
  endloop
 endfacet
 facet normal 0.464887 0.805207 -0.368133
  outer loop
  vertex 9.63777 -21.4114 9.63678
  vertex -23.3681 -2.28035 9.80105
  vertex 9.6835 -21.3627 9.80105
  endloop
 endfacet
 facet normal 0.465013 0.805419 -0.367509
  outer loop
  vertex -23.3681 -2.28035 9.80105
  vertex 9.63777 -21.4114 9.63678
  vertex -23.3713 -2.28855 9.77903
  endloop
 endfacet
 facet normal -0.438181 -0.758954 -0.48165
  outer loop
  vertex -24.0665 -3.51923 9.52977
  vertex 8.96005 -22.6003 9.55065
  vertex -24.1168 -3.58853 9.68473
  endloop
 endfacet
 facet normal -0.438623 -0.759718 -0.480039
  outer loop
  vertex 8.96005 -22.6003 9.55065
  vertex -24.0665 -3.51923 9.52977
  vertex 8.96558 -22.5903 9.52977
  endloop
 endfacet
 facet normal 0.404488 0.700594 0.587841
  outer loop
  vertex -23.3956 -2.34974 10.3854
  vertex 9.62173 -21.4285 10.4047
  vertex 9.6316 -21.418 10.3854
  endloop
 endfacet
 facet normal 0.404558 0.700715 0.587648
  outer loop
  vertex 9.62173 -21.4285 10.4047
  vertex -23.3956 -2.34974 10.3854
  vertex -23.4342 -2.44738 10.5284
  endloop
 endfacet
 facet normal 0.0937187 0.162325 0.982277
  outer loop
  vertex -23.6097 -2.89052 10.784
  vertex 9.31295 -21.9584 10.7939
  vertex -23.5732 -2.79843 10.7653
  endloop
 endfacet
 facet normal 0.0940853 0.162958 0.982137
  outer loop
  vertex 9.31295 -21.9584 10.7939
  vertex -23.6097 -2.89052 10.784
  vertex 9.30165 -21.979 10.7984
  endloop
 endfacet
 facet normal 0.0938069 0.162478 0.982243
  outer loop
  vertex 9.30165 -21.979 10.7984
  vertex -23.6097 -2.89052 10.784
  vertex -23.6542 -2.95188 10.7984
  endloop
 endfacet
 facet normal -0.364503 -0.631336 -0.684509
  outer loop
  vertex 8.96558 -22.5903 9.52977
  vertex -23.9853 -3.40756 9.38359
  vertex 9.03173 -22.47 9.38359
  endloop
 endfacet
 facet normal -0.364439 -0.631227 -0.684644
  outer loop
  vertex -23.9853 -3.40756 9.38359
  vertex 8.96558 -22.5903 9.52977
  vertex -24.0665 -3.51923 9.52977
  endloop
 endfacet
 facet normal 0.404595 0.700779 -0.587548
  outer loop
  vertex 9.62173 -21.4285 9.59528
  vertex -23.3956 -2.34974 9.6146
  vertex 9.6316 -21.418 9.6146
  endloop
 endfacet
 facet normal 0.404558 0.700715 -0.587649
  outer loop
  vertex -23.3956 -2.34974 9.6146
  vertex 9.62173 -21.4285 9.59528
  vertex -23.4342 -2.44738 9.4716
  endloop
 endfacet
 facet normal 0.213459 0.369733 -0.904286
  outer loop
  vertex -23.5564 -2.75589 9.24936
  vertex 9.484 -21.6473 9.32454
  vertex 9.47357 -21.6662 9.31435
  endloop
 endfacet
 facet normal 0.21287 0.3687 -0.904846
  outer loop
  vertex 9.484 -21.6473 9.32454
  vertex -23.5564 -2.75589 9.24936
  vertex -23.4969 -2.60574 9.32454
  endloop
 endfacet
 facet normal -0.15449 -0.267583 -0.951069
  outer loop
  vertex 9.11331 -22.3216 9.27614
  vertex -23.7725 -3.11468 9.21417
  vertex 9.20521 -22.1544 9.21417
  endloop
 endfacet
 facet normal -0.154479 -0.267565 -0.951076
  outer loop
  vertex -23.7725 -3.11468 9.21417
  vertex 9.11331 -22.3216 9.27614
  vertex -23.8853 -3.26983 9.27614
  endloop
 endfacet
 facet normal -0.48431 -0.838847 0.248555
  outer loop
  vertex 8.895 -22.7187 10.1003
  vertex -24.1236 -3.59782 10.2945
  vertex -24.153 -3.63839 10.1003
  endloop
 endfacet
 facet normal -0.484293 -0.838819 0.248683
  outer loop
  vertex -24.1236 -3.59782 10.2945
  vertex 8.895 -22.7187 10.1003
  vertex 8.91903 -22.675 10.2945
  endloop
 endfacet
 facet normal -0.500001 -0.866025 0
  outer loop
  vertex -24.153 -3.63839 9.89973
  vertex 8.895 -22.7187 10.1003
  vertex -24.153 -3.63839 10.1003
  endloop
 endfacet
 facet normal -0.500001 -0.866025 0
  outer loop
  vertex 8.895 -22.7187 10.1003
  vertex -24.153 -3.63839 9.89973
  vertex 8.895 -22.7187 9.89973
  endloop
 endfacet
 facet normal -0.26792 -0.464051 -0.84432
  outer loop
  vertex 9.03173 -22.47 9.38359
  vertex -23.8853 -3.26983 9.27614
  vertex 9.11331 -22.3216 9.27614
  endloop
 endfacet
 facet normal -0.267954 -0.464108 -0.844277
  outer loop
  vertex -23.8853 -3.26983 9.27614
  vertex 9.03173 -22.47 9.38359
  vertex -23.9853 -3.40756 9.38359
  endloop
 endfacet
 facet normal 0.0936732 0.162247 0.982294
  outer loop
  vertex -23.5732 -2.79843 10.7653
  vertex 9.39657 -21.8063 10.7608
  vertex -23.5644 -2.77627 10.7608
  endloop
 endfacet
 facet normal 0.0936793 0.162257 0.982292
  outer loop
  vertex 9.39657 -21.8063 10.7608
  vertex -23.5732 -2.79843 10.7653
  vertex 9.31295 -21.9584 10.7939
  endloop
 endfacet
 facet normal -0.0314213 -0.0544231 0.998024
  outer loop
  vertex -23.6542 -2.95188 10.7984
  vertex 9.21669 -22.1335 10.7873
  vertex 9.30165 -21.979 10.7984
  endloop
 endfacet
 facet normal -0.0312139 -0.0540677 0.998049
  outer loop
  vertex 9.21669 -22.1335 10.7873
  vertex -23.6542 -2.95188 10.7984
  vertex -23.6684 -2.97137 10.7969
  endloop
 endfacet
 facet normal 0.464754 0.804982 -0.368791
  outer loop
  vertex 9.6316 -21.418 9.6146
  vertex -23.3713 -2.28855 9.77903
  vertex 9.63777 -21.4114 9.63678
  endloop
 endfacet
 facet normal 0.46485 0.805144 -0.368319
  outer loop
  vertex -23.3713 -2.28855 9.77903
  vertex 9.6316 -21.418 9.6146
  vertex -23.3956 -2.34974 9.6146
  endloop
 endfacet
 facet normal -0.438221 -0.759022 0.481506
  outer loop
  vertex -24.0665 -3.51923 10.4702
  vertex 8.96005 -22.6003 10.4494
  vertex 8.96558 -22.5903 10.4702
  endloop
 endfacet
 facet normal -0.438142 -0.758885 0.481794
  outer loop
  vertex 8.96005 -22.6003 10.4494
  vertex -24.0665 -3.51923 10.4702
  vertex -24.1168 -3.58853 10.3153
  endloop
 endfacet
 facet normal -0.364529 -0.631381 0.684453
  outer loop
  vertex -23.9853 -3.40756 10.6164
  vertex 8.96558 -22.5903 10.4702
  vertex 9.03173 -22.47 10.6164
  endloop
 endfacet
 facet normal -0.364462 -0.631268 0.684593
  outer loop
  vertex 8.96558 -22.5903 10.4702
  vertex -23.9853 -3.40756 10.6164
  vertex -24.0665 -3.51923 10.4702
  endloop
 endfacet
 facet normal 0.213111 0.369125 0.904616
  outer loop
  vertex -23.5644 -2.77627 10.7608
  vertex 9.47357 -21.6662 10.6856
  vertex -23.5564 -2.75589 10.7506
  endloop
 endfacet
 facet normal 0.212867 0.368697 0.904848
  outer loop
  vertex 9.47357 -21.6662 10.6856
  vertex -23.5644 -2.77627 10.7608
  vertex 9.39657 -21.8063 10.7608
  endloop
 endfacet
 facet normal -0.268009 -0.464206 0.844206
  outer loop
  vertex -23.8853 -3.26983 10.7239
  vertex 9.03173 -22.47 10.6164
  vertex 9.11331 -22.3216 10.7239
  endloop
 endfacet
 facet normal -0.268046 -0.464268 0.84416
  outer loop
  vertex 9.03173 -22.47 10.6164
  vertex -23.8853 -3.26983 10.7239
  vertex -23.9853 -3.40756 10.6164
  endloop
 endfacet
 facet normal -0.0313998 -0.0543868 0.998026
  outer loop
  vertex -23.6684 -2.97137 10.7969
  vertex 9.20521 -22.1544 10.7858
  vertex 9.21669 -22.1335 10.7873
  endloop
 endfacet
 facet normal -0.0314432 -0.0544611 0.998021
  outer loop
  vertex 9.20521 -22.1544 10.7858
  vertex -23.6684 -2.97137 10.7969
  vertex -23.7725 -3.11468 10.7858
  endloop
 endfacet
 facet normal 0.319257 0.55297 0.76961
  outer loop
  vertex -23.4462 -2.47775 10.5628
  vertex 9.55845 -21.5118 10.5476
  vertex -23.4394 -2.46052 10.5476
  endloop
 endfacet
 facet normal 0.318726 0.552048 0.770491
  outer loop
  vertex 9.55845 -21.5118 10.5476
  vertex -23.4462 -2.47775 10.5628
  vertex 9.49288 -21.6311 10.6602
  endloop
 endfacet
 facet normal 0.464801 0.805061 0.368561
  outer loop
  vertex -23.3713 -2.28855 10.221
  vertex 9.6316 -21.418 10.3854
  vertex 9.63777 -21.4114 10.3632
  endloop
 endfacet
 facet normal 0.464839 0.805125 0.368371
  outer loop
  vertex 9.6316 -21.418 10.3854
  vertex -23.3713 -2.28855 10.221
  vertex -23.3956 -2.34974 10.3854
  endloop
 endfacet
 facet normal -0.154334 -0.267314 0.95117
  outer loop
  vertex -23.7725 -3.11468 10.7858
  vertex 9.11331 -22.3216 10.7239
  vertex 9.20521 -22.1544 10.7858
  endloop
 endfacet
 facet normal -0.154321 -0.267292 0.951178
  outer loop
  vertex 9.11331 -22.3216 10.7239
  vertex -23.7725 -3.11468 10.7858
  vertex -23.8853 -3.26983 10.7239
  endloop
 endfacet
 facet normal 0.212685 0.36838 0.90502
  outer loop
  vertex -23.5564 -2.75589 10.7506
  vertex 9.484 -21.6473 10.6755
  vertex -23.4969 -2.60574 10.6755
  endloop
 endfacet
 facet normal 0.211937 0.36707 0.905727
  outer loop
  vertex 9.484 -21.6473 10.6755
  vertex -23.5564 -2.75589 10.7506
  vertex 9.47357 -21.6662 10.6856
  endloop
 endfacet
 facet normal 0.318764 0.552114 0.770428
  outer loop
  vertex -23.4969 -2.60574 10.6755
  vertex 9.49288 -21.6311 10.6602
  vertex -23.4462 -2.47775 10.5628
  endloop
 endfacet
 facet normal 0.318958 0.55245 0.770107
  outer loop
  vertex 9.49288 -21.6311 10.6602
  vertex -23.4969 -2.60574 10.6755
  vertex 9.484 -21.6473 10.6755
  endloop
 endfacet
 facet normal 0.40422 0.700132 0.588576
  outer loop
  vertex 9.55845 -21.5118 10.5476
  vertex -23.4342 -2.44738 10.5284
  vertex -23.4394 -2.46052 10.5476
  endloop
 endfacet
 facet normal 0.404553 0.700706 0.587663
  outer loop
  vertex 9.57965 -21.4733 10.4871
  vertex -23.4342 -2.44738 10.5284
  vertex 9.55845 -21.5118 10.5476
  endloop
 endfacet
 facet normal 0.40457 0.700735 0.587616
  outer loop
  vertex -23.4342 -2.44738 10.5284
  vertex 9.57965 -21.4733 10.4871
  vertex 9.62173 -21.4285 10.4047
  endloop
 endfacet
 facet normal 0 0.929776 -0.368126
  outer loop
  vertex -3.14896 0.701045 9.6146
  vertex -22.9654 0.774866 9.80105
  vertex -3.13001 0.774866 9.80105
  endloop
 endfacet
 facet normal 0 0.929776 -0.368126
  outer loop
  vertex -22.9654 0.774866 9.80105
  vertex -3.14896 0.701045 9.6146
  vertex -22.9561 0.701045 9.6146
  endloop
 endfacet
 facet normal 0 0.992115 -0.125332
  outer loop
  vertex -3.13001 0.774866 9.80105
  vertex -22.9686 0.799999 10
  vertex -3.12355 0.799999 10
  endloop
 endfacet
 facet normal 0 0.992115 -0.125332
  outer loop
  vertex -22.9686 0.799999 10
  vertex -3.13001 0.774866 9.80105
  vertex -22.9654 0.774866 9.80105
  endloop
 endfacet
 facet normal 0 0.187352 -0.982293
  outer loop
  vertex -22.8739 0.0502319 9.20158
  vertex -3.22437 0.247213 9.23915
  vertex -3.22437 0.0502319 9.20158
  endloop
 endfacet
 facet normal 0 0.187352 -0.982293
  outer loop
  vertex -3.22437 0.247213 9.23915
  vertex -22.8739 0.0502319 9.20158
  vertex -22.8987 0.247213 9.23915
  endloop
 endfacet
 facet normal 0 0.42466 0.905353
  outer loop
  vertex -22.9217 0.428661 10.6755
  vertex -3.06581 0.387302 10.6949
  vertex -3.0555 0.428661 10.6755
  endloop
 endfacet
 facet normal 1.98823e-06 0.425443 0.904985
  outer loop
  vertex -3.06581 0.387302 10.6949
  vertex -22.9217 0.428661 10.6755
  vertex -22.8987 0.247213 10.7608
  endloop
 endfacet
 facet normal 0 0.425673 0.904877
  outer loop
  vertex -3.06481 0.247213 10.7608
  vertex -3.06581 0.387302 10.6949
  vertex -22.8987 0.247213 10.7608
  endloop
 endfacet
 facet normal 0 -0.728962 -0.684554
  outer loop
  vertex -3.19803 -0.509938 9.38359
  vertex -22.9493 -0.647213 9.52977
  vertex -22.9319 -0.509938 9.38359
  endloop
 endfacet
 facet normal 0 -0.728962 -0.684554
  outer loop
  vertex -22.9493 -0.647213 9.52977
  vertex -3.19803 -0.509938 9.38359
  vertex -3.16278 -0.647213 9.52977
  endloop
 endfacet
 facet normal 0 -0.308709 0.951156
  outer loop
  vertex -22.8864 -0.149904 10.7858
  vertex -3.06537 -0.340623 10.7239
  vertex -3.06442 -0.149904 10.7858
  endloop
 endfacet
 facet normal 0 -0.308709 0.951156
  outer loop
  vertex -3.06537 -0.340623 10.7239
  vertex -22.8864 -0.149904 10.7858
  vertex -22.9105 -0.340623 10.7239
  endloop
 endfacet
 facet normal -5.46646e-07 -0.968573 0.248728
  outer loop
  vertex -22.9678 -0.793692 10.1003
  vertex -2.97959 -0.748969 10.2745
  vertex -22.9665 -0.783497 10.14
  endloop
 endfacet
 facet normal 0 -0.968589 0.248669
  outer loop
  vertex -2.97959 -0.748969 10.2745
  vertex -22.9678 -0.793692 10.1003
  vertex -2.97086 -0.793692 10.1003
  endloop
 endfacet
 facet normal 0 0.809027 -0.587771
  outer loop
  vertex -3.17922 0.583175 9.45236
  vertex -22.9561 0.701045 9.6146
  vertex -3.14896 0.701045 9.6146
  endloop
 endfacet
 facet normal 0 0.809027 -0.587771
  outer loop
  vertex -22.9561 0.701045 9.6146
  vertex -3.17922 0.583175 9.45236
  vertex -22.9412 0.583175 9.45236
  endloop
 endfacet
 facet normal 0 -0.535781 -0.844357
  outer loop
  vertex -3.22437 -0.407332 9.31847
  vertex -22.9105 -0.340623 9.27614
  vertex -3.22437 -0.340623 9.27614
  endloop
 endfacet
 facet normal 0 -0.53585 -0.844313
  outer loop
  vertex -22.9319 -0.509938 9.38359
  vertex -3.22437 -0.407332 9.31847
  vertex -3.19803 -0.509938 9.38359
  endloop
 endfacet
 facet normal -1.9832e-07 -0.535823 -0.84433
  outer loop
  vertex -3.22437 -0.407332 9.31847
  vertex -22.9319 -0.509938 9.38359
  vertex -22.9105 -0.340623 9.27614
  endloop
 endfacet
 facet normal 0 -0.876291 -0.481782
  outer loop
  vertex -3.16278 -0.647213 9.52977
  vertex -22.9518 -0.667011 9.56578
  vertex -22.9493 -0.647213 9.52977
  endloop
 endfacet
 facet normal 5.92354e-08 -0.876305 -0.481757
  outer loop
  vertex -22.9518 -0.667011 9.56578
  vertex -3.16278 -0.647213 9.52977
  vertex -3.14068 -0.733311 9.68638
  endloop
 endfacet
 facet normal 2.66282e-08 -0.0627852 -0.998027
  outer loop
  vertex -3.22437 -0.149904 9.21417
  vertex -22.8675 1.03628e-07 9.20474
  vertex -3.22437 0.0502319 9.20158
  endloop
 endfacet
 facet normal 1.77521e-08 -0.0627863 -0.998027
  outer loop
  vertex -22.8675 1.03628e-07 9.20474
  vertex -3.22437 -0.149904 9.21417
  vertex -22.8864 -0.149904 9.21417
  endloop
 endfacet
 facet normal 0 -0.0627748 -0.998028
  outer loop
  vertex -3.22437 0.0502319 9.20158
  vertex -22.8675 1.03628e-07 9.20474
  vertex -22.8739 0.0502319 9.20158
  endloop
 endfacet
 facet normal 0 -0.309023 -0.951055
  outer loop
  vertex -3.22437 -0.340623 9.27614
  vertex -22.8864 -0.149904 9.21417
  vertex -3.22437 -0.149904 9.21417
  endloop
 endfacet
 facet normal 0 -0.309023 -0.951055
  outer loop
  vertex -22.8864 -0.149904 9.21417
  vertex -3.22437 -0.340623 9.27614
  vertex -22.9105 -0.340623 9.27614
  endloop
 endfacet
 facet normal 0 0.929742 0.368212
  outer loop
  vertex -22.9654 0.774866 10.199
  vertex -2.99014 0.701045 10.3854
  vertex -2.97413 0.774866 10.199
  endloop
 endfacet
 facet normal 0 0.929742 0.368212
  outer loop
  vertex -2.99014 0.701045 10.3854
  vertex -22.9654 0.774866 10.199
  vertex -22.9561 0.701045 10.3854
  endloop
 endfacet
 facet normal 0 0.992119 0.125301
  outer loop
  vertex -3.12355 0.799999 10
  vertex -2.97413 0.774866 10.199
  vertex -2.97082 0.799999 10
  endloop
 endfacet
 facet normal 0 0.992119 0.125301
  outer loop
  vertex -2.97413 0.774866 10.199
  vertex -3.12355 0.799999 10
  vertex -22.9654 0.774866 10.199
  endloop
 endfacet
 facet normal 0 0.992119 0.125301
  outer loop
  vertex -22.9654 0.774866 10.199
  vertex -3.12355 0.799999 10
  vertex -22.9686 0.799999 10
  endloop
 endfacet
 facet normal 0 0.808958 0.587866
  outer loop
  vertex -22.9561 0.701045 10.3854
  vertex -3.01785 0.583175 10.5476
  vertex -2.99014 0.701045 10.3854
  endloop
 endfacet
 facet normal 0 0.808958 0.587866
  outer loop
  vertex -3.01785 0.583175 10.5476
  vertex -22.9561 0.701045 10.3854
  vertex -22.9412 0.583175 10.5476
  endloop
 endfacet
 facet normal 0 0.425796 -0.904819
  outer loop
  vertex -3.22437 0.247213 9.23915
  vertex -22.8987 0.247213 9.23915
  vertex -3.22437 0.407332 9.3145
  endloop
 endfacet
 facet normal -1.27897e-07 0.425808 -0.904813
  outer loop
  vertex -22.9217 0.428661 9.32454
  vertex -3.22437 0.407332 9.3145
  vertex -22.8987 0.247213 9.23915
  endloop
 endfacet
 facet normal 0 0.425905 -0.904768
  outer loop
  vertex -3.22437 0.407332 9.3145
  vertex -22.9217 0.428661 9.32454
  vertex -3.2189 0.428661 9.32454
  endloop
 endfacet
 facet normal -4.47933e-08 -0.876324 -0.481723
  outer loop
  vertex -22.9615 -0.74382 9.7055
  vertex -3.14068 -0.733311 9.68638
  vertex -3.13798 -0.743821 9.7055
  endloop
 endfacet
 facet normal -6.71224e-08 -0.876314 -0.481741
  outer loop
  vertex -3.14068 -0.733311 9.68638
  vertex -22.9615 -0.74382 9.7055
  vertex -22.9518 -0.667011 9.56578
  endloop
 endfacet
 facet normal 0 -1 0
  outer loop
  vertex -22.9678 -0.793692 10.1003
  vertex -3.12517 -0.793692 10
  vertex -2.97086 -0.793692 10.1003
  endloop
 endfacet
 facet normal 0 -1 0
  outer loop
  vertex -22.9678 -0.793692 9.89973
  vertex -3.12517 -0.793692 10
  vertex -22.9678 -0.793692 10.1003
  endloop
 endfacet
 facet normal 0 -1 0
  outer loop
  vertex -3.12517 -0.793692 10
  vertex -22.9678 -0.793692 9.89973
  vertex -3.12517 -0.793692 9.89973
  endloop
 endfacet
 facet normal 0 -1 0
  outer loop
  vertex -2.97086 -0.793692 10.1003
  vertex -3.12517 -0.793692 10
  vertex -2.97244 -0.793692 10
  endloop
 endfacet
 facet normal 0 -0.729009 0.684504
  outer loop
  vertex -22.9493 -0.647213 10.4702
  vertex -3.03556 -0.509938 10.6164
  vertex -22.9319 -0.509938 10.6164
  endloop
 endfacet
 facet normal 0 -0.729009 0.684504
  outer loop
  vertex -3.03556 -0.509938 10.6164
  vertex -22.9493 -0.647213 10.4702
  vertex -3.00263 -0.647213 10.4702
  endloop
 endfacet
 facet normal -4.90905e-08 -0.968571 0.248738
  outer loop
  vertex -22.9665 -0.783497 10.14
  vertex -2.9806 -0.743821 10.2945
  vertex -22.9615 -0.74382 10.2945
  endloop
 endfacet
 facet normal -4.42664e-06 -0.968434 0.249269
  outer loop
  vertex -2.9806 -0.743821 10.2945
  vertex -22.9665 -0.783497 10.14
  vertex -2.97959 -0.748969 10.2745
  endloop
 endfacet
 facet normal 0 0.637409 -0.770526
  outer loop
  vertex -22.9412 0.583175 9.45236
  vertex -3.2189 0.428661 9.32454
  vertex -22.9217 0.428661 9.32454
  endloop
 endfacet
 facet normal 0 0.637409 -0.770526
  outer loop
  vertex -3.2189 0.428661 9.32454
  vertex -22.9412 0.583175 9.45236
  vertex -3.17922 0.583175 9.45236
  endloop
 endfacet
 facet normal 0 -0.536809 0.843704
  outer loop
  vertex -3.06537 -0.340623 10.7239
  vertex -22.9105 -0.340623 10.7239
  vertex -3.06582 -0.387303 10.6942
  endloop
 endfacet
 facet normal 2.66235e-06 -0.536003 0.844216
  outer loop
  vertex -22.9319 -0.509938 10.6164
  vertex -3.06582 -0.387303 10.6942
  vertex -22.9105 -0.340623 10.7239
  endloop
 endfacet
 facet normal 0 -0.535696 0.844411
  outer loop
  vertex -3.06582 -0.387303 10.6942
  vertex -22.9319 -0.509938 10.6164
  vertex -3.03556 -0.509938 10.6164
  endloop
 endfacet
 facet normal 3.12689e-06 -0.0628326 0.998024
  outer loop
  vertex -3.06423 0.0502319 10.7984
  vertex -22.8675 1.03628e-07 10.7953
  vertex -3.06442 -0.149904 10.7858
  endloop
 endfacet
 facet normal 0 -0.0616045 0.998101
  outer loop
  vertex -22.8675 1.03628e-07 10.7953
  vertex -3.06423 0.0502319 10.7984
  vertex -22.8739 0.0502319 10.7984
  endloop
 endfacet
 facet normal 0 -0.063244 0.997998
  outer loop
  vertex -3.06442 -0.149904 10.7858
  vertex -22.8675 1.03628e-07 10.7953
  vertex -22.8864 -0.149904 10.7858
  endloop
 endfacet
 facet normal 0 0.637646 0.77033
  outer loop
  vertex -22.9412 0.583175 10.5476
  vertex -3.0555 0.428661 10.6755
  vertex -3.01785 0.583175 10.5476
  endloop
 endfacet
 facet normal 0 0.637646 0.77033
  outer loop
  vertex -3.0555 0.428661 10.6755
  vertex -22.9412 0.583175 10.5476
  vertex -22.9217 0.428661 10.6755
  endloop
 endfacet
 facet normal -1.12012e-06 -0.876285 0.481794
  outer loop
  vertex -22.9615 -0.74382 10.2945
  vertex -2.98287 -0.733839 10.3127
  vertex -22.9518 -0.667011 10.4342
  endloop
 endfacet
 facet normal -4.44884e-08 -0.876783 0.480886
  outer loop
  vertex -2.98287 -0.733839 10.3127
  vertex -22.9615 -0.74382 10.2945
  vertex -2.9806 -0.743821 10.2945
  endloop
 endfacet
 facet normal 0 -0.876232 0.481889
  outer loop
  vertex -22.9518 -0.667011 10.4342
  vertex -3.00263 -0.647213 10.4702
  vertex -22.9493 -0.647213 10.4702
  endloop
 endfacet
 facet normal -8.28321e-08 -0.876213 0.481925
  outer loop
  vertex -3.00263 -0.647213 10.4702
  vertex -22.9518 -0.667011 10.4342
  vertex -2.98287 -0.733839 10.3127
  endloop
 endfacet
 facet normal -4.16606e-07 -0.968572 -0.248733
  outer loop
  vertex -3.13659 -0.74924 9.7266
  vertex -22.9678 -0.793692 9.89973
  vertex -22.9665 -0.783497 9.86003
  endloop
 endfacet
 facet normal 0 -0.968583 -0.248689
  outer loop
  vertex -22.9678 -0.793692 9.89973
  vertex -3.13659 -0.74924 9.7266
  vertex -3.12517 -0.793692 9.89973
  endloop
 endfacet
 facet normal -4.95091e-08 -0.968583 -0.248691
  outer loop
  vertex -3.13798 -0.743821 9.7055
  vertex -22.9665 -0.783497 9.86003
  vertex -22.9615 -0.74382 9.7055
  endloop
 endfacet
 facet normal -5.3119e-07 -0.968568 -0.248749
  outer loop
  vertex -22.9665 -0.783497 9.86003
  vertex -3.13798 -0.743821 9.7055
  vertex -3.13659 -0.74924 9.7266
  endloop
 endfacet
 facet normal 0 0.187494 0.982266
  outer loop
  vertex -3.06481 0.247213 10.7608
  vertex -22.8739 0.0502319 10.7984
  vertex -3.06423 0.0502319 10.7984
  endloop
 endfacet
 facet normal 0 0.187494 0.982266
  outer loop
  vertex -22.8739 0.0502319 10.7984
  vertex -3.06481 0.247213 10.7608
  vertex -22.8987 0.247213 10.7608
  endloop
 endfacet
 facet normal 0.859246 -0.496088 -0.124868
  outer loop
  vertex 12.1723 19.4934 9.95934
  vertex 2.24061 2.33111 9.80105
  vertex 12.1538 19.5012 9.80105
  endloop
 endfacet
 facet normal 0.859235 -0.49608 -0.124978
  outer loop
  vertex 2.24061 2.33111 9.80105
  vertex 12.1723 19.4934 9.95934
  vertex 2.24274 2.32935 9.82268
  endloop
 endfacet
 facet normal -0.759138 0.438292 -0.481258
  outer loop
  vertex 10.9141 20.1983 9.52977
  vertex 0.944459 3.10235 9.68627
  vertex 10.8982 20.2103 9.56578
  endloop
 endfacet
 facet normal -0.758916 0.438158 -0.48173
  outer loop
  vertex 10.9141 20.1983 9.52977
  vertex 1.0043 3.09093 9.58161
  vertex 0.944459 3.10235 9.68627
  endloop
 endfacet
 facet normal -0.758915 0.438158 -0.481731
  outer loop
  vertex 1.0043 3.09093 9.58161
  vertex 10.9141 20.1983 9.52977
  vertex 1.03018 3.07876 9.52977
  endloop
 endfacet
 facet normal 0.859145 -0.496021 -0.125829
  outer loop
  vertex 12.1771 19.4914 10
  vertex 2.24274 2.32935 9.82268
  vertex 12.1723 19.4934 9.95934
  endloop
 endfacet
 facet normal 0.859195 -0.496055 -0.125353
  outer loop
  vertex 2.24274 2.32935 9.82268
  vertex 12.1771 19.4914 10
  vertex 2.26025 2.31487 10
  endloop
 endfacet
 facet normal 0.859156 -0.496033 0.125707
  outer loop
  vertex 12.1723 19.4934 10.0407
  vertex 2.26025 2.31487 10
  vertex 12.1771 19.4914 10
  endloop
 endfacet
 facet normal 0.859202 -0.496058 0.125296
  outer loop
  vertex 2.16624 2.1971 10.1784
  vertex 2.26025 2.31487 10
  vertex 12.1723 19.4934 10.0407
  endloop
 endfacet
 facet normal 0.859202 -0.496057 0.125297
  outer loop
  vertex 2.26025 2.31487 10
  vertex 2.16624 2.1971 10.1784
  vertex 2.18523 2.18493 10
  endloop
 endfacet
 facet normal -0.759028 0.438227 0.481492
  outer loop
  vertex 0.852756 2.96466 10.2945
  vertex 10.8982 20.2103 10.4342
  vertex 10.8366 20.2571 10.2945
  endloop
 endfacet
 facet normal -0.758446 0.437878 0.482723
  outer loop
  vertex 10.8982 20.2103 10.4342
  vertex 0.852756 2.96466 10.2945
  vertex 0.86304 2.96241 10.3127
  endloop
 endfacet
 facet normal -0.0543874 0.0314006 -0.998026
  outer loop
  vertex 1.48175 2.86627 9.21417
  vertex 11.3467 19.8699 9.21156
  vertex 1.64309 2.79035 9.20299
  endloop
 endfacet
 facet normal -0.0543774 0.0313948 -0.998027
  outer loop
  vertex 11.3467 19.8699 9.21156
  vertex 1.48175 2.86627 9.21417
  vertex 11.3134 19.8952 9.21417
  endloop
 endfacet
 facet normal 0.552483 -0.318981 0.770074
  outer loop
  vertex 1.90261 2.4056 10.662
  vertex 11.9756 19.5761 10.5476
  vertex 11.9461 19.5885 10.5739
  endloop
 endfacet
 facet normal 0.552063 -0.318732 0.770478
  outer loop
  vertex 11.9756 19.5761 10.5476
  vertex 1.90261 2.4056 10.662
  vertex 2.01155 2.31775 10.5476
  endloop
 endfacet
 facet normal 0.805226 -0.4649 -0.368076
  outer loop
  vertex 12.1538 19.5012 9.80105
  vertex 2.18292 2.37884 9.6146
  vertex 12.0852 19.53 9.6146
  endloop
 endfacet
 facet normal 0.805202 -0.464885 -0.368147
  outer loop
  vertex 2.18292 2.37884 9.6146
  vertex 12.1538 19.5012 9.80105
  vertex 2.24061 2.33111 9.80105
  endloop
 endfacet
 facet normal -0.0544456 0.0314341 -0.998022
  outer loop
  vertex 1.66347 2.78075 9.20158
  vertex 11.4338 19.8038 9.20474
  vertex 11.4804 19.7842 9.20158
  endloop
 endfacet
 facet normal -0.0542677 0.031332 -0.998035
  outer loop
  vertex 1.64309 2.79035 9.20299
  vertex 11.4338 19.8038 9.20474
  vertex 1.66347 2.78075 9.20158
  endloop
 endfacet
 facet normal -0.0543436 0.0313757 -0.998029
  outer loop
  vertex 11.4338 19.8038 9.20474
  vertex 1.64309 2.79035 9.20299
  vertex 11.3467 19.8699 9.21156
  endloop
 endfacet
 facet normal 0.552385 -0.318921 0.770169
  outer loop
  vertex 1.88981 2.41592 10.6755
  vertex 11.9461 19.5885 10.5739
  vertex 11.8321 19.6364 10.6755
  endloop
 endfacet
 facet normal 0.553484 -0.319571 0.76911
  outer loop
  vertex 11.9461 19.5885 10.5739
  vertex 1.88981 2.41592 10.6755
  vertex 1.90261 2.4056 10.662
  endloop
 endfacet
 facet normal 0.859247 -0.496088 0.124863
  outer loop
  vertex 2.16405 2.19851 10.199
  vertex 12.1723 19.4934 10.0407
  vertex 12.1538 19.5012 10.199
  endloop
 endfacet
 facet normal 0.859202 -0.496058 0.125295
  outer loop
  vertex 12.1723 19.4934 10.0407
  vertex 2.16405 2.19851 10.199
  vertex 2.16624 2.1971 10.1784
  endloop
 endfacet
 facet normal -0.838751 0.484255 -0.248984
  outer loop
  vertex 10.8366 20.2571 9.7055
  vertex 0.927797 3.10553 9.72672
  vertex 10.8047 20.2813 9.86003
  endloop
 endfacet
 facet normal -0.838831 0.484302 -0.248624
  outer loop
  vertex 0.927797 3.10553 9.72672
  vertex 10.8366 20.2571 9.7055
  vertex 0.933463 3.10445 9.7055
  endloop
 endfacet
 facet normal -0.838741 0.48425 0.249031
  outer loop
  vertex 0.847541 2.96597 10.2744
  vertex 10.8366 20.2571 10.2945
  vertex 10.8047 20.2813 10.14
  endloop
 endfacet
 facet normal -0.838721 0.484238 0.249118
  outer loop
  vertex 10.8366 20.2571 10.2945
  vertex 0.847541 2.96597 10.2744
  vertex 0.852756 2.96466 10.2945
  endloop
 endfacet
 facet normal 0.162332 -0.0937224 0.982275
  outer loop
  vertex 1.73095 2.54557 10.7648
  vertex 11.6635 19.7073 10.7608
  vertex 11.5184 19.7683 10.7906
  endloop
 endfacet
 facet normal 0.162419 -0.0937727 0.982256
  outer loop
  vertex 11.6635 19.7073 10.7608
  vertex 1.73095 2.54557 10.7648
  vertex 1.74735 2.53208 10.7608
  endloop
 endfacet
 facet normal 0.162392 -0.093757 0.982262
  outer loop
  vertex 1.65507 2.60798 10.7833
  vertex 11.5184 19.7683 10.7906
  vertex 11.4804 19.7842 10.7984
  endloop
 endfacet
 facet normal 0.162378 -0.0937487 0.982265
  outer loop
  vertex 11.5184 19.7683 10.7906
  vertex 1.65507 2.60798 10.7833
  vertex 1.73095 2.54557 10.7648
  endloop
 endfacet
 facet normal 0.162364 -0.0937408 0.982268
  outer loop
  vertex 1.65507 2.60798 10.7833
  vertex 11.4804 19.7842 10.7984
  vertex 1.58312 2.64158 10.7984
  endloop
 endfacet
 facet normal 0.551716 -0.318527 -0.770811
  outer loop
  vertex 1.97006 2.55493 9.32454
  vertex 11.9461 19.5885 9.4261
  vertex 1.98343 2.54387 9.33868
  endloop
 endfacet
 facet normal 0.552256 -0.318847 -0.770292
  outer loop
  vertex 11.9461 19.5885 9.4261
  vertex 1.97006 2.55493 9.32454
  vertex 11.8321 19.6364 9.32454
  endloop
 endfacet
 facet normal 0.552042 -0.31872 -0.770498
  outer loop
  vertex 1.98343 2.54387 9.33868
  vertex 11.9756 19.5761 9.45236
  vertex 2.09081 2.45504 9.45236
  endloop
 endfacet
 facet normal 0.551983 -0.318684 -0.770555
  outer loop
  vertex 11.9756 19.5761 9.45236
  vertex 1.98343 2.54387 9.33868
  vertex 11.9461 19.5885 9.4261
  endloop
 endfacet
 facet normal -0.838778 0.484268 0.24887
  outer loop
  vertex 0.802455 2.97728 10.1003
  vertex 10.8047 20.2813 10.14
  vertex 10.7965 20.2875 10.1003
  endloop
 endfacet
 facet normal -0.838797 0.484279 0.248782
  outer loop
  vertex 0.834371 2.96927 10.2235
  vertex 10.8047 20.2813 10.14
  vertex 0.802455 2.97728 10.1003
  endloop
 endfacet
 facet normal -0.838869 0.484319 0.248462
  outer loop
  vertex 10.8047 20.2813 10.14
  vertex 0.834371 2.96927 10.2235
  vertex 0.847541 2.96597 10.2744
  endloop
 endfacet
 facet normal -0.0534303 0.030848 0.998095
  outer loop
  vertex 11.4338 19.8038 10.7953
  vertex 1.58312 2.64158 10.7984
  vertex 11.4804 19.7842 10.7984
  endloop
 endfacet
 facet normal -0.0549733 0.0317369 0.997983
  outer loop
  vertex 1.56376 2.65071 10.7971
  vertex 11.4338 19.8038 10.7953
  vertex 11.3467 19.8699 10.7884
  endloop
 endfacet
 facet normal -0.0526744 0.0304141 0.998148
  outer loop
  vertex 11.4338 19.8038 10.7953
  vertex 1.56376 2.65071 10.7971
  vertex 1.58312 2.64158 10.7984
  endloop
 endfacet
 facet normal -0.46404 0.267915 -0.844327
  outer loop
  vertex 1.15483 3.0201 9.38359
  vertex 11.1603 20.0114 9.27614
  vertex 1.30857 2.94776 9.27614
  endloop
 endfacet
 facet normal -0.463911 0.267838 -0.844423
  outer loop
  vertex 11.1603 20.0114 9.27614
  vertex 1.15483 3.0201 9.38359
  vertex 11.0243 20.1146 9.38359
  endloop
 endfacet
 facet normal 0.700381 -0.404363 0.588181
  outer loop
  vertex 2.01155 2.31775 10.5476
  vertex 12.0852 19.53 10.3854
  vertex 11.9756 19.5761 10.5476
  endloop
 endfacet
 facet normal 0.700592 -0.404489 0.587843
  outer loop
  vertex 12.0852 19.53 10.3854
  vertex 2.01155 2.31775 10.5476
  vertex 2.10491 2.24373 10.3854
  endloop
 endfacet
 facet normal 0.162032 -0.0935494 -0.982341
  outer loop
  vertex 1.81104 2.68649 9.23495
  vertex 11.6635 19.7073 9.23915
  vertex 1.82827 2.67223 9.23915
  endloop
 endfacet
 facet normal 0.162231 -0.093665 -0.982297
  outer loop
  vertex 11.6635 19.7073 9.23915
  vertex 1.81104 2.68649 9.23495
  vertex 11.5184 19.7683 9.20937
  endloop
 endfacet
 facet normal 0.368767 -0.212909 -0.90481
  outer loop
  vertex 1.82827 2.67223 9.23915
  vertex 11.8321 19.6364 9.32454
  vertex 1.97006 2.55493 9.32454
  endloop
 endfacet
 facet normal 0.368738 -0.212891 -0.904826
  outer loop
  vertex 11.8321 19.6364 9.32454
  vertex 1.82827 2.67223 9.23915
  vertex 11.6635 19.7073 9.23915
  endloop
 endfacet
 facet normal 0.162273 -0.0936886 -0.982288
  outer loop
  vertex 1.74144 2.74407 9.21796
  vertex 11.5184 19.7683 9.20937
  vertex 1.81104 2.68649 9.23495
  endloop
 endfacet
 facet normal 0.16218 -0.0936351 -0.982309
  outer loop
  vertex 11.5184 19.7683 9.20937
  vertex 1.74144 2.74407 9.21796
  vertex 11.4804 19.7842 9.20158
  endloop
 endfacet
 facet normal 0.162286 -0.0936958 -0.982285
  outer loop
  vertex 11.4804 19.7842 9.20158
  vertex 1.74144 2.74407 9.21796
  vertex 1.66347 2.78075 9.20158
  endloop
 endfacet
 facet normal 0.700442 -0.404398 -0.588084
  outer loop
  vertex 12.0852 19.53 9.6146
  vertex 2.09081 2.45504 9.45236
  vertex 11.9756 19.5761 9.45236
  endloop
 endfacet
 facet normal 0.700638 -0.404516 -0.58777
  outer loop
  vertex 2.09081 2.45504 9.45236
  vertex 12.0852 19.53 9.6146
  vertex 2.18292 2.37884 9.6146
  endloop
 endfacet
 facet normal -0.866026 0.499999 0
  outer loop
  vertex 0.88159 3.11434 9.89973
  vertex 10.7965 20.2875 10.1003
  vertex 10.7965 20.2875 9.89973
  endloop
 endfacet
 facet normal -0.866026 0.499999 0
  outer loop
  vertex 0.88159 3.11434 10
  vertex 10.7965 20.2875 10.1003
  vertex 0.88159 3.11434 9.89973
  endloop
 endfacet
 facet normal -0.866027 0.499998 -3.20479e-05
  outer loop
  vertex 0.802455 2.97728 10.1003
  vertex 0.88159 3.11434 10
  vertex 0.803267 2.97868 10
  endloop
 endfacet
 facet normal -0.866026 0.499998 -3.11368e-05
  outer loop
  vertex 0.88159 3.11434 10
  vertex 0.802455 2.97728 10.1003
  vertex 10.7965 20.2875 10.1003
  endloop
 endfacet
 facet normal -0.464065 0.267927 0.84431
  outer loop
  vertex 1.07587 2.88335 10.6164
  vertex 11.1603 20.0114 10.7239
  vertex 11.0243 20.1146 10.6164
  endloop
 endfacet
 facet normal -0.464175 0.267993 0.844228
  outer loop
  vertex 11.1603 20.0114 10.7239
  vertex 1.07587 2.88335 10.6164
  vertex 1.22879 2.80957 10.7239
  endloop
 endfacet
 facet normal -0.63129 0.364473 -0.684567
  outer loop
  vertex 1.03018 3.07876 9.52977
  vertex 11.0243 20.1146 9.38359
  vertex 1.15483 3.0201 9.38359
  endloop
 endfacet
 facet normal -0.631277 0.364466 -0.684583
  outer loop
  vertex 11.0243 20.1146 9.38359
  vertex 1.03018 3.07876 9.52977
  vertex 10.9141 20.1983 9.52977
  endloop
 endfacet
 facet normal 0.36842 -0.212708 0.904998
  outer loop
  vertex 1.74735 2.53208 10.7608
  vertex 11.8321 19.6364 10.6755
  vertex 11.6635 19.7073 10.7608
  endloop
 endfacet
 facet normal 0.368498 -0.212754 0.904956
  outer loop
  vertex 11.8321 19.6364 10.6755
  vertex 1.78562 2.50088 10.7379
  vertex 1.88981 2.41592 10.6755
  endloop
 endfacet
 facet normal 0.368258 -0.212612 0.905087
  outer loop
  vertex 11.8321 19.6364 10.6755
  vertex 1.74735 2.53208 10.7608
  vertex 1.78562 2.50088 10.7379
  endloop
 endfacet
 facet normal -0.0541597 0.0312691 0.998043
  outer loop
  vertex 1.40149 2.72726 10.7858
  vertex 11.3467 19.8699 10.7884
  vertex 11.3134 19.8952 10.7858
  endloop
 endfacet
 facet normal -0.0548009 0.0316389 0.997996
  outer loop
  vertex 11.3467 19.8699 10.7884
  vertex 1.49791 2.68177 10.7925
  vertex 1.56376 2.65071 10.7971
  endloop
 endfacet
 facet normal -0.0544998 0.0314664 0.998018
  outer loop
  vertex 11.3467 19.8699 10.7884
  vertex 1.40149 2.72726 10.7858
  vertex 1.49791 2.68177 10.7925
  endloop
 endfacet
 facet normal -0.838775 0.484266 -0.248883
  outer loop
  vertex 10.8047 20.2813 9.86003
  vertex 0.88159 3.11434 9.89973
  vertex 10.7965 20.2875 9.89973
  endloop
 endfacet
 facet normal -0.838818 0.484291 -0.24869
  outer loop
  vertex 0.88159 3.11434 9.89973
  vertex 10.8047 20.2813 9.86003
  vertex 0.927797 3.10553 9.72672
  endloop
 endfacet
 facet normal -0.759053 0.438242 -0.481439
  outer loop
  vertex 10.8982 20.2103 9.56578
  vertex 0.933463 3.10445 9.7055
  vertex 10.8366 20.2571 9.7055
  endloop
 endfacet
 facet normal -0.758886 0.438141 -0.481793
  outer loop
  vertex 0.933463 3.10445 9.7055
  vertex 10.8982 20.2103 9.56578
  vertex 0.944459 3.10235 9.68627
  endloop
 endfacet
 facet normal 0.805197 -0.464883 0.368161
  outer loop
  vertex 2.10491 2.24373 10.3854
  vertex 12.1538 19.5012 10.199
  vertex 12.0852 19.53 10.3854
  endloop
 endfacet
 facet normal 0.805169 -0.464867 0.368241
  outer loop
  vertex 12.1538 19.5012 10.199
  vertex 2.10491 2.24373 10.3854
  vertex 2.16405 2.19851 10.199
  endloop
 endfacet
 facet normal -0.267389 0.154378 0.951142
  outer loop
  vertex 1.22879 2.80957 10.7239
  vertex 11.3134 19.8952 10.7858
  vertex 11.1603 20.0114 10.7239
  endloop
 endfacet
 facet normal -0.267352 0.154356 0.951156
  outer loop
  vertex 11.3134 19.8952 10.7858
  vertex 1.22879 2.80957 10.7239
  vertex 1.40149 2.72726 10.7858
  endloop
 endfacet
 facet normal -0.759087 0.438261 0.481366
  outer loop
  vertex 0.86304 2.96241 10.3127
  vertex 10.9141 20.1983 10.4702
  vertex 10.8982 20.2103 10.4342
  endloop
 endfacet
 facet normal -0.758917 0.438158 0.481729
  outer loop
  vertex 10.9141 20.1983 10.4702
  vertex 0.86304 2.96241 10.3127
  vertex 0.951819 2.94302 10.4702
  endloop
 endfacet
 facet normal -0.631317 0.36449 0.684534
  outer loop
  vertex 0.955967 2.94217 10.4745
  vertex 11.0243 20.1146 10.6164
  vertex 10.9141 20.1983 10.4702
  endloop
 endfacet
 facet normal -0.631316 0.364489 0.684535
  outer loop
  vertex 11.0243 20.1146 10.6164
  vertex 0.955967 2.94217 10.4745
  vertex 1.07587 2.88335 10.6164
  endloop
 endfacet
 facet normal -0.632824 0.365359 0.682676
  outer loop
  vertex 0.955967 2.94217 10.4745
  vertex 10.9141 20.1983 10.4702
  vertex 0.951819 2.94302 10.4702
  endloop
 endfacet
 facet normal -0.267617 0.154508 -0.951056
  outer loop
  vertex 1.30857 2.94776 9.27614
  vertex 11.3134 19.8952 9.21417
  vertex 1.48175 2.86627 9.21417
  endloop
 endfacet
 facet normal -0.267661 0.154535 -0.95104
  outer loop
  vertex 11.3134 19.8952 9.21417
  vertex 1.30857 2.94776 9.27614
  vertex 11.1603 20.0114 9.27614
  endloop
 endfacet
 facet normal -0.859198 -0.496058 -0.125321
  outer loop
  vertex 10.8 -20.2559 9.80105
  vertex 0.875029 -3.11559 10
  vertex 0.901171 -3.11061 9.80105
  endloop
 endfacet
 facet normal -0.85919 -0.496052 -0.1254
  outer loop
  vertex 0.875029 -3.11559 10
  vertex 10.8 -20.2559 9.80105
  vertex 10.7787 -20.2693 10
  endloop
 endfacet
 facet normal -0.552626 -0.319051 -0.769942
  outer loop
  vertex 10.962 -20.153 9.45236
  vertex 1.21309 -2.99269 9.3387
  vertex 10.9888 -20.136 9.42608
  endloop
 endfacet
 facet normal -0.552015 -0.318708 -0.770522
  outer loop
  vertex 1.21309 -2.99269 9.3387
  vertex 10.962 -20.153 9.45236
  vertex 1.08833 -3.05139 9.45236
  endloop
 endfacet
 facet normal 0.267269 0.154306 0.951187
  outer loop
  vertex 1.67112 -2.59465 10.7858
  vertex 11.7093 -19.6788 10.7367
  vertex 1.68707 -2.58159 10.7792
  endloop
 endfacet
 facet normal 0.267435 0.154404 0.951124
  outer loop
  vertex 11.7093 -19.6788 10.7367
  vertex 1.67112 -2.59465 10.7858
  vertex 11.5815 -19.7599 10.7858
  endloop
 endfacet
 facet normal 0.838814 0.484289 0.248706
  outer loop
  vertex 2.14324 -2.21423 10.2744
  vertex 12.1626 -19.4789 10.1003
  vertex 2.17952 -2.18766 10.1003
  endloop
 endfacet
 facet normal 0.839049 0.484436 0.247625
  outer loop
  vertex 12.1626 -19.4789 10.1003
  vertex 2.14324 -2.21423 10.2744
  vertex 12.1527 -19.4821 10.1401
  endloop
 endfacet
 facet normal -0.859203 -0.496058 0.125283
  outer loop
  vertex 0.875029 -3.11559 10
  vertex 0.821237 -2.97216 10.199
  vertex 0.796706 -2.97993 10
  endloop
 endfacet
 facet normal -0.859203 -0.496059 0.125284
  outer loop
  vertex 0.875029 -3.11559 10
  vertex 10.8 -20.2559 10.199
  vertex 0.821237 -2.97216 10.199
  endloop
 endfacet
 facet normal -0.859193 -0.496054 0.12537
  outer loop
  vertex 10.8 -20.2559 10.199
  vertex 0.875029 -3.11559 10
  vertex 10.7787 -20.2693 10
  endloop
 endfacet
 facet normal 0.631204 0.364425 -0.684672
  outer loop
  vertex 11.9143 -19.5596 9.41383
  vertex 2.14085 -2.41364 9.52977
  vertex 12.0202 -19.5252 9.52977
  endloop
 endfacet
 facet normal 0.631461 0.364569 -0.684358
  outer loop
  vertex 2.14085 -2.41364 9.52977
  vertex 11.9143 -19.5596 9.41383
  vertex 2.1291 -2.42336 9.51375
  endloop
 endfacet
 facet normal -0.805196 -0.464881 -0.368165
  outer loop
  vertex 10.8496 -20.2244 9.65288
  vertex 0.901171 -3.11061 9.80105
  vertex 0.909542 -3.10901 9.78072
  endloop
 endfacet
 facet normal -0.805135 -0.464844 -0.368345
  outer loop
  vertex 0.901171 -3.11061 9.80105
  vertex 10.8496 -20.2244 9.65288
  vertex 10.8 -20.2559 9.80105
  endloop
 endfacet
 facet normal 0.0546283 0.0315397 0.998008
  outer loop
  vertex 1.65504 -2.60793 10.7871
  vertex 11.5815 -19.7599 10.7858
  vertex 1.67112 -2.59465 10.7858
  endloop
 endfacet
 facet normal 0.0542604 0.0313268 0.998035
  outer loop
  vertex 11.5815 -19.7599 10.7858
  vertex 1.65504 -2.60793 10.7871
  vertex 11.5465 -19.7821 10.7884
  endloop
 endfacet
 facet normal 0.0546108 0.0315286 0.99801
  outer loop
  vertex 11.5465 -19.7821 10.7884
  vertex 1.65504 -2.60793 10.7871
  vertex 1.51125 -2.67542 10.7971
  endloop
 endfacet
 facet normal 0.0543822 0.0313974 -0.998026
  outer loop
  vertex 11.4123 -19.8672 9.20158
  vertex 1.5926 -2.8141 9.20299
  vertex 11.5465 -19.7821 9.21157
  endloop
 endfacet
 facet normal 0.0543548 0.0313816 -0.998028
  outer loop
  vertex 1.5926 -2.8141 9.20299
  vertex 11.4123 -19.8672 9.20158
  vertex 1.57225 -2.82368 9.20158
  endloop
 endfacet
 facet normal -0.804656 -0.464556 0.369752
  outer loop
  vertex 0.821237 -2.97216 10.199
  vertex 10.8496 -20.2244 10.3471
  vertex 0.829026 -2.97037 10.2182
  endloop
 endfacet
 facet normal -0.805084 -0.464815 0.368491
  outer loop
  vertex 10.8496 -20.2244 10.3471
  vertex 0.821237 -2.97216 10.199
  vertex 10.8 -20.2559 10.199
  endloop
 endfacet
 facet normal -0.552875 -0.319193 0.769704
  outer loop
  vertex 1.13455 -2.85496 10.662
  vertex 10.962 -20.153 10.5476
  vertex 10.9888 -20.136 10.5739
  endloop
 endfacet
 facet normal -0.552121 -0.318769 0.770421
  outer loop
  vertex 10.962 -20.153 10.5476
  vertex 1.13455 -2.85496 10.662
  vertex 1.0099 -2.91555 10.5476
  endloop
 endfacet
 facet normal -0.700486 -0.404428 0.588012
  outer loop
  vertex 0.956013 -2.94231 10.465
  vertex 10.962 -20.153 10.5476
  vertex 1.0099 -2.91555 10.5476
  endloop
 endfacet
 facet normal -0.700668 -0.404535 0.587721
  outer loop
  vertex 0.896513 -2.9549 10.3854
  vertex 10.962 -20.153 10.5476
  vertex 0.956013 -2.94231 10.465
  endloop
 endfacet
 facet normal -0.700505 -0.404437 0.587982
  outer loop
  vertex 10.962 -20.153 10.5476
  vertex 0.896513 -2.9549 10.3854
  vertex 10.8624 -20.2163 10.3854
  endloop
 endfacet
 facet normal -0.368677 -0.212856 -0.904859
  outer loop
  vertex 11.0925 -20.0702 9.32454
  vertex 1.39339 -2.90784 9.23915
  vertex 11.2459 -19.9729 9.23915
  endloop
 endfacet
 facet normal -0.368756 -0.2129 -0.904816
  outer loop
  vertex 1.39339 -2.90784 9.23915
  vertex 11.0925 -20.0702 9.32454
  vertex 1.22863 -2.98537 9.32454
  endloop
 endfacet
 facet normal -0.805207 -0.464887 -0.368133
  outer loop
  vertex 10.8624 -20.2163 9.6146
  vertex 0.909542 -3.10901 9.78072
  vertex 0.977956 -3.09596 9.6146
  endloop
 endfacet
 facet normal -0.805358 -0.464979 -0.367687
  outer loop
  vertex 0.909542 -3.10901 9.78072
  vertex 10.8624 -20.2163 9.6146
  vertex 10.8496 -20.2244 9.65288
  endloop
 endfacet
 facet normal -0.70062 -0.404505 -0.587799
  outer loop
  vertex 10.962 -20.153 9.45236
  vertex 1.0043 -3.09093 9.57973
  vertex 1.08833 -3.05139 9.45236
  endloop
 endfacet
 facet normal -0.700675 -0.404538 -0.58771
  outer loop
  vertex 10.962 -20.153 9.45236
  vertex 0.977956 -3.09596 9.6146
  vertex 1.0043 -3.09093 9.57973
  endloop
 endfacet
 facet normal -0.700565 -0.404472 -0.587887
  outer loop
  vertex 0.977956 -3.09596 9.6146
  vertex 10.962 -20.153 9.45236
  vertex 10.8624 -20.2163 9.6146
  endloop
 endfacet
 facet normal 0.838816 0.484289 -0.2487
  outer loop
  vertex 12.1626 -19.4789 9.89973
  vertex 2.22059 -2.34767 9.72665
  vertex 2.25532 -2.31894 9.89973
  endloop
 endfacet
 facet normal 0.839075 0.484451 -0.247508
  outer loop
  vertex 2.22059 -2.34767 9.72665
  vertex 12.1626 -19.4789 9.89973
  vertex 12.1527 -19.4821 9.85991
  endloop
 endfacet
 facet normal 0.0544405 0.0314287 0.998022
  outer loop
  vertex 1.51125 -2.67542 10.7971
  vertex 11.4123 -19.8672 10.7984
  vertex 11.5465 -19.7821 10.7884
  endloop
 endfacet
 facet normal 0.0512032 0.0295643 0.998251
  outer loop
  vertex 1.49744 -2.6819 10.798
  vertex 11.4123 -19.8672 10.7984
  vertex 1.51125 -2.67542 10.7971
  endloop
 endfacet
 facet normal 0.0566287 0.0326945 0.99786
  outer loop
  vertex 11.4123 -19.8672 10.7984
  vertex 1.49744 -2.6819 10.798
  vertex 1.4919 -2.6845 10.7984
  endloop
 endfacet
 facet normal 0.267726 0.154573 -0.951015
  outer loop
  vertex 1.76896 -2.7213 9.22113
  vertex 11.7426 -19.6576 9.27614
  vertex 11.7093 -19.6788 9.26332
  endloop
 endfacet
 facet normal 0.267602 0.154499 -0.951062
  outer loop
  vertex 11.7426 -19.6576 9.27614
  vertex 1.76896 -2.7213 9.22113
  vertex 1.90127 -2.61184 9.27614
  endloop
 endfacet
 facet normal -0.162271 -0.093687 -0.982289
  outer loop
  vertex 11.2459 -19.9729 9.23915
  vertex 1.57225 -2.82368 9.20158
  vertex 11.4123 -19.8672 9.20158
  endloop
 endfacet
 facet normal -0.162254 -0.0936775 -0.982292
  outer loop
  vertex 1.57225 -2.82368 9.20158
  vertex 11.2459 -19.9729 9.23915
  vertex 1.39339 -2.90784 9.23915
  endloop
 endfacet
 facet normal 0.758886 0.43814 0.481794
  outer loop
  vertex 2.06219 -2.27739 10.4702
  vertex 12.0395 -19.5189 10.434
  vertex 2.13108 -2.22352 10.3127
  endloop
 endfacet
 facet normal 0.759224 0.438338 0.48108
  outer loop
  vertex 12.0395 -19.5189 10.434
  vertex 2.06219 -2.27739 10.4702
  vertex 12.0202 -19.5252 10.4702
  endloop
 endfacet
 facet normal 0.631356 0.364513 0.684485
  outer loop
  vertex 2.06219 -2.27739 10.4702
  vertex 11.9143 -19.5596 10.5862
  vertex 12.0202 -19.5252 10.4702
  endloop
 endfacet
 facet normal 0.630822 0.364213 0.685136
  outer loop
  vertex 11.9143 -19.5596 10.5862
  vertex 2.06219 -2.27739 10.4702
  vertex 2.0509 -2.28643 10.4854
  endloop
 endfacet
 facet normal 0.631387 0.364532 0.684446
  outer loop
  vertex 2.0509 -2.28643 10.4854
  vertex 11.8867 -19.5685 10.6164
  vertex 11.9143 -19.5596 10.5862
  endloop
 endfacet
 facet normal 0.6314 0.364539 0.684431
  outer loop
  vertex 11.8867 -19.5685 10.6164
  vertex 2.0509 -2.28643 10.4854
  vertex 1.95378 -2.36417 10.6164
  endloop
 endfacet
 facet normal 0.838791 0.484277 0.248808
  outer loop
  vertex 2.13905 -2.2173 10.2945
  vertex 12.1527 -19.4821 10.1401
  vertex 2.14324 -2.21423 10.2744
  endloop
 endfacet
 facet normal 0.838707 0.484225 0.249191
  outer loop
  vertex 12.1527 -19.4821 10.1401
  vertex 2.13905 -2.2173 10.2945
  vertex 12.1141 -19.4947 10.2945
  endloop
 endfacet
 facet normal 0.758784 0.438082 0.482007
  outer loop
  vertex 2.13108 -2.22352 10.3127
  vertex 12.1141 -19.4947 10.2945
  vertex 2.13905 -2.2173 10.2945
  endloop
 endfacet
 facet normal 0.75887 0.438131 0.481828
  outer loop
  vertex 12.1141 -19.4947 10.2945
  vertex 2.13108 -2.22352 10.3127
  vertex 12.0395 -19.5189 10.434
  endloop
 endfacet
 facet normal -0.805243 -0.464908 0.368029
  outer loop
  vertex 0.833791 -2.96928 10.23
  vertex 10.8624 -20.2163 10.3854
  vertex 0.896513 -2.9549 10.3854
  endloop
 endfacet
 facet normal -0.805215 -0.464891 0.36811
  outer loop
  vertex 0.829026 -2.97037 10.2182
  vertex 10.8624 -20.2163 10.3854
  vertex 0.833791 -2.96928 10.23
  endloop
 endfacet
 facet normal -0.805411 -0.46501 0.36753
  outer loop
  vertex 10.8624 -20.2163 10.3854
  vertex 0.829026 -2.97037 10.2182
  vertex 10.8496 -20.2244 10.3471
  endloop
 endfacet
 facet normal -0.552311 -0.318875 0.770241
  outer loop
  vertex 1.14922 -2.84783 10.6755
  vertex 10.9888 -20.136 10.5739
  vertex 11.0925 -20.0702 10.6755
  endloop
 endfacet
 facet normal -0.553035 -0.319283 0.769552
  outer loop
  vertex 10.9888 -20.136 10.5739
  vertex 1.14922 -2.84783 10.6755
  vertex 1.13455 -2.85496 10.662
  endloop
 endfacet
 facet normal 0.866011 0.500025 5.81999e-06
  outer loop
  vertex 2.17952 -2.18766 10.1003
  vertex 2.25532 -2.31894 10
  vertex 2.1803 -2.18901 10
  endloop
 endfacet
 facet normal 0.866026 0.499999 5.33363e-05
  outer loop
  vertex 12.1626 -19.4789 10.1003
  vertex 2.25532 -2.31894 10
  vertex 2.17952 -2.18766 10.1003
  endloop
 endfacet
 facet normal 0.866026 0.499999 0
  outer loop
  vertex 12.1626 -19.4789 10.1003
  vertex 2.25532 -2.31894 9.89973
  vertex 2.25532 -2.31894 10
  endloop
 endfacet
 facet normal 0.866026 0.499999 0
  outer loop
  vertex 2.25532 -2.31894 9.89973
  vertex 12.1626 -19.4789 10.1003
  vertex 12.1626 -19.4789 9.89973
  endloop
 endfacet
 facet normal 0.26768 0.154545 -0.951033
  outer loop
  vertex 1.75223 -2.73514 9.21417
  vertex 11.7093 -19.6788 9.26332
  vertex 11.5815 -19.7599 9.21417
  endloop
 endfacet
 facet normal 0.267746 0.154584 -0.951008
  outer loop
  vertex 11.7093 -19.6788 9.26332
  vertex 1.75223 -2.73514 9.21417
  vertex 1.76896 -2.7213 9.22113
  endloop
 endfacet
 facet normal 0.0542804 0.0313387 -0.998034
  outer loop
  vertex 1.74144 -2.74407 9.2133
  vertex 11.5815 -19.7599 9.21417
  vertex 11.5465 -19.7821 9.21157
  endloop
 endfacet
 facet normal 0.0544967 0.0314637 -0.998018
  outer loop
  vertex 11.5815 -19.7599 9.21417
  vertex 1.74144 -2.74407 9.2133
  vertex 1.75223 -2.73514 9.21417
  endloop
 endfacet
 facet normal 0.0543655 0.0313876 -0.998028
  outer loop
  vertex 1.74144 -2.74407 9.2133
  vertex 11.5465 -19.7821 9.21157
  vertex 1.5926 -2.8141 9.20299
  endloop
 endfacet
 facet normal 0.267596 0.154496 0.951064
  outer loop
  vertex 1.78565 -2.50085 10.7384
  vertex 11.7426 -19.6576 10.7239
  vertex 1.82064 -2.47219 10.7239
  endloop
 endfacet
 facet normal 0.267279 0.154312 0.951183
  outer loop
  vertex 1.68707 -2.58159 10.7792
  vertex 11.7426 -19.6576 10.7239
  vertex 1.78565 -2.50085 10.7384
  endloop
 endfacet
 facet normal 0.267346 0.154352 0.951158
  outer loop
  vertex 11.7426 -19.6576 10.7239
  vertex 1.68707 -2.58159 10.7792
  vertex 11.7093 -19.6788 10.7367
  endloop
 endfacet
 facet normal 0.631777 0.364748 -0.683972
  outer loop
  vertex 11.8867 -19.5685 9.38359
  vertex 2.1291 -2.42336 9.51375
  vertex 11.9143 -19.5596 9.41383
  endloop
 endfacet
 facet normal 0.631296 0.364479 -0.684559
  outer loop
  vertex 2.1291 -2.42336 9.51375
  vertex 11.8867 -19.5685 9.38359
  vertex 2.03358 -2.50238 9.38359
  endloop
 endfacet
 facet normal 0.46606 0.26908 -0.842843
  outer loop
  vertex 11.8791 -19.571 9.37859
  vertex 2.03358 -2.50238 9.38359
  vertex 11.8867 -19.5685 9.38359
  endloop
 endfacet
 facet normal 0.463879 0.26782 -0.844446
  outer loop
  vertex 1.90127 -2.61184 9.27614
  vertex 11.8791 -19.571 9.37859
  vertex 11.7426 -19.6576 9.27614
  endloop
 endfacet
 facet normal 0.464039 0.267914 -0.844328
  outer loop
  vertex 11.8791 -19.571 9.37859
  vertex 1.90127 -2.61184 9.27614
  vertex 2.03358 -2.50238 9.38359
  endloop
 endfacet
 facet normal -0.552117 -0.318763 -0.770427
  outer loop
  vertex 10.9888 -20.136 9.42608
  vertex 1.22863 -2.98537 9.32454
  vertex 11.0925 -20.0702 9.32454
  endloop
 endfacet
 facet normal -0.551998 -0.318696 -0.770539
  outer loop
  vertex 1.22863 -2.98537 9.32454
  vertex 10.9888 -20.136 9.42608
  vertex 1.21309 -2.99269 9.3387
  endloop
 endfacet
 facet normal -0.36836 -0.212673 0.905031
  outer loop
  vertex 1.31332 -2.76917 10.7608
  vertex 11.0925 -20.0702 10.6755
  vertex 11.2459 -19.9729 10.7608
  endloop
 endfacet
 facet normal -0.368452 -0.212724 0.904982
  outer loop
  vertex 11.0925 -20.0702 10.6755
  vertex 1.31332 -2.76917 10.7608
  vertex 1.14922 -2.84783 10.6755
  endloop
 endfacet
 facet normal 0.7589 0.438149 -0.481764
  outer loop
  vertex 12.0395 -19.5189 9.56595
  vertex 2.14085 -2.41364 9.52977
  vertex 2.20812 -2.35799 9.68635
  endloop
 endfacet
 facet normal 0.759124 0.43828 -0.481291
  outer loop
  vertex 2.14085 -2.41364 9.52977
  vertex 12.0395 -19.5189 9.56595
  vertex 12.0202 -19.5252 9.52977
  endloop
 endfacet
 facet normal -0.162394 -0.0937579 0.982261
  outer loop
  vertex 1.4919 -2.6845 10.7984
  vertex 11.2459 -19.9729 10.7608
  vertex 11.4123 -19.8672 10.7984
  endloop
 endfacet
 facet normal -0.162367 -0.0937425 0.982267
  outer loop
  vertex 11.2459 -19.9729 10.7608
  vertex 1.4919 -2.6845 10.7984
  vertex 1.31332 -2.76917 10.7608
  endloop
 endfacet
 facet normal 0.758838 0.438113 -0.481894
  outer loop
  vertex 12.1141 -19.4947 9.7055
  vertex 2.20812 -2.35799 9.68635
  vertex 2.21635 -2.35118 9.7055
  endloop
 endfacet
 facet normal 0.758931 0.438166 -0.481699
  outer loop
  vertex 2.20812 -2.35799 9.68635
  vertex 12.1141 -19.4947 9.7055
  vertex 12.0395 -19.5189 9.56595
  endloop
 endfacet
 facet normal 0.83885 0.484313 -0.248539
  outer loop
  vertex 12.1527 -19.4821 9.85991
  vertex 2.21635 -2.35118 9.7055
  vertex 2.22059 -2.34767 9.72665
  endloop
 endfacet
 facet normal 0.838713 0.484228 -0.249168
  outer loop
  vertex 2.21635 -2.35118 9.7055
  vertex 12.1527 -19.4821 9.85991
  vertex 12.1141 -19.4947 9.7055
  endloop
 endfacet
 facet normal 0.466072 0.269086 0.842834
  outer loop
  vertex 1.95378 -2.36417 10.6164
  vertex 11.8791 -19.571 10.6214
  vertex 11.8867 -19.5685 10.6164
  endloop
 endfacet
 facet normal 0.464196 0.268005 0.844213
  outer loop
  vertex 1.82064 -2.47219 10.7239
  vertex 11.8791 -19.571 10.6214
  vertex 1.95378 -2.36417 10.6164
  endloop
 endfacet
 facet normal 0.464043 0.267914 0.844326
  outer loop
  vertex 11.8791 -19.571 10.6214
  vertex 1.82064 -2.47219 10.7239
  vertex 11.7426 -19.6576 10.7239
  endloop
 endfacet
 facet normal 1.20717e-06 -0.968596 -0.248639
  outer loop
  vertex -3.13659 -0.74924 -17.2734
  vertex -16.9678 -0.793692 -17.1003
  vertex -16.9652 -0.77313 -17.1804
  endloop
 endfacet
 facet normal 0 -0.968573 -0.24873
  outer loop
  vertex -16.9678 -0.793692 -17.1003
  vertex -3.13659 -0.74924 -17.2734
  vertex -3.12517 -0.793692 -17.1003
  endloop
 endfacet
 facet normal 0 -0.729009 0.684504
  outer loop
  vertex -16.9493 -0.647213 -16.5298
  vertex -3.19803 -0.509938 -16.3836
  vertex -16.9319 -0.509938 -16.3836
  endloop
 endfacet
 facet normal 0 -0.729009 0.684504
  outer loop
  vertex -3.19803 -0.509938 -16.3836
  vertex -16.9493 -0.647213 -16.5298
  vertex -3.16278 -0.647213 -16.5298
  endloop
 endfacet
 facet normal 0 -0.876247 0.481862
  outer loop
  vertex -16.9543 -0.687082 -16.6023
  vertex -3.16278 -0.647213 -16.5298
  vertex -16.9493 -0.647213 -16.5298
  endloop
 endfacet
 facet normal 5.36561e-07 -0.87629 0.481784
  outer loop
  vertex -3.16278 -0.647213 -16.5298
  vertex -16.9543 -0.687082 -16.6023
  vertex -3.14068 -0.733311 -16.6864
  endloop
 endfacet
 facet normal 0 0.929743 -0.368209
  outer loop
  vertex -3.14896 0.701045 -17.3854
  vertex -16.9654 0.774866 -17.199
  vertex -3.13001 0.774866 -17.199
  endloop
 endfacet
 facet normal 0 0.929743 -0.368209
  outer loop
  vertex -16.9654 0.774866 -17.199
  vertex -3.14896 0.701045 -17.3854
  vertex -16.9561 0.701045 -17.3854
  endloop
 endfacet
 facet normal 0 0.425566 0.904927
  outer loop
  vertex -3.22437 0.407332 -16.3145
  vertex -16.8987 0.247213 -16.2392
  vertex -3.22437 0.247213 -16.2392
  endloop
 endfacet
 facet normal 0 0.424446 0.905453
  outer loop
  vertex -16.9217 0.428661 -16.3245
  vertex -3.22437 0.407332 -16.3145
  vertex -3.2189 0.428661 -16.3245
  endloop
 endfacet
 facet normal 1.87779e-06 0.425435 0.904989
  outer loop
  vertex -3.22437 0.407332 -16.3145
  vertex -16.9217 0.428661 -16.3245
  vertex -16.8987 0.247213 -16.2392
  endloop
 endfacet
 facet normal 0 -0.876247 -0.481862
  outer loop
  vertex -3.16278 -0.647213 -17.4702
  vertex -16.9543 -0.687082 -17.3977
  vertex -16.9493 -0.647213 -17.4702
  endloop
 endfacet
 facet normal 5.36466e-07 -0.87629 -0.481784
  outer loop
  vertex -16.9543 -0.687082 -17.3977
  vertex -3.16278 -0.647213 -17.4702
  vertex -3.14068 -0.733311 -17.3136
  endloop
 endfacet
 facet normal 0 -1 0
  outer loop
  vertex -16.9678 -0.793692 -17.1003
  vertex -3.12517 -0.793692 -16.8997
  vertex -16.9678 -0.793692 -16.8997
  endloop
 endfacet
 facet normal 0 -1 0
  outer loop
  vertex -3.12517 -0.793692 -16.8997
  vertex -16.9678 -0.793692 -17.1003
  vertex -3.12517 -0.793692 -17.1003
  endloop
 endfacet
 facet normal 0 0.187503 0.982264
  outer loop
  vertex -3.22437 0.247213 -16.2392
  vertex -16.8739 0.0502319 -16.2016
  vertex -3.22437 0.0502319 -16.2016
  endloop
 endfacet
 facet normal 0 0.187503 0.982264
  outer loop
  vertex -16.8739 0.0502319 -16.2016
  vertex -3.22437 0.247213 -16.2392
  vertex -16.8987 0.247213 -16.2392
  endloop
 endfacet
 facet normal 0 0.992119 -0.125302
  outer loop
  vertex -3.13001 0.774866 -17.199
  vertex -16.9686 0.799999 -17
  vertex -3.12355 0.799999 -17
  endloop
 endfacet
 facet normal 0 0.992119 -0.125302
  outer loop
  vertex -16.9686 0.799999 -17
  vertex -3.13001 0.774866 -17.199
  vertex -16.9654 0.774866 -17.199
  endloop
 endfacet
 facet normal 0 -0.536418 0.843953
  outer loop
  vertex -3.22437 -0.340623 -16.2761
  vertex -16.9105 -0.340623 -16.2761
  vertex -3.22437 -0.407332 -16.3185
  endloop
 endfacet
 facet normal 2.83747e-06 -0.536003 0.844216
  outer loop
  vertex -16.9319 -0.509938 -16.3836
  vertex -3.22437 -0.407332 -16.3185
  vertex -16.9105 -0.340623 -16.2761
  endloop
 endfacet
 facet normal 0 -0.535733 0.844388
  outer loop
  vertex -3.22437 -0.407332 -16.3185
  vertex -16.9319 -0.509938 -16.3836
  vertex -3.19803 -0.509938 -16.3836
  endloop
 endfacet
 facet normal 4.46903e-06 -0.0628325 -0.998024
  outer loop
  vertex -3.22437 -0.149904 -17.7858
  vertex -16.8675 1.03628e-07 -17.7953
  vertex -3.22437 0.0502319 -17.7984
  endloop
 endfacet
 facet normal 0 -0.0632377 -0.997998
  outer loop
  vertex -16.8675 1.03628e-07 -17.7953
  vertex -3.22437 -0.149904 -17.7858
  vertex -16.8864 -0.149904 -17.7858
  endloop
 endfacet
 facet normal 0 -0.0616234 -0.9981
  outer loop
  vertex -3.22437 0.0502319 -17.7984
  vertex -16.8675 1.03628e-07 -17.7953
  vertex -16.8739 0.0502319 -17.7984
  endloop
 endfacet
 facet normal 0 0.637649 -0.770327
  outer loop
  vertex -16.9412 0.583175 -17.5476
  vertex -3.2189 0.428661 -17.6755
  vertex -16.9217 0.428661 -17.6755
  endloop
 endfacet
 facet normal 0 0.637649 -0.770327
  outer loop
  vertex -3.2189 0.428661 -17.6755
  vertex -16.9412 0.583175 -17.5476
  vertex -3.17922 0.583175 -17.5476
  endloop
 endfacet
 facet normal 1.20697e-06 -0.968596 0.248639
  outer loop
  vertex -16.9678 -0.793692 -16.8997
  vertex -3.13659 -0.74924 -16.7266
  vertex -16.9652 -0.77313 -16.8196
  endloop
 endfacet
 facet normal 0 -0.968573 0.24873
  outer loop
  vertex -3.13659 -0.74924 -16.7266
  vertex -16.9678 -0.793692 -16.8997
  vertex -3.12517 -0.793692 -16.8997
  endloop
 endfacet
 facet normal 0 0.992119 0.125302
  outer loop
  vertex -16.9686 0.799999 -17
  vertex -3.13001 0.774866 -16.801
  vertex -3.12355 0.799999 -17
  endloop
 endfacet
 facet normal 0 0.992119 0.125302
  outer loop
  vertex -3.13001 0.774866 -16.801
  vertex -16.9686 0.799999 -17
  vertex -16.9654 0.774866 -16.801
  endloop
 endfacet
 facet normal 0 0.929743 0.368209
  outer loop
  vertex -16.9654 0.774866 -16.801
  vertex -3.14896 0.701045 -16.6146
  vertex -3.13001 0.774866 -16.801
  endloop
 endfacet
 facet normal 0 0.929743 0.368209
  outer loop
  vertex -3.14896 0.701045 -16.6146
  vertex -16.9654 0.774866 -16.801
  vertex -16.9561 0.701045 -16.6146
  endloop
 endfacet
 facet normal 0 0.425566 -0.904927
  outer loop
  vertex -3.22437 0.247213 -17.7608
  vertex -16.8987 0.247213 -17.7608
  vertex -3.22437 0.407332 -17.6855
  endloop
 endfacet
 facet normal 1.87783e-06 0.425435 -0.904989
  outer loop
  vertex -16.9217 0.428661 -17.6755
  vertex -3.22437 0.407332 -17.6855
  vertex -16.8987 0.247213 -17.7608
  endloop
 endfacet
 facet normal 0 0.424446 -0.905453
  outer loop
  vertex -3.22437 0.407332 -17.6855
  vertex -16.9217 0.428661 -17.6755
  vertex -3.2189 0.428661 -17.6755
  endloop
 endfacet
 facet normal 0 -0.729009 -0.684504
  outer loop
  vertex -3.19803 -0.509938 -17.6164
  vertex -16.9493 -0.647213 -17.4702
  vertex -16.9319 -0.509938 -17.6164
  endloop
 endfacet
 facet normal 0 -0.729009 -0.684504
  outer loop
  vertex -16.9493 -0.647213 -17.4702
  vertex -3.19803 -0.509938 -17.6164
  vertex -3.16278 -0.647213 -17.4702
  endloop
 endfacet
 facet normal 0 0.808957 0.587869
  outer loop
  vertex -16.9561 0.701045 -16.6146
  vertex -3.17922 0.583175 -16.4524
  vertex -3.14896 0.701045 -16.6146
  endloop
 endfacet
 facet normal 0 0.808957 0.587868
  outer loop
  vertex -3.17922 0.583175 -16.4524
  vertex -16.9561 0.701045 -16.6146
  vertex -16.9412 0.583175 -16.4524
  endloop
 endfacet
 facet normal 0 -0.968556 0.248795
  outer loop
  vertex -16.9652 -0.77313 -16.8196
  vertex -3.13798 -0.743821 -16.7055
  vertex -16.9615 -0.743821 -16.7055
  endloop
 endfacet
 facet normal 3.28183e-07 -0.968571 0.248736
  outer loop
  vertex -3.13798 -0.743821 -16.7055
  vertex -16.9652 -0.77313 -16.8196
  vertex -3.13659 -0.74924 -16.7266
  endloop
 endfacet
 facet normal 0 0.637649 0.770327
  outer loop
  vertex -16.9412 0.583175 -16.4524
  vertex -3.2189 0.428661 -16.3245
  vertex -3.17922 0.583175 -16.4524
  endloop
 endfacet
 facet normal 0 0.637649 0.770327
  outer loop
  vertex -3.2189 0.428661 -16.3245
  vertex -16.9412 0.583175 -16.4524
  vertex -16.9217 0.428661 -16.3245
  endloop
 endfacet
 facet normal 0 -0.968556 -0.248795
  outer loop
  vertex -3.13798 -0.743821 -17.2945
  vertex -16.9652 -0.77313 -17.1804
  vertex -16.9615 -0.743821 -17.2945
  endloop
 endfacet
 facet normal 3.28054e-07 -0.968571 -0.248736
  outer loop
  vertex -16.9652 -0.77313 -17.1804
  vertex -3.13798 -0.743821 -17.2945
  vertex -3.13659 -0.74924 -17.2734
  endloop
 endfacet
 facet normal 0 -0.876121 -0.482092
  outer loop
  vertex -16.9615 -0.743821 -17.2945
  vertex -3.14068 -0.733311 -17.3136
  vertex -3.13798 -0.743821 -17.2945
  endloop
 endfacet
 facet normal 5.41596e-07 -0.87629 -0.481784
  outer loop
  vertex -3.14068 -0.733311 -17.3136
  vertex -16.9615 -0.743821 -17.2945
  vertex -16.9543 -0.687082 -17.3977
  endloop
 endfacet
 facet normal 0 0.187503 -0.982264
  outer loop
  vertex -16.8739 0.0502319 -17.7984
  vertex -3.22437 0.247213 -17.7608
  vertex -3.22437 0.0502319 -17.7984
  endloop
 endfacet
 facet normal 0 0.187503 -0.982264
  outer loop
  vertex -3.22437 0.247213 -17.7608
  vertex -16.8739 0.0502319 -17.7984
  vertex -16.8987 0.247213 -17.7608
  endloop
 endfacet
 facet normal 0 -0.308714 0.951155
  outer loop
  vertex -16.8864 -0.149904 -16.2142
  vertex -3.22437 -0.340623 -16.2761
  vertex -3.22437 -0.149904 -16.2142
  endloop
 endfacet
 facet normal 0 -0.308714 0.951155
  outer loop
  vertex -3.22437 -0.340623 -16.2761
  vertex -16.8864 -0.149904 -16.2142
  vertex -16.9105 -0.340623 -16.2761
  endloop
 endfacet
 facet normal 0 0.808957 -0.587869
  outer loop
  vertex -3.17922 0.583175 -17.5476
  vertex -16.9561 0.701045 -17.3854
  vertex -3.14896 0.701045 -17.3854
  endloop
 endfacet
 facet normal 0 0.808957 -0.587868
  outer loop
  vertex -16.9561 0.701045 -17.3854
  vertex -3.17922 0.583175 -17.5476
  vertex -16.9412 0.583175 -17.5476
  endloop
 endfacet
 facet normal 0 -0.536418 -0.843953
  outer loop
  vertex -3.22437 -0.407332 -17.6815
  vertex -16.9105 -0.340623 -17.7239
  vertex -3.22437 -0.340623 -17.7239
  endloop
 endfacet
 facet normal 0 -0.535733 -0.844388
  outer loop
  vertex -16.9319 -0.509938 -17.6164
  vertex -3.22437 -0.407332 -17.6815
  vertex -3.19803 -0.509938 -17.6164
  endloop
 endfacet
 facet normal 2.83764e-06 -0.536003 -0.844216
  outer loop
  vertex -3.22437 -0.407332 -17.6815
  vertex -16.9319 -0.509938 -17.6164
  vertex -16.9105 -0.340623 -17.7239
  endloop
 endfacet
 facet normal 0 -0.308714 -0.951155
  outer loop
  vertex -3.22437 -0.340623 -17.7239
  vertex -16.8864 -0.149904 -17.7858
  vertex -3.22437 -0.149904 -17.7858
  endloop
 endfacet
 facet normal 0 -0.308714 -0.951155
  outer loop
  vertex -16.8864 -0.149904 -17.7858
  vertex -3.22437 -0.340623 -17.7239
  vertex -16.9105 -0.340623 -17.7239
  endloop
 endfacet
 facet normal 5.41635e-07 -0.87629 0.481784
  outer loop
  vertex -16.9615 -0.743821 -16.7055
  vertex -3.14068 -0.733311 -16.6864
  vertex -16.9543 -0.687082 -16.6023
  endloop
 endfacet
 facet normal 0 -0.876121 0.482092
  outer loop
  vertex -3.14068 -0.733311 -16.6864
  vertex -16.9615 -0.743821 -16.7055
  vertex -3.13798 -0.743821 -16.7055
  endloop
 endfacet
 facet normal 4.46896e-06 -0.0628325 0.998024
  outer loop
  vertex -3.22437 0.0502319 -16.2016
  vertex -16.8675 1.03628e-07 -16.2047
  vertex -3.22437 -0.149904 -16.2142
  endloop
 endfacet
 facet normal 0 -0.0616234 0.9981
  outer loop
  vertex -16.8675 1.03628e-07 -16.2047
  vertex -3.22437 0.0502319 -16.2016
  vertex -16.8739 0.0502319 -16.2016
  endloop
 endfacet
 facet normal 0 -0.0632377 0.997998
  outer loop
  vertex -3.22437 -0.149904 -16.2142
  vertex -16.8675 1.03628e-07 -16.2047
  vertex -16.8864 -0.149904 -16.2142
  endloop
 endfacet
 facet normal 0.368445 -0.212721 -0.904985
  outer loop
  vertex 1.82827 2.67223 -17.7608
  vertex 8.83206 14.4403 -17.6755
  vertex 1.97006 2.55493 -17.6755
  endloop
 endfacet
 facet normal 0.368497 -0.212752 -0.904957
  outer loop
  vertex 8.83206 14.4403 -17.6755
  vertex 1.82827 2.67223 -17.7608
  vertex 8.66346 14.5111 -17.7608
  endloop
 endfacet
 facet normal -0.267084 0.154201 -0.951256
  outer loop
  vertex 1.46242 2.87536 -17.7789
  vertex 8.3134 14.699 -17.7858
  vertex 1.48175 2.86627 -17.7858
  endloop
 endfacet
 facet normal -0.267704 0.154561 -0.951023
  outer loop
  vertex 8.3134 14.699 -17.7858
  vertex 1.46242 2.87536 -17.7789
  vertex 8.22376 14.7671 -17.7495
  endloop
 endfacet
 facet normal -0.631365 0.364519 0.684473
  outer loop
  vertex 1.03018 3.07876 -16.5298
  vertex 7.9788 14.953 -16.444
  vertex 7.91413 15.0021 -16.5298
  endloop
 endfacet
 facet normal -0.630827 0.3642 0.685139
  outer loop
  vertex 7.9788 14.953 -16.444
  vertex 1.03018 3.07876 -16.5298
  vertex 1.04393 3.07229 -16.5137
  endloop
 endfacet
 facet normal -0.26738 0.154377 -0.951145
  outer loop
  vertex 1.30857 2.94776 -17.7239
  vertex 8.22376 14.7671 -17.7495
  vertex 1.46242 2.87536 -17.7789
  endloop
 endfacet
 facet normal -0.266745 0.154005 -0.951383
  outer loop
  vertex 8.22376 14.7671 -17.7495
  vertex 1.30857 2.94776 -17.7239
  vertex 8.16028 14.8153 -17.7239
  endloop
 endfacet
 facet normal -0.630838 0.364206 -0.685126
  outer loop
  vertex 1.03018 3.07876 -17.4702
  vertex 7.9788 14.953 -17.556
  vertex 1.04393 3.07229 -17.4863
  endloop
 endfacet
 facet normal -0.631365 0.364519 -0.684474
  outer loop
  vertex 7.9788 14.953 -17.556
  vertex 1.03018 3.07876 -17.4702
  vertex 7.91413 15.0021 -17.4702
  endloop
 endfacet
 facet normal 0.368497 -0.212752 0.904957
  outer loop
  vertex 1.82827 2.67223 -16.2392
  vertex 8.83206 14.4403 -16.3245
  vertex 8.66346 14.5111 -16.2392
  endloop
 endfacet
 facet normal 0.368444 -0.212721 0.904986
  outer loop
  vertex 8.83206 14.4403 -16.3245
  vertex 1.82827 2.67223 -16.2392
  vertex 1.97006 2.55493 -16.3245
  endloop
 endfacet
 facet normal 0.859201 -0.496061 -0.125285
  outer loop
  vertex 9.17711 14.2952 -17
  vertex 2.24061 2.33111 -17.199
  vertex 9.15375 14.305 -17.199
  endloop
 endfacet
 facet normal 0.859202 -0.496061 -0.125284
  outer loop
  vertex 2.24061 2.33111 -17.199
  vertex 9.17711 14.2952 -17
  vertex 2.26025 2.31487 -17
  endloop
 endfacet
 facet normal 0.55211 -0.31876 0.770432
  outer loop
  vertex 1.97006 2.55493 -16.3245
  vertex 8.91628 14.4049 -16.3995
  vertex 8.83206 14.4403 -16.3245
  endloop
 endfacet
 facet normal 0.553095 -0.319343 0.769485
  outer loop
  vertex 8.91628 14.4049 -16.3995
  vertex 1.97006 2.55493 -16.3245
  vertex 1.98343 2.54387 -16.3387
  endloop
 endfacet
 facet normal 0.552264 -0.318854 0.770283
  outer loop
  vertex 1.98343 2.54387 -16.3387
  vertex 8.97563 14.3799 -16.4524
  vertex 8.91628 14.4049 -16.3995
  endloop
 endfacet
 facet normal 0.552102 -0.318756 0.77044
  outer loop
  vertex 8.97563 14.3799 -16.4524
  vertex 1.98343 2.54387 -16.3387
  vertex 2.09081 2.45504 -16.4524
  endloop
 endfacet
 facet normal -0.758853 0.438124 -0.48186
  outer loop
  vertex 7.91413 15.0021 -17.4702
  vertex 0.933463 3.10445 -17.2945
  vertex 7.83657 15.061 -17.2945
  endloop
 endfacet
 facet normal -0.758923 0.438167 -0.481712
  outer loop
  vertex 7.91413 15.0021 -17.4702
  vertex 1.0043 3.09093 -17.4184
  vertex 0.933463 3.10445 -17.2945
  endloop
 endfacet
 facet normal -0.758776 0.43808 -0.482021
  outer loop
  vertex 1.0043 3.09093 -17.4184
  vertex 7.91413 15.0021 -17.4702
  vertex 1.03018 3.07876 -17.4702
  endloop
 endfacet
 facet normal -0.866026 0.499999 0
  outer loop
  vertex 0.88159 3.11434 -17.1003
  vertex 7.79653 15.0914 -16.8997
  vertex 7.79653 15.0914 -17.1003
  endloop
 endfacet
 facet normal -0.866026 0.499999 0
  outer loop
  vertex 7.79653 15.0914 -16.8997
  vertex 0.88159 3.11434 -17.1003
  vertex 0.88159 3.11434 -16.8997
  endloop
 endfacet
 facet normal 0.805092 -0.464823 -0.368464
  outer loop
  vertex 9.15375 14.305 -17.199
  vertex 2.23433 2.33631 -17.2192
  vertex 9.11345 14.322 -17.3085
  endloop
 endfacet
 facet normal 0.804656 -0.464569 -0.369735
  outer loop
  vertex 2.23433 2.33631 -17.2192
  vertex 9.15375 14.305 -17.199
  vertex 2.24061 2.33111 -17.199
  endloop
 endfacet
 facet normal 0.552101 -0.318756 -0.770441
  outer loop
  vertex 1.98343 2.54387 -17.6613
  vertex 8.97563 14.3799 -17.5476
  vertex 2.09081 2.45504 -17.5476
  endloop
 endfacet
 facet normal 0.552265 -0.318854 -0.770282
  outer loop
  vertex 8.97563 14.3799 -17.5476
  vertex 1.98343 2.54387 -17.6613
  vertex 8.91628 14.4049 -17.6005
  endloop
 endfacet
 facet normal 0.859201 -0.496061 0.125285
  outer loop
  vertex 2.24061 2.33111 -16.801
  vertex 9.17711 14.2952 -17
  vertex 9.15375 14.305 -16.801
  endloop
 endfacet
 facet normal 0.859202 -0.496061 0.125283
  outer loop
  vertex 9.17711 14.2952 -17
  vertex 2.24061 2.33111 -16.801
  vertex 2.26025 2.31487 -17
  endloop
 endfacet
 facet normal -0.0533738 0.0308153 -0.998099
  outer loop
  vertex 1.66347 2.78075 -17.7984
  vertex 8.43375 14.6077 -17.7953
  vertex 8.48043 14.5881 -17.7984
  endloop
 endfacet
 facet normal -0.0539031 0.0311183 -0.998061
  outer loop
  vertex 1.64309 2.79035 -17.797
  vertex 8.43375 14.6077 -17.7953
  vertex 1.66347 2.78075 -17.7984
  endloop
 endfacet
 facet normal -0.0543702 0.0313867 -0.998028
  outer loop
  vertex 8.43375 14.6077 -17.7953
  vertex 1.64309 2.79035 -17.797
  vertex 8.38015 14.6484 -17.7911
  endloop
 endfacet
 facet normal 0.805199 -0.464881 -0.368157
  outer loop
  vertex 9.11345 14.322 -17.3085
  vertex 2.18292 2.37884 -17.3854
  vertex 9.08516 14.3339 -17.3854
  endloop
 endfacet
 facet normal 0.805237 -0.464903 -0.368046
  outer loop
  vertex 2.18292 2.37884 -17.3854
  vertex 9.11345 14.322 -17.3085
  vertex 2.23433 2.33631 -17.2192
  endloop
 endfacet
 facet normal 0.553095 -0.319343 -0.769484
  outer loop
  vertex 1.97006 2.55493 -17.6755
  vertex 8.91628 14.4049 -17.6005
  vertex 1.98343 2.54387 -17.6613
  endloop
 endfacet
 facet normal 0.552111 -0.31876 -0.770432
  outer loop
  vertex 8.91628 14.4049 -17.6005
  vertex 1.97006 2.55493 -17.6755
  vertex 8.83206 14.4403 -17.6755
  endloop
 endfacet
 facet normal -0.266743 0.154004 0.951384
  outer loop
  vertex 1.30857 2.94776 -16.2761
  vertex 8.22376 14.7671 -16.2505
  vertex 8.16028 14.8153 -16.2761
  endloop
 endfacet
 facet normal -0.267379 0.154377 0.951145
  outer loop
  vertex 8.22376 14.7671 -16.2505
  vertex 1.30857 2.94776 -16.2761
  vertex 1.46242 2.87536 -16.2211
  endloop
 endfacet
 facet normal -0.838804 0.484282 0.248755
  outer loop
  vertex 0.88159 3.11434 -16.8997
  vertex 7.83657 15.061 -16.7055
  vertex 7.79653 15.0914 -16.8997
  endloop
 endfacet
 facet normal -0.838812 0.484287 0.248718
  outer loop
  vertex 7.83657 15.061 -16.7055
  vertex 0.88159 3.11434 -16.8997
  vertex 0.933463 3.10445 -16.7055
  endloop
 endfacet
 facet normal -0.0544817 0.03145 -0.998019
  outer loop
  vertex 1.48175 2.86627 -17.7858
  vertex 8.38015 14.6484 -17.7911
  vertex 1.64309 2.79035 -17.797
  endloop
 endfacet
 facet normal -0.0551029 0.0318138 -0.997974
  outer loop
  vertex 8.38015 14.6484 -17.7911
  vertex 1.48175 2.86627 -17.7858
  vertex 8.3134 14.699 -17.7858
  endloop
 endfacet
 facet normal -0.631391 0.364532 -0.684442
  outer loop
  vertex 1.04393 3.07229 -17.4863
  vertex 8.02434 14.9185 -17.6164
  vertex 1.15483 3.0201 -17.6164
  endloop
 endfacet
 facet normal -0.631465 0.364577 -0.68435
  outer loop
  vertex 8.02434 14.9185 -17.6164
  vertex 1.04393 3.07229 -17.4863
  vertex 7.9788 14.953 -17.556
  endloop
 endfacet
 facet normal 0.700606 -0.404495 0.587822
  outer loop
  vertex 2.09081 2.45504 -16.4524
  vertex 9.08516 14.3339 -16.6146
  vertex 8.97563 14.3799 -16.4524
  endloop
 endfacet
 facet normal 0.700576 -0.404477 0.58787
  outer loop
  vertex 9.08516 14.3339 -16.6146
  vertex 2.09081 2.45504 -16.4524
  vertex 2.18292 2.37884 -16.6146
  endloop
 endfacet
 facet normal 0.700606 -0.404495 -0.587822
  outer loop
  vertex 9.08516 14.3339 -17.3854
  vertex 2.09081 2.45504 -17.5476
  vertex 8.97563 14.3799 -17.5476
  endloop
 endfacet
 facet normal 0.700578 -0.404478 -0.587867
  outer loop
  vertex 2.09081 2.45504 -17.5476
  vertex 9.08516 14.3339 -17.3854
  vertex 2.18292 2.37884 -17.3854
  endloop
 endfacet
 facet normal -0.464168 0.267986 0.844234
  outer loop
  vertex 1.15483 3.0201 -16.3836
  vertex 8.16028 14.8153 -16.2761
  vertex 8.02434 14.9185 -16.3836
  endloop
 endfacet
 facet normal -0.464197 0.268003 0.844213
  outer loop
  vertex 8.16028 14.8153 -16.2761
  vertex 1.15483 3.0201 -16.3836
  vertex 1.30857 2.94776 -16.2761
  endloop
 endfacet
 facet normal -0.0551029 0.0318137 0.997974
  outer loop
  vertex 1.48175 2.86627 -16.2142
  vertex 8.38015 14.6484 -16.2089
  vertex 8.3134 14.699 -16.2142
  endloop
 endfacet
 facet normal -0.0544816 0.03145 0.998019
  outer loop
  vertex 8.38015 14.6484 -16.2089
  vertex 1.48175 2.86627 -16.2142
  vertex 1.64309 2.79035 -16.203
  endloop
 endfacet
 facet normal -0.267703 0.15456 0.951024
  outer loop
  vertex 1.46242 2.87536 -16.2211
  vertex 8.3134 14.699 -16.2142
  vertex 8.22376 14.7671 -16.2505
  endloop
 endfacet
 facet normal -0.267085 0.154202 0.951256
  outer loop
  vertex 8.3134 14.699 -16.2142
  vertex 1.46242 2.87536 -16.2211
  vertex 1.48175 2.86627 -16.2142
  endloop
 endfacet
 facet normal -0.838804 0.484282 -0.248753
  outer loop
  vertex 7.83657 15.061 -17.2945
  vertex 0.88159 3.11434 -17.1003
  vertex 7.79653 15.0914 -17.1003
  endloop
 endfacet
 facet normal -0.838812 0.484287 -0.248719
  outer loop
  vertex 0.88159 3.11434 -17.1003
  vertex 7.83657 15.061 -17.2945
  vertex 0.933463 3.10445 -17.2945
  endloop
 endfacet
 facet normal 0.805093 -0.464824 0.36846
  outer loop
  vertex 2.23433 2.33631 -16.7808
  vertex 9.15375 14.305 -16.801
  vertex 9.11345 14.322 -16.6915
  endloop
 endfacet
 facet normal 0.804662 -0.464572 0.369719
  outer loop
  vertex 9.15375 14.305 -16.801
  vertex 2.23433 2.33631 -16.7808
  vertex 2.24061 2.33111 -16.801
  endloop
 endfacet
 facet normal 0.805198 -0.46488 0.368163
  outer loop
  vertex 2.18292 2.37884 -16.6146
  vertex 9.11345 14.322 -16.6915
  vertex 9.08516 14.3339 -16.6146
  endloop
 endfacet
 facet normal 0.805237 -0.464904 0.368046
  outer loop
  vertex 9.11345 14.322 -16.6915
  vertex 2.18292 2.37884 -16.6146
  vertex 2.23433 2.33631 -16.7808
  endloop
 endfacet
 facet normal -0.053374 0.0308154 0.998099
  outer loop
  vertex 8.43375 14.6077 -16.2047
  vertex 1.66347 2.78075 -16.2016
  vertex 8.48043 14.5881 -16.2016
  endloop
 endfacet
 facet normal -0.0543704 0.0313868 0.998027
  outer loop
  vertex 1.64309 2.79035 -16.203
  vertex 8.43375 14.6077 -16.2047
  vertex 8.38015 14.6484 -16.2089
  endloop
 endfacet
 facet normal -0.0539026 0.031118 0.998061
  outer loop
  vertex 8.43375 14.6077 -16.2047
  vertex 1.64309 2.79035 -16.203
  vertex 1.66347 2.78075 -16.2016
  endloop
 endfacet
 facet normal 0.16236 -0.0937397 0.982269
  outer loop
  vertex 1.74144 2.74407 -16.218
  vertex 8.66346 14.5111 -16.2392
  vertex 8.48043 14.5881 -16.2016
  endloop
 endfacet
 facet normal 0.162301 -0.093705 0.982282
  outer loop
  vertex 8.66346 14.5111 -16.2392
  vertex 1.74144 2.74407 -16.218
  vertex 1.82827 2.67223 -16.2392
  endloop
 endfacet
 facet normal 0.162486 -0.0938111 0.982241
  outer loop
  vertex 1.74144 2.74407 -16.218
  vertex 8.48043 14.5881 -16.2016
  vertex 1.66347 2.78075 -16.2016
  endloop
 endfacet
 facet normal -0.464197 0.268003 -0.844213
  outer loop
  vertex 1.15483 3.0201 -17.6164
  vertex 8.16028 14.8153 -17.7239
  vertex 1.30857 2.94776 -17.7239
  endloop
 endfacet
 facet normal -0.464167 0.267986 -0.844235
  outer loop
  vertex 8.16028 14.8153 -17.7239
  vertex 1.15483 3.0201 -17.6164
  vertex 8.02434 14.9185 -17.6164
  endloop
 endfacet
 facet normal 0.162303 -0.0937057 -0.982282
  outer loop
  vertex 1.74144 2.74407 -17.782
  vertex 8.66346 14.5111 -17.7608
  vertex 1.82827 2.67223 -17.7608
  endloop
 endfacet
 facet normal 0.16236 -0.0937394 -0.982269
  outer loop
  vertex 8.66346 14.5111 -17.7608
  vertex 1.74144 2.74407 -17.782
  vertex 8.48043 14.5881 -17.7984
  endloop
 endfacet
 facet normal 0.162486 -0.0938113 -0.982241
  outer loop
  vertex 8.48043 14.5881 -17.7984
  vertex 1.74144 2.74407 -17.782
  vertex 1.66347 2.78075 -17.7984
  endloop
 endfacet
 facet normal -0.631464 0.364576 0.684352
  outer loop
  vertex 1.04393 3.07229 -16.5137
  vertex 8.02434 14.9185 -16.3836
  vertex 7.9788 14.953 -16.444
  endloop
 endfacet
 facet normal -0.631392 0.364532 0.684442
  outer loop
  vertex 8.02434 14.9185 -16.3836
  vertex 1.04393 3.07229 -16.5137
  vertex 1.15483 3.0201 -16.3836
  endloop
 endfacet
 facet normal -0.758854 0.438124 0.48186
  outer loop
  vertex 0.933463 3.10445 -16.7055
  vertex 7.91413 15.0021 -16.5298
  vertex 7.83657 15.061 -16.7055
  endloop
 endfacet
 facet normal -0.758923 0.438166 0.481712
  outer loop
  vertex 1.0043 3.09093 -16.5816
  vertex 7.91413 15.0021 -16.5298
  vertex 0.933463 3.10445 -16.7055
  endloop
 endfacet
 facet normal -0.758778 0.438081 0.482017
  outer loop
  vertex 7.91413 15.0021 -16.5298
  vertex 1.0043 3.09093 -16.5816
  vertex 1.03018 3.07876 -16.5298
  endloop
 endfacet
 facet normal -0.859201 -0.496062 -0.125285
  outer loop
  vertex 7.82102 -15.0961 -17.199
  vertex 0.875029 -3.11559 -17
  vertex 0.901171 -3.11061 -17.199
  endloop
 endfacet
 facet normal -0.859198 -0.496059 -0.125316
  outer loop
  vertex 0.875029 -3.11559 -17
  vertex 7.82102 -15.0961 -17.199
  vertex 7.79979 -15.1096 -17
  endloop
 endfacet
 facet normal -0.552338 -0.318889 -0.770216
  outer loop
  vertex 7.98302 -14.9933 -17.5476
  vertex 1.21309 -2.99269 -17.6613
  vertex 8.03682 -14.9592 -17.6003
  endloop
 endfacet
 facet normal -0.552134 -0.318776 -0.770409
  outer loop
  vertex 1.21309 -2.99269 -17.6613
  vertex 7.98302 -14.9933 -17.5476
  vertex 1.08833 -3.05139 -17.5476
  endloop
 endfacet
 facet normal 0.2657 0.153383 0.951776
  outer loop
  vertex 1.75223 -2.73514 -16.2142
  vertex 8.6971 -14.5402 -16.2505
  vertex 1.76896 -2.7213 -16.2211
  endloop
 endfacet
 facet normal 0.267214 0.154276 0.951208
  outer loop
  vertex 8.6971 -14.5402 -16.2505
  vertex 1.75223 -2.73514 -16.2142
  vertex 8.60252 -14.6002 -16.2142
  endloop
 endfacet
 facet normal 0.83879 0.484277 0.248812
  outer loop
  vertex 2.22059 -2.34767 -16.7267
  vertex 9.14656 -14.2549 -16.8997
  vertex 2.25532 -2.31894 -16.8997
  endloop
 endfacet
 facet normal 0.838791 0.484277 0.248808
  outer loop
  vertex 9.14656 -14.2549 -16.8997
  vertex 2.22059 -2.34767 -16.7267
  vertex 9.12912 -14.266 -16.8193
  endloop
 endfacet
 facet normal 0.631508 0.364602 -0.684297
  outer loop
  vertex 2.1291 -2.42336 -17.4862
  vertex 9.02278 -14.3335 -17.4702
  vertex 8.95475 -14.3767 -17.556
  endloop
 endfacet
 facet normal 0.631101 0.364366 -0.684799
  outer loop
  vertex 9.02278 -14.3335 -17.4702
  vertex 2.1291 -2.42336 -17.4862
  vertex 2.14085 -2.41364 -17.4702
  endloop
 endfacet
 facet normal -0.805046 -0.464789 -0.368608
  outer loop
  vertex 7.85772 -15.0729 -17.3086
  vertex 0.901171 -3.11061 -17.199
  vertex 0.909542 -3.10901 -17.2193
  endloop
 endfacet
 facet normal -0.805236 -0.464905 -0.368048
  outer loop
  vertex 0.901171 -3.11061 -17.199
  vertex 7.85772 -15.0729 -17.3086
  vertex 7.82102 -15.0961 -17.199
  endloop
 endfacet
 facet normal 0.0562199 0.0324586 0.997891
  outer loop
  vertex 1.74144 -2.74407 -16.2133
  vertex 8.60252 -14.6002 -16.2142
  vertex 1.75223 -2.73514 -16.2142
  endloop
 endfacet
 facet normal 0.0543912 0.0314003 0.998026
  outer loop
  vertex 8.60252 -14.6002 -16.2142
  vertex 1.74144 -2.74407 -16.2133
  vertex 8.53269 -14.6445 -16.209
  endloop
 endfacet
 facet normal 0.0543209 0.0313602 0.998031
  outer loop
  vertex 8.53269 -14.6445 -16.209
  vertex 1.74144 -2.74407 -16.2133
  vertex 1.5926 -2.8141 -16.203
  endloop
 endfacet
 facet normal 0.0544389 0.0314294 -0.998022
  outer loop
  vertex 8.43339 -14.7075 -17.7984
  vertex 1.5926 -2.8141 -17.797
  vertex 8.53269 -14.6445 -17.791
  endloop
 endfacet
 facet normal 0.0539884 0.0311703 -0.998055
  outer loop
  vertex 1.5926 -2.8141 -17.797
  vertex 8.43339 -14.7075 -17.7984
  vertex 1.57225 -2.82368 -17.7984
  endloop
 endfacet
 facet normal -0.805046 -0.464789 0.368608
  outer loop
  vertex 0.901171 -3.11061 -16.801
  vertex 7.85772 -15.0729 -16.6914
  vertex 0.909542 -3.10901 -16.7807
  endloop
 endfacet
 facet normal -0.805237 -0.464905 0.368045
  outer loop
  vertex 7.85772 -15.0729 -16.6914
  vertex 0.901171 -3.11061 -16.801
  vertex 7.82102 -15.0961 -16.801
  endloop
 endfacet
 facet normal -0.859201 -0.496062 0.125285
  outer loop
  vertex 0.875029 -3.11559 -17
  vertex 7.82102 -15.0961 -16.801
  vertex 0.901171 -3.11061 -16.801
  endloop
 endfacet
 facet normal -0.859198 -0.496059 0.125316
  outer loop
  vertex 7.82102 -15.0961 -16.801
  vertex 0.875029 -3.11559 -17
  vertex 7.79979 -15.1096 -17
  endloop
 endfacet
 facet normal -0.552339 -0.31889 0.770215
  outer loop
  vertex 1.21309 -2.99269 -16.3387
  vertex 7.98302 -14.9933 -16.4524
  vertex 8.03682 -14.9592 -16.3997
  endloop
 endfacet
 facet normal -0.552134 -0.318776 0.770409
  outer loop
  vertex 7.98302 -14.9933 -16.4524
  vertex 1.21309 -2.99269 -16.3387
  vertex 1.08833 -3.05139 -16.4524
  endloop
 endfacet
 facet normal -0.70049 -0.404429 0.588006
  outer loop
  vertex 1.0043 -3.09093 -16.5797
  vertex 7.98302 -14.9933 -16.4524
  vertex 1.08833 -3.05139 -16.4524
  endloop
 endfacet
 facet normal -0.700873 -0.40466 0.58739
  outer loop
  vertex 0.977956 -3.09596 -16.6146
  vertex 7.98302 -14.9933 -16.4524
  vertex 1.0043 -3.09093 -16.5797
  endloop
 endfacet
 facet normal -0.700488 -0.404426 0.588011
  outer loop
  vertex 7.98302 -14.9933 -16.4524
  vertex 0.977956 -3.09596 -16.6146
  vertex 7.88341 -15.0566 -16.6146
  endloop
 endfacet
 facet normal -0.805195 -0.464878 -0.368169
  outer loop
  vertex 7.88341 -15.0566 -17.3854
  vertex 0.909542 -3.10901 -17.2193
  vertex 0.977956 -3.09596 -17.3854
  endloop
 endfacet
 facet normal -0.805244 -0.464908 -0.368025
  outer loop
  vertex 0.909542 -3.10901 -17.2193
  vertex 7.88341 -15.0566 -17.3854
  vertex 7.85772 -15.0729 -17.3086
  endloop
 endfacet
 facet normal 0.838791 0.484277 -0.24881
  outer loop
  vertex 9.14656 -14.2549 -17.1003
  vertex 2.22059 -2.34767 -17.2733
  vertex 2.25532 -2.31894 -17.1003
  endloop
 endfacet
 facet normal 0.838793 0.484279 -0.248797
  outer loop
  vertex 2.22059 -2.34767 -17.2733
  vertex 9.14656 -14.2549 -17.1003
  vertex 9.12912 -14.266 -17.1807
  endloop
 endfacet
 facet normal 0.054439 0.0314294 0.998022
  outer loop
  vertex 1.5926 -2.8141 -16.203
  vertex 8.43339 -14.7075 -16.2016
  vertex 8.53269 -14.6445 -16.209
  endloop
 endfacet
 facet normal 0.0539885 0.0311703 0.998055
  outer loop
  vertex 8.43339 -14.7075 -16.2016
  vertex 1.5926 -2.8141 -16.203
  vertex 1.57225 -2.82368 -16.2016
  endloop
 endfacet
 facet normal 0.267528 0.154457 -0.95109
  outer loop
  vertex 1.76896 -2.7213 -17.7789
  vertex 8.76369 -14.4979 -17.7239
  vertex 8.6971 -14.5402 -17.7495
  endloop
 endfacet
 facet normal 0.26756 0.154476 -0.951078
  outer loop
  vertex 8.76369 -14.4979 -17.7239
  vertex 1.76896 -2.7213 -17.7789
  vertex 1.90127 -2.61184 -17.7239
  endloop
 endfacet
 facet normal -0.162361 -0.0937392 -0.982269
  outer loop
  vertex 8.26693 -14.8132 -17.7608
  vertex 1.57225 -2.82368 -17.7984
  vertex 8.43339 -14.7075 -17.7984
  endloop
 endfacet
 facet normal -0.162386 -0.0937531 -0.982263
  outer loop
  vertex 1.57225 -2.82368 -17.7984
  vertex 8.26693 -14.8132 -17.7608
  vertex 1.39339 -2.90784 -17.7608
  endloop
 endfacet
 facet normal 0.758811 0.438097 0.481951
  outer loop
  vertex 2.14085 -2.41364 -16.5298
  vertex 9.05656 -14.3121 -16.6025
  vertex 2.20812 -2.35799 -16.6863
  endloop
 endfacet
 facet normal 0.758966 0.438189 0.481623
  outer loop
  vertex 9.05656 -14.3121 -16.6025
  vertex 2.14085 -2.41364 -16.5298
  vertex 9.02278 -14.3335 -16.5298
  endloop
 endfacet
 facet normal 0.631106 0.364369 0.684792
  outer loop
  vertex 2.1291 -2.42336 -16.5138
  vertex 9.02278 -14.3335 -16.5298
  vertex 2.14085 -2.41364 -16.5298
  endloop
 endfacet
 facet normal 0.631509 0.364603 0.684297
  outer loop
  vertex 9.02278 -14.3335 -16.5298
  vertex 2.1291 -2.42336 -16.5138
  vertex 8.95475 -14.3767 -16.444
  endloop
 endfacet
 facet normal 0.631383 0.364532 0.68445
  outer loop
  vertex 2.03358 -2.50238 -16.3836
  vertex 8.95475 -14.3767 -16.444
  vertex 2.1291 -2.42336 -16.5138
  endloop
 endfacet
 facet normal 0.631136 0.364386 0.684755
  outer loop
  vertex 8.95475 -14.3767 -16.444
  vertex 2.03358 -2.50238 -16.3836
  vertex 8.90677 -14.4071 -16.3836
  endloop
 endfacet
 facet normal 0.838969 0.484387 0.247991
  outer loop
  vertex 2.21635 -2.35118 -16.7055
  vertex 9.12912 -14.266 -16.8193
  vertex 2.22059 -2.34767 -16.7267
  endloop
 endfacet
 facet normal 0.838779 0.484268 0.248868
  outer loop
  vertex 9.12912 -14.266 -16.8193
  vertex 2.21635 -2.35118 -16.7055
  vertex 9.10442 -14.2817 -16.7055
  endloop
 endfacet
 facet normal 0.759281 0.43837 0.480961
  outer loop
  vertex 2.20812 -2.35799 -16.6863
  vertex 9.10442 -14.2817 -16.7055
  vertex 2.21635 -2.35118 -16.7055
  endloop
 endfacet
 facet normal 0.75883 0.438107 0.481912
  outer loop
  vertex 9.10442 -14.2817 -16.7055
  vertex 2.20812 -2.35799 -16.6863
  vertex 9.05656 -14.3121 -16.6025
  endloop
 endfacet
 facet normal -0.805196 -0.464878 0.368169
  outer loop
  vertex 0.909542 -3.10901 -16.7807
  vertex 7.88341 -15.0566 -16.6146
  vertex 0.977956 -3.09596 -16.6146
  endloop
 endfacet
 facet normal -0.805244 -0.464908 0.368026
  outer loop
  vertex 7.88341 -15.0566 -16.6146
  vertex 0.909542 -3.10901 -16.7807
  vertex 7.85772 -15.0729 -16.6914
  endloop
 endfacet
 facet normal -0.552269 -0.318852 0.770281
  outer loop
  vertex 1.22863 -2.98537 -16.3245
  vertex 8.03682 -14.9592 -16.3997
  vertex 8.11359 -14.9105 -16.3245
  endloop
 endfacet
 facet normal -0.55292 -0.319218 0.769662
  outer loop
  vertex 8.03682 -14.9592 -16.3997
  vertex 1.22863 -2.98537 -16.3245
  vertex 1.21309 -2.99269 -16.3387
  endloop
 endfacet
 facet normal 0.866025 0.500001 0
  outer loop
  vertex 9.14656 -14.2549 -16.8997
  vertex 2.25532 -2.31894 -17.1003
  vertex 2.25532 -2.31894 -16.8997
  endloop
 endfacet
 facet normal 0.866025 0.500001 0
  outer loop
  vertex 2.25532 -2.31894 -17.1003
  vertex 9.14656 -14.2549 -16.8997
  vertex 9.14656 -14.2549 -17.1003
  endloop
 endfacet
 facet normal 0.267214 0.154276 -0.951207
  outer loop
  vertex 1.75223 -2.73514 -17.7858
  vertex 8.6971 -14.5402 -17.7495
  vertex 8.60252 -14.6002 -17.7858
  endloop
 endfacet
 facet normal 0.265705 0.153387 -0.951774
  outer loop
  vertex 8.6971 -14.5402 -17.7495
  vertex 1.75223 -2.73514 -17.7858
  vertex 1.76896 -2.7213 -17.7789
  endloop
 endfacet
 facet normal 0.0543912 0.0314003 -0.998026
  outer loop
  vertex 1.74144 -2.74407 -17.7867
  vertex 8.60252 -14.6002 -17.7858
  vertex 8.53269 -14.6445 -17.791
  endloop
 endfacet
 facet normal 0.0562185 0.0324578 -0.997891
  outer loop
  vertex 8.60252 -14.6002 -17.7858
  vertex 1.74144 -2.74407 -17.7867
  vertex 1.75223 -2.73514 -17.7858
  endloop
 endfacet
 facet normal 0.054321 0.0313602 -0.998031
  outer loop
  vertex 1.74144 -2.74407 -17.7867
  vertex 8.53269 -14.6445 -17.791
  vertex 1.5926 -2.8141 -17.797
  endloop
 endfacet
 facet normal 0.267559 0.154475 0.951078
  outer loop
  vertex 1.76896 -2.7213 -16.2211
  vertex 8.76369 -14.4979 -16.2761
  vertex 1.90127 -2.61184 -16.2761
  endloop
 endfacet
 facet normal 0.267528 0.154457 0.95109
  outer loop
  vertex 8.76369 -14.4979 -16.2761
  vertex 1.76896 -2.7213 -16.2211
  vertex 8.6971 -14.5402 -16.2505
  endloop
 endfacet
 facet normal 0.631138 0.364387 -0.684753
  outer loop
  vertex 2.03358 -2.50238 -17.6164
  vertex 8.95475 -14.3767 -17.556
  vertex 8.90677 -14.4071 -17.6164
  endloop
 endfacet
 facet normal 0.631385 0.364533 -0.684448
  outer loop
  vertex 8.95475 -14.3767 -17.556
  vertex 2.03358 -2.50238 -17.6164
  vertex 2.1291 -2.42336 -17.4862
  endloop
 endfacet
 facet normal 0.464199 0.268006 -0.844211
  outer loop
  vertex 1.90127 -2.61184 -17.7239
  vertex 8.90677 -14.4071 -17.6164
  vertex 8.76369 -14.4979 -17.7239
  endloop
 endfacet
 facet normal 0.464198 0.268005 -0.844212
  outer loop
  vertex 8.90677 -14.4071 -17.6164
  vertex 1.90127 -2.61184 -17.7239
  vertex 2.03358 -2.50238 -17.6164
  endloop
 endfacet
 facet normal -0.368441 -0.212719 -0.904987
  outer loop
  vertex 8.11359 -14.9105 -17.6755
  vertex 1.39339 -2.90784 -17.7608
  vertex 8.26693 -14.8132 -17.7608
  endloop
 endfacet
 facet normal -0.368432 -0.212714 -0.904992
  outer loop
  vertex 1.39339 -2.90784 -17.7608
  vertex 8.11359 -14.9105 -17.6755
  vertex 1.22863 -2.98537 -17.6755
  endloop
 endfacet
 facet normal -0.55227 -0.318852 -0.77028
  outer loop
  vertex 8.03682 -14.9592 -17.6003
  vertex 1.22863 -2.98537 -17.6755
  vertex 8.11359 -14.9105 -17.6755
  endloop
 endfacet
 facet normal -0.552928 -0.319222 -0.769655
  outer loop
  vertex 1.22863 -2.98537 -17.6755
  vertex 8.03682 -14.9592 -17.6003
  vertex 1.21309 -2.99269 -17.6613
  endloop
 endfacet
 facet normal -0.368441 -0.212719 0.904987
  outer loop
  vertex 1.39339 -2.90784 -16.2392
  vertex 8.11359 -14.9105 -16.3245
  vertex 8.26693 -14.8132 -16.2392
  endloop
 endfacet
 facet normal -0.368432 -0.212714 0.904992
  outer loop
  vertex 8.11359 -14.9105 -16.3245
  vertex 1.39339 -2.90784 -16.2392
  vertex 1.22863 -2.98537 -16.3245
  endloop
 endfacet
 facet normal 0.758812 0.438097 -0.48195
  outer loop
  vertex 9.05656 -14.3121 -17.3975
  vertex 2.14085 -2.41364 -17.4702
  vertex 2.20812 -2.35799 -17.3137
  endloop
 endfacet
 facet normal 0.758966 0.438189 -0.481623
  outer loop
  vertex 2.14085 -2.41364 -17.4702
  vertex 9.05656 -14.3121 -17.3975
  vertex 9.02278 -14.3335 -17.4702
  endloop
 endfacet
 facet normal -0.162361 -0.0937392 0.982269
  outer loop
  vertex 1.57225 -2.82368 -16.2016
  vertex 8.26693 -14.8132 -16.2392
  vertex 8.43339 -14.7075 -16.2016
  endloop
 endfacet
 facet normal -0.162386 -0.0937533 0.982263
  outer loop
  vertex 8.26693 -14.8132 -16.2392
  vertex 1.57225 -2.82368 -16.2016
  vertex 1.39339 -2.90784 -16.2392
  endloop
 endfacet
 facet normal 0.759281 0.43837 -0.480962
  outer loop
  vertex 9.10442 -14.2817 -17.2945
  vertex 2.20812 -2.35799 -17.3137
  vertex 2.21635 -2.35118 -17.2945
  endloop
 endfacet
 facet normal 0.75883 0.438108 -0.481911
  outer loop
  vertex 2.20812 -2.35799 -17.3137
  vertex 9.10442 -14.2817 -17.2945
  vertex 9.05656 -14.3121 -17.3975
  endloop
 endfacet
 facet normal 0.838974 0.48439 -0.247968
  outer loop
  vertex 9.12912 -14.266 -17.1807
  vertex 2.21635 -2.35118 -17.2945
  vertex 2.22059 -2.34767 -17.2733
  endloop
 endfacet
 facet normal 0.838778 0.484268 -0.248868
  outer loop
  vertex 2.21635 -2.35118 -17.2945
  vertex 9.12912 -14.266 -17.1807
  vertex 9.10442 -14.2817 -17.2945
  endloop
 endfacet
 facet normal -0.700489 -0.404429 -0.588007
  outer loop
  vertex 7.98302 -14.9933 -17.5476
  vertex 1.0043 -3.09093 -17.4203
  vertex 1.08833 -3.05139 -17.5476
  endloop
 endfacet
 facet normal -0.700869 -0.404659 -0.587396
  outer loop
  vertex 7.98302 -14.9933 -17.5476
  vertex 0.977956 -3.09596 -17.3854
  vertex 1.0043 -3.09093 -17.4203
  endloop
 endfacet
 facet normal -0.700487 -0.404426 -0.588011
  outer loop
  vertex 0.977956 -3.09596 -17.3854
  vertex 7.98302 -14.9933 -17.5476
  vertex 7.88341 -15.0566 -17.3854
  endloop
 endfacet
 facet normal 0.464194 0.268003 0.844215
  outer loop
  vertex 1.90127 -2.61184 -16.2761
  vertex 8.90677 -14.4071 -16.3836
  vertex 2.03358 -2.50238 -16.3836
  endloop
 endfacet
 facet normal 0.464196 0.268004 0.844213
  outer loop
  vertex 8.90677 -14.4071 -16.3836
  vertex 1.90127 -2.61184 -16.2761
  vertex 8.76369 -14.4979 -16.2761
  endloop
 endfacet
 facet normal -0.0826675 0.992114 -0.0942166
  outer loop
  vertex -3.12355 0.799999 -13.4583
  vertex -22.9654 0.774866 3.68668
  vertex -22.9686 0.799999 3.95414
  endloop
 endfacet
 facet normal -0.082666 0.992114 -0.0942148
  outer loop
  vertex -22.9654 0.774866 3.68668
  vertex -3.12355 0.799999 -13.4583
  vertex -3.13001 0.774866 -13.7173
  endloop
 endfacet
 facet normal -0.242725 0.929816 -0.276634
  outer loop
  vertex -3.14705 0.708474 -13.9255
  vertex -22.9561 0.701045 3.43045
  vertex -22.9634 0.759366 3.63288
  endloop
 endfacet
 facet normal -0.242669 0.92985 -0.27657
  outer loop
  vertex -22.9561 0.701045 3.43045
  vertex -3.14705 0.708474 -13.9255
  vertex -3.14896 0.701045 -13.9488
  endloop
 endfacet
 facet normal 0.163931 -0.968618 0.186831
  outer loop
  vertex -22.9678 -0.793692 4.08683
  vertex -3.13651 -0.74955 -13.0849
  vertex -22.9665 -0.783656 4.13772
  endloop
 endfacet
 facet normal 0.164066 -0.968565 0.186986
  outer loop
  vertex -3.13651 -0.74955 -13.0849
  vertex -22.9678 -0.793692 4.08683
  vertex -3.12517 -0.793692 -13.3235
  endloop
 endfacet
 facet normal 0.596808 0.425645 0.680181
  outer loop
  vertex -3.22437 0.407332 -12.4579
  vertex -22.8987 0.247213 4.90507
  vertex -3.22437 0.247213 -12.3577
  endloop
 endfacet
 facet normal 0.596359 0.427088 0.679671
  outer loop
  vertex -22.9217 0.428661 4.81159
  vertex -3.22437 0.407332 -12.4579
  vertex -3.2189 0.428661 -12.4761
  endloop
 endfacet
 facet normal 0.596698 0.425994 0.680059
  outer loop
  vertex -3.22437 0.407332 -12.4579
  vertex -22.9217 0.428661 4.81159
  vertex -22.8987 0.247213 4.90507
  endloop
 endfacet
 facet normal -0.65819 -0.0639665 -0.75013
  outer loop
  vertex -3.22437 -0.149904 -14.4153
  vertex -22.8675 1.03628e-07 2.80748
  vertex -3.22437 -0.131149 -14.4169
  endloop
 endfacet
 facet normal -0.658228 -0.0629383 -0.750183
  outer loop
  vertex -22.8675 1.03628e-07 2.80748
  vertex -3.22437 -0.149904 -14.4153
  vertex -22.8864 -0.149904 2.83664
  endloop
 endfacet
 facet normal -0.658364 -0.0592576 -0.750364
  outer loop
  vertex -3.22437 -0.131149 -14.4169
  vertex -22.8675 1.03628e-07 2.80748
  vertex -22.8681 0.00500101 2.80761
  endloop
 endfacet
 facet normal 0.242805 0.929768 0.276725
  outer loop
  vertex -3.14896 0.701045 -12.9233
  vertex -22.9654 0.774866 4.21603
  vertex -22.9561 0.701045 4.4559
  endloop
 endfacet
 facet normal 0.24277 0.92979 0.276685
  outer loop
  vertex -22.9654 0.774866 4.21603
  vertex -3.14896 0.701045 -12.9233
  vertex -3.13001 0.774866 -13.188
  endloop
 endfacet
 facet normal 0.387725 0.80895 0.441892
  outer loop
  vertex -3.17553 0.597562 -12.7105
  vertex -22.9561 0.701045 4.4559
  vertex -22.9532 0.678019 4.49551
  endloop
 endfacet
 facet normal 0.387663 0.809018 0.441821
  outer loop
  vertex -22.9561 0.701045 4.4559
  vertex -3.17553 0.597562 -12.7105
  vertex -3.14896 0.701045 -12.9233
  endloop
 endfacet
 facet normal 0.65823 -0.0628804 0.750186
  outer loop
  vertex -3.22437 0.0502319 -12.3077
  vertex -22.8691 0.012285 4.92584
  vertex -3.22437 -0.123949 -12.3223
  endloop
 endfacet
 facet normal 0.658231 -0.0628543 0.750187
  outer loop
  vertex -22.8691 0.012285 4.92584
  vertex -3.22437 0.0502319 -12.3077
  vertex -22.8739 0.0502319 4.93323
  endloop
 endfacet
 facet normal 0.556927 -0.53568 0.634728
  outer loop
  vertex -3.22437 -0.340623 -12.4069
  vertex -22.9105 -0.340623 4.86622
  vertex -3.22437 -0.407332 -12.4632
  endloop
 endfacet
 facet normal 0.556701 -0.536215 0.634474
  outer loop
  vertex -22.9146 -0.372817 4.84261
  vertex -3.22437 -0.407332 -12.4632
  vertex -22.9105 -0.340623 4.86622
  endloop
 endfacet
 facet normal 0.556948 -0.535628 0.634753
  outer loop
  vertex -3.22437 -0.407332 -12.4632
  vertex -22.9146 -0.372817 4.84261
  vertex -3.20348 -0.488712 -12.5502
  endloop
 endfacet
 facet normal -0.317756 -0.876288 -0.362146
  outer loop
  vertex -22.9519 -0.667965 3.36415
  vertex -3.13798 -0.743821 -13.8375
  vertex -22.9615 -0.74382 3.55612
  endloop
 endfacet
 facet normal -0.318263 -0.875862 -0.362732
  outer loop
  vertex -3.13798 -0.743821 -13.8375
  vertex -22.9519 -0.667965 3.36415
  vertex -3.1405 -0.734001 -13.859
  endloop
 endfacet
 facet normal -0.596761 0.425792 -0.68013
  outer loop
  vertex -22.9217 0.428661 3.01437
  vertex -3.22337 0.411235 -14.2803
  vertex -22.9039 0.287773 2.91055
  endloop
 endfacet
 facet normal -0.596635 0.426198 -0.679987
  outer loop
  vertex -3.22337 0.411235 -14.2803
  vertex -22.9217 0.428661 3.01437
  vertex -3.2189 0.428661 -14.2733
  endloop
 endfacet
 facet normal -0.242942 0.929686 -0.276882
  outer loop
  vertex -3.13001 0.774866 -13.7173
  vertex -22.9634 0.759366 3.63288
  vertex -22.9654 0.774866 3.68668
  endloop
 endfacet
 facet normal -0.242726 0.929816 -0.276635
  outer loop
  vertex -22.9634 0.759366 3.63288
  vertex -3.13001 0.774866 -13.7173
  vertex -3.14705 0.708474 -13.9255
  endloop
 endfacet
 facet normal 0.508174 0.637436 0.579167
  outer loop
  vertex -3.18411 0.564143 -12.6557
  vertex -22.9412 0.583175 4.65867
  vertex -22.9254 0.458168 4.78239
  endloop
 endfacet
 facet normal 0.508559 0.636729 0.579606
  outer loop
  vertex -22.9412 0.583175 4.65867
  vertex -3.18411 0.564143 -12.6557
  vertex -3.17922 0.583175 -12.6809
  endloop
 endfacet
 facet normal -0.317634 -0.87639 -0.362007
  outer loop
  vertex -22.9493 -0.647213 3.31163
  vertex -3.1405 -0.734001 -13.859
  vertex -22.9519 -0.667965 3.36415
  endloop
 endfacet
 facet normal -0.3177 -0.876335 -0.362083
  outer loop
  vertex -3.1405 -0.734001 -13.859
  vertex -22.9493 -0.647213 3.31163
  vertex -3.16278 -0.647213 -14.0495
  endloop
 endfacet
 facet normal -0.451565 -0.728852 -0.514649
  outer loop
  vertex -22.9357 -0.539979 3.14783
  vertex -3.16278 -0.647213 -14.0495
  vertex -22.9493 -0.647213 3.31163
  endloop
 endfacet
 facet normal -0.451786 -0.728533 -0.514906
  outer loop
  vertex -3.16278 -0.647213 -14.0495
  vertex -22.9357 -0.539979 3.14783
  vertex -3.16626 -0.633676 -14.0656
  endloop
 endfacet
 facet normal -0.627559 -0.307598 -0.715229
  outer loop
  vertex -3.22437 -0.167808 -14.4076
  vertex -22.8864 -0.149904 2.83664
  vertex -3.22437 -0.149904 -14.4153
  endloop
 endfacet
 facet normal -0.62733 -0.308675 -0.714966
  outer loop
  vertex -22.8864 -0.149904 2.83664
  vertex -3.22437 -0.167808 -14.4076
  vertex -22.9052 -0.298017 2.91708
  endloop
 endfacet
 facet normal 0.31766 -0.876367 0.362039
  outer loop
  vertex -22.9517 -0.666049 4.51929
  vertex -3.16278 -0.647213 -12.7983
  vertex -22.9493 -0.647213 4.56278
  endloop
 endfacet
 facet normal 0.317741 -0.8763 0.362132
  outer loop
  vertex -3.16278 -0.647213 -12.7983
  vertex -22.9517 -0.666049 4.51929
  vertex -3.14085 -0.732615 -13.0242
  endloop
 endfacet
 facet normal -0.64786 0.187323 -0.738368
  outer loop
  vertex -22.8932 0.202984 2.86454
  vertex -3.22437 0.247213 -14.3821
  vertex -3.22437 0.0686565 -14.4274
  endloop
 endfacet
 facet normal -0.647695 0.188648 -0.738176
  outer loop
  vertex -3.22437 0.247213 -14.3821
  vertex -22.8932 0.202984 2.86454
  vertex -22.8987 0.247213 2.88067
  endloop
 endfacet
 facet normal -0.387672 0.809009 -0.44183
  outer loop
  vertex -3.14896 0.701045 -13.9488
  vertex -22.9412 0.583175 3.20155
  vertex -22.9561 0.701045 3.43045
  endloop
 endfacet
 facet normal -0.387759 0.808913 -0.441931
  outer loop
  vertex -22.9412 0.583175 3.20155
  vertex -3.14896 0.701045 -13.9488
  vertex -3.17922 0.583175 -14.138
  endloop
 endfacet
 facet normal -0.555986 -0.537919 -0.633658
  outer loop
  vertex -22.9319 -0.509938 3.10194
  vertex -3.20223 -0.493581 -14.2232
  vertex -3.19803 -0.509938 -14.213
  endloop
 endfacet
 facet normal -0.556811 -0.535956 -0.634596
  outer loop
  vertex -3.20223 -0.493581 -14.2232
  vertex -22.9319 -0.509938 3.10194
  vertex -22.9153 -0.378242 2.97615
  endloop
 endfacet
 facet normal 0.0827314 0.992101 0.0942891
  outer loop
  vertex -3.13001 0.774866 -13.188
  vertex -22.966 0.779913 4.16345
  vertex -22.9654 0.774866 4.21603
  endloop
 endfacet
 facet normal 0.0826815 0.992111 0.094232
  outer loop
  vertex -22.966 0.779913 4.16345
  vertex -3.13001 0.774866 -13.188
  vertex -3.12425 0.797267 -13.4289
  endloop
 endfacet
 facet normal 0.0826354 0.99212 0.0941801
  outer loop
  vertex -3.12425 0.797267 -13.4289
  vertex -22.9686 0.799999 3.95414
  vertex -22.966 0.779913 4.16345
  endloop
 endfacet
 facet normal 0.0826171 0.992123 0.0941591
  outer loop
  vertex -22.9686 0.799999 3.95414
  vertex -3.12425 0.797267 -13.4289
  vertex -3.12355 0.799999 -13.4583
  endloop
 endfacet
 facet normal 0.627228 -0.309146 0.714853
  outer loop
  vertex -22.906 -0.304442 4.87785
  vertex -3.22437 -0.340623 -12.4069
  vertex -3.22437 -0.174596 -12.3351
  endloop
 endfacet
 facet normal 0.627492 -0.307914 0.715152
  outer loop
  vertex -3.22437 -0.340623 -12.4069
  vertex -22.906 -0.304442 4.87785
  vertex -22.9105 -0.340623 4.86622
  endloop
 endfacet
 facet normal -0.451497 -0.728948 -0.514572
  outer loop
  vertex -22.9319 -0.509938 3.10194
  vertex -3.16626 -0.633676 -14.0656
  vertex -22.9357 -0.539979 3.14783
  endloop
 endfacet
 facet normal -0.451515 -0.728923 -0.514592
  outer loop
  vertex -3.16626 -0.633676 -14.0656
  vertex -22.9319 -0.509938 3.10194
  vertex -3.19803 -0.509938 -14.213
  endloop
 endfacet
 facet normal -0.627256 -0.309013 -0.714885
  outer loop
  vertex -3.22437 -0.340623 -14.3329
  vertex -22.9052 -0.298017 2.91708
  vertex -3.22437 -0.167808 -14.4076
  endloop
 endfacet
 facet normal -0.627021 -0.310115 -0.714614
  outer loop
  vertex -22.9052 -0.298017 2.91708
  vertex -3.22437 -0.340623 -14.3329
  vertex -22.9105 -0.340623 2.94022
  endloop
 endfacet
 facet normal -0.647737 0.188304 -0.738227
  outer loop
  vertex -22.8739 0.0502319 2.80884
  vertex -3.22437 0.0686565 -14.4274
  vertex -3.22437 0.0502319 -14.4321
  endloop
 endfacet
 facet normal -0.647855 0.187366 -0.738362
  outer loop
  vertex -3.22437 0.0686565 -14.4274
  vertex -22.8739 0.0502319 2.80884
  vertex -22.8932 0.202984 2.86454
  endloop
 endfacet
 facet normal -0.658232 -0.0628666 -0.750185
  outer loop
  vertex -22.8681 0.00500101 2.80761
  vertex -3.22437 0.0502319 -14.4321
  vertex -3.22437 -0.131149 -14.4169
  endloop
 endfacet
 facet normal -0.658184 -0.0639813 -0.750133
  outer loop
  vertex -3.22437 0.0502319 -14.4321
  vertex -22.8681 0.00500101 2.80761
  vertex -22.8739 0.0502319 2.80884
  endloop
 endfacet
 facet normal -0.5967 0.425994 -0.680058
  outer loop
  vertex -3.22437 0.247213 -14.3821
  vertex -22.8987 0.247213 2.88067
  vertex -3.22437 0.407332 -14.2818
  endloop
 endfacet
 facet normal -0.597072 0.424773 -0.680495
  outer loop
  vertex -22.9039 0.287773 2.91055
  vertex -3.22437 0.407332 -14.2818
  vertex -22.8987 0.247213 2.88067
  endloop
 endfacet
 facet normal -0.599622 0.416315 -0.683473
  outer loop
  vertex -3.22437 0.407332 -14.2818
  vertex -22.9039 0.287773 2.91055
  vertex -3.22337 0.411235 -14.2803
  endloop
 endfacet
 facet normal -0.508161 0.637458 -0.579154
  outer loop
  vertex -3.17922 0.583175 -14.138
  vertex -22.9217 0.428661 3.01437
  vertex -22.9412 0.583175 3.20155
  endloop
 endfacet
 facet normal -0.508104 0.637564 -0.579088
  outer loop
  vertex -22.9217 0.428661 3.01437
  vertex -3.17922 0.583175 -14.138
  vertex -3.2189 0.428661 -14.2733
  endloop
 endfacet
 facet normal 0.508361 0.637093 0.57938
  outer loop
  vertex -3.2189 0.428661 -12.4761
  vertex -22.9254 0.458168 4.78239
  vertex -22.9217 0.428661 4.81159
  endloop
 endfacet
 facet normal 0.508227 0.63734 0.579226
  outer loop
  vertex -22.9254 0.458168 4.78239
  vertex -3.2189 0.428661 -12.4761
  vertex -3.18411 0.564143 -12.6557
  endloop
 endfacet
 facet normal 0.387636 0.809048 0.44179
  outer loop
  vertex -3.17922 0.583175 -12.6809
  vertex -22.9532 0.678019 4.49551
  vertex -22.9412 0.583175 4.65867
  endloop
 endfacet
 facet normal 0.387512 0.809186 0.441647
  outer loop
  vertex -22.9532 0.678019 4.49551
  vertex -3.17922 0.583175 -12.6809
  vertex -3.17553 0.597562 -12.7105
  endloop
 endfacet
 facet normal 0.627105 -0.309719 0.714712
  outer loop
  vertex -22.8864 -0.149904 4.92752
  vertex -3.22437 -0.174596 -12.3351
  vertex -3.22437 -0.149904 -12.3244
  endloop
 endfacet
 facet normal 0.627197 -0.309292 0.714816
  outer loop
  vertex -3.22437 -0.174596 -12.3351
  vertex -22.8864 -0.149904 4.92752
  vertex -22.906 -0.304442 4.87785
  endloop
 endfacet
 facet normal 0.658328 -0.0607043 0.75028
  outer loop
  vertex -3.22437 -0.123949 -12.3223
  vertex -22.8675 1.03628e-07 4.92345
  vertex -3.22437 -0.149904 -12.3244
  endloop
 endfacet
 facet normal 0.658349 -0.0602054 0.750301
  outer loop
  vertex -22.8675 1.03628e-07 4.92345
  vertex -3.22437 -0.123949 -12.3223
  vertex -22.8691 0.012285 4.92584
  endloop
 endfacet
 facet normal 0.658241 -0.062622 0.750198
  outer loop
  vertex -3.22437 -0.149904 -12.3244
  vertex -22.8675 1.03628e-07 4.92345
  vertex -22.8864 -0.149904 4.92752
  endloop
 endfacet
 facet normal -0.164005 -0.968589 -0.186917
  outer loop
  vertex -22.9665 -0.783337 3.76525
  vertex -3.12517 -0.793692 -13.5903
  vertex -22.9678 -0.793692 3.82005
  endloop
 endfacet
 facet normal -0.163991 -0.968595 -0.186901
  outer loop
  vertex -3.12517 -0.793692 -13.5903
  vertex -22.9665 -0.783337 3.76525
  vertex -3.13667 -0.748927 -13.8122
  endloop
 endfacet
 facet normal -0.164028 -0.96858 -0.186943
  outer loop
  vertex -22.9615 -0.74382 3.55612
  vertex -3.13667 -0.748927 -13.8122
  vertex -22.9665 -0.783337 3.76525
  endloop
 endfacet
 facet normal -0.16406 -0.968567 -0.186979
  outer loop
  vertex -3.13667 -0.748927 -13.8122
  vertex -22.9615 -0.74382 3.55612
  vertex -3.13798 -0.743821 -13.8375
  endloop
 endfacet
 facet normal 0.647848 0.187418 0.738354
  outer loop
  vertex -3.22437 0.247213 -12.3577
  vertex -22.8739 0.0502319 4.93323
  vertex -3.22437 0.0502319 -12.3077
  endloop
 endfacet
 facet normal 0.647886 0.187133 0.738394
  outer loop
  vertex -22.8739 0.0502319 4.93323
  vertex -3.22437 0.247213 -12.3577
  vertex -22.8987 0.247213 4.90507
  endloop
 endfacet
 facet normal -0.55664 -0.536365 -0.634401
  outer loop
  vertex -3.22437 -0.407332 -14.2765
  vertex -22.9105 -0.340623 2.94022
  vertex -3.22437 -0.340623 -14.3329
  endloop
 endfacet
 facet normal -0.557065 -0.535342 -0.634891
  outer loop
  vertex -22.9153 -0.378242 2.97615
  vertex -3.22437 -0.407332 -14.2765
  vertex -3.20223 -0.493581 -14.2232
  endloop
 endfacet
 facet normal -0.55708 -0.535307 -0.634908
  outer loop
  vertex -3.22437 -0.407332 -14.2765
  vertex -22.9153 -0.378242 2.97615
  vertex -22.9105 -0.340623 2.94022
  endloop
 endfacet
 facet normal 0.164043 -0.968574 0.18696
  outer loop
  vertex -22.9665 -0.783656 4.13772
  vertex -3.13798 -0.743821 -13.0539
  vertex -22.9615 -0.74382 4.33971
  endloop
 endfacet
 facet normal 0.163887 -0.968635 0.18678
  outer loop
  vertex -3.13798 -0.743821 -13.0539
  vertex -22.9665 -0.783656 4.13772
  vertex -3.13651 -0.74955 -13.0849
  endloop
 endfacet
 facet normal 0 -1 0
  outer loop
  vertex -22.9678 -0.793692 3.82005
  vertex -3.12517 -0.793692 -13.3235
  vertex -22.9678 -0.793692 4.08683
  endloop
 endfacet
 facet normal 0 -1 0
  outer loop
  vertex -3.12517 -0.793692 -13.3235
  vertex -22.9678 -0.793692 3.82005
  vertex -3.12517 -0.793692 -13.5903
  endloop
 endfacet
 facet normal 0.31776 -0.876284 0.362154
  outer loop
  vertex -22.9615 -0.74382 4.33971
  vertex -3.14085 -0.732615 -13.0242
  vertex -22.9517 -0.666049 4.51929
  endloop
 endfacet
 facet normal 0.317165 -0.87678 0.361473
  outer loop
  vertex -3.14085 -0.732615 -13.0242
  vertex -22.9615 -0.74382 4.33971
  vertex -3.13798 -0.743821 -13.0539
  endloop
 endfacet
 facet normal 0.4515 -0.728944 0.514576
  outer loop
  vertex -22.9493 -0.647213 4.56278
  vertex -3.16704 -0.630622 -12.7711
  vertex -22.9353 -0.536303 4.70761
  endloop
 endfacet
 facet normal 0.451915 -0.728352 0.51505
  outer loop
  vertex -3.16704 -0.630622 -12.7711
  vertex -22.9493 -0.647213 4.56278
  vertex -3.16278 -0.647213 -12.7983
  endloop
 endfacet
 facet normal 0.451079 -0.729543 0.514096
  outer loop
  vertex -22.9353 -0.536303 4.70761
  vertex -3.19803 -0.509938 -12.5729
  vertex -22.9319 -0.509938 4.74204
  endloop
 endfacet
 facet normal 0.45143 -0.729042 0.514498
  outer loop
  vertex -3.19803 -0.509938 -12.5729
  vertex -22.9353 -0.536303 4.70761
  vertex -3.16704 -0.630622 -12.7711
  endloop
 endfacet
 facet normal 0.55689 -0.535764 0.634689
  outer loop
  vertex -22.9319 -0.509938 4.74204
  vertex -3.20348 -0.488712 -12.5502
  vertex -22.9146 -0.372817 4.84261
  endloop
 endfacet
 facet normal 0.556891 -0.535762 0.63469
  outer loop
  vertex -3.20348 -0.488712 -12.5502
  vertex -22.9319 -0.509938 4.74204
  vertex -3.19803 -0.509938 -12.5729
  endloop
 endfacet
 facet normal 0.900452 -0.424687 -0.093953
  outer loop
  vertex 2.24266 2.32941 -13.682
  vertex 12.1538 19.5012 3.68668
  vertex 12.1723 19.4934 3.89923
  endloop
 endfacet
 facet normal 0.900385 -0.424887 -0.0936928
  outer loop
  vertex 12.1538 19.5012 3.68668
  vertex 2.24266 2.32941 -13.682
  vertex 2.24061 2.33111 -13.7094
  endloop
 endfacet
 facet normal 0.484355 0.468766 -0.738687
  outer loop
  vertex 1.81373 2.68426 -14.3805
  vertex 11.6635 19.7073 2.88067
  vertex 1.82827 2.67223 -14.3786
  endloop
 endfacet
 facet normal 0.486131 0.46742 -0.738373
  outer loop
  vertex 11.6635 19.7073 2.88067
  vertex 1.81373 2.68426 -14.3805
  vertex 11.5217 19.7669 2.82504
  endloop
 endfacet
 facet normal 0.668274 0.302672 -0.679559
  outer loop
  vertex 1.95656 2.5661 -14.3002
  vertex 11.8321 19.6364 3.01437
  vertex 1.97006 2.55493 -14.2919
  endloop
 endfacet
 facet normal 0.667124 0.303919 -0.680132
  outer loop
  vertex 11.8321 19.6364 3.01437
  vertex 1.95656 2.5661 -14.3002
  vertex 11.7012 19.6914 2.91055
  endloop
 endfacet
 facet normal 0.90052 -0.424492 -0.0941771
  outer loop
  vertex 2.26025 2.31487 -13.4484
  vertex 12.1723 19.4934 3.89923
  vertex 12.1771 19.4914 3.95414
  endloop
 endfacet
 facet normal 0.900532 -0.424457 -0.0942285
  outer loop
  vertex 12.1723 19.4934 3.89923
  vertex 2.26025 2.31487 -13.4484
  vertex 2.24266 2.32941 -13.682
  endloop
 endfacet
 facet normal 0.298458 -0.758815 0.578898
  outer loop
  vertex 1.97006 2.55493 -12.4947
  vertex 11.8595 19.6249 4.78239
  vertex 11.8321 19.6364 4.81159
  endloop
 endfacet
 facet normal 0.297985 -0.758811 0.579146
  outer loop
  vertex 11.8595 19.6249 4.78239
  vertex 1.97006 2.55493 -12.4947
  vertex 2.07598 2.46731 -12.664
  endloop
 endfacet
 facet normal -0.917769 0.162978 0.36213
  outer loop
  vertex 1.0043 3.09093 -12.8531
  vertex 10.899 20.2097 4.51929
  vertex 0.945183 3.10221 -13.008
  endloop
 endfacet
 facet normal -0.917795 0.163132 0.361994
  outer loop
  vertex 1.03018 3.07876 -12.782
  vertex 10.899 20.2097 4.51929
  vertex 1.0043 3.09093 -12.8531
  endloop
 endfacet
 facet normal -0.917878 0.163607 0.36157
  outer loop
  vertex 10.899 20.2097 4.51929
  vertex 1.03018 3.07876 -12.782
  vertex 10.9141 20.1983 4.56278
  endloop
 endfacet
 facet normal 0.81848 -0.566933 0.0931484
  outer loop
  vertex 2.24061 2.33111 -13.18
  vertex 12.1584 19.4992 4.16345
  vertex 12.1538 19.5012 4.21603
  endloop
 endfacet
 facet normal 0.817866 -0.567644 0.0942107
  outer loop
  vertex 12.1584 19.4992 4.16345
  vertex 2.24061 2.33111 -13.18
  vertex 2.25811 2.31664 -13.4191
  endloop
 endfacet
 facet normal -0.866026 0.499999 0
  outer loop
  vertex 0.88159 3.11434 -13.3123
  vertex 10.7965 20.2875 3.87493
  vertex 0.88159 3.11434 -13.3418
  endloop
 endfacet
 facet normal -0.866026 0.499999 0
  outer loop
  vertex 10.7965 20.2875 3.87493
  vertex 0.88159 3.11434 -13.3123
  vertex 10.7965 20.2875 4.08683
  endloop
 endfacet
 facet normal 0.298121 -0.758813 0.579074
  outer loop
  vertex 2.07598 2.46731 -12.664
  vertex 11.9756 19.5761 4.65867
  vertex 11.8595 19.6249 4.78239
  endloop
 endfacet
 facet normal 0.297848 -0.758801 0.57923
  outer loop
  vertex 11.9756 19.5761 4.65867
  vertex 2.07598 2.46731 -12.664
  vertex 2.09081 2.45504 -12.6877
  endloop
 endfacet
 facet normal 0.270598 0.603706 -0.749877
  outer loop
  vertex 1.49878 2.85825 -14.4166
  vertex 11.4338 19.8038 2.80748
  vertex 11.4384 19.8019 2.80761
  endloop
 endfacet
 facet normal 0.274357 0.601645 -0.750168
  outer loop
  vertex 1.48174 2.86627 -14.4164
  vertex 11.4338 19.8038 2.80748
  vertex 1.49878 2.85825 -14.4166
  endloop
 endfacet
 facet normal 0.274846 0.601387 -0.750196
  outer loop
  vertex 11.4338 19.8038 2.80748
  vertex 1.48174 2.86627 -14.4164
  vertex 11.3134 19.8952 2.83664
  endloop
 endfacet
 facet normal 0.80606 0.121478 -0.579233
  outer loop
  vertex 1.9816 2.54539 -14.2779
  vertex 11.8321 19.6364 3.01437
  vertex 11.9443 19.5893 3.16063
  endloop
 endfacet
 facet normal 0.805273 0.122794 -0.580049
  outer loop
  vertex 11.8321 19.6364 3.01437
  vertex 1.9816 2.54539 -14.2779
  vertex 1.97006 2.55493 -14.2919
  endloop
 endfacet
 facet normal -0.405442 0.75549 -0.514637
  outer loop
  vertex 11.0243 20.1146 3.10194
  vertex 1.03018 3.07876 -14.0332
  vertex 10.9141 20.1983 3.31163
  endloop
 endfacet
 facet normal -0.405409 0.755493 -0.514659
  outer loop
  vertex 1.03018 3.07876 -14.0332
  vertex 11.0243 20.1146 3.10194
  vertex 1.15483 3.0201 -14.2175
  endloop
 endfacet
 facet normal -0.601183 0.712901 -0.361042
  outer loop
  vertex 10.9141 20.1983 3.31163
  vertex 0.943741 3.10249 -13.8432
  vertex 10.8975 20.2109 3.36415
  endloop
 endfacet
 facet normal -0.600008 0.713327 -0.362153
  outer loop
  vertex 10.9141 20.1983 3.31163
  vertex 1.0043 3.09093 -13.9663
  vertex 0.943741 3.10249 -13.8432
  endloop
 endfacet
 facet normal -0.600228 0.713248 -0.361944
  outer loop
  vertex 1.0043 3.09093 -13.9663
  vertex 10.9141 20.1983 3.31163
  vertex 1.03018 3.07876 -14.0332
  endloop
 endfacet
 facet normal 0.667094 0.30395 -0.680147
  outer loop
  vertex 1.82827 2.67223 -14.3786
  vertex 11.7012 19.6914 2.91055
  vertex 1.95656 2.5661 -14.3002
  endloop
 endfacet
 facet normal 0.667184 0.303853 -0.680102
  outer loop
  vertex 11.7012 19.6914 2.91055
  vertex 1.82827 2.67223 -14.3786
  vertex 11.6635 19.7073 2.88067
  endloop
 endfacet
 facet normal -0.383969 -0.538349 0.750166
  outer loop
  vertex 11.4338 19.8038 4.92345
  vertex 1.50532 2.85517 -12.3214
  vertex 11.4452 19.799 4.92584
  endloop
 endfacet
 facet normal -0.383536 -0.538629 0.750186
  outer loop
  vertex 1.48174 2.86627 -12.3255
  vertex 11.4338 19.8038 4.92345
  vertex 11.3134 19.8952 4.92752
  endloop
 endfacet
 facet normal -0.383864 -0.538415 0.750171
  outer loop
  vertex 11.4338 19.8038 4.92345
  vertex 1.48174 2.86627 -12.3255
  vertex 1.50532 2.85517 -12.3214
  endloop
 endfacet
 facet normal -0.856669 -0.0273245 0.515142
  outer loop
  vertex 1.04532 3.07163 -12.7572
  vertex 10.9141 20.1983 4.56278
  vertex 1.03018 3.07876 -12.782
  endloop
 endfacet
 facet normal -0.856944 -0.0267343 0.514716
  outer loop
  vertex 10.9141 20.1983 4.56278
  vertex 1.04532 3.07163 -12.7572
  vertex 11.0032 20.1307 4.70761
  endloop
 endfacet
 facet normal 0.506425 -0.740318 0.442112
  outer loop
  vertex 2.172 2.38787 -12.8933
  vertex 12.0852 19.53 4.4559
  vertex 11.9968 19.5672 4.61945
  endloop
 endfacet
 facet normal 0.50738 -0.740116 0.441354
  outer loop
  vertex 12.0852 19.53 4.4559
  vertex 2.172 2.38787 -12.8933
  vertex 2.18292 2.37884 -12.921
  endloop
 endfacet
 facet normal 0.683815 -0.675152 0.276707
  outer loop
  vertex 2.18969 2.37323 -12.9514
  vertex 12.1538 19.5012 4.21603
  vertex 12.1401 19.5069 4.2638
  endloop
 endfacet
 facet normal 0.683813 -0.675153 0.27671
  outer loop
  vertex 12.1538 19.5012 4.21603
  vertex 2.18969 2.37323 -12.9514
  vertex 2.24061 2.33111 -13.18
  endloop
 endfacet
 facet normal 0.80684 0.120178 -0.578417
  outer loop
  vertex 2.09081 2.45504 -14.1448
  vertex 11.9443 19.5893 3.16063
  vertex 11.9756 19.5761 3.20155
  endloop
 endfacet
 facet normal 0.806163 0.121302 -0.579126
  outer loop
  vertex 11.9443 19.5893 3.16063
  vertex 2.09081 2.45504 -14.1448
  vertex 1.9816 2.54539 -14.2779
  endloop
 endfacet
 facet normal -0.600121 0.713289 -0.362041
  outer loop
  vertex 10.8975 20.2109 3.36415
  vertex 0.933463 3.10445 -13.8223
  vertex 10.8366 20.2571 3.55612
  endloop
 endfacet
 facet normal -0.600136 0.713283 -0.362027
  outer loop
  vertex 0.933463 3.10445 -13.8223
  vertex 10.8975 20.2109 3.36415
  vertex 0.943741 3.10249 -13.8432
  endloop
 endfacet
 facet normal 0.0464051 0.6976 -0.714983
  outer loop
  vertex 1.4655 2.87391 -14.41
  vertex 11.3134 19.8952 2.83664
  vertex 1.48174 2.86627 -14.4164
  endloop
 endfacet
 facet normal 0.0461806 0.697673 -0.714926
  outer loop
  vertex 11.3134 19.8952 2.83664
  vertex 1.4655 2.87391 -14.41
  vertex 11.1945 19.9855 2.91708
  endloop
 endfacet
 facet normal 0.817856 -0.567655 0.0942279
  outer loop
  vertex 2.25811 2.31664 -13.4191
  vertex 12.1771 19.4914 3.95414
  vertex 12.1584 19.4992 4.16345
  endloop
 endfacet
 facet normal 0.817962 -0.567533 0.0940429
  outer loop
  vertex 12.1771 19.4914 3.95414
  vertex 2.25811 2.31664 -13.4191
  vertex 2.26025 2.31487 -13.4484
  endloop
 endfacet
 facet normal -0.757023 0.626164 -0.186642
  outer loop
  vertex 10.8048 20.2812 3.76525
  vertex 0.881591 3.11434 -13.5791
  vertex 10.7965 20.2875 3.82005
  endloop
 endfacet
 facet normal -0.756863 0.626292 -0.186859
  outer loop
  vertex 0.881591 3.11434 -13.5791
  vertex 10.8048 20.2812 3.76525
  vertex 0.928122 3.10547 -13.7973
  endloop
 endfacet
 facet normal -0.866025 0.500001 -2.4653e-06
  outer loop
  vertex 0.88159 3.11434 -13.3418
  vertex 10.7965 20.2875 3.82005
  vertex 0.881591 3.11434 -13.5791
  endloop
 endfacet
 facet normal -0.866025 0.5 -1.23265e-06
  outer loop
  vertex 10.7965 20.2875 3.82005
  vertex 0.88159 3.11434 -13.3418
  vertex 10.7965 20.2875 3.87493
  endloop
 endfacet
 facet normal 0.506722 -0.740256 0.441875
  outer loop
  vertex 2.09081 2.45504 -12.6877
  vertex 11.9968 19.5672 4.61945
  vertex 11.9756 19.5761 4.65867
  endloop
 endfacet
 facet normal 0.506672 -0.740262 0.441922
  outer loop
  vertex 11.9968 19.5672 4.61945
  vertex 2.09081 2.45504 -12.6877
  vertex 2.172 2.38787 -12.8933
  endloop
 endfacet
 facet normal -0.920829 0.342238 0.186942
  outer loop
  vertex 0.933463 3.10445 -13.0387
  vertex 10.8286 20.2632 4.28946
  vertex 0.887377 3.11324 -13.2818
  endloop
 endfacet
 facet normal -0.920987 0.341198 0.188061
  outer loop
  vertex 10.8286 20.2632 4.28946
  vertex 0.933463 3.10445 -13.0387
  vertex 10.8366 20.2571 4.33971
  endloop
 endfacet
 facet normal 0.894243 -0.0681091 -0.44237
  outer loop
  vertex 2.1737 2.38646 -13.9663
  vertex 11.9756 19.5761 3.20155
  vertex 11.9994 19.5661 3.2512
  endloop
 endfacet
 facet normal 0.89447 -0.0688032 -0.441802
  outer loop
  vertex 11.9756 19.5761 3.20155
  vertex 2.1737 2.38646 -13.9663
  vertex 2.09081 2.45504 -14.1448
  endloop
 endfacet
 facet normal 0.486552 0.467103 -0.738297
  outer loop
  vertex 1.74144 2.74407 -14.3903
  vertex 11.5217 19.7669 2.82504
  vertex 1.81373 2.68426 -14.3805
  endloop
 endfacet
 facet normal 0.485637 0.467795 -0.738461
  outer loop
  vertex 11.5217 19.7669 2.82504
  vertex 1.74144 2.74407 -14.3903
  vertex 11.4804 19.7842 2.80884
  endloop
 endfacet
 facet normal 0.486035 0.467495 -0.738389
  outer loop
  vertex 11.4804 19.7842 2.80884
  vertex 1.74144 2.74407 -14.3903
  vertex 1.66347 2.78075 -14.4184
  endloop
 endfacet
 facet normal 0.275335 0.601131 -0.750221
  outer loop
  vertex 1.66347 2.78075 -14.4184
  vertex 11.4384 19.8019 2.80761
  vertex 11.4804 19.7842 2.80884
  endloop
 endfacet
 facet normal 0.274812 0.601404 -0.750194
  outer loop
  vertex 11.4384 19.8019 2.80761
  vertex 1.66347 2.78075 -14.4184
  vertex 1.49878 2.85825 -14.4166
  endloop
 endfacet
 facet normal -0.185364 0.75014 -0.634768
  outer loop
  vertex 11.1301 20.0343 2.97615
  vertex 1.15483 3.0201 -14.2175
  vertex 11.0243 20.1146 3.10194
  endloop
 endfacet
 facet normal -0.186495 0.75029 -0.63426
  outer loop
  vertex 1.15483 3.0201 -14.2175
  vertex 11.1301 20.0343 2.97615
  vertex 1.16964 3.01313 -14.2301
  endloop
 endfacet
 facet normal 0.0700798 -0.729639 0.680232
  outer loop
  vertex 1.84654 2.65712 -12.3723
  vertex 11.8321 19.6364 4.81159
  vertex 11.8 19.6499 4.82938
  endloop
 endfacet
 facet normal 0.0702983 -0.729691 0.680154
  outer loop
  vertex 11.8321 19.6364 4.81159
  vertex 1.84654 2.65712 -12.3723
  vertex 1.97006 2.55493 -12.4947
  endloop
 endfacet
 facet normal 0.926605 -0.254567 -0.276763
  outer loop
  vertex 2.18873 2.37403 -13.9226
  vertex 12.0852 19.53 3.43045
  vertex 12.1394 19.5072 3.63288
  endloop
 endfacet
 facet normal 0.926583 -0.253797 -0.277544
  outer loop
  vertex 12.0852 19.53 3.43045
  vertex 2.18873 2.37403 -13.9226
  vertex 2.18292 2.37884 -13.9464
  endloop
 endfacet
 facet normal 0.926608 -0.254893 -0.276456
  outer loop
  vertex 2.24061 2.33111 -13.7094
  vertex 12.1394 19.5072 3.63288
  vertex 12.1538 19.5012 3.68668
  endloop
 endfacet
 facet normal 0.926605 -0.254601 -0.276732
  outer loop
  vertex 12.1394 19.5072 3.63288
  vertex 2.24061 2.33111 -13.7094
  vertex 2.18873 2.37403 -13.9226
  endloop
 endfacet
 facet normal -0.756575 0.626524 -0.187249
  outer loop
  vertex 10.8366 20.2571 3.55612
  vertex 0.928122 3.10547 -13.7973
  vertex 10.8048 20.2812 3.76525
  endloop
 endfacet
 facet normal -0.756607 0.626498 -0.187204
  outer loop
  vertex 0.928122 3.10547 -13.7973
  vertex 10.8366 20.2571 3.55612
  vertex 0.933463 3.10445 -13.8223
  endloop
 endfacet
 facet normal -0.185996 0.750224 -0.634483
  outer loop
  vertex 11.1603 20.0114 2.94022
  vertex 1.16964 3.01313 -14.2301
  vertex 11.1301 20.0343 2.97615
  endloop
 endfacet
 facet normal -0.185613 0.750173 -0.634656
  outer loop
  vertex 1.16964 3.01313 -14.2301
  vertex 11.1603 20.0114 2.94022
  vertex 1.30857 2.94776 -14.348
  endloop
 endfacet
 facet normal 0.0459278 0.697754 -0.714864
  outer loop
  vertex 1.30857 2.94776 -14.348
  vertex 11.1945 19.9855 2.91708
  vertex 1.4655 2.87391 -14.41
  endloop
 endfacet
 facet normal 0.04508 0.698028 -0.71465
  outer loop
  vertex 11.1945 19.9855 2.91708
  vertex 1.30857 2.94776 -14.348
  vertex 11.1603 20.0114 2.94022
  endloop
 endfacet
 facet normal 0.683887 -0.675112 0.276627
  outer loop
  vertex 2.18292 2.37884 -12.921
  vertex 12.1401 19.5069 4.2638
  vertex 12.0852 19.53 4.4559
  endloop
 endfacet
 facet normal 0.68367 -0.675238 0.276856
  outer loop
  vertex 12.1401 19.5069 4.2638
  vertex 2.18292 2.37884 -12.921
  vertex 2.18969 2.37323 -12.9514
  endloop
 endfacet
 facet normal -0.917747 0.162853 0.362243
  outer loop
  vertex 0.945183 3.10221 -13.008
  vertex 10.8366 20.2571 4.33971
  vertex 0.933463 3.10445 -13.0387
  endloop
 endfacet
 facet normal -0.917798 0.163152 0.361977
  outer loop
  vertex 10.8366 20.2571 4.33971
  vertex 0.945183 3.10221 -13.008
  vertex 10.899 20.2097 4.51929
  endloop
 endfacet
 facet normal -0.581209 -0.388744 0.714895
  outer loop
  vertex 1.45934 2.87681 -12.338
  vertex 11.3134 19.8952 4.92752
  vertex 11.1893 19.9894 4.87785
  endloop
 endfacet
 facet normal -0.581622 -0.388348 0.714774
  outer loop
  vertex 11.3134 19.8952 4.92752
  vertex 1.45934 2.87681 -12.338
  vertex 1.48174 2.86627 -12.3255
  endloop
 endfacet
 facet normal -0.581438 -0.388529 0.714825
  outer loop
  vertex 1.30857 2.94776 -12.422
  vertex 11.1893 19.9894 4.87785
  vertex 11.1603 20.0114 4.86622
  endloop
 endfacet
 facet normal -0.581222 -0.388731 0.714891
  outer loop
  vertex 11.1893 19.9894 4.87785
  vertex 1.30857 2.94776 -12.422
  vertex 1.45934 2.87681 -12.338
  endloop
 endfacet
 facet normal 0.894414 -0.068636 -0.441942
  outer loop
  vertex 2.18292 2.37884 -13.9464
  vertex 11.9994 19.5661 3.2512
  vertex 12.0852 19.53 3.43045
  endloop
 endfacet
 facet normal 0.894726 -0.0696065 -0.441158
  outer loop
  vertex 11.9994 19.5661 3.2512
  vertex 2.18292 2.37884 -13.9464
  vertex 2.1737 2.38646 -13.9663
  endloop
 endfacet
 facet normal -0.742501 -0.214307 0.634637
  outer loop
  vertex 1.30857 2.94776 -12.422
  vertex 11.1344 20.031 4.84261
  vertex 1.17406 3.01105 -12.558
  endloop
 endfacet
 facet normal -0.741825 -0.215192 0.635128
  outer loop
  vertex 11.1344 20.031 4.84261
  vertex 1.30857 2.94776 -12.422
  vertex 11.1603 20.0114 4.86622
  endloop
 endfacet
 facet normal -0.741916 -0.215075 0.635062
  outer loop
  vertex 1.17406 3.01105 -12.558
  vertex 11.0243 20.1146 4.74204
  vertex 1.15483 3.0201 -12.5774
  endloop
 endfacet
 facet normal -0.742471 -0.214347 0.634659
  outer loop
  vertex 11.0243 20.1146 4.74204
  vertex 1.17406 3.01105 -12.558
  vertex 11.1344 20.031 4.84261
  endloop
 endfacet
 facet normal 0.0702965 -0.729692 0.680153
  outer loop
  vertex 1.82827 2.67223 -12.3542
  vertex 11.8 19.6499 4.82938
  vertex 11.6635 19.7073 4.90507
  endloop
 endfacet
 facet normal 0.0702627 -0.729696 0.680152
  outer loop
  vertex 11.8 19.6499 4.82938
  vertex 1.82827 2.67223 -12.3542
  vertex 1.84654 2.65712 -12.3723
  endloop
 endfacet
 facet normal -0.920846 0.342126 0.187063
  outer loop
  vertex 0.887377 3.11324 -13.2818
  vertex 10.7965 20.2875 4.08683
  vertex 0.88159 3.11434 -13.3123
  endloop
 endfacet
 facet normal -0.920825 0.342261 0.186917
  outer loop
  vertex 10.7965 20.2875 4.08683
  vertex 0.887377 3.11324 -13.2818
  vertex 10.8286 20.2632 4.28946
  endloop
 endfacet
 facet normal -0.38386 -0.538421 0.75017
  outer loop
  vertex 11.4452 19.799 4.92584
  vertex 1.66347 2.78075 -12.294
  vertex 11.4804 19.7842 4.93323
  endloop
 endfacet
 facet normal -0.383456 -0.538677 0.750193
  outer loop
  vertex 1.66347 2.78075 -12.294
  vertex 11.4452 19.799 4.92584
  vertex 1.50532 2.85517 -12.3214
  endloop
 endfacet
 facet normal -0.857103 -0.0263889 0.514469
  outer loop
  vertex 1.15483 3.0201 -12.5774
  vertex 11.0032 20.1307 4.70761
  vertex 1.04532 3.07163 -12.7572
  endloop
 endfacet
 facet normal -0.857588 -0.0253447 0.513712
  outer loop
  vertex 11.0032 20.1307 4.70761
  vertex 1.15483 3.0201 -12.5774
  vertex 11.0243 20.1146 4.74204
  endloop
 endfacet
 facet normal -0.16147 -0.654824 0.738331
  outer loop
  vertex 1.74144 2.74407 -12.3095
  vertex 11.6635 19.7073 4.90507
  vertex 11.4804 19.7842 4.93323
  endloop
 endfacet
 facet normal -0.161625 -0.654759 0.738355
  outer loop
  vertex 11.6635 19.7073 4.90507
  vertex 1.74144 2.74407 -12.3095
  vertex 1.82827 2.67223 -12.3542
  endloop
 endfacet
 facet normal -0.161313 -0.65489 0.738307
  outer loop
  vertex 1.74144 2.74407 -12.3095
  vertex 11.4804 19.7842 4.93323
  vertex 1.66347 2.78075 -12.294
  endloop
 endfacet
 facet normal -0.817873 -0.567635 -0.0941971
  outer loop
  vertex 10.8 -20.2559 3.66621
  vertex 0.875029 -3.11559 -13.4477
  vertex 0.901171 -3.11061 -13.7047
  endloop
 endfacet
 facet normal -0.817853 -0.567659 -0.0942298
  outer loop
  vertex 0.875029 -3.11559 -13.4477
  vertex 10.8 -20.2559 3.66621
  vertex 10.7787 -20.2693 3.93181
  endloop
 endfacet
 facet normal -0.666952 0.304112 0.680214
  outer loop
  vertex 1.39339 -2.90784 -12.3659
  vertex 11.2169 -19.9913 4.90348
  vertex 11.2459 -19.9729 4.92369
  endloop
 endfacet
 facet normal -0.667153 0.303887 0.680117
  outer loop
  vertex 11.2169 -19.9913 4.90348
  vertex 1.39339 -2.90784 -12.3659
  vertex 1.24949 -2.97556 -12.4768
  endloop
 endfacet
 facet normal -0.298278 -0.758819 -0.578986
  outer loop
  vertex 1.08833 -3.05139 -14.1314
  vertex 11.0638 -20.0885 3.0583
  vertex 10.962 -20.153 3.19528
  endloop
 endfacet
 facet normal -0.298362 -0.758817 -0.578945
  outer loop
  vertex 11.0638 -20.0885 3.0583
  vertex 1.08833 -3.05139 -14.1314
  vertex 1.10203 -3.04495 -14.1469
  endloop
 endfacet
 facet normal 0.857014 -0.0265823 -0.514607
  outer loop
  vertex 11.9161 -19.559 3.1138
  vertex 2.14085 -2.41364 -14.0513
  vertex 12.0202 -19.5252 3.28542
  endloop
 endfacet
 facet normal 0.857607 -0.0253178 -0.513682
  outer loop
  vertex 2.14085 -2.41364 -14.0513
  vertex 11.9161 -19.559 3.1138
  vertex 2.13029 -2.42238 -14.0685
  endloop
 endfacet
 facet normal -0.045973 0.697739 0.714875
  outer loop
  vertex 1.75223 -2.73514 -12.3065
  vertex 11.712 -19.6771 4.86987
  vertex 1.77161 -2.71911 -12.3209
  endloop
 endfacet
 facet normal -0.0458643 0.697775 0.714847
  outer loop
  vertex 11.712 -19.6771 4.86987
  vertex 1.75223 -2.73514 -12.3065
  vertex 11.5815 -19.7599 4.94232
  endloop
 endfacet
 facet normal 0.383299 -0.538778 -0.7502
  outer loop
  vertex 1.74144 -2.74407 -14.3965
  vertex 11.5815 -19.7599 2.85144
  vertex 11.4503 -19.8431 2.84416
  endloop
 endfacet
 facet normal 0.3833 -0.538777 -0.7502
  outer loop
  vertex 11.5815 -19.7599 2.85144
  vertex 1.74144 -2.74407 -14.3965
  vertex 1.75223 -2.73514 -14.3974
  endloop
 endfacet
 facet normal 0.382667 -0.539174 -0.750238
  outer loop
  vertex 1.74144 -2.74407 -14.3965
  vertex 11.4503 -19.8431 2.84416
  vertex 1.7368 -2.74625 -14.3973
  endloop
 endfacet
 facet normal -0.806118 0.121382 0.579172
  outer loop
  vertex 10.962 -20.153 4.6524
  vertex 1.21097 -2.99368 -12.5157
  vertex 1.08833 -3.05139 -12.6743
  endloop
 endfacet
 facet normal -0.80639 0.120946 0.578884
  outer loop
  vertex 1.21097 -2.99368 -12.5157
  vertex 10.962 -20.153 4.6524
  vertex 10.9871 -20.1371 4.68404
  endloop
 endfacet
 facet normal -0.684262 -0.674914 -0.276184
  outer loop
  vertex 10.8624 -20.2163 3.41545
  vertex 0.970173 -3.09744 -13.9073
  vertex 0.977956 -3.09596 -13.9302
  endloop
 endfacet
 facet normal -0.683771 -0.675176 -0.276757
  outer loop
  vertex 0.970173 -3.09744 -13.9073
  vertex 10.8624 -20.2163 3.41545
  vertex 10.8131 -20.2475 3.61337
  endloop
 endfacet
 facet normal -0.505294 -0.740556 -0.443007
  outer loop
  vertex 0.990312 -3.0936 -13.9483
  vertex 10.962 -20.153 3.19528
  vertex 10.9403 -20.1668 3.2431
  endloop
 endfacet
 facet normal -0.506508 -0.740299 -0.44205
  outer loop
  vertex 1.0043 -3.09093 -13.9688
  vertex 10.962 -20.153 3.19528
  vertex 0.990312 -3.0936 -13.9483
  endloop
 endfacet
 facet normal -0.50672 -0.740253 -0.441883
  outer loop
  vertex 10.962 -20.153 3.19528
  vertex 1.0043 -3.09093 -13.9688
  vertex 1.08833 -3.05139 -14.1314
  endloop
 endfacet
 facet normal 0.581306 -0.388656 -0.714864
  outer loop
  vertex 1.75223 -2.73514 -14.3974
  vertex 11.7066 -19.6805 2.91
  vertex 11.5815 -19.7599 2.85144
  endloop
 endfacet
 facet normal 0.580886 -0.389062 -0.714984
  outer loop
  vertex 11.7066 -19.6805 2.91
  vertex 1.75223 -2.73514 -14.3974
  vertex 1.76631 -2.72349 -14.3923
  endloop
 endfacet
 facet normal 0.917823 0.163286 -0.361854
  outer loop
  vertex 12.0405 -19.5186 3.33976
  vertex 2.21635 -2.35118 -13.8319
  vertex 12.1141 -19.4947 3.53723
  endloop
 endfacet
 facet normal 0.91764 0.162251 -0.362784
  outer loop
  vertex 2.21635 -2.35118 -13.8319
  vertex 12.0405 -19.5186 3.33976
  vertex 2.20866 -2.35755 -13.8542
  endloop
 endfacet
 facet normal -0.926606 -0.25466 0.276676
  outer loop
  vertex 10.8 -20.2559 4.19557
  vertex 0.968894 -3.09769 -12.9366
  vertex 0.901171 -3.11061 -13.1753
  endloop
 endfacet
 facet normal -0.926584 -0.253754 0.277582
  outer loop
  vertex 0.968894 -3.09769 -12.9366
  vertex 10.8 -20.2559 4.19557
  vertex 10.8125 -20.2479 4.24461
  endloop
 endfacet
 facet normal -0.89448 -0.0688399 0.441778
  outer loop
  vertex 10.9427 -20.1653 4.61143
  vertex 1.08833 -3.05139 -12.6743
  vertex 1.0043 -3.09093 -12.8506
  endloop
 endfacet
 facet normal -0.894529 -0.0689404 0.441661
  outer loop
  vertex 10.9427 -20.1653 4.61143
  vertex 1.0043 -3.09093 -12.8506
  vertex 0.992574 -3.09317 -12.8747
  endloop
 endfacet
 facet normal -0.89441 -0.0686446 0.441948
  outer loop
  vertex 1.08833 -3.05139 -12.6743
  vertex 10.9427 -20.1653 4.61143
  vertex 10.962 -20.153 4.6524
  endloop
 endfacet
 facet normal -0.894344 -0.0683978 0.442121
  outer loop
  vertex 10.8624 -20.2163 4.4409
  vertex 0.992574 -3.09317 -12.8747
  vertex 0.977956 -3.09596 -12.9047
  endloop
 endfacet
 facet normal -0.894479 -0.0688357 0.44178
  outer loop
  vertex 0.992574 -3.09317 -12.8747
  vertex 10.8624 -20.2163 4.4409
  vertex 10.9427 -20.1653 4.61143
  endloop
 endfacet
 facet normal 0.40556 0.755481 0.514558
  outer loop
  vertex 11.9942 -19.5336 4.56948
  vertex 2.03358 -2.50238 -12.5853
  vertex 11.8867 -19.5685 4.70545
  endloop
 endfacet
 facet normal 0.405382 0.755496 0.514676
  outer loop
  vertex 2.03358 -2.50238 -12.5853
  vertex 11.9942 -19.5336 4.56948
  vertex 2.04687 -2.49139 -12.6119
  endloop
 endfacet
 facet normal 0.406482 0.755402 0.513946
  outer loop
  vertex 12.0202 -19.5252 4.53657
  vertex 2.04687 -2.49139 -12.6119
  vertex 11.9942 -19.5336 4.56948
  endloop
 endfacet
 facet normal 0.405741 0.755464 0.514439
  outer loop
  vertex 2.04687 -2.49139 -12.6119
  vertex 12.0202 -19.5252 4.53657
  vertex 2.14085 -2.41364 -12.8002
  endloop
 endfacet
 facet normal -0.506934 -0.740206 -0.441717
  outer loop
  vertex 0.977956 -3.09596 -13.9302
  vertex 10.9403 -20.1668 3.2431
  vertex 10.8624 -20.2163 3.41545
  endloop
 endfacet
 facet normal -0.506303 -0.740344 -0.442209
  outer loop
  vertex 10.9403 -20.1668 3.2431
  vertex 0.977956 -3.09596 -13.9302
  vertex 0.990312 -3.0936 -13.9483
  endloop
 endfacet
 facet normal -0.683764 -0.675179 -0.276767
  outer loop
  vertex 10.8131 -20.2475 3.61337
  vertex 0.901171 -3.11061 -13.7047
  vertex 0.970173 -3.09744 -13.9073
  endloop
 endfacet
 facet normal -0.683701 -0.675218 -0.276829
  outer loop
  vertex 0.901171 -3.11061 -13.7047
  vertex 10.8131 -20.2475 3.61337
  vertex 10.8 -20.2559 3.66621
  endloop
 endfacet
 facet normal 0.38335 -0.538745 -0.750198
  outer loop
  vertex 11.4123 -19.8672 2.84205
  vertex 1.7368 -2.74625 -14.3973
  vertex 11.4503 -19.8431 2.84416
  endloop
 endfacet
 facet normal 0.383424 -0.538698 -0.750193
  outer loop
  vertex 1.7368 -2.74625 -14.3973
  vertex 11.4123 -19.8672 2.84205
  vertex 1.57225 -2.82368 -14.4258
  endloop
 endfacet
 facet normal -0.666979 0.304077 0.680203
  outer loop
  vertex 1.24949 -2.97556 -12.4768
  vertex 11.0925 -20.0702 4.81677
  vertex 11.2169 -19.9913 4.90348
  endloop
 endfacet
 facet normal -0.667537 0.30348 0.679922
  outer loop
  vertex 11.0925 -20.0702 4.81677
  vertex 1.24949 -2.97556 -12.4768
  vertex 1.22863 -2.98537 -12.4929
  endloop
 endfacet
 facet normal 0.185414 0.750147 0.634745
  outer loop
  vertex 11.8791 -19.571 4.71063
  vertex 2.01707 -2.51605 -12.5643
  vertex 11.77 -19.6403 4.8244
  endloop
 endfacet
 facet normal 0.185849 0.750203 0.634551
  outer loop
  vertex 11.8867 -19.5685 4.70545
  vertex 2.01707 -2.51605 -12.5643
  vertex 11.8791 -19.571 4.71063
  endloop
 endfacet
 facet normal 0.185933 0.750214 0.634514
  outer loop
  vertex 2.01707 -2.51605 -12.5643
  vertex 11.8867 -19.5685 4.70545
  vertex 2.03358 -2.50238 -12.5853
  endloop
 endfacet
 facet normal 0.917685 0.162505 -0.362556
  outer loop
  vertex 12.0202 -19.5252 3.28542
  vertex 2.20866 -2.35755 -13.8542
  vertex 12.0405 -19.5186 3.33976
  endloop
 endfacet
 facet normal 0.917769 0.16298 -0.362128
  outer loop
  vertex 2.20866 -2.35755 -13.8542
  vertex 12.0202 -19.5252 3.28542
  vertex 2.14085 -2.41364 -14.0513
  endloop
 endfacet
 facet normal 0.921035 0.34086 -0.188439
  outer loop
  vertex 12.1141 -19.4947 3.53723
  vertex 2.25119 -2.32236 -13.6074
  vertex 12.1244 -19.4913 3.59372
  endloop
 endfacet
 facet normal 0.920816 0.342325 -0.186846
  outer loop
  vertex 2.25119 -2.32236 -13.6074
  vertex 12.1141 -19.4947 3.53723
  vertex 2.21635 -2.35118 -13.8319
  endloop
 endfacet
 facet normal -0.275086 0.601261 0.750209
  outer loop
  vertex 1.74144 -2.74407 -12.3033
  vertex 11.5815 -19.7599 4.94232
  vertex 1.75223 -2.73514 -12.3065
  endloop
 endfacet
 facet normal -0.274606 0.601512 0.750183
  outer loop
  vertex 11.5815 -19.7599 4.94232
  vertex 1.74144 -2.74407 -12.3033
  vertex 11.4442 -19.847 4.9619
  endloop
 endfacet
 facet normal -0.275807 0.600863 0.750263
  outer loop
  vertex 11.4442 -19.847 4.9619
  vertex 1.74144 -2.74407 -12.3033
  vertex 1.73027 -2.74932 -12.3032
  endloop
 endfacet
 facet normal -0.298061 -0.758813 -0.579105
  outer loop
  vertex 1.10203 -3.04495 -14.1469
  vertex 11.0925 -20.0702 3.01955
  vertex 11.0638 -20.0885 3.0583
  endloop
 endfacet
 facet normal -0.297978 -0.758811 -0.57915
  outer loop
  vertex 11.0925 -20.0702 3.01955
  vertex 1.10203 -3.04495 -14.1469
  vertex 1.22863 -2.98537 -14.2901
  endloop
 endfacet
 facet normal -0.0705378 -0.729743 -0.680073
  outer loop
  vertex 1.37788 -2.91514 -14.3809
  vertex 11.2459 -19.9729 2.89928
  vertex 11.1265 -20.0486 2.99289
  endloop
 endfacet
 facet normal -0.0694865 -0.729516 -0.680425
  outer loop
  vertex 11.2459 -19.9729 2.89928
  vertex 1.37788 -2.91514 -14.3809
  vertex 1.39339 -2.90785 -14.3903
  endloop
 endfacet
 facet normal 0.161785 -0.654692 -0.738379
  outer loop
  vertex 11.375 -19.8909 2.85489
  vertex 1.57225 -2.82368 -14.4258
  vertex 11.4123 -19.8672 2.84205
  endloop
 endfacet
 facet normal 0.161813 -0.65468 -0.738384
  outer loop
  vertex 1.57225 -2.82368 -14.4258
  vertex 11.375 -19.8909 2.85489
  vertex 1.41019 -2.89994 -14.3937
  endloop
 endfacet
 facet normal 0.161915 -0.654637 -0.7384
  outer loop
  vertex 11.2459 -19.9729 2.89928
  vertex 1.41019 -2.89994 -14.3937
  vertex 11.375 -19.8909 2.85489
  endloop
 endfacet
 facet normal 0.159376 -0.655702 -0.738007
  outer loop
  vertex 1.41019 -2.89994 -14.3937
  vertex 11.2459 -19.9729 2.89928
  vertex 1.39339 -2.90785 -14.3903
  endloop
 endfacet
 facet normal 0.866026 0.499999 0
  outer loop
  vertex 12.1626 -19.4789 3.80493
  vertex 2.25532 -2.31894 -13.5524
  vertex 12.1626 -19.4789 4.01739
  endloop
 endfacet
 facet normal 0.866026 0.499999 0
  outer loop
  vertex 2.25532 -2.31894 -13.5524
  vertex 12.1626 -19.4789 3.80493
  vertex 2.25532 -2.31894 -13.5809
  endloop
 endfacet
 facet normal 0.920786 0.342516 -0.186642
  outer loop
  vertex 12.1244 -19.4913 3.59372
  vertex 2.25532 -2.31894 -13.5809
  vertex 12.1626 -19.4789 3.80493
  endloop
 endfacet
 facet normal 0.920922 0.341616 -0.18762
  outer loop
  vertex 2.25532 -2.31894 -13.5809
  vertex 12.1244 -19.4913 3.59372
  vertex 2.25119 -2.32236 -13.6074
  endloop
 endfacet
 facet normal -0.900529 -0.424466 0.0942119
  outer loop
  vertex 10.7957 -20.2586 4.14239
  vertex 0.901171 -3.11061 -13.1753
  vertex 0.877883 -3.11505 -13.4179
  endloop
 endfacet
 facet normal -0.900576 -0.424329 0.094375
  outer loop
  vertex 0.901171 -3.11061 -13.1753
  vertex 10.7957 -20.2586 4.14239
  vertex 10.8 -20.2559 4.19557
  endloop
 endfacet
 facet normal -0.900465 -0.424657 0.0939634
  outer loop
  vertex 10.7787 -20.2693 3.93181
  vertex 0.877883 -3.11505 -13.4179
  vertex 0.875029 -3.11559 -13.4477
  endloop
 endfacet
 facet normal -0.900546 -0.424418 0.0942682
  outer loop
  vertex 0.877883 -3.11505 -13.4179
  vertex 10.7787 -20.2693 3.93181
  vertex 10.7957 -20.2586 4.14239
  endloop
 endfacet
 facet normal 0.185736 0.750188 0.634603
  outer loop
  vertex 11.77 -19.6403 4.8244
  vertex 1.90127 -2.61184 -12.4172
  vertex 11.7426 -19.6576 4.85287
  endloop
 endfacet
 facet normal 0.185638 0.750175 0.634646
  outer loop
  vertex 1.90127 -2.61184 -12.4172
  vertex 11.77 -19.6403 4.8244
  vertex 2.01707 -2.51605 -12.5643
  endloop
 endfacet
 facet normal -0.0462019 0.697666 0.714932
  outer loop
  vertex 1.77161 -2.71911 -12.3209
  vertex 11.7426 -19.6576 4.85287
  vertex 1.90127 -2.61184 -12.4172
  endloop
 endfacet
 facet normal -0.0470689 0.69738 0.715154
  outer loop
  vertex 11.7426 -19.6576 4.85287
  vertex 1.77161 -2.71911 -12.3209
  vertex 11.712 -19.6771 4.86987
  endloop
 endfacet
 facet normal 0.856927 -0.0267685 -0.514742
  outer loop
  vertex 11.8867 -19.5685 3.06535
  vertex 2.13029 -2.42238 -14.0685
  vertex 11.9161 -19.559 3.1138
  endloop
 endfacet
 facet normal 0.856988 -0.0266385 -0.514647
  outer loop
  vertex 2.13029 -2.42238 -14.0685
  vertex 11.8867 -19.5685 3.06535
  vertex 2.03358 -2.50238 -14.2254
  endloop
 endfacet
 facet normal -0.274478 0.601587 0.75017
  outer loop
  vertex 1.73027 -2.74932 -12.3032
  vertex 11.4123 -19.8672 4.96643
  vertex 11.4442 -19.847 4.9619
  endloop
 endfacet
 facet normal -0.274529 0.601554 0.750178
  outer loop
  vertex 11.4123 -19.8672 4.96643
  vertex 1.73027 -2.74932 -12.3032
  vertex 1.57225 -2.82368 -12.3014
  endloop
 endfacet
 facet normal -0.486408 0.467211 0.738323
  outer loop
  vertex 1.57225 -2.82368 -12.3014
  vertex 11.2459 -19.9729 4.92369
  vertex 11.4123 -19.8672 4.96643
  endloop
 endfacet
 facet normal -0.486184 0.46738 0.738364
  outer loop
  vertex 11.2459 -19.9729 4.92369
  vertex 1.57225 -2.82368 -12.3014
  vertex 1.39339 -2.90784 -12.3659
  endloop
 endfacet
 facet normal -0.0699205 -0.729603 -0.680287
  outer loop
  vertex 1.22863 -2.98537 -14.2901
  vertex 11.1265 -20.0486 2.99289
  vertex 11.0925 -20.0702 3.01955
  endloop
 endfacet
 facet normal -0.0704012 -0.729714 -0.680118
  outer loop
  vertex 11.1265 -20.0486 2.99289
  vertex 1.22863 -2.98537 -14.2901
  vertex 1.37788 -2.91514 -14.3809
  endloop
 endfacet
 facet normal 0.866026 0.499999 0
  outer loop
  vertex 12.1626 -19.4789 4.01739
  vertex 2.25532 -2.31894 -13.3141
  vertex 12.1626 -19.4789 4.07171
  endloop
 endfacet
 facet normal 0.866026 0.499999 0
  outer loop
  vertex 2.25532 -2.31894 -13.3141
  vertex 12.1626 -19.4789 4.01739
  vertex 2.25532 -2.31894 -13.5524
  endloop
 endfacet
 facet normal -0.80571 0.122024 0.579604
  outer loop
  vertex 10.9871 -20.1371 4.68404
  vertex 1.22863 -2.98537 -12.4929
  vertex 1.21097 -2.99368 -12.5157
  endloop
 endfacet
 facet normal -0.806198 0.121254 0.579088
  outer loop
  vertex 1.22863 -2.98537 -12.4929
  vertex 10.9871 -20.1371 4.68404
  vertex 11.0925 -20.0702 4.81677
  endloop
 endfacet
 facet normal 0.745226 -0.210714 -0.632643
  outer loop
  vertex 11.8791 -19.571 3.05723
  vertex 2.03358 -2.50238 -14.2254
  vertex 11.8867 -19.5685 3.06535
  endloop
 endfacet
 facet normal 0.74232 -0.214544 -0.63477
  outer loop
  vertex 11.7745 -19.6374 2.95735
  vertex 2.03358 -2.50238 -14.2254
  vertex 11.8791 -19.571 3.05723
  endloop
 endfacet
 facet normal 0.742177 -0.21473 -0.634874
  outer loop
  vertex 2.03358 -2.50238 -14.2254
  vertex 11.7745 -19.6374 2.95735
  vertex 2.02087 -2.5129 -14.2367
  endloop
 endfacet
 facet normal 0.756793 0.626348 0.186954
  outer loop
  vertex 2.22083 -2.34747 -13.0789
  vertex 12.1626 -19.4789 4.07171
  vertex 2.25532 -2.31894 -13.3141
  endloop
 endfacet
 facet normal 0.756533 0.626556 0.187313
  outer loop
  vertex 12.1626 -19.4789 4.07171
  vertex 2.22083 -2.34747 -13.0789
  vertex 12.1528 -19.4821 4.12199
  endloop
 endfacet
 facet normal 0.600146 0.713278 0.36202
  outer loop
  vertex 12.1141 -19.4947 4.32081
  vertex 2.14085 -2.41364 -12.8002
  vertex 12.0202 -19.5252 4.53657
  endloop
 endfacet
 facet normal 0.599988 0.713336 0.362169
  outer loop
  vertex 2.14085 -2.41364 -12.8002
  vertex 12.1141 -19.4947 4.32081
  vertex 2.21635 -2.35118 -13.0483
  endloop
 endfacet
 facet normal -0.926601 -0.2543 0.277024
  outer loop
  vertex 10.8125 -20.2479 4.24461
  vertex 0.977956 -3.09596 -12.9047
  vertex 0.968894 -3.09769 -12.9366
  endloop
 endfacet
 facet normal -0.926608 -0.254765 0.276574
  outer loop
  vertex 0.977956 -3.09596 -12.9047
  vertex 10.8125 -20.2479 4.24461
  vertex 10.8624 -20.2163 4.4409
  endloop
 endfacet
 facet normal 0.742345 -0.21451 -0.634751
  outer loop
  vertex 11.7426 -19.6576 2.92687
  vertex 2.02087 -2.5129 -14.2367
  vertex 11.7745 -19.6374 2.95735
  endloop
 endfacet
 facet normal 0.742468 -0.214351 -0.634661
  outer loop
  vertex 2.02087 -2.5129 -14.2367
  vertex 11.7426 -19.6576 2.92687
  vertex 1.90127 -2.61184 -14.3432
  endloop
 endfacet
 facet normal 0.581832 -0.38817 -0.7147
  outer loop
  vertex 1.76631 -2.72349 -14.3923
  vertex 11.7426 -19.6576 2.92687
  vertex 11.7066 -19.6805 2.91
  endloop
 endfacet
 facet normal 0.581472 -0.388507 -0.71481
  outer loop
  vertex 11.7426 -19.6576 2.92687
  vertex 1.76631 -2.72349 -14.3923
  vertex 1.90127 -2.61184 -14.3432
  endloop
 endfacet
 facet normal 0.75695 0.626223 0.18674
  outer loop
  vertex 2.21635 -2.35118 -13.0483
  vertex 12.1528 -19.4821 4.12199
  vertex 2.22083 -2.34747 -13.0789
  endloop
 endfacet
 facet normal 0.756764 0.626371 0.186995
  outer loop
  vertex 12.1528 -19.4821 4.12199
  vertex 2.21635 -2.35118 -13.0483
  vertex 12.1141 -19.4947 4.32081
  endloop
 endfacet
 facet normal 0.991998 0.125325 0.0152876
  outer loop
  vertex 3.01674 0.66608 10
  vertex 2.985 0 17.52
  vertex 3.10089 0 10
  endloop
 endfacet
 facet normal 0.929667 -0.368083 0.0152877
  outer loop
  vertex 2.89122 -0.742339 17.52
  vertex 2.96448 -0.869637 10
  vertex 3.00347 -0.77116 10
  endloop
 endfacet
 facet normal 0.929668 -0.368081 0.0152877
  outer loop
  vertex 2.96448 -0.869637 10
  vertex 2.89122 -0.742339 17.52
  vertex 2.61578 -1.43803 17.52
  endloop
 endfacet
 facet normal -0.535764 -0.84423 0.0152873
  outer loop
  vertex -1.27095 -2.70091 17.52
  vertex -1.88715 -2.44603 10
  vertex -1.32029 -2.80577 10
  endloop
 endfacet
 facet normal -0.876209 0.481689 0.0152873
  outer loop
  vertex -2.5597 1.72984 10
  vertex -2.88313 1.14151 10
  vertex -2.77538 1.09885 17.52
  endloop
 endfacet
 facet normal 0.992004 0.125276 0.0152876
  outer loop
  vertex 2.89122 0.742339 17.52
  vertex 3.01674 0.66608 10
  vertex 3.00347 0.77116 10
  endloop
 endfacet
 facet normal 0.991998 0.125323 0.0152874
  outer loop
  vertex 3.01674 0.66608 10
  vertex 2.89122 0.742339 17.52
  vertex 2.985 0 17.52
  endloop
 endfacet
 facet normal 0.637352 0.770421 0.0152881
  outer loop
  vertex 2.17597 2.04337 17.52
  vertex 1.65507 2.60798 10.7833
  vertex 1.59944 2.52032 17.52
  endloop
 endfacet
 facet normal 0.637372 0.770405 0.0152851
  outer loop
  vertex 2.17597 2.04337 17.52
  vertex 1.73095 2.54557 10.7648
  vertex 1.65507 2.60798 10.7833
  endloop
 endfacet
 facet normal 0.637406 0.770376 0.0152806
  outer loop
  vertex 2.17597 2.04337 17.52
  vertex 1.74735 2.53208 10.7608
  vertex 1.73095 2.54557 10.7648
  endloop
 endfacet
 facet normal 0.637288 0.770474 0.0152953
  outer loop
  vertex 1.74735 2.53208 10.7608
  vertex 2.17597 2.04337 17.52
  vertex 1.78562 2.50088 10.7379
  endloop
 endfacet
 facet normal 0.808916 -0.587725 0.0152874
  outer loop
  vertex 2.65508 -1.57955 10
  vertex 2.17597 -2.04337 17.52
  vertex 2.26045 -2.1227 10
  endloop
 endfacet
 facet normal 0.991998 -0.125325 0.0152876
  outer loop
  vertex 3.10089 0 10
  vertex 2.985 0 17.52
  vertex 3.01674 -0.66608 10
  endloop
 endfacet
 facet normal -0.535736 -0.844247 0.0152881
  outer loop
  vertex -1.88715 -2.44603 10
  vertex -1.90271 -2.29998 17.52
  vertex -1.97658 -2.38928 10
  endloop
 endfacet
 facet normal -0.535765 -0.844229 0.0152874
  outer loop
  vertex -1.90271 -2.29998 17.52
  vertex -1.88715 -2.44603 10
  vertex -1.27095 -2.70091 17.52
  endloop
 endfacet
 facet normal -0.308983 0.950945 0.0152875
  outer loop
  vertex -1.21956 2.8385 10
  vertex -1.27095 2.70091 17.52
  vertex -0.559333 2.93213 17.52
  endloop
 endfacet
 facet normal -0.308985 0.950944 0.0152874
  outer loop
  vertex -1.27095 2.70091 17.52
  vertex -1.21956 2.8385 10
  vertex -1.32029 2.80577 10
  endloop
 endfacet
 facet normal 0.929667 0.368085 0.0152869
  outer loop
  vertex 2.71733 1.49386 10
  vertex 2.61578 1.43803 17.52
  vertex 2.96448 0.869637 10
  endloop
 endfacet
 facet normal -0.06278 0.99791 0.0152866
  outer loop
  vertex -0.475342 3.05261 10
  vertex -0.559333 2.93213 17.52
  vertex 0.187429 2.97911 17.52
  endloop
 endfacet
 facet normal -0.0627795 0.99791 0.0152866
  outer loop
  vertex -0.559333 2.93213 17.52
  vertex -0.475342 3.05261 10
  vertex -0.581048 3.04596 10
  endloop
 endfacet
 facet normal 0.991998 -0.125323 0.0152874
  outer loop
  vertex 2.89122 -0.742339 17.52
  vertex 3.01674 -0.66608 10
  vertex 2.985 0 17.52
  endloop
 endfacet
 facet normal 0.992004 -0.125276 0.0152876
  outer loop
  vertex 3.01674 -0.66608 10
  vertex 2.89122 -0.742339 17.52
  vertex 3.00347 -0.77116 10
  endloop
 endfacet
 facet normal 0.808916 0.587725 0.0152874
  outer loop
  vertex 2.26045 2.1227 10
  vertex 2.17597 2.04337 17.52
  vertex 2.65508 1.57955 10
  endloop
 endfacet
 facet normal 0.929667 0.368082 0.0152872
  outer loop
  vertex 2.89122 0.742339 17.52
  vertex 2.96448 0.869637 10
  vertex 2.61578 1.43803 17.52
  endloop
 endfacet
 facet normal 0.929668 0.368082 0.0152874
  outer loop
  vertex 2.96448 0.869637 10
  vertex 2.89122 0.742339 17.52
  vertex 3.00347 0.77116 10
  endloop
 endfacet
 facet normal -0.728881 -0.68447 0.015288
  outer loop
  vertex -1.90271 -2.29998 17.52
  vertex -2.43617 -1.89987 10
  vertex -1.97658 -2.38928 10
  endloop
 endfacet
 facet normal -0.30898 0.950946 0.0152872
  outer loop
  vertex -0.581048 3.04596 10
  vertex -1.21956 2.8385 10
  vertex -0.559333 2.93213 17.52
  endloop
 endfacet
 facet normal 0.187364 -0.982172 0.0152887
  outer loop
  vertex 0.187429 -2.97911 17.52
  vertex 0.956013 -2.94231 10.465
  vertex 0.922415 -2.8389 17.52
  endloop
 endfacet
 facet normal 0.187366 -0.982171 0.0152888
  outer loop
  vertex 0.187429 -2.97911 17.52
  vertex 0.896513 -2.9549 10.3854
  vertex 0.956013 -2.94231 10.465
  endloop
 endfacet
 facet normal 0.187313 -0.982181 0.0152836
  outer loop
  vertex 0.896513 -2.9549 10.3854
  vertex 0.187429 -2.97911 17.52
  vertex 0.833791 -2.96928 10.23
  endloop
 endfacet
 facet normal 0.187359 -0.982172 0.0152878
  outer loop
  vertex 0.194706 -3.09477 10
  vertex 0.833791 -2.96928 10.23
  vertex 0.187429 -2.97911 17.52
  endloop
 endfacet
 facet normal 0.187444 -0.98216 0.0150362
  outer loop
  vertex 0.833791 -2.96928 10.23
  vertex 0.194706 -3.09477 10
  vertex 0.829026 -2.97037 10.2182
  endloop
 endfacet
 facet normal 0.187253 -0.982188 0.0156075
  outer loop
  vertex 0.829026 -2.97037 10.2182
  vertex 0.194706 -3.09477 10
  vertex 0.821237 -2.97216 10.199
  endloop
 endfacet
 facet normal 0.187363 -0.982172 0.0152517
  outer loop
  vertex 0.821237 -2.97216 10.199
  vertex 0.194706 -3.09477 10
  vertex 0.796706 -2.97993 10
  endloop
 endfacet
 facet normal -0.968466 0.248678 0.0152874
  outer loop
  vertex -2.90947 1.03893 10
  vertex -2.77538 1.09885 17.52
  vertex -2.88313 1.14151 10
  endloop
 endfacet
 facet normal -0.96847 0.248662 0.0152876
  outer loop
  vertex -2.77538 1.09885 17.52
  vertex -2.90947 1.03893 10
  vertex -2.96146 0.374119 17.52
  endloop
 endfacet
 facet normal -0.0627831 0.99791 0.0152869
  outer loop
  vertex 0.194706 3.09477 10
  vertex -0.475342 3.05261 10
  vertex 0.187429 2.97911 17.52
  endloop
 endfacet
 facet normal 0.929668 -0.368082 0.0152874
  outer loop
  vertex 2.96448 -0.869637 10
  vertex 2.61578 -1.43803 17.52
  vertex 2.71733 -1.49386 10
  endloop
 endfacet
 facet normal 0.808917 0.587724 0.0152876
  outer loop
  vertex 2.61578 1.43803 17.52
  vertex 2.65508 1.57955 10
  vertex 2.17597 2.04337 17.52
  endloop
 endfacet
 facet normal 0.808956 0.58767 0.0152871
  outer loop
  vertex 2.65508 1.57955 10
  vertex 2.61578 1.43803 17.52
  vertex 2.71733 1.49386 10
  endloop
 endfacet
 facet normal -0.876197 0.48171 0.0152869
  outer loop
  vertex -2.5597 1.72984 10
  vertex -2.41492 1.75454 17.52
  vertex -2.50867 1.82266 10
  endloop
 endfacet
 facet normal -0.876209 0.481689 0.0152873
  outer loop
  vertex -2.41492 1.75454 17.52
  vertex -2.5597 1.72984 10
  vertex -2.77538 1.09885 17.52
  endloop
 endfacet
 facet normal 0.425768 0.904703 0.0152911
  outer loop
  vertex 1.40149 2.72726 10.7858
  vertex 0.922415 2.8389 17.52
  vertex 1.49791 2.68177 10.7925
  endloop
 endfacet
 facet normal 0.425719 0.904726 0.0152873
  outer loop
  vertex 1.22879 2.80957 10.7239
  vertex 0.922415 2.8389 17.52
  vertex 1.40149 2.72726 10.7858
  endloop
 endfacet
 facet normal 0.425751 0.904711 0.0152888
  outer loop
  vertex 1.07587 2.88335 10.6164
  vertex 0.922415 2.8389 17.52
  vertex 1.22879 2.80957 10.7239
  endloop
 endfacet
 facet normal 0.42573 0.904721 0.0152884
  outer loop
  vertex 0.922415 2.8389 17.52
  vertex 1.07587 2.88335 10.6164
  vertex 0.955967 2.94217 10.4745
  endloop
 endfacet
 facet normal -0.535764 0.844229 0.0152873
  outer loop
  vertex -1.32029 2.80577 10
  vertex -1.88715 2.44603 10
  vertex -1.27095 2.70091 17.52
  endloop
 endfacet
 facet normal -0.728881 0.68447 0.015288
  outer loop
  vertex -1.97658 2.38928 10
  vertex -2.43617 1.89987 10
  vertex -1.90271 2.29998 17.52
  endloop
 endfacet
 facet normal -0.728907 -0.684442 0.0152871
  outer loop
  vertex -2.43617 -1.89987 10
  vertex -2.41492 -1.75454 17.52
  vertex -2.50867 -1.82266 10
  endloop
 endfacet
 facet normal -0.72888 -0.684471 0.0152879
  outer loop
  vertex -2.41492 -1.75454 17.52
  vertex -2.43617 -1.89987 10
  vertex -1.90271 -2.29998 17.52
  endloop
 endfacet
 facet normal 0.808956 -0.58767 0.0152871
  outer loop
  vertex 2.61578 -1.43803 17.52
  vertex 2.65508 -1.57955 10
  vertex 2.71733 -1.49386 10
  endloop
 endfacet
 facet normal 0.808917 -0.587724 0.0152876
  outer loop
  vertex 2.65508 -1.57955 10
  vertex 2.61578 -1.43803 17.52
  vertex 2.17597 -2.04337 17.52
  endloop
 endfacet
 facet normal 0.425726 -0.904723 0.0152873
  outer loop
  vertex 1.49744 -2.6819 10.798
  vertex 1.59944 -2.52032 17.52
  vertex 0.922415 -2.8389 17.52
  endloop
 endfacet
 facet normal 0.425552 -0.904805 0.0152919
  outer loop
  vertex 1.51125 -2.67542 10.7971
  vertex 1.59944 -2.52032 17.52
  vertex 1.49744 -2.6819 10.798
  endloop
 endfacet
 facet normal 0.425712 -0.904729 0.0152881
  outer loop
  vertex 1.59944 -2.52032 17.52
  vertex 1.51125 -2.67542 10.7971
  vertex 1.65504 -2.60793 10.7871
  endloop
 endfacet
 facet normal 0.63737 -0.770406 0.0152865
  outer loop
  vertex 1.82064 -2.47219 10.7239
  vertex 2.17597 -2.04337 17.52
  vertex 1.78565 -2.50085 10.7384
  endloop
 endfacet
 facet normal 0.637383 -0.770396 0.0152852
  outer loop
  vertex 1.95378 -2.36417 10.6164
  vertex 2.17597 -2.04337 17.52
  vertex 1.82064 -2.47219 10.7239
  endloop
 endfacet
 facet normal 0.637327 -0.770442 0.0152891
  outer loop
  vertex 2.0509 -2.28643 10.4854
  vertex 2.17597 -2.04337 17.52
  vertex 1.95378 -2.36417 10.6164
  endloop
 endfacet
 facet normal 0.637411 -0.770372 0.0152852
  outer loop
  vertex 2.06219 -2.27739 10.4702
  vertex 2.17597 -2.04337 17.52
  vertex 2.0509 -2.28643 10.4854
  endloop
 endfacet
 facet normal 0.63738 -0.770398 0.0152861
  outer loop
  vertex 2.13108 -2.22352 10.3127
  vertex 2.17597 -2.04337 17.52
  vertex 2.06219 -2.27739 10.4702
  endloop
 endfacet
 facet normal 0.636659 -0.770994 0.015306
  outer loop
  vertex 2.13905 -2.2173 10.2945
  vertex 2.17597 -2.04337 17.52
  vertex 2.13108 -2.22352 10.3127
  endloop
 endfacet
 facet normal 0.637172 -0.770573 0.0151323
  outer loop
  vertex 2.26045 -2.1227 10
  vertex 2.13905 -2.2173 10.2945
  vertex 2.14324 -2.21423 10.2744
  endloop
 endfacet
 facet normal 0.637294 -0.770471 0.0152182
  outer loop
  vertex 2.26045 -2.1227 10
  vertex 2.14324 -2.21423 10.2744
  vertex 2.17952 -2.18766 10.1003
  endloop
 endfacet
 facet normal 0.637373 -0.770403 0.0153261
  outer loop
  vertex 2.26045 -2.1227 10
  vertex 2.17952 -2.18766 10.1003
  vertex 2.1803 -2.18901 10
  endloop
 endfacet
 facet normal 0.6374 -0.770382 0.0152875
  outer loop
  vertex 2.13905 -2.2173 10.2945
  vertex 2.26045 -2.1227 10
  vertex 2.17597 -2.04337 17.52
  endloop
 endfacet
 facet normal 0.637371 0.770406 0.0152857
  outer loop
  vertex 2.17597 2.04337 17.52
  vertex 1.88981 2.41592 10.6755
  vertex 1.78562 2.50088 10.7379
  endloop
 endfacet
 facet normal 0.637308 0.770458 0.0152914
  outer loop
  vertex 2.17597 2.04337 17.52
  vertex 1.90261 2.4056 10.662
  vertex 1.88981 2.41592 10.6755
  endloop
 endfacet
 facet normal 0.637338 0.770433 0.0152889
  outer loop
  vertex 2.17597 2.04337 17.52
  vertex 2.01155 2.31775 10.5476
  vertex 1.90261 2.4056 10.662
  endloop
 endfacet
 facet normal 0.637371 0.770405 0.0152864
  outer loop
  vertex 2.17597 2.04337 17.52
  vertex 2.10491 2.24373 10.3854
  vertex 2.01155 2.31775 10.5476
  endloop
 endfacet
 facet normal 0.63736 0.770414 0.0152874
  outer loop
  vertex 2.26045 2.1227 10
  vertex 2.10491 2.24373 10.3854
  vertex 2.17597 2.04337 17.52
  endloop
 endfacet
 facet normal 0.637575 0.770234 0.0154303
  outer loop
  vertex 2.10491 2.24373 10.3854
  vertex 2.26045 2.1227 10
  vertex 2.16405 2.19851 10.199
  endloop
 endfacet
 facet normal 0.636992 0.770725 0.0149612
  outer loop
  vertex 2.16405 2.19851 10.199
  vertex 2.26045 2.1227 10
  vertex 2.16624 2.1971 10.1784
  endloop
 endfacet
 facet normal 0.637365 0.770411 0.0152896
  outer loop
  vertex 2.16624 2.1971 10.1784
  vertex 2.26045 2.1227 10
  vertex 2.18523 2.18493 10
  endloop
 endfacet
 facet normal -0.308989 -0.950943 0.0152874
  outer loop
  vertex -1.21956 -2.8385 10
  vertex -1.27095 -2.70091 17.52
  vertex -1.32029 -2.80577 10
  endloop
 endfacet
 facet normal -0.308987 -0.950943 0.0152874
  outer loop
  vertex -1.27095 -2.70091 17.52
  vertex -1.21956 -2.8385 10
  vertex -0.559333 -2.93213 17.52
  endloop
 endfacet
 facet normal -0.535765 0.844229 0.0152874
  outer loop
  vertex -1.88715 2.44603 10
  vertex -1.90271 2.29998 17.52
  vertex -1.27095 2.70091 17.52
  endloop
 endfacet
 facet normal -0.535736 0.844247 0.0152881
  outer loop
  vertex -1.90271 2.29998 17.52
  vertex -1.88715 2.44603 10
  vertex -1.97658 2.38928 10
  endloop
 endfacet
 facet normal -0.0627786 -0.99791 0.0152866
  outer loop
  vertex -0.475342 -3.05261 10
  vertex -0.559333 -2.93213 17.52
  vertex -0.581048 -3.04596 10
  endloop
 endfacet
 facet normal -0.0627791 -0.99791 0.0152866
  outer loop
  vertex -0.559333 -2.93213 17.52
  vertex -0.475342 -3.05261 10
  vertex 0.187429 -2.97911 17.52
  endloop
 endfacet
 facet normal 0.187345 0.982175 0.0153231
  outer loop
  vertex 0.194706 3.09477 10
  vertex 0.834371 2.96927 10.2235
  vertex 0.802455 2.97728 10.1003
  endloop
 endfacet
 facet normal 0.187361 0.982173 0.0152262
  outer loop
  vertex 0.194706 3.09477 10
  vertex 0.802455 2.97728 10.1003
  vertex 0.803267 2.97868 10
  endloop
 endfacet
 facet normal 0.187357 0.982173 0.0152874
  outer loop
  vertex 0.834371 2.96927 10.2235
  vertex 0.194706 3.09477 10
  vertex 0.187429 2.97911 17.52
  endloop
 endfacet
 facet normal -0.0627863 -0.99791 0.0152871
  outer loop
  vertex 0.187429 -2.97911 17.52
  vertex -0.475342 -3.05261 10
  vertex 0.194706 -3.09477 10
  endloop
 endfacet
 facet normal 0.637352 -0.770421 0.0152881
  outer loop
  vertex 1.65504 -2.60793 10.7871
  vertex 2.17597 -2.04337 17.52
  vertex 1.59944 -2.52032 17.52
  endloop
 endfacet
 facet normal 0.637439 -0.77035 0.0152753
  outer loop
  vertex 1.67112 -2.59465 10.7858
  vertex 2.17597 -2.04337 17.52
  vertex 1.65504 -2.60793 10.7871
  endloop
 endfacet
 facet normal 0.637241 -0.770512 0.0153035
  outer loop
  vertex 1.68707 -2.58159 10.7792
  vertex 2.17597 -2.04337 17.52
  vertex 1.67112 -2.59465 10.7858
  endloop
 endfacet
 facet normal 0.637337 -0.770434 0.0152903
  outer loop
  vertex 2.17597 -2.04337 17.52
  vertex 1.68707 -2.58159 10.7792
  vertex 1.78565 -2.50085 10.7384
  endloop
 endfacet
 facet normal 0.425651 0.904758 0.0152887
  outer loop
  vertex 1.56376 2.65071 10.7971
  vertex 1.59944 2.52032 17.52
  vertex 1.58312 2.64158 10.7984
  endloop
 endfacet
 facet normal 0.425711 0.90473 0.015288
  outer loop
  vertex 1.58312 2.64158 10.7984
  vertex 1.59944 2.52032 17.52
  vertex 1.65507 2.60798 10.7833
  endloop
 endfacet
 facet normal 0.42568 0.904745 0.0152883
  outer loop
  vertex 1.49791 2.68177 10.7925
  vertex 1.59944 2.52032 17.52
  vertex 1.56376 2.65071 10.7971
  endloop
 endfacet
 facet normal 0.425727 0.904722 0.0152875
  outer loop
  vertex 1.59944 2.52032 17.52
  vertex 1.49791 2.68177 10.7925
  vertex 0.922415 2.8389 17.52
  endloop
 endfacet
 facet normal -0.968467 -0.248674 0.015256
  outer loop
  vertex -2.97244 -0.793692 10
  vertex -2.90947 -1.03893 10
  vertex -2.97086 -0.793692 10.1003
  endloop
 endfacet
 facet normal -0.968468 -0.248667 0.0152872
  outer loop
  vertex -3.03556 -0.509938 10.6164
  vertex -2.96146 -0.374119 17.52
  vertex -3.06582 -0.387303 10.6942
  endloop
 endfacet
 facet normal -0.968485 -0.248603 0.0152862
  outer loop
  vertex -3.00263 -0.647213 10.4702
  vertex -2.96146 -0.374119 17.52
  vertex -3.03556 -0.509938 10.6164
  endloop
 endfacet
 facet normal -0.968482 -0.248616 0.0152354
  outer loop
  vertex -2.90947 -1.03893 10
  vertex -3.00263 -0.647213 10.4702
  vertex -2.98287 -0.733839 10.3127
  endloop
 endfacet
 facet normal -0.968285 -0.249335 0.0159827
  outer loop
  vertex -2.90947 -1.03893 10
  vertex -2.98287 -0.733839 10.3127
  vertex -2.9806 -0.743821 10.2945
  endloop
 endfacet
 facet normal -0.96853 -0.248443 0.0150295
  outer loop
  vertex -2.90947 -1.03893 10
  vertex -2.9806 -0.743821 10.2945
  vertex -2.97959 -0.748969 10.2745
  endloop
 endfacet
 facet normal -0.968461 -0.248696 0.0153148
  outer loop
  vertex -2.90947 -1.03893 10
  vertex -2.97959 -0.748969 10.2745
  vertex -2.97086 -0.793692 10.1003
  endloop
 endfacet
 facet normal -0.968466 -0.248677 0.0152889
  outer loop
  vertex -3.00263 -0.647213 10.4702
  vertex -2.90947 -1.03893 10
  vertex -2.96146 -0.374119 17.52
  endloop
 endfacet
 facet normal 0.425735 -0.904719 0.0152882
  outer loop
  vertex 0.922415 -2.8389 17.52
  vertex 1.31332 -2.76917 10.7608
  vertex 1.4919 -2.6845 10.7984
  endloop
 endfacet
 facet normal 0.425725 -0.904723 0.0152875
  outer loop
  vertex 0.922415 -2.8389 17.52
  vertex 1.14922 -2.84783 10.6755
  vertex 1.31332 -2.76917 10.7608
  endloop
 endfacet
 facet normal 0.425661 -0.904754 0.0152855
  outer loop
  vertex 0.922415 -2.8389 17.52
  vertex 1.13455 -2.85496 10.662
  vertex 1.14922 -2.84783 10.6755
  endloop
 endfacet
 facet normal 0.425736 -0.904718 0.0152879
  outer loop
  vertex 0.922415 -2.8389 17.52
  vertex 1.0099 -2.91555 10.5476
  vertex 1.13455 -2.85496 10.662
  endloop
 endfacet
 facet normal 0.425825 -0.904676 0.0152884
  outer loop
  vertex 1.0099 -2.91555 10.5476
  vertex 0.922415 -2.8389 17.52
  vertex 0.956013 -2.94231 10.465
  endloop
 endfacet
 facet normal 0.4257 -0.904735 0.0152847
  outer loop
  vertex 0.922415 -2.8389 17.52
  vertex 1.4919 -2.6845 10.7984
  vertex 1.49744 -2.6819 10.798
  endloop
 endfacet
 facet normal -0.999883 5.45683e-05 0.0152874
  outer loop
  vertex -3.06481 0.247213 10.7608
  vertex -2.96146 0.374119 17.52
  vertex -3.06581 0.387302 10.6949
  endloop
 endfacet
 facet normal -0.999883 -2.61257e-05 0.015289
  outer loop
  vertex -3.06423 0.0502319 10.7984
  vertex -2.96146 0.374119 17.52
  vertex -3.06481 0.247213 10.7608
  endloop
 endfacet
 facet normal -0.999883 -1.31059e-05 0.0152869
  outer loop
  vertex -2.96146 -0.374119 17.52
  vertex -3.06423 0.0502319 10.7984
  vertex -3.06442 -0.149904 10.7858
  endloop
 endfacet
 facet normal -0.999883 1.91892e-05 0.015288
  outer loop
  vertex -2.96146 -0.374119 17.52
  vertex -3.06442 -0.149904 10.7858
  vertex -3.06537 -0.340623 10.7239
  endloop
 endfacet
 facet normal -0.999883 0 0.0152877
  outer loop
  vertex -3.06423 0.0502319 10.7984
  vertex -2.96146 -0.374119 17.52
  vertex -2.96146 0.374119 17.52
  endloop
 endfacet
 facet normal -0.999883 -8.98918e-05 0.0152874
  outer loop
  vertex -2.96146 -0.374119 17.52
  vertex -3.06537 -0.340623 10.7239
  vertex -3.06582 -0.387303 10.6942
  endloop
 endfacet
 facet normal -0.968469 -0.248664 0.0152875
  outer loop
  vertex -2.90947 -1.03893 10
  vertex -2.77538 -1.09885 17.52
  vertex -2.96146 -0.374119 17.52
  endloop
 endfacet
 facet normal -0.968466 -0.248678 0.0152879
  outer loop
  vertex -2.77538 -1.09885 17.52
  vertex -2.90947 -1.03893 10
  vertex -2.88313 -1.14151 10
  endloop
 endfacet
 facet normal -0.308977 -0.950947 0.0152869
  outer loop
  vertex -0.559333 -2.93213 17.52
  vertex -1.21956 -2.8385 10
  vertex -0.581048 -3.04596 10
  endloop
 endfacet
 facet normal -0.968467 0.248671 0.0152978
  outer loop
  vertex -2.97413 0.774866 10.199
  vertex -2.90947 1.03893 10
  vertex -2.97082 0.799999 10
  endloop
 endfacet
 facet normal -0.968467 0.248672 0.015299
  outer loop
  vertex -2.99014 0.701045 10.3854
  vertex -2.90947 1.03893 10
  vertex -2.97413 0.774866 10.199
  endloop
 endfacet
 facet normal -0.968538 0.24841 0.0150554
  outer loop
  vertex -3.01785 0.583175 10.5476
  vertex -2.90947 1.03893 10
  vertex -2.99014 0.701045 10.3854
  endloop
 endfacet
 facet normal -0.968467 0.248673 0.0152917
  outer loop
  vertex -3.01785 0.583175 10.5476
  vertex -2.96146 0.374119 17.52
  vertex -2.90947 1.03893 10
  endloop
 endfacet
 facet normal -0.968475 0.248641 0.0152877
  outer loop
  vertex -3.0555 0.428661 10.6755
  vertex -2.96146 0.374119 17.52
  vertex -3.01785 0.583175 10.5476
  endloop
 endfacet
 facet normal -0.968487 0.248594 0.0152875
  outer loop
  vertex -2.96146 0.374119 17.52
  vertex -3.0555 0.428661 10.6755
  vertex -3.06581 0.387302 10.6949
  endloop
 endfacet
 facet normal -0.876209 -0.481689 0.0152873
  outer loop
  vertex -2.77538 -1.09885 17.52
  vertex -2.88313 -1.14151 10
  vertex -2.5597 -1.72984 10
  endloop
 endfacet
 facet normal 0.187362 0.982172 0.0152881
  outer loop
  vertex 0.955967 2.94217 10.4745
  vertex 0.187429 2.97911 17.52
  vertex 0.922415 2.8389 17.52
  endloop
 endfacet
 facet normal 0.185716 0.982487 0.015107
  outer loop
  vertex 0.951819 2.94302 10.4702
  vertex 0.187429 2.97911 17.52
  vertex 0.955967 2.94217 10.4745
  endloop
 endfacet
 facet normal 0.187386 0.982167 0.0152898
  outer loop
  vertex 0.86304 2.96241 10.3127
  vertex 0.187429 2.97911 17.52
  vertex 0.951819 2.94302 10.4702
  endloop
 endfacet
 facet normal 0.187747 0.982098 0.0153238
  outer loop
  vertex 0.852756 2.96466 10.2945
  vertex 0.187429 2.97911 17.52
  vertex 0.86304 2.96241 10.3127
  endloop
 endfacet
 facet normal 0.187683 0.98211 0.0153178
  outer loop
  vertex 0.847541 2.96597 10.2744
  vertex 0.187429 2.97911 17.52
  vertex 0.852756 2.96466 10.2945
  endloop
 endfacet
 facet normal 0.187113 0.98222 0.0152657
  outer loop
  vertex 0.187429 2.97911 17.52
  vertex 0.847541 2.96597 10.2744
  vertex 0.834371 2.96927 10.2235
  endloop
 endfacet
 facet normal -0.876209 -0.481689 0.0152873
  outer loop
  vertex -2.5597 -1.72984 10
  vertex -2.41492 -1.75454 17.52
  vertex -2.77538 -1.09885 17.52
  endloop
 endfacet
 facet normal -0.876197 -0.48171 0.0152869
  outer loop
  vertex -2.41492 -1.75454 17.52
  vertex -2.5597 -1.72984 10
  vertex -2.50867 -1.82266 10
  endloop
 endfacet
 facet normal -0.728907 0.684442 0.0152871
  outer loop
  vertex -2.41492 1.75454 17.52
  vertex -2.43617 1.89987 10
  vertex -2.50867 1.82266 10
  endloop
 endfacet
 facet normal -0.72888 0.684471 0.0152879
  outer loop
  vertex -2.43617 1.89987 10
  vertex -2.41492 1.75454 17.52
  vertex -1.90271 2.29998 17.52
  endloop
 endfacet
 facet normal 0.929676 0.368084 0.0147223
  outer loop
  vertex 2.61578 1.43803 17.52
  vertex 2.50185 1.37541 26.28
  vertex 2.7653 0.71001 26.28
  endloop
 endfacet
 facet normal 0.992006 0.125326 0.0147215
  outer loop
  vertex 2.985 0 17.52
  vertex 2.7653 0.71001 26.28
  vertex 2.855 0 26.28
  endloop
 endfacet
 facet normal 0.992007 0.125324 0.0147217
  outer loop
  vertex 2.89122 0.742339 17.52
  vertex 2.7653 0.71001 26.28
  vertex 2.985 0 17.52
  endloop
 endfacet
 facet normal 0.637357 0.770428 0.0147208
  outer loop
  vertex 1.59944 2.52032 17.52
  vertex 1.52979 2.41056 26.28
  vertex 2.17597 2.04337 17.52
  endloop
 endfacet
 facet normal -0.876217 -0.481693 0.0147217
  outer loop
  vertex -2.65451 -1.05099 26.28
  vertex -2.77538 -1.09885 17.52
  vertex -2.41492 -1.75454 17.52
  endloop
 endfacet
 facet normal -0.53577 0.844236 0.0147217
  outer loop
  vertex -1.27095 2.70091 17.52
  vertex -1.81985 2.19981 26.28
  vertex -1.2156 2.58328 26.28
  endloop
 endfacet
 facet normal 0.929676 -0.368084 0.0147223
  outer loop
  vertex 2.7653 -0.71001 26.28
  vertex 2.50185 -1.37541 26.28
  vertex 2.61578 -1.43803 17.52
  endloop
 endfacet
 facet normal -0.728884 -0.684479 0.0147214
  outer loop
  vertex -1.81985 -2.19981 26.28
  vertex -2.41492 -1.75454 17.52
  vertex -1.90271 -2.29998 17.52
  endloop
 endfacet
 facet normal -0.968476 -0.24867 0.014721
  outer loop
  vertex -2.83249 -0.357826 26.28
  vertex -2.96146 -0.374119 17.52
  vertex -2.65451 -1.05099 26.28
  endloop
 endfacet
 facet normal 0.63736 -0.770426 0.0147211
  outer loop
  vertex 2.08121 -1.95438 26.28
  vertex 1.52979 -2.41056 26.28
  vertex 2.17597 -2.04337 17.52
  endloop
 endfacet
 facet normal 0.637359 -0.770427 0.014721
  outer loop
  vertex 2.17597 -2.04337 17.52
  vertex 1.52979 -2.41056 26.28
  vertex 1.59944 -2.52032 17.52
  endloop
 endfacet
 facet normal 0.929676 0.368083 0.0147222
  outer loop
  vertex 2.89122 0.742339 17.52
  vertex 2.61578 1.43803 17.52
  vertex 2.7653 0.71001 26.28
  endloop
 endfacet
 facet normal -0.53577 -0.844236 0.0147217
  outer loop
  vertex -1.2156 -2.58328 26.28
  vertex -1.81985 -2.19981 26.28
  vertex -1.27095 -2.70091 17.52
  endloop
 endfacet
 facet normal 0.808926 -0.587726 0.014721
  outer loop
  vertex 2.61578 -1.43803 17.52
  vertex 2.08121 -1.95438 26.28
  vertex 2.17597 -2.04337 17.52
  endloop
 endfacet
 facet normal 0.637358 0.770427 0.0147209
  outer loop
  vertex 2.17597 2.04337 17.52
  vertex 1.52979 2.41056 26.28
  vertex 2.08121 1.95438 26.28
  endloop
 endfacet
 facet normal 0.187366 -0.98218 0.0147208
  outer loop
  vertex 0.882243 -2.71527 26.28
  vertex 0.187429 -2.97911 17.52
  vertex 0.922415 -2.8389 17.52
  endloop
 endfacet
 facet normal -0.968477 -0.248668 0.0147212
  outer loop
  vertex -2.65451 -1.05099 26.28
  vertex -2.96146 -0.374119 17.52
  vertex -2.77538 -1.09885 17.52
  endloop
 endfacet
 facet normal -0.968478 0.248664 0.0147216
  outer loop
  vertex -2.77538 1.09885 17.52
  vertex -2.96146 0.374119 17.52
  vertex -2.65451 1.05099 26.28
  endloop
 endfacet
 facet normal -0.308986 0.950953 0.0147219
  outer loop
  vertex -0.559333 2.93213 17.52
  vertex -1.27095 2.70091 17.52
  vertex -0.534973 2.80443 26.28
  endloop
 endfacet
 facet normal 0.42573 -0.90473 0.0147208
  outer loop
  vertex 1.52979 -2.41056 26.28
  vertex 0.882243 -2.71527 26.28
  vertex 0.922415 -2.8389 17.52
  endloop
 endfacet
 facet normal 0.808934 -0.587716 0.014722
  outer loop
  vertex 2.50185 -1.37541 26.28
  vertex 2.08121 -1.95438 26.28
  vertex 2.61578 -1.43803 17.52
  endloop
 endfacet
 facet normal 0.929676 -0.368083 0.0147222
  outer loop
  vertex 2.7653 -0.71001 26.28
  vertex 2.61578 -1.43803 17.52
  vertex 2.89122 -0.742339 17.52
  endloop
 endfacet
 facet normal 0.992006 -0.125326 0.0147215
  outer loop
  vertex 2.855 0 26.28
  vertex 2.7653 -0.71001 26.28
  vertex 2.985 0 17.52
  endloop
 endfacet
 facet normal -0.728886 -0.684477 0.0147216
  outer loop
  vertex -1.81985 -2.19981 26.28
  vertex -2.30974 -1.67813 26.28
  vertex -2.41492 -1.75454 17.52
  endloop
 endfacet
 facet normal -0.728888 -0.684475 0.0147218
  outer loop
  vertex -2.30974 -1.67813 26.28
  vertex -1.81985 -2.19981 26.28
  vertex -2.20457 -1.60171 35.04
  endloop
 endfacet
 facet normal -0.0627806 0.997919 0.0147219
  outer loop
  vertex 0.187429 2.97911 17.52
  vertex -0.559333 2.93213 17.52
  vertex -0.534973 2.80443 26.28
  endloop
 endfacet
 facet normal -0.535771 -0.844235 0.0147217
  outer loop
  vertex -1.81985 -2.19981 26.28
  vertex -1.90271 -2.29998 17.52
  vertex -1.27095 -2.70091 17.52
  endloop
 endfacet
 facet normal -0.535771 0.844235 0.0147217
  outer loop
  vertex -1.27095 2.70091 17.52
  vertex -1.90271 2.29998 17.52
  vertex -1.81985 2.19981 26.28
  endloop
 endfacet
 facet normal -0.0627806 -0.997919 0.0147219
  outer loop
  vertex -0.534973 -2.80443 26.28
  vertex -0.559333 -2.93213 17.52
  vertex 0.187429 -2.97911 17.52
  endloop
 endfacet
 facet normal -0.876216 -0.481694 0.0147219
  outer loop
  vertex -2.30974 -1.67813 26.28
  vertex -2.65451 -1.05099 26.28
  vertex -2.41492 -1.75454 17.52
  endloop
 endfacet
 facet normal 0.808926 0.587726 0.014721
  outer loop
  vertex 2.17597 2.04337 17.52
  vertex 2.08121 1.95438 26.28
  vertex 2.61578 1.43803 17.52
  endloop
 endfacet
 facet normal 0.187366 0.98218 0.0147208
  outer loop
  vertex 0.922415 2.8389 17.52
  vertex 0.187429 2.97911 17.52
  vertex 0.882243 2.71527 26.28
  endloop
 endfacet
 facet normal 0.42573 -0.90473 0.0147208
  outer loop
  vertex 1.52979 -2.41056 26.28
  vertex 0.922415 -2.8389 17.52
  vertex 1.59944 -2.52032 17.52
  endloop
 endfacet
 facet normal 0.992007 -0.125324 0.0147217
  outer loop
  vertex 2.985 0 17.52
  vertex 2.7653 -0.71001 26.28
  vertex 2.89122 -0.742339 17.52
  endloop
 endfacet
 facet normal 0.42573 0.90473 0.0147208
  outer loop
  vertex 0.922415 2.8389 17.52
  vertex 0.882243 2.71527 26.28
  vertex 1.52979 2.41056 26.28
  endloop
 endfacet
 facet normal 0.187364 0.98218 0.0147209
  outer loop
  vertex 0.187429 2.97911 17.52
  vertex 0.179267 2.84937 26.28
  vertex 0.882243 2.71527 26.28
  endloop
 endfacet
 facet normal 0.187364 -0.98218 0.0147209
  outer loop
  vertex 0.882243 -2.71527 26.28
  vertex 0.179267 -2.84937 26.28
  vertex 0.187429 -2.97911 17.52
  endloop
 endfacet
 facet normal -0.72889 0.684473 0.0147221
  outer loop
  vertex -2.30974 1.67813 26.28
  vertex -1.81985 2.19981 26.28
  vertex -2.41492 1.75454 17.52
  endloop
 endfacet
 facet normal -0.72889 0.684473 0.014722
  outer loop
  vertex -1.81985 2.19981 26.28
  vertex -2.30974 1.67813 26.28
  vertex -2.20457 1.60171 35.04
  endloop
 endfacet
 facet normal -0.0627834 -0.997919 0.0147216
  outer loop
  vertex 0.179267 -2.84937 26.28
  vertex -0.534973 -2.80443 26.28
  vertex 0.187429 -2.97911 17.52
  endloop
 endfacet
 facet normal -0.308986 -0.950953 0.0147219
  outer loop
  vertex -0.534973 -2.80443 26.28
  vertex -1.27095 -2.70091 17.52
  vertex -0.559333 -2.93213 17.52
  endloop
 endfacet
 facet normal 0.808934 0.587716 0.014722
  outer loop
  vertex 2.61578 1.43803 17.52
  vertex 2.08121 1.95438 26.28
  vertex 2.50185 1.37541 26.28
  endloop
 endfacet
 facet normal -0.999892 0 0.014721
  outer loop
  vertex -2.83249 -0.357826 26.28
  vertex -2.83249 0.357826 26.28
  vertex -2.96146 0.374119 17.52
  endloop
 endfacet
 facet normal -0.999892 0 0.0147214
  outer loop
  vertex -2.83249 0.357826 26.28
  vertex -2.83249 -0.357826 26.28
  vertex -2.70351 0.341533 35.04
  endloop
 endfacet
 facet normal -0.999892 0 0.0147218
  outer loop
  vertex -2.70351 0.341533 35.04
  vertex -2.83249 -0.357826 26.28
  vertex -2.70351 -0.341533 35.04
  endloop
 endfacet
 facet normal -0.999892 0 0.014721
  outer loop
  vertex -2.83249 -0.357826 26.28
  vertex -2.96146 0.374119 17.52
  vertex -2.96146 -0.374119 17.52
  endloop
 endfacet
 facet normal -0.0627834 0.997919 0.0147216
  outer loop
  vertex 0.187429 2.97911 17.52
  vertex -0.534973 2.80443 26.28
  vertex 0.179267 2.84937 26.28
  endloop
 endfacet
 facet normal -0.968477 0.248666 0.0147214
  outer loop
  vertex -2.65451 1.05099 26.28
  vertex -2.96146 0.374119 17.52
  vertex -2.83249 0.357826 26.28
  endloop
 endfacet
 facet normal -0.308985 -0.950953 0.0147218
  outer loop
  vertex -1.2156 -2.58328 26.28
  vertex -1.27095 -2.70091 17.52
  vertex -0.534973 -2.80443 26.28
  endloop
 endfacet
 facet normal -0.728888 0.684475 0.0147218
  outer loop
  vertex -1.90271 2.29998 17.52
  vertex -2.41492 1.75454 17.52
  vertex -1.81985 2.19981 26.28
  endloop
 endfacet
 facet normal -0.876217 0.481693 0.0147217
  outer loop
  vertex -2.41492 1.75454 17.52
  vertex -2.77538 1.09885 17.52
  vertex -2.65451 1.05099 26.28
  endloop
 endfacet
 facet normal -0.308985 0.950953 0.0147218
  outer loop
  vertex -0.534973 2.80443 26.28
  vertex -1.27095 2.70091 17.52
  vertex -1.2156 2.58328 26.28
  endloop
 endfacet
 facet normal -0.876216 0.481694 0.0147219
  outer loop
  vertex -2.41492 1.75454 17.52
  vertex -2.65451 1.05099 26.28
  vertex -2.30974 1.67813 26.28
  endloop
 endfacet
 facet normal 0.42573 0.90473 0.0147208
  outer loop
  vertex 1.59944 2.52032 17.52
  vertex 0.922415 2.8389 17.52
  vertex 1.52979 2.41056 26.28
  endloop
 endfacet
 facet normal 0.929676 -0.368084 0.0147218
  outer loop
  vertex 2.7653 -0.71001 26.28
  vertex 2.38794 -1.31278 35.04
  vertex 2.50185 -1.37541 26.28
  endloop
 endfacet
 facet normal 0.992006 -0.125326 0.0147213
  outer loop
  vertex 2.855 0 26.28
  vertex 2.63939 -0.677679 35.04
  vertex 2.7653 -0.71001 26.28
  endloop
 endfacet
 facet normal -0.0627862 -0.997918 0.0147218
  outer loop
  vertex 0.171103 -2.71962 35.04
  vertex -0.534973 -2.80443 26.28
  vertex 0.179267 -2.84937 26.28
  endloop
 endfacet
 facet normal 0.992007 0.125321 0.0147216
  outer loop
  vertex 2.855 0 26.28
  vertex 2.63939 0.677679 35.04
  vertex 2.725 0 35.04
  endloop
 endfacet
 facet normal 0.992007 0.125324 0.0147216
  outer loop
  vertex 2.7653 0.71001 26.28
  vertex 2.63939 0.677679 35.04
  vertex 2.855 0 26.28
  endloop
 endfacet
 facet normal 0.637359 0.770427 0.0147214
  outer loop
  vertex 1.52979 2.41056 26.28
  vertex 1.46013 2.30079 35.04
  vertex 2.08121 1.95438 26.28
  endloop
 endfacet
 facet normal 0.929677 -0.368083 0.0147213
  outer loop
  vertex 2.63939 -0.677679 35.04
  vertex 2.38794 -1.31278 35.04
  vertex 2.7653 -0.71001 26.28
  endloop
 endfacet
 facet normal 0.992007 -0.125324 0.0147214
  outer loop
  vertex 2.725 0 35.04
  vertex 2.63939 -0.677679 35.04
  vertex 2.855 0 26.28
  endloop
 endfacet
 facet normal -0.728891 0.684471 0.0147218
  outer loop
  vertex -1.81985 2.19981 26.28
  vertex -2.20457 1.60171 35.04
  vertex -1.73698 2.09965 35.04
  endloop
 endfacet
 facet normal 0.808926 -0.587726 0.0147216
  outer loop
  vertex 2.38794 -1.31278 35.04
  vertex 1.98644 -1.86539 35.04
  vertex 2.08121 -1.95438 26.28
  endloop
 endfacet
 facet normal -0.968476 -0.24867 0.0147211
  outer loop
  vertex -2.53364 -1.00314 35.04
  vertex -2.83249 -0.357826 26.28
  vertex -2.65451 -1.05099 26.28
  endloop
 endfacet
 facet normal 0.187355 -0.982182 0.0147219
  outer loop
  vertex 0.842071 -2.59163 35.04
  vertex 0.171103 -2.71962 35.04
  vertex 0.882243 -2.71527 26.28
  endloop
 endfacet
 facet normal -0.535767 -0.844238 0.0147214
  outer loop
  vertex -1.73698 -2.09965 35.04
  vertex -1.81985 -2.19981 26.28
  vertex -1.16025 -2.46565 35.04
  endloop
 endfacet
 facet normal -0.0627845 -0.997919 0.014722
  outer loop
  vertex -0.510613 -2.67673 35.04
  vertex -0.534973 -2.80443 26.28
  vertex 0.171103 -2.71962 35.04
  endloop
 endfacet
 facet normal 0.187361 -0.982181 0.0147213
  outer loop
  vertex 0.882243 -2.71527 26.28
  vertex 0.171103 -2.71962 35.04
  vertex 0.179267 -2.84937 26.28
  endloop
 endfacet
 facet normal -0.876215 -0.481696 0.0147217
  outer loop
  vertex -2.53364 -1.00314 35.04
  vertex -2.65451 -1.05099 26.28
  vertex -2.30974 -1.67813 26.28
  endloop
 endfacet
 facet normal 0.42573 -0.90473 0.0147213
  outer loop
  vertex 1.46013 -2.30079 35.04
  vertex 0.882243 -2.71527 26.28
  vertex 1.52979 -2.41056 26.28
  endloop
 endfacet
 facet normal 0.929677 0.368081 0.0147215
  outer loop
  vertex 2.7653 0.71001 26.28
  vertex 2.38794 1.31278 35.04
  vertex 2.63939 0.677679 35.04
  endloop
 endfacet
 facet normal 0.637358 0.770427 0.0147217
  outer loop
  vertex 2.08121 1.95438 26.28
  vertex 1.46013 2.30079 35.04
  vertex 1.98644 1.86539 35.04
  endloop
 endfacet
 facet normal -0.0627862 0.997918 0.0147218
  outer loop
  vertex 0.179267 2.84937 26.28
  vertex -0.534973 2.80443 26.28
  vertex 0.171103 2.71962 35.04
  endloop
 endfacet
 facet normal -0.308984 0.950953 0.0147219
  outer loop
  vertex -0.534973 2.80443 26.28
  vertex -1.16025 2.46565 35.04
  vertex -0.510613 2.67673 35.04
  endloop
 endfacet
 facet normal -0.535767 0.844238 0.0147214
  outer loop
  vertex -1.16025 2.46565 35.04
  vertex -1.81985 2.19981 26.28
  vertex -1.73698 2.09965 35.04
  endloop
 endfacet
 facet normal 0.425733 -0.904729 0.0147217
  outer loop
  vertex 1.46013 -2.30079 35.04
  vertex 0.842071 -2.59163 35.04
  vertex 0.882243 -2.71527 26.28
  endloop
 endfacet
 facet normal 0.425735 0.904728 0.0147215
  outer loop
  vertex 0.882243 2.71527 26.28
  vertex 0.842071 2.59163 35.04
  vertex 1.46013 2.30079 35.04
  endloop
 endfacet
 facet normal 0.425733 0.904729 0.0147212
  outer loop
  vertex 1.52979 2.41056 26.28
  vertex 0.882243 2.71527 26.28
  vertex 1.46013 2.30079 35.04
  endloop
 endfacet
 facet normal 0.63736 -0.770426 0.0147215
  outer loop
  vertex 2.08121 -1.95438 26.28
  vertex 1.46013 -2.30079 35.04
  vertex 1.52979 -2.41056 26.28
  endloop
 endfacet
 facet normal 0.929677 0.368083 0.0147219
  outer loop
  vertex 2.50185 1.37541 26.28
  vertex 2.38794 1.31278 35.04
  vertex 2.7653 0.71001 26.28
  endloop
 endfacet
 facet normal 0.808934 0.587716 0.0147216
  outer loop
  vertex 2.50185 1.37541 26.28
  vertex 2.08121 1.95438 26.28
  vertex 2.38794 1.31278 35.04
  endloop
 endfacet
 facet normal 0.187355 0.982182 0.0147219
  outer loop
  vertex 0.882243 2.71527 26.28
  vertex 0.171103 2.71962 35.04
  vertex 0.842071 2.59163 35.04
  endloop
 endfacet
 facet normal 0.187357 0.982182 0.0147216
  outer loop
  vertex 0.179267 2.84937 26.28
  vertex 0.171103 2.71962 35.04
  vertex 0.882243 2.71527 26.28
  endloop
 endfacet
 facet normal -0.535768 0.844237 0.0147216
  outer loop
  vertex -1.2156 2.58328 26.28
  vertex -1.81985 2.19981 26.28
  vertex -1.16025 2.46565 35.04
  endloop
 endfacet
 facet normal -0.876212 -0.4817 0.0147217
  outer loop
  vertex -2.20457 -1.60171 35.04
  vertex -2.53364 -1.00314 35.04
  vertex -2.30974 -1.67813 26.28
  endloop
 endfacet
 facet normal -0.728893 -0.68447 0.0147216
  outer loop
  vertex -1.73698 -2.09965 35.04
  vertex -2.20457 -1.60171 35.04
  vertex -1.81985 -2.19981 26.28
  endloop
 endfacet
 facet normal -0.876215 0.481696 0.0147217
  outer loop
  vertex -2.30974 1.67813 26.28
  vertex -2.65451 1.05099 26.28
  vertex -2.53364 1.00314 35.04
  endloop
 endfacet
 facet normal -0.308984 0.950953 0.0147218
  outer loop
  vertex -0.534973 2.80443 26.28
  vertex -1.2156 2.58328 26.28
  vertex -1.16025 2.46565 35.04
  endloop
 endfacet
 facet normal -0.876212 0.4817 0.0147217
  outer loop
  vertex -2.30974 1.67813 26.28
  vertex -2.53364 1.00314 35.04
  vertex -2.20457 1.60171 35.04
  endloop
 endfacet
 facet normal 0.808934 -0.587716 0.0147216
  outer loop
  vertex 2.38794 -1.31278 35.04
  vertex 2.08121 -1.95438 26.28
  vertex 2.50185 -1.37541 26.28
  endloop
 endfacet
 facet normal -0.308984 -0.950953 0.0147219
  outer loop
  vertex -0.510613 -2.67673 35.04
  vertex -1.16025 -2.46565 35.04
  vertex -0.534973 -2.80443 26.28
  endloop
 endfacet
 facet normal 0.808926 0.587726 0.0147216
  outer loop
  vertex 2.08121 1.95438 26.28
  vertex 1.98644 1.86539 35.04
  vertex 2.38794 1.31278 35.04
  endloop
 endfacet
 facet normal 0.637358 -0.770427 0.0147217
  outer loop
  vertex 1.98644 -1.86539 35.04
  vertex 1.46013 -2.30079 35.04
  vertex 2.08121 -1.95438 26.28
  endloop
 endfacet
 facet normal -0.968477 0.248668 0.0147213
  outer loop
  vertex -2.65451 1.05099 26.28
  vertex -2.83249 0.357826 26.28
  vertex -2.53364 1.00314 35.04
  endloop
 endfacet
 facet normal -0.968479 0.248661 0.0147221
  outer loop
  vertex -2.53364 1.00314 35.04
  vertex -2.83249 0.357826 26.28
  vertex -2.70351 0.341533 35.04
  endloop
 endfacet
 facet normal -0.0627845 0.997919 0.014722
  outer loop
  vertex 0.171103 2.71962 35.04
  vertex -0.534973 2.80443 26.28
  vertex -0.510613 2.67673 35.04
  endloop
 endfacet
 facet normal -0.308985 -0.950953 0.0147218
  outer loop
  vertex -1.16025 -2.46565 35.04
  vertex -1.2156 -2.58328 26.28
  vertex -0.534973 -2.80443 26.28
  endloop
 endfacet
 facet normal -0.535768 -0.844237 0.0147216
  outer loop
  vertex -1.16025 -2.46565 35.04
  vertex -1.81985 -2.19981 26.28
  vertex -1.2156 -2.58328 26.28
  endloop
 endfacet
 facet normal -0.968479 -0.248661 0.0147221
  outer loop
  vertex -2.70351 -0.341533 35.04
  vertex -2.83249 -0.357826 26.28
  vertex -2.53364 -1.00314 35.04
  endloop
 endfacet
endsolid AssimpScene