solid STL generated by MeshLab
  facet normal  9.453552e-01  3.260396e-01  1.339301e-03
    outer loop
      vertex  -2.310577e+01  1.185039e+00  9.575556e+00
      vertex  -2.298531e+01  9.325874e-01 -1.399680e+01
      vertex  -2.370474e+01  2.922019e+00  9.512645e+00
    endloop
  endfacet
  facet normal  9.921132e-01 -1.253452e-01  1.287650e-06
    outer loop
      vertex  -2.293863e+01 -5.629762e-01  4.058322e+00
      vertex  -2.305600e+01 -1.492141e+00 -1.399680e+01
      vertex  -2.289580e+01 -2.239605e-01  2.876860e+00
    endloop
  endfacet
  facet normal  8.553739e-01  5.180112e-01  2.719160e-07
    outer loop
      vertex   2.383810e+01  3.245380e+01 -2.000000e+01
      vertex   2.383810e+01  3.245380e+01 -1.400000e+01
      vertex   2.539630e+01  2.988080e+01 -1.400000e+01
    endloop
  endfacet
  facet normal -4.275436e-01 -6.875037e-02  9.013767e-01
    outer loop
      vertex  -2.305149e+01  1.159118e+00  1.128039e+01
      vertex  -2.390685e+01  3.246140e+00  1.103386e+01
      vertex  -2.309034e+01 -1.400533e+00  1.106674e+01
    endloop
  endfacet
  facet normal -1.006004e-01  5.243338e-02  9.935443e-01
    outer loop
      vertex   1.134143e+01 -1.992400e+01  1.114332e+01
      vertex   1.406000e+01 -3.094095e+01  1.200000e+01
      vertex   1.388114e+01 -1.907031e+01  1.135543e+01
    endloop
  endfacet
  facet normal  1.874194e-01  9.822800e-01  2.268392e-07
    outer loop
      vertex   1.628790e+01 -1.929370e+01 -1.399680e+01
      vertex   1.507929e+01 -1.906310e+01  9.548134e+00
      vertex   1.583418e+01 -1.920713e+01  1.136601e+01
    endloop
  endfacet
  facet normal -3.003232e-02 -6.704051e-01 -7.413873e-01
    outer loop
      vertex  -3.183634e+00 -5.215145e-01  9.465491e+00
      vertex  -2.824194e+00 -1.254862e+00  1.011407e+01
      vertex  -2.309034e+01 -1.400533e+00  1.106674e+01
    endloop
  endfacet
  facet normal -3.113637e-01 -9.502729e-01 -5.833190e-03
    outer loop
      vertex   1.154682e+01  1.982040e+01  4.037302e+00
      vertex   1.353899e+01  1.912232e+01  1.142219e+01
      vertex   1.162059e+01  1.976307e+01  9.438909e+00
    endloop
  endfacet
  facet normal -7.547171e-03 -2.362958e-02 -9.996923e-01
    outer loop
      vertex  -3.183634e+00 -5.215145e-01  9.465491e+00
      vertex  -2.317536e+01 -1.497996e+00  9.639500e+00
      vertex  -2.310577e+01  1.185039e+00  9.575556e+00
    endloop
  endfacet
  facet normal  9.994100e-01 -3.433029e-02  9.576607e-04
    outer loop
      vertex   2.485044e+00 -1.527518e+00  1.752000e+01
      vertex   2.579464e+00  1.221206e+00  1.752000e+01
      vertex   2.485660e+00 -1.265226e+00  2.628000e+01
    endloop
  endfacet
  facet normal  8.090349e-01  5.877606e-01 -1.024809e-07
    outer loop
      vertex   1.969160e+01 -2.210950e+01 -1.399680e+01
      vertex   1.880760e+01 -2.089270e+01 -1.399680e+01
      vertex   1.969160e+01 -2.210950e+01  1.200000e+01
    endloop
  endfacet
  facet normal  0.000000e+00  0.000000e+00 -1.000000e+00
    outer loop
      vertex   3.276440e+00 -2.941750e+01 -2.000000e+01
      vertex   3.276440e+00 -2.058250e+01 -2.000000e+01
      vertex   4.725550e+00 -1.794660e+01 -2.000000e+01
    endloop
  endfacet
  facet normal  3.528892e-01  9.356650e-01  3.812411e-04
    outer loop
      vertex  -2.769528e+01  5.836411e+00 -1.399680e+01
      vertex  -2.775210e+01  5.847250e+00  1.200000e+01
      vertex  -2.565250e+01  5.065970e+00 -1.399680e+01
    endloop
  endfacet
  facet normal -2.392410e-04  4.638786e-04  9.999999e-01
    outer loop
      vertex  -3.064198e+01  5.682465e+00 -1.399680e+01
      vertex  -3.397690e+01  1.085790e+01 -1.400000e+01
      vertex  -3.269210e+01  4.623080e+00 -1.399680e+01
    endloop
  endfacet
  facet normal  9.297689e-01 -3.681436e-01 -9.522601e-08
    outer loop
      vertex   1.969160e+01 -2.789050e+01  1.200000e+01
      vertex   1.969160e+01 -2.789050e+01 -1.399680e+01
      vertex   2.024530e+01 -2.649210e+01 -1.399680e+01
    endloop
  endfacet
  facet normal -5.158177e-04  1.716413e-04  9.999998e-01
    outer loop
      vertex   9.144921e+00 -2.226410e+01 -1.399680e+01
      vertex   2.528380e+00 -2.349600e+01 -1.400000e+01
      vertex   8.481070e+00 -2.424800e+01 -1.399680e+01
    endloop
  endfacet
  facet normal -6.691320e-01  7.431436e-01  2.408559e-07
    outer loop
      vertex   1.100950e+01  2.992690e+01 -1.399680e+01
      vertex   9.891780e+00  2.892050e+01 -1.399680e+01
      vertex   9.891791e+00  2.892050e+01  1.200000e+01
    endloop
  endfacet
  facet normal  5.337399e-04  6.742780e-05  9.999998e-01
    outer loop
      vertex  -1.724450e+01  2.984280e+00 -1.400000e+01
      vertex  -2.298531e+01  9.325874e-01 -1.399680e+01
      vertex  -1.686750e+01  1.036280e-07 -1.400000e+01
    endloop
  endfacet
  facet normal  7.108245e-01 -7.033694e-01 -5.399173e-08
    outer loop
      vertex  -2.397985e+01 -3.375594e+00  1.124850e+01
      vertex  -2.565250e+01 -5.065970e+00  1.200000e+01
      vertex  -2.565250e+01 -5.065970e+00 -1.399680e+01
    endloop
  endfacet
  facet normal -9.685797e-01 -2.487034e-01  4.941292e-09
    outer loop
      vertex  -4.077290e+01 -1.504000e+00 -2.000000e+01
      vertex  -4.002480e+01 -4.417490e+00 -2.000000e+01
      vertex  -4.077290e+01 -1.504000e+00 -1.400000e+01
    endloop
  endfacet
  facet normal  9.999301e-01  2.768276e-03  1.149326e-02
    outer loop
      vertex   2.478915e+00  1.170830e+00  2.628000e+01
      vertex   2.485660e+00 -1.265226e+00  2.628000e+01
      vertex   2.579464e+00  1.221206e+00  1.752000e+01
    endloop
  endfacet
  facet normal -1.000000e+00  0.000000e+00  0.000000e+00
    outer loop
      vertex  -4.077290e+01  1.504000e+00 -2.000000e+01
      vertex  -4.077290e+01 -1.504000e+00 -2.000000e+01
      vertex  -4.077290e+01  1.504000e+00 -1.400000e+01
    endloop
  endfacet
  facet normal  8.323451e-01 -5.542578e-01 -1.294069e-04
    outer loop
      vertex  -2.397985e+01 -3.375594e+00  1.124850e+01
      vertex  -2.422170e+01 -3.732893e+00 -1.399680e+01
      vertex  -2.379719e+01 -3.100862e+00  9.442964e+00
    endloop
  endfacet
  facet normal  0.000000e+00  0.000000e+00  1.000000e+00
    outer loop
      vertex  -3.070700e+01  5.661339e+00  1.200000e+01
      vertex  -3.070700e+01 -5.661339e+00  1.200000e+01
      vertex  -2.775210e+01 -5.847250e+00  1.200000e+01
    endloop
  endfacet
  facet normal -9.982353e-01  5.936763e-02  1.321820e-03
    outer loop
      vertex   8.834663e+00  2.702221e+01  1.200000e+01
      vertex   8.793151e+00  2.690302e+01 -1.399680e+01
      vertex   8.606234e+00  2.376010e+01 -1.399680e+01
    endloop
  endfacet
  facet normal  4.833931e-04  1.914074e-04  9.999999e-01
    outer loop
      vertex   2.494940e+01 -1.921900e+01 -1.400000e+01
      vertex   2.034680e+01 -2.431134e+01 -1.399680e+01
      vertex   2.605680e+01 -2.201570e+01 -1.400000e+01
    endloop
  endfacet
  facet normal  0.000000e+00  0.000000e+00 -1.000000e+00
    outer loop
      vertex   3.276440e+00 -2.941750e+01 -2.000000e+01
      vertex   4.725550e+00 -1.794660e+01 -2.000000e+01
      vertex   4.725550e+00 -3.205340e+01 -2.000000e+01
    endloop
  endfacet
  facet normal  0.000000e+00 -0.000000e+00 -1.000000e+00
    outer loop
      vertex  -1.835180e+01  5.781040e+00 -2.000000e+01
      vertex  -1.835180e+01 -5.781040e+00 -2.000000e+01
      vertex  -2.011990e+01 -8.214561e+00 -2.000000e+01
    endloop
  endfacet
  facet normal -9.765083e-02 -4.821230e-03  9.952090e-01
    outer loop
      vertex   1.392932e+01  1.305367e+01 -1.693356e+01
      vertex   1.400516e+01 -1.309805e+01 -1.705280e+01
      vertex   1.504163e+01  1.309294e+01 -1.682422e+01
    endloop
  endfacet
  facet normal  9.186321e-01  3.951138e-01  0.000000e+00
    outer loop
      vertex  -1.724450e+01  2.984280e+00 -1.400000e+01
      vertex  -1.724450e+01  2.984280e+00 -2.000000e+01
      vertex  -1.850930e+01  5.924901e+00 -1.675354e+01
    endloop
  endfacet
  facet normal -3.090096e-01  9.510590e-01 -9.070005e-07
    outer loop
      vertex   9.324401e+00 -1.414210e+01 -2.000000e+01
      vertex   9.324401e+00 -1.414210e+01 -1.400000e+01
      vertex   1.218520e+01 -1.321260e+01 -2.000000e+01
    endloop
  endfacet
  facet normal  0.000000e+00  0.000000e+00 -1.000000e+00
    outer loop
      vertex  -3.111610e+01 -1.178740e+01 -2.000000e+01
      vertex  -3.111610e+01  1.178740e+01 -2.000000e+01
      vertex  -2.811400e+01  1.197630e+01 -2.000000e+01
    endloop
  endfacet
  facet normal  9.781464e-01 -2.079170e-01  0.000000e+00
    outer loop
      vertex   2.041270e+01  2.449790e+01  1.200000e+01
      vertex   2.010000e+01  2.302680e+01  1.200000e+01
      vertex   2.010000e+01  2.302680e+01 -1.399680e+01
    endloop
  endfacet
  facet normal -9.685797e-01  2.487033e-01  0.000000e+00
    outer loop
      vertex  -4.002480e+01  4.417490e+00 -1.400000e+01
      vertex  -4.077290e+01  1.504000e+00 -2.000000e+01
      vertex  -4.077290e+01  1.504000e+00 -1.400000e+01
    endloop
  endfacet
  facet normal -5.076047e-04  1.767655e-04  9.999999e-01
    outer loop
      vertex   8.793151e+00  2.690302e+01 -1.399680e+01
      vertex   3.685210e+00  3.033560e+01 -1.400000e+01
      vertex   2.695980e+00  2.749490e+01 -1.400000e+01
    endloop
  endfacet
  facet normal -9.999825e-01  5.899578e-03 -4.485844e-04
    outer loop
      vertex  -3.175976e+00  5.310920e-01 -1.397492e+01
      vertex  -3.181051e+00 -5.374774e-01 -1.671514e+01
      vertex  -3.182049e+00 -5.054241e-01 -1.406987e+01
    endloop
  endfacet
  facet normal  0.000000e+00  0.000000e+00 -1.000000e+00
    outer loop
      vertex   2.086370e+01 -1.486810e+01 -2.000000e+01
      vertex   2.318140e+01 -1.678540e+01 -2.000000e+01
      vertex   2.086370e+01 -3.513190e+01 -2.000000e+01
    endloop
  endfacet
  facet normal -5.217212e-02  9.986378e-01  6.810378e-04
    outer loop
      vertex  -3.064198e+01  5.682465e+00 -1.399680e+01
      vertex  -3.070700e+01  5.661339e+00  1.200000e+01
      vertex  -2.769528e+01  5.836411e+00 -1.399680e+01
    endloop
  endfacet
  facet normal -3.264970e-05 -5.188865e-04  9.999999e-01
    outer loop
      vertex  -2.769528e+01 -5.836411e+00 -1.399680e+01
      vertex  -3.111610e+01 -1.178740e+01 -1.400000e+01
      vertex  -2.811400e+01 -1.197630e+01 -1.400000e+01
    endloop
  endfacet
  facet normal  3.820971e-02 -9.967722e-01  7.060641e-02
    outer loop
      vertex   1.663582e+00 -2.707706e+00 -1.694571e+01
      vertex   1.331918e+00 -2.936770e+00 -2.000000e+01
      vertex   1.673924e+00 -2.766180e+00 -1.777680e+01
    endloop
  endfacet
  facet normal  7.820902e-01  6.095278e-01  1.296563e-01
    outer loop
      vertex   1.852905e+00  2.599960e+00  9.510476e+00
      vertex   1.727299e+00  2.554406e+00  1.048229e+01
      vertex   2.653738e+00  1.458970e+00  1.004375e+01
    endloop
  endfacet
  facet normal -2.419771e-02 -9.995999e-01  1.465142e-02
    outer loop
      vertex   1.418240e+01  1.300260e+01 -2.000000e+01
      vertex   1.443565e+01  1.302924e+01 -1.776396e+01
      vertex   1.392932e+01  1.305367e+01 -1.693356e+01
    endloop
  endfacet
  facet normal -7.941432e-01 -6.072554e-01  2.403167e-02
    outer loop
      vertex  -2.518655e+00 -1.361349e+00  1.752000e+01
      vertex  -2.824194e+00 -1.254862e+00  1.011407e+01
      vertex  -1.797629e+00 -2.601876e+00  1.000000e+01
    endloop
  endfacet
  facet normal -9.685797e-01 -2.487033e-01  0.000000e+00
    outer loop
      vertex  -4.002480e+01 -4.417490e+00 -2.000000e+01
      vertex  -4.002480e+01 -4.417490e+00 -1.400000e+01
      vertex  -4.077290e+01 -1.504000e+00 -1.400000e+01
    endloop
  endfacet
  facet normal -7.289723e-01 -6.845433e-01  0.000000e+00
    outer loop
      vertex  -3.857570e+01 -7.053421e+00 -2.000000e+01
      vertex  -3.651660e+01 -9.246160e+00 -2.000000e+01
      vertex  -3.857570e+01 -7.053421e+00 -1.400000e+01
    endloop
  endfacet
  facet normal -8.782273e-01  4.782434e-01  3.553106e-07
    outer loop
      vertex   8.793151e+00  2.690302e+01 -1.399680e+01
      vertex   9.891791e+00  2.892050e+01  1.200000e+01
      vertex   9.891780e+00  2.892050e+01 -1.399680e+01
    endloop
  endfacet
  facet normal -8.010112e-01  5.087820e-01 -3.154710e-01
    outer loop
      vertex   1.162059e+01  1.976307e+01  9.438909e+00
      vertex   9.306299e-01  3.104990e+00  9.716109e+00
      vertex   1.115129e+01  2.006982e+01  1.112524e+01
    endloop
  endfacet
  facet normal  4.886893e-04  1.934831e-04  9.999999e-01
    outer loop
      vertex  -1.724450e+01  2.984280e+00 -1.400000e+01
      vertex  -1.835180e+01  5.781040e+00 -1.400000e+01
      vertex  -2.298531e+01  9.325874e-01 -1.399680e+01
    endloop
  endfacet
  facet normal  9.176623e-01 -3.973612e-01  0.000000e+00
    outer loop
      vertex  -1.724450e+01 -2.984280e+00 -2.000000e+01
      vertex  -1.724450e+01 -2.984280e+00 -1.400000e+01
      vertex  -1.854544e+01 -5.988653e+00 -1.672310e+01
    endloop
  endfacet
  facet normal -5.306768e-01 -8.450286e-01 -6.564183e-02
    outer loop
      vertex   8.447688e+00  1.468293e+01 -1.703973e+01
      vertex   7.816550e+00  1.507620e+01 -1.700000e+01
      vertex   6.037789e+00  1.642630e+01 -2.000000e+01
    endloop
  endfacet
  facet normal  0.000000e+00  0.000000e+00 -1.000000e+00
    outer loop
      vertex   1.418240e+01  1.300260e+01 -2.000000e+01
      vertex   1.618680e+01  3.687130e+01 -2.000000e+01
      vertex   1.717400e+01  1.331710e+01 -2.000000e+01
    endloop
  endfacet
  facet normal -4.330444e-04  2.877170e-04  9.999999e-01
    outer loop
      vertex   8.793151e+00  2.690302e+01 -1.399680e+01
      vertex   5.349811e+00  3.284100e+01 -1.400000e+01
      vertex   3.685210e+00  3.033560e+01 -1.400000e+01
    endloop
  endfacet
  facet normal  1.007109e-04  5.279813e-04  9.999998e-01
    outer loop
      vertex  -2.811400e+01  1.197630e+01 -1.400000e+01
      vertex  -2.769528e+01  5.836411e+00 -1.399680e+01
      vertex  -2.515930e+01  1.141270e+01 -1.400000e+01
    endloop
  endfacet
  facet normal  1.873689e-01 -9.822897e-01  0.000000e+00
    outer loop
      vertex  -2.515930e+01 -1.141270e+01 -2.000000e+01
      vertex  -2.515930e+01 -1.141270e+01 -1.400000e+01
      vertex  -2.811400e+01 -1.197630e+01 -2.000000e+01
    endloop
  endfacet
  facet normal -7.970418e-01 -1.152466e-01  5.928259e-01
    outer loop
      vertex   1.529991e+00  2.788786e+00 -1.274109e+01
      vertex   1.154682e+01  1.982040e+01  4.037302e+00
      vertex   8.989486e-01  3.111032e+00 -1.352687e+01
    endloop
  endfacet
  facet normal -8.734663e-01  4.868846e-01  9.506564e-05
    outer loop
      vertex   9.205530e+00 -2.216027e+01  1.113530e+01
      vertex   9.303826e+00 -2.198360e+01  9.427705e+00
      vertex   9.144921e+00 -2.226410e+01 -1.399680e+01
    endloop
  endfacet
  facet normal  9.921146e-01 -1.253340e-01  1.652822e-06
    outer loop
      vertex  -1.724450e+01 -2.984280e+00 -2.000000e+01
      vertex  -1.686750e+01  1.036280e-07 -2.000000e+01
      vertex  -1.694208e+01 -5.902795e-01 -1.679899e+01
    endloop
  endfacet
  facet normal -3.207025e-02 -9.991591e-01  2.554469e-02
    outer loop
      vertex   8.447688e+00  1.468293e+01 -1.703973e+01
      vertex   8.373234e+00  1.466663e+01 -1.777077e+01
      vertex   8.433749e+00  1.460770e+01 -2.000000e+01
    endloop
  endfacet
  facet normal -9.039611e-01 -4.270333e-01  2.228794e-02
    outer loop
      vertex  -2.293582e+01  5.406001e-01  4.121187e+00
      vertex  -2.305149e+01  1.159118e+00  1.128039e+01
      vertex  -2.310577e+01  1.185039e+00  9.575556e+00
    endloop
  endfacet
  facet normal  4.257969e-01  9.048188e-01  0.000000e+00
    outer loop
      vertex  -2.515930e+01  1.141270e+01 -1.400000e+01
      vertex  -2.243760e+01  1.013190e+01 -2.000000e+01
      vertex  -2.515930e+01  1.141270e+01 -2.000000e+01
    endloop
  endfacet
  facet normal -5.112441e-01  8.594355e-01  2.418494e-05
    outer loop
      vertex   1.134143e+01 -1.992400e+01  1.114332e+01
      vertex   1.150770e+01 -1.982489e+01  4.063426e+00
      vertex   1.106273e+01 -2.008908e+01 -1.399680e+01
    endloop
  endfacet
  facet normal  0.000000e+00  0.000000e+00 -1.000000e+00
    outer loop
      vertex   9.324401e+00 -1.414210e+01 -2.000000e+01
      vertex   6.784668e+00 -3.424620e+01 -2.000000e+01
      vertex   6.784668e+00 -1.575380e+01 -2.000000e+01
    endloop
  endfacet
  facet normal  4.811598e-04 -2.388560e-04  9.999999e-01
    outer loop
      vertex   2.442880e+01  1.835930e+01 -1.400000e+01
      vertex   2.576630e+01  2.105360e+01 -1.400000e+01
      vertex   1.943130e+01  2.167960e+01 -1.399680e+01
    endloop
  endfacet
  facet normal -4.581844e-02  6.703319e-01 -7.406455e-01
    outer loop
      vertex  -2.305149e+01  1.159118e+00  1.128039e+01
      vertex  -2.819897e+00  1.262203e+00  1.012211e+01
      vertex  -3.194818e+00  4.520257e-01  9.412040e+00
    endloop
  endfacet
  facet normal -3.090079e-01  9.510595e-01  0.000000e+00
    outer loop
      vertex  -3.397690e+01  1.085790e+01 -1.400000e+01
      vertex  -3.111610e+01  1.178740e+01 -1.400000e+01
      vertex  -3.111610e+01  1.178740e+01 -2.000000e+01
    endloop
  endfacet
  facet normal -3.874145e-01 -9.215778e-01 -2.458587e-02
    outer loop
      vertex   1.120670e+01  1.344200e+01 -1.400000e+01
      vertex   8.433749e+00  1.460770e+01 -1.400000e+01
      vertex   8.447688e+00  1.468293e+01 -1.703973e+01
    endloop
  endfacet
  facet normal  0.000000e+00  0.000000e+00 -1.000000e+00
    outer loop
      vertex   1.814200e+01 -3.641270e+01 -2.000000e+01
      vertex   2.086370e+01 -1.486810e+01 -2.000000e+01
      vertex   2.086370e+01 -3.513190e+01 -2.000000e+01
    endloop
  endfacet
  facet normal -7.289818e-01 -6.845331e-01  1.006123e-07
    outer loop
      vertex   9.579650e+00 -2.852670e+01  1.200000e+01
      vertex   1.060920e+01 -2.962311e+01 -1.399680e+01
      vertex   1.060920e+01 -2.962310e+01  1.200000e+01
    endloop
  endfacet
  facet normal  7.275832e-01 -6.860105e-01  3.504188e-03
    outer loop
      vertex  -2.317536e+01 -1.497996e+00  9.639500e+00
      vertex  -2.305600e+01 -1.492141e+00 -1.399680e+01
      vertex  -2.309034e+01 -1.400533e+00  1.106674e+01
    endloop
  endfacet
  facet normal  0.000000e+00 -0.000000e+00 -1.000000e+00
    outer loop
      vertex  -2.243760e+01  1.013190e+01 -2.000000e+01
      vertex  -2.243760e+01 -1.013190e+01 -2.000000e+01
      vertex  -2.515930e+01 -1.141270e+01 -2.000000e+01
    endloop
  endfacet
  facet normal -1.245856e-04 -5.307336e-04  9.999999e-01
    outer loop
      vertex   1.187910e+01 -3.042900e+01 -1.399680e+01
      vertex   9.324401e+00 -3.585790e+01 -1.400000e+01
      vertex   1.406000e+01 -3.094095e+01 -1.399680e+01
    endloop
  endfacet
  facet normal  8.871287e-01 -4.615080e-01 -3.622489e-03
    outer loop
      vertex  -2.379719e+01 -3.100862e+00  9.442964e+00
      vertex  -2.422170e+01 -3.732893e+00 -1.399680e+01
      vertex  -2.305600e+01 -1.492141e+00 -1.399680e+01
    endloop
  endfacet
  facet normal  9.989580e-01 -2.499916e-02  3.818287e-02
    outer loop
      vertex  -2.317536e+01 -1.497996e+00  9.639500e+00
      vertex  -2.293863e+01 -5.629762e-01  4.058322e+00
      vertex  -2.310577e+01  1.185039e+00  9.575556e+00
    endloop
  endfacet
  facet normal  1.358274e-02 -9.999034e-01 -2.939933e-03
    outer loop
      vertex   1.580390e+01  1.915851e+01 -1.399680e+01
      vertex   1.504834e+01  1.907910e+01  9.519554e+00
      vertex   1.398895e+01  1.906466e+01  9.535162e+00
    endloop
  endfacet
  facet normal  0.000000e+00  0.000000e+00 -1.000000e+00
    outer loop
      vertex   1.814200e+01 -1.358730e+01 -2.000000e+01
      vertex   2.086370e+01 -1.486810e+01 -2.000000e+01
      vertex   1.814200e+01 -3.641270e+01 -2.000000e+01
    endloop
  endfacet
  facet normal -8.564237e-01 -5.032167e-01  1.153750e-01
    outer loop
      vertex   4.475255e+00  1.839777e+01 -1.700000e+01
      vertex   6.037799e+00  1.642630e+01 -1.400000e+01
      vertex   3.977054e+00  1.925198e+01 -1.697239e+01
    endloop
  endfacet
  facet normal -2.490290e-04  4.763288e-04  9.999999e-01
    outer loop
      vertex   1.234230e+01  3.062370e+01 -1.399680e+01
      vertex   7.585190e+00  3.485380e+01 -1.400000e+01
      vertex   1.100950e+01  2.992690e+01 -1.399680e+01
    endloop
  endfacet
  facet normal -3.122682e-01 -5.879682e-02 -9.481727e-01
    outer loop
      vertex   1.814682e+00 -2.628531e+00  9.461565e+00
      vertex   9.053566e-01 -3.109811e+00  9.790884e+00
      vertex   7.600734e-02 -3.059012e+00  1.006087e+01
    endloop
  endfacet
  facet normal  9.291059e-01 -3.678539e-01 -3.802235e-02
    outer loop
      vertex  -1.854544e+01 -5.988653e+00 -1.672310e+01
      vertex  -1.724450e+01 -2.984280e+00 -1.400000e+01
      vertex  -1.835180e+01 -5.781040e+00 -1.400000e+01
    endloop
  endfacet
  facet normal  4.257976e-01 -9.048184e-01  0.000000e+00
    outer loop
      vertex  -2.515930e+01 -1.141270e+01 -2.000000e+01
      vertex  -2.243760e+01 -1.013190e+01 -1.400000e+01
      vertex  -2.515930e+01 -1.141270e+01 -1.400000e+01
    endloop
  endfacet
  facet normal  3.426120e-04 -4.141573e-04  9.999999e-01
    outer loop
      vertex   1.880760e+01 -2.910730e+01 -1.399680e+01
      vertex   1.764870e+01 -3.006600e+01 -1.399680e+01
      vertex   2.086370e+01 -3.513190e+01 -1.400000e+01
    endloop
  endfacet
  facet normal -9.859963e-01 -1.667672e-01 -5.301386e-08
    outer loop
      vertex   2.945919e+00  2.153160e+01 -2.000000e+01
      vertex   2.945919e+00  2.153160e+01 -1.400000e+01
      vertex   2.444280e+00  2.449750e+01 -1.400000e+01
    endloop
  endfacet
  facet normal  4.505818e-01 -8.927349e-01  7.001529e-04
    outer loop
      vertex   8.969900e-01 -3.111405e+00 -1.698673e+01
      vertex   1.589198e+00 -2.759781e+00 -1.411514e+01
      vertex   8.881522e-01 -3.113091e+00 -1.344904e+01
    endloop
  endfacet
  facet normal  4.257971e-01 -9.048186e-01  0.000000e+00
    outer loop
      vertex   1.814200e+01 -3.641270e+01 -2.000000e+01
      vertex   2.086370e+01 -3.513190e+01 -1.400000e+01
      vertex   1.814200e+01 -3.641270e+01 -1.400000e+01
    endloop
  endfacet
  facet normal -8.763087e-01 -4.817500e-01  0.000000e+00
    outer loop
      vertex  -3.857570e+01 -7.053421e+00 -2.000000e+01
      vertex  -4.002480e+01 -4.417490e+00 -1.400000e+01
      vertex  -4.002480e+01 -4.417490e+00 -2.000000e+01
    endloop
  endfacet
  facet normal  7.369334e-01 -2.434374e-01 -6.306088e-01
    outer loop
      vertex   1.589198e+00 -2.759781e+00 -1.411514e+01
      vertex   2.254381e+00 -2.319717e+00 -1.350768e+01
      vertex   1.150770e+01 -1.982489e+01  4.063426e+00
    endloop
  endfacet
  facet normal  0.000000e+00  0.000000e+00 -1.000000e+00
    outer loop
      vertex  -1.835180e+01  5.781040e+00 -2.000000e+01
      vertex  -1.724450e+01  2.984280e+00 -2.000000e+01
      vertex  -1.835180e+01 -5.781040e+00 -2.000000e+01
    endloop
  endfacet
  facet normal -2.919488e-01  9.564275e-01  3.527083e-03
    outer loop
      vertex  -1.211542e-01  3.223126e+00 -2.000000e+01
      vertex  -1.696439e+00  2.742271e+00 -2.000000e+01
      vertex  -1.819549e+00  2.594059e+00  1.000000e+01
    endloop
  endfacet
  facet normal  0.000000e+00  0.000000e+00 -1.000000e+00
    outer loop
      vertex  -1.754161e+00 -2.705641e+00 -2.000000e+01
      vertex  -1.696439e+00  2.742271e+00 -2.000000e+01
      vertex  -1.211542e-01  3.223126e+00 -2.000000e+01
    endloop
  endfacet
  facet normal  0.000000e+00 -8.673462e-02 -9.962314e-01
    outer loop
      vertex  -1.688003e+01  9.914834e-02 -1.778483e+01
      vertex  -3.224370e+00 -2.452635e-01 -1.775485e+01
      vertex  -1.689845e+01 -2.452635e-01 -1.775485e+01
    endloop
  endfacet
  facet normal  7.834229e-02 -8.700687e-02  9.931225e-01
    outer loop
      vertex   1.115129e+01  2.006982e+01  1.112524e+01
      vertex   1.100950e+01  2.992690e+01  1.200000e+01
      vertex   9.891791e+00  2.892050e+01  1.200000e+01
    endloop
  endfacet
  facet normal -3.028312e-01  9.530442e-01 -5.410315e-05
    outer loop
      vertex   1.388680e+01 -1.906995e+01 -1.399680e+01
      vertex   1.150770e+01 -1.982489e+01  4.063426e+00
      vertex   1.388114e+01 -1.907031e+01  1.135543e+01
    endloop
  endfacet
  facet normal  7.569875e-01 -6.534293e-01  0.000000e+00
    outer loop
      vertex   2.442880e+01  1.835930e+01 -2.000000e+01
      vertex   2.442880e+01  1.835930e+01 -1.400000e+01
      vertex   2.246330e+01  1.608230e+01 -1.400000e+01
    endloop
  endfacet
  facet normal  2.224157e-04 -4.726324e-04  9.999999e-01
    outer loop
      vertex  -2.769528e+01 -5.836411e+00 -1.399680e+01
      vertex  -2.515930e+01 -1.141270e+01 -1.400000e+01
      vertex  -2.243760e+01 -1.013190e+01 -1.400000e+01
    endloop
  endfacet
  facet normal -9.999342e-01 -1.147230e-02  2.846132e-04
    outer loop
      vertex  -3.183634e+00 -5.215145e-01  9.465491e+00
      vertex  -3.194818e+00  4.520257e-01  9.412040e+00
      vertex  -3.200749e+00  4.241119e-01 -1.254853e+01
    endloop
  endfacet
  facet normal -1.957247e-01 -7.660131e-01 -6.123036e-01
    outer loop
      vertex   1.589198e+00 -2.759781e+00 -1.411514e+01
      vertex   1.150770e+01 -1.982489e+01  4.063426e+00
      vertex   8.881522e-01 -3.113091e+00 -1.344904e+01
    endloop
  endfacet
  facet normal -8.763055e-01  4.817559e-01 -5.156954e-07
    outer loop
      vertex   3.276440e+00 -2.058250e+01 -1.400000e+01
      vertex   4.725550e+00 -1.794660e+01 -1.400000e+01
      vertex   4.041403e+00 -1.919105e+01 -1.707399e+01
    endloop
  endfacet
  facet normal  3.528891e-01 -9.356651e-01 -2.520405e-08
    outer loop
      vertex  -2.769528e+01 -5.836411e+00 -1.399680e+01
      vertex  -2.565250e+01 -5.065970e+00 -1.399680e+01
      vertex  -2.565250e+01 -5.065970e+00  1.200000e+01
    endloop
  endfacet
  facet normal  3.669933e-04  3.986893e-04  9.999999e-01
    outer loop
      vertex  -2.424114e+01  3.759634e+00 -1.399680e+01
      vertex  -2.243760e+01  1.013190e+01 -1.400000e+01
      vertex  -2.565250e+01  5.065970e+00 -1.399680e+01
    endloop
  endfacet
  facet normal -8.763050e-01  4.817567e-01  0.000000e+00
    outer loop
      vertex   3.276440e+00 -2.058250e+01 -2.000000e+01
      vertex   3.276440e+00 -2.058250e+01 -1.400000e+01
      vertex   4.041403e+00 -1.919105e+01 -1.707399e+01
    endloop
  endfacet
  facet normal -9.685830e-01 -2.486903e-01  3.963077e-08
    outer loop
      vertex   3.276440e+00 -2.941750e+01 -2.000000e+01
      vertex   2.528380e+00 -2.650400e+01 -1.400000e+01
      vertex   2.528380e+00 -2.650400e+01 -2.000000e+01
    endloop
  endfacet
  facet normal  9.921159e-01  1.253236e-01  0.000000e+00
    outer loop
      vertex  -1.724450e+01  2.984280e+00 -1.400000e+01
      vertex  -1.692944e+01  4.900700e-01 -1.676670e+01
      vertex  -1.724450e+01  2.984280e+00 -2.000000e+01
    endloop
  endfacet
  facet normal  6.374142e-01  7.705213e-01  4.573202e-08
    outer loop
      vertex   1.880760e+01 -2.089270e+01 -1.399680e+01
      vertex   1.764870e+01 -1.993400e+01 -1.399680e+01
      vertex   1.764870e+01 -1.993400e+01  1.200000e+01
    endloop
  endfacet
  facet normal -9.983351e-01 -5.344258e-02  2.169955e-02
    outer loop
      vertex  -2.518655e+00 -1.361349e+00  1.752000e+01
      vertex  -2.655352e+00  1.192223e+00  1.752000e+01
      vertex  -2.819897e+00  1.262203e+00  1.012211e+01
    endloop
  endfacet
  facet normal  4.352320e-04  3.162218e-04  9.999999e-01
    outer loop
      vertex  -2.424114e+01  3.759634e+00 -1.399680e+01
      vertex  -1.835180e+01  5.781040e+00 -1.400000e+01
      vertex  -2.011990e+01  8.214561e+00 -1.400000e+01
    endloop
  endfacet
  facet normal -2.880083e-04  4.538293e-04  9.999999e-01
    outer loop
      vertex  -3.397690e+01  1.085790e+01 -1.400000e+01
      vertex  -3.651660e+01  9.246160e+00 -1.400000e+01
      vertex  -3.269210e+01  4.623080e+00 -1.399680e+01
    endloop
  endfacet
  facet normal -0.000000e+00  0.000000e+00 -1.000000e+00
    outer loop
      vertex   2.383810e+01  3.245380e+01 -2.000000e+01
      vertex   2.246330e+01  1.608230e+01 -2.000000e+01
      vertex   2.168890e+01  3.455840e+01 -2.000000e+01
    endloop
  endfacet
  facet normal -9.135319e-01 -4.067368e-01 -4.969152e-03
    outer loop
      vertex   3.977054e+00  1.925198e+01 -1.697239e+01
      vertex   4.169380e+00  1.878370e+01 -1.400000e+01
      vertex   2.945919e+00  2.153160e+01 -1.400000e+01
    endloop
  endfacet
  facet normal  9.921386e-01  1.251435e-01  0.000000e+00
    outer loop
      vertex   2.013235e+01  2.672050e+01  1.200000e+01
      vertex   2.041270e+01  2.449790e+01  1.200000e+01
      vertex   2.041270e+01  2.449790e+01 -1.399680e+01
    endloop
  endfacet
  facet normal -9.964929e-01  8.367832e-02  0.000000e+00
    outer loop
      vertex   2.444280e+00  2.449750e+01 -2.000000e+01
      vertex   2.444280e+00  2.449750e+01 -1.400000e+01
      vertex   2.695980e+00  2.749490e+01 -1.400000e+01
    endloop
  endfacet
  facet normal -9.183084e-01 -3.955851e-01  1.490163e-02
    outer loop
      vertex   2.945919e+00  2.153160e+01 -2.000000e+01
      vertex   4.061246e+00  1.902655e+01 -1.776857e+01
      vertex   3.977054e+00  1.925198e+01 -1.697239e+01
    endloop
  endfacet
  facet normal  0.000000e+00  0.000000e+00 -1.000000e+00
    outer loop
      vertex  -1.835180e+01 -5.781040e+00 -2.000000e+01
      vertex  -1.724450e+01  2.984280e+00 -2.000000e+01
      vertex  -1.724450e+01 -2.984280e+00 -2.000000e+01
    endloop
  endfacet
  facet normal  7.798337e-01 -6.236889e-01  5.358556e-02
    outer loop
      vertex   1.663582e+00 -2.707706e+00 -1.694571e+01
      vertex   1.673924e+00 -2.766180e+00 -1.777680e+01
      vertex   2.673735e+00 -1.707070e+00 -2.000000e+01
    endloop
  endfacet
  facet normal  0.000000e+00  0.000000e+00 -1.000000e+00
    outer loop
      vertex   6.037789e+00  1.642630e+01 -2.000000e+01
      vertex   7.585190e+00  3.485380e+01 -2.000000e+01
      vertex   8.433749e+00  1.460770e+01 -2.000000e+01
    endloop
  endfacet
  facet normal  6.748787e-01 -7.364103e-01 -4.731397e-02
    outer loop
      vertex   1.331918e+00 -2.936770e+00 -2.000000e+01
      vertex   2.673735e+00 -1.707070e+00 -2.000000e+01
      vertex   1.673924e+00 -2.766180e+00 -1.777680e+01
    endloop
  endfacet
  facet normal -5.199109e-04  0.000000e+00  9.999999e-01
    outer loop
      vertex  -4.077290e+01  1.504000e+00 -1.400000e+01
      vertex  -4.077290e+01 -1.504000e+00 -1.400000e+01
      vertex  -3.461881e+01 -1.536403e+00 -1.399680e+01
    endloop
  endfacet
  facet normal  7.939556e-01  6.078449e-01  1.260865e-02
    outer loop
      vertex   2.478915e+00  1.170830e+00  2.628000e+01
      vertex   2.579464e+00  1.221206e+00  1.752000e+01
      vertex   1.529790e+00  2.410560e+00  2.628000e+01
    endloop
  endfacet
  facet normal -2.891638e-04 -4.532873e-04  9.999999e-01
    outer loop
      vertex   1.187910e+01 -3.042900e+01 -1.399680e+01
      vertex   1.060920e+01 -2.962311e+01 -1.399680e+01
      vertex   9.324401e+00 -3.585790e+01 -1.400000e+01
    endloop
  endfacet
  facet normal  0.000000e+00  0.000000e+00  1.000000e+00
    outer loop
      vertex   2.013235e+01  2.672050e+01  1.200000e+01
      vertex   1.854975e+01  2.930088e+01  1.200000e+01
      vertex   1.943130e+01  2.167960e+01  1.200000e+01
    endloop
  endfacet
  facet normal  5.206701e-04  2.182918e-05  9.999999e-01
    outer loop
      vertex   2.013235e+01  2.672050e+01 -1.399680e+01
      vertex   2.639170e+01  2.399590e+01 -1.400000e+01
      vertex   2.626570e+01  2.700120e+01 -1.400000e+01
    endloop
  endfacet
  facet normal -7.828630e-01 -6.204738e-01  4.623779e-02
    outer loop
      vertex   4.169380e+00  1.878370e+01 -2.000000e+01
      vertex   6.037789e+00  1.642630e+01 -2.000000e+01
      vertex   3.977054e+00  1.925198e+01 -1.697239e+01
    endloop
  endfacet
  facet normal  4.373461e-01  8.991229e-01  1.750518e-02
    outer loop
      vertex   1.529991e+00  2.788786e+00 -1.274109e+01
      vertex   8.989486e-01  3.111032e+00 -1.352687e+01
      vertex   8.228587e-02  3.049153e+00  1.005482e+01
    endloop
  endfacet
  facet normal  6.432409e-01 -7.435825e-02  7.620445e-01
    outer loop
      vertex  -2.293582e+01  5.406001e-01  4.121187e+00
      vertex  -3.188459e+00 -4.806506e-01 -1.264719e+01
      vertex  -3.200749e+00  4.241119e-01 -1.254853e+01
    endloop
  endfacet
  facet normal  9.573200e-01  2.890304e-01  0.000000e+00
    outer loop
      vertex   2.539630e+01  2.988080e+01 -2.000000e+01
      vertex   2.626570e+01  2.700120e+01 -1.400000e+01
      vertex   2.626570e+01  2.700120e+01 -2.000000e+01
    endloop
  endfacet
  facet normal -3.915909e-04 -3.677245e-04  9.999998e-01
    outer loop
      vertex  -3.857570e+01 -7.053421e+00 -1.400000e+01
      vertex  -3.651660e+01 -9.246160e+00 -1.400000e+01
      vertex  -3.316725e+01 -4.117064e+00 -1.399680e+01
    endloop
  endfacet
  facet normal  6.374178e-01  7.705184e-01  0.000000e+00
    outer loop
      vertex  -2.243760e+01  1.013190e+01 -1.400000e+01
      vertex  -2.011990e+01  8.214561e+00 -1.400000e+01
      vertex  -2.011990e+01  8.214561e+00 -2.000000e+01
    endloop
  endfacet
  facet normal  4.617527e-04 -2.402161e-04  9.999999e-01
    outer loop
      vertex  -2.422170e+01 -3.732893e+00 -1.399680e+01
      vertex  -1.835180e+01 -5.781040e+00 -1.400000e+01
      vertex  -2.305600e+01 -1.492141e+00 -1.399680e+01
    endloop
  endfacet
  facet normal  9.921145e-01  1.253346e-01 -1.014154e-05
    outer loop
      vertex  -1.724450e+01  2.984280e+00 -1.400000e+01
      vertex  -1.686750e+01  1.036280e-07 -1.400000e+01
      vertex  -1.692944e+01  4.900700e-01 -1.676670e+01
    endloop
  endfacet
  facet normal  0.000000e+00  0.000000e+00 -1.000000e+00
    outer loop
      vertex   1.331918e+00 -2.936770e+00 -2.000000e+01
      vertex   2.729408e+00  1.525003e+00 -2.000000e+01
      vertex   2.673735e+00 -1.707070e+00 -2.000000e+01
    endloop
  endfacet
  facet normal  4.348587e-04 -3.159231e-04  9.999999e-01
    outer loop
      vertex   1.969160e+01 -2.789050e+01 -1.399680e+01
      vertex   1.880760e+01 -2.910730e+01 -1.399680e+01
      vertex   2.494940e+01 -3.078100e+01 -1.400000e+01
    endloop
  endfacet
  facet normal  5.408643e-04  6.822199e-05  9.999999e-01
    outer loop
      vertex   2.041270e+01  2.449790e+01 -1.399680e+01
      vertex   2.639170e+01  2.399590e+01 -1.400000e+01
      vertex   2.013235e+01  2.672050e+01 -1.399680e+01
    endloop
  endfacet
  facet normal  2.964086e-02 -9.979439e-01  5.682871e-02
    outer loop
      vertex   1.717400e+01  1.331710e+01 -1.400000e+01
      vertex   1.392932e+01  1.305367e+01 -1.693356e+01
      vertex   1.504163e+01  1.309294e+01 -1.682422e+01
    endloop
  endfacet
  facet normal -3.252588e-04 -4.285181e-04  9.999999e-01
    outer loop
      vertex   6.037799e+00  1.642630e+01 -1.400000e+01
      vertex   8.433749e+00  1.460770e+01 -1.400000e+01
      vertex   1.063513e+01  2.041006e+01 -1.399680e+01
    endloop
  endfacet
  facet normal  5.559846e-05 -5.197556e-04  9.999999e-01
    outer loop
      vertex   1.406000e+01 -3.094095e+01 -1.399680e+01
      vertex   1.518720e+01 -3.697630e+01 -1.400000e+01
      vertex   1.628790e+01 -3.070630e+01 -1.399680e+01
    endloop
  endfacet
  facet normal  0.000000e+00 -0.000000e+00  1.000000e+00
    outer loop
      vertex   1.969160e+01 -2.789050e+01  1.200000e+01
      vertex   1.969160e+01 -2.210950e+01  1.200000e+01
      vertex   1.880760e+01 -2.089270e+01  1.200000e+01
    endloop
  endfacet
  facet normal  9.293138e-01 -3.679362e-01  3.160361e-02
    outer loop
      vertex  -1.835180e+01 -5.781040e+00 -2.000000e+01
      vertex  -1.724450e+01 -2.984280e+00 -2.000000e+01
      vertex  -1.854544e+01 -5.988653e+00 -1.672310e+01
    endloop
  endfacet
  facet normal  8.015847e-01 -5.978811e-01 -4.797166e-04
    outer loop
      vertex   2.536721e+00 -1.661019e+00  1.012364e+01
      vertex   1.814682e+00 -2.628531e+00  9.461565e+00
      vertex   1.794760e+00 -2.637445e+00 -1.271833e+01
    endloop
  endfacet
  facet normal -1.610345e-04 -4.956289e-04  9.999999e-01
    outer loop
      vertex   1.406000e+01 -3.094095e+01 -1.399680e+01
      vertex   9.324401e+00 -3.585790e+01 -1.400000e+01
      vertex   1.218520e+01 -3.678740e+01 -1.400000e+01
    endloop
  endfacet
  facet normal -2.598614e-01  9.645613e-01  4.575574e-02
    outer loop
      vertex  -1.835180e+01 -5.781040e+00 -2.000000e+01
      vertex  -1.854544e+01 -5.988653e+00 -1.672310e+01
      vertex  -1.845000e+01 -5.913565e+00 -1.776393e+01
    endloop
  endfacet
  facet normal -9.973195e-01  7.316893e-02 -4.180303e-04
    outer loop
      vertex   8.834663e+00  2.702221e+01  1.200000e+01
      vertex   8.606234e+00  2.376010e+01 -1.399680e+01
      vertex   8.598634e+00  2.380504e+01  1.200000e+01
    endloop
  endfacet
  facet normal -4.324092e-01 -9.016143e-01 -1.067518e-02
    outer loop
      vertex   1.324532e+01  1.915823e+01 -1.399680e+01
      vertex   1.142238e+01  1.983299e+01  2.853568e+00
      vertex   1.063513e+01  2.041006e+01 -1.399680e+01
    endloop
  endfacet
  facet normal  6.974426e-01 -7.164195e-01  1.780391e-02
    outer loop
      vertex   2.536721e+00 -1.661019e+00  1.012364e+01
      vertex   2.485044e+00 -1.527518e+00  1.752000e+01
      vertex   1.478898e+00 -2.676182e+00  1.071271e+01
    endloop
  endfacet
  facet normal  4.348585e-04 -3.159237e-04  9.999999e-01
    outer loop
      vertex   2.494940e+01 -3.078100e+01 -1.400000e+01
      vertex   1.880760e+01 -2.910730e+01 -1.399680e+01
      vertex   2.318140e+01 -3.321460e+01 -1.400000e+01
    endloop
  endfacet
  facet normal -5.358261e-01 -8.443283e-01  0.000000e+00
    outer loop
      vertex  -3.651660e+01 -9.246160e+00 -2.000000e+01
      vertex  -3.397690e+01 -1.085790e+01 -1.400000e+01
      vertex  -3.651660e+01 -9.246160e+00 -1.400000e+01
    endloop
  endfacet
  facet normal -8.654134e-01  4.950265e-01  7.751464e-02
    outer loop
      vertex   1.617320e+00  2.741753e+00 -1.704221e+01
      vertex   8.373234e+00  1.466663e+01 -1.777077e+01
      vertex   1.591034e+00  2.810657e+00 -1.777572e+01
    endloop
  endfacet
  facet normal  2.240741e-04 -4.713076e-04  9.999998e-01
    outer loop
      vertex   1.788714e+01  2.015096e+01 -1.399680e+01
      vertex   1.580390e+01  1.915851e+01 -1.399680e+01
      vertex   1.999330e+01  1.436560e+01 -1.400000e+01
    endloop
  endfacet
  facet normal  0.000000e+00  0.000000e+00 -1.000000e+00
    outer loop
      vertex   4.725550e+00 -3.205340e+01 -2.000000e+01
      vertex   4.725550e+00 -1.794660e+01 -2.000000e+01
      vertex   6.784668e+00 -1.575380e+01 -2.000000e+01
    endloop
  endfacet
  facet normal  3.685432e-04 -3.977056e-04  9.999998e-01
    outer loop
      vertex  -2.422170e+01 -3.732893e+00 -1.399680e+01
      vertex  -2.565250e+01 -5.065970e+00 -1.399680e+01
      vertex  -2.243760e+01 -1.013190e+01 -1.400000e+01
    endloop
  endfacet
  facet normal  0.000000e+00  0.000000e+00 -1.000000e+00
    outer loop
      vertex   1.418240e+01  1.300260e+01 -2.000000e+01
      vertex   1.120670e+01  1.344200e+01 -2.000000e+01
      vertex   1.317940e+01  3.693430e+01 -2.000000e+01
    endloop
  endfacet
  facet normal -5.071118e-01  8.618634e-01  5.391374e-03
    outer loop
      vertex  -2.319901e+00  1.457772e+00  2.628000e+01
      vertex  -2.744726e-01  2.606483e+00  3.504000e+01
      vertex  -1.307287e-01  2.745859e+00  2.628000e+01
    endloop
  endfacet
  facet normal  2.591191e-04  4.503084e-04  9.999999e-01
    outer loop
      vertex   1.596871e+01  3.075178e+01 -1.399680e+01
      vertex   1.863993e+01  2.921258e+01 -1.399680e+01
      vertex   1.908390e+01  3.606240e+01 -1.400000e+01
    endloop
  endfacet
  facet normal  2.403912e-01 -9.706761e-01  1.741760e-04
    outer loop
      vertex   1.794760e+00 -2.637445e+00 -1.271833e+01
      vertex   1.814682e+00 -2.628531e+00  9.461565e+00
      vertex   7.600734e-02 -3.059012e+00  1.006087e+01
    endloop
  endfacet
  facet normal  0.000000e+00  0.000000e+00 -1.000000e+00
    outer loop
      vertex  -3.111610e+01  1.178740e+01 -2.000000e+01
      vertex  -3.397690e+01 -1.085790e+01 -2.000000e+01
      vertex  -3.397690e+01  1.085790e+01 -2.000000e+01
    endloop
  endfacet
  facet normal -4.634616e-01  8.861169e-01 -4.390606e-04
    outer loop
      vertex  -3.064198e+01  5.682465e+00 -1.399680e+01
      vertex  -3.269210e+01  4.623080e+00  1.200000e+01
      vertex  -3.070700e+01  5.661339e+00  1.200000e+01
    endloop
  endfacet
  facet normal -6.280051e-02 -9.980261e-01  0.000000e+00
    outer loop
      vertex   1.518720e+01 -3.697630e+01 -2.000000e+01
      vertex   1.518720e+01 -3.697630e+01 -1.400000e+01
      vertex   1.218520e+01 -3.678740e+01 -2.000000e+01
    endloop
  endfacet
  facet normal  1.976605e-01 -9.801726e-01  1.385284e-02
    outer loop
      vertex  -8.688964e-02 -2.860383e+00  1.752000e+01
      vertex   1.599440e+00 -2.520320e+00  1.752000e+01
      vertex   1.529790e+00 -2.410560e+00  2.628000e+01
    endloop
  endfacet
  facet normal -6.279838e-02  9.980262e-01  0.000000e+00
    outer loop
      vertex  -3.111610e+01  1.178740e+01 -2.000000e+01
      vertex  -3.111610e+01  1.178740e+01 -1.400000e+01
      vertex  -2.811400e+01  1.197630e+01 -2.000000e+01
    endloop
  endfacet
  facet normal  3.066697e-04 -4.412386e-04  9.999998e-01
    outer loop
      vertex   2.246330e+01  1.608230e+01 -1.400000e+01
      vertex   1.788714e+01  2.015096e+01 -1.399680e+01
      vertex   1.999330e+01  1.436560e+01 -1.400000e+01
    endloop
  endfacet
  facet normal -5.405584e-01 -8.413057e-01  1.180963e-03
    outer loop
      vertex  -3.316725e+01 -4.117064e+00 -1.399680e+01
      vertex  -3.070700e+01 -5.661339e+00  1.200000e+01
      vertex  -3.325365e+01 -4.025060e+00  1.200000e+01
    endloop
  endfacet
  facet normal  1.180048e-02 -7.396667e-04 -9.999301e-01
    outer loop
      vertex   1.504834e+01  1.907910e+01  9.519554e+00
      vertex   1.507929e+01 -1.906310e+01  9.548134e+00
      vertex   1.402993e+01 -1.906095e+01  9.535748e+00
    endloop
  endfacet
  facet normal  0.000000e+00  0.000000e+00 -1.000000e+00
    outer loop
      vertex   8.433749e+00  1.460770e+01 -2.000000e+01
      vertex   7.585190e+00  3.485380e+01 -2.000000e+01
      vertex   1.025090e+01  3.624740e+01 -2.000000e+01
    endloop
  endfacet
  facet normal  9.909619e-02  9.950779e-01  0.000000e+00
    outer loop
      vertex   1.596871e+01  3.075178e+01 -1.399680e+01
      vertex   1.380660e+01  3.096710e+01 -1.399680e+01
      vertex   1.380660e+01  3.096710e+01  1.200000e+01
    endloop
  endfacet
  facet normal -7.500621e-01  6.613614e-01 -2.831373e-03
    outer loop
      vertex   9.303826e+00 -2.198360e+01  9.427705e+00
      vertex   1.106273e+01 -2.008908e+01 -1.399680e+01
      vertex   9.144921e+00 -2.226410e+01 -1.399680e+01
    endloop
  endfacet
  facet normal  0.000000e+00  0.000000e+00 -1.000000e+00
    outer loop
      vertex   2.576630e+01  2.105360e+01 -2.000000e+01
      vertex   2.539630e+01  2.988080e+01 -2.000000e+01
      vertex   2.626570e+01  2.700120e+01 -2.000000e+01
    endloop
  endfacet
  facet normal  5.741937e-01  8.186988e-01 -5.833667e-03
    outer loop
      vertex  -2.305149e+01  1.159118e+00  1.128039e+01
      vertex  -2.298531e+01  9.325874e-01 -1.399680e+01
      vertex  -2.310577e+01  1.185039e+00  9.575556e+00
    endloop
  endfacet
  facet normal -7.289723e-01 -6.845433e-01  0.000000e+00
    outer loop
      vertex  -3.651660e+01 -9.246160e+00 -2.000000e+01
      vertex  -3.651660e+01 -9.246160e+00 -1.400000e+01
      vertex  -3.857570e+01 -7.053421e+00 -1.400000e+01
    endloop
  endfacet
  facet normal  7.747818e-01  6.314412e-01  3.155042e-02
    outer loop
      vertex   1.617320e+00  2.741753e+00 -1.704221e+01
      vertex   2.729408e+00  1.525003e+00 -2.000000e+01
      vertex   1.591034e+00  2.810657e+00 -1.777572e+01
    endloop
  endfacet
  facet normal  1.006475e-04  5.276637e-04  9.999999e-01
    outer loop
      vertex   1.518720e+01 -1.302370e+01 -1.400000e+01
      vertex   1.628790e+01 -1.929370e+01 -1.399680e+01
      vertex   1.814200e+01 -1.358730e+01 -1.400000e+01
    endloop
  endfacet
  facet normal  9.867158e-01 -1.624439e-01  1.945571e-03
    outer loop
      vertex  -2.293863e+01 -5.629762e-01  4.058322e+00
      vertex  -2.309034e+01 -1.400533e+00  1.106674e+01
      vertex  -2.305600e+01 -1.492141e+00 -1.399680e+01
    endloop
  endfacet
  facet normal -7.289776e-01  6.845376e-01  5.284025e-08
    outer loop
      vertex   6.784668e+00 -1.575380e+01 -1.400000e+01
      vertex   4.725550e+00 -1.794660e+01 -2.000000e+01
      vertex   4.725550e+00 -1.794660e+01 -1.400000e+01
    endloop
  endfacet
  facet normal -2.285302e-01 -9.735368e-01  0.000000e+00
    outer loop
      vertex   1.406000e+01 -3.094095e+01  1.200000e+01
      vertex   1.187910e+01 -3.042900e+01  1.200000e+01
      vertex   1.187910e+01 -3.042900e+01 -1.399680e+01
    endloop
  endfacet
  facet normal  1.979107e-01 -9.801228e-01  1.380410e-02
    outer loop
      vertex  -8.688964e-02 -2.860383e+00  1.752000e+01
      vertex   1.529790e+00 -2.410560e+00  2.628000e+01
      vertex  -1.307287e-01 -2.745859e+00  2.628000e+01
    endloop
  endfacet
  facet normal -1.237671e-01 -3.762361e-03  9.923041e-01
    outer loop
      vertex   1.509816e+01 -1.303048e+01 -1.691622e+01
      vertex   1.504163e+01  1.309294e+01 -1.682422e+01
      vertex   1.400516e+01 -1.309805e+01 -1.705280e+01
    endloop
  endfacet
  facet normal  1.237671e-01  3.762361e-03 -9.923041e-01
    outer loop
      vertex   1.509816e+01 -1.303048e+01 -1.691622e+01
      vertex   1.400516e+01 -1.309805e+01 -1.705280e+01
      vertex   1.504163e+01  1.309294e+01 -1.682422e+01
    endloop
  endfacet
  facet normal  8.957071e-01 -4.446445e-01  0.000000e+00
    outer loop
      vertex   2.442880e+01  1.835930e+01 -2.000000e+01
      vertex   2.576630e+01  2.105360e+01 -2.000000e+01
      vertex   2.576630e+01  2.105360e+01 -1.400000e+01
    endloop
  endfacet
  facet normal -2.311468e-01 -9.728189e-01  1.394949e-02
    outer loop
      vertex   1.154682e+01  1.982040e+01  4.037302e+00
      vertex   1.142238e+01  1.983299e+01  2.853568e+00
      vertex   1.324532e+01  1.915823e+01 -1.399680e+01
    endloop
  endfacet
  facet normal  0.000000e+00  0.000000e+00 -1.000000e+00
    outer loop
      vertex  -3.857570e+01 -7.053421e+00 -2.000000e+01
      vertex  -3.651660e+01  9.246160e+00 -2.000000e+01
      vertex  -3.651660e+01 -9.246160e+00 -2.000000e+01
    endloop
  endfacet
  facet normal  9.157953e-01  4.007589e-01  2.666854e-02
    outer loop
      vertex  -1.835180e+01  5.781040e+00 -2.000000e+01
      vertex  -1.851518e+01  6.005838e+00 -1.776782e+01
      vertex  -1.850930e+01  5.924901e+00 -1.675354e+01
    endloop
  endfacet
  facet normal -8.763087e-01  4.817500e-01  0.000000e+00
    outer loop
      vertex  -4.002480e+01  4.417490e+00 -1.400000e+01
      vertex  -3.857570e+01  7.053421e+00 -1.400000e+01
      vertex  -4.002480e+01  4.417490e+00 -2.000000e+01
    endloop
  endfacet
  facet normal -8.270574e-01  5.619269e-01  1.463680e-02
    outer loop
      vertex  -1.902710e+00  2.299980e+00  1.752000e+01
      vertex  -2.655352e+00  1.192223e+00  1.752000e+01
      vertex  -2.319901e+00  1.457772e+00  2.628000e+01
    endloop
  endfacet
  facet normal -6.279838e-02 -9.980262e-01 -0.000000e+00
    outer loop
      vertex  -2.811400e+01 -1.197630e+01 -1.400000e+01
      vertex  -3.111610e+01 -1.178740e+01 -2.000000e+01
      vertex  -2.811400e+01 -1.197630e+01 -2.000000e+01
    endloop
  endfacet
  facet normal -5.358257e-01  8.443286e-01  0.000000e+00
    outer loop
      vertex  -3.651660e+01  9.246160e+00 -1.400000e+01
      vertex  -3.397690e+01  1.085790e+01 -2.000000e+01
      vertex  -3.651660e+01  9.246160e+00 -2.000000e+01
    endloop
  endfacet
  facet normal  2.746244e-01 -9.615239e-01  7.299043e-03
    outer loop
      vertex   1.150770e+01 -1.982489e+01  4.063426e+00
      vertex   1.142998e+01 -1.985604e+01  2.884127e+00
      vertex   1.106273e+01 -2.008908e+01 -1.399680e+01
    endloop
  endfacet
  facet normal -1.268387e-01 -9.919233e-01  6.400438e-05
    outer loop
      vertex   1.353899e+01  1.912232e+01  1.142219e+01
      vertex   1.324532e+01  1.915823e+01 -1.399680e+01
      vertex   1.398895e+01  1.906466e+01  9.535162e+00
    endloop
  endfacet
  facet normal -2.746244e-01  9.615239e-01 -7.299043e-03
    outer loop
      vertex   1.150770e+01 -1.982489e+01  4.063426e+00
      vertex   1.106273e+01 -2.008908e+01 -1.399680e+01
      vertex   1.142998e+01 -1.985604e+01  2.884127e+00
    endloop
  endfacet
  facet normal -1.227202e-04  5.232952e-04  9.999999e-01
    outer loop
      vertex   1.234230e+01  3.062370e+01 -1.399680e+01
      vertex   1.380660e+01  3.096710e+01 -1.399680e+01
      vertex   1.317940e+01  3.693430e+01 -1.400000e+01
    endloop
  endfacet
  facet normal  5.616378e-05 -5.342411e-04  9.999999e-01
    outer loop
      vertex   1.717400e+01  1.331710e+01 -1.400000e+01
      vertex   1.580390e+01  1.915851e+01 -1.399680e+01
      vertex   1.418240e+01  1.300260e+01 -1.400000e+01
    endloop
  endfacet
  facet normal -4.787886e-01  8.301485e-01 -2.856834e-01
    outer loop
      vertex   3.977054e+00  1.925198e+01 -1.697239e+01
      vertex   4.061246e+00  1.902655e+01 -1.776857e+01
      vertex  -1.851518e+01  6.005838e+00 -1.776782e+01
    endloop
  endfacet
  facet normal  1.793876e-03  7.403742e-02  9.972538e-01
    outer loop
      vertex  -1.692944e+01  4.900700e-01 -1.676670e+01
      vertex  -3.181051e+00 -5.374774e-01 -1.671514e+01
      vertex  -3.186188e+00  5.098464e-01 -1.679289e+01
    endloop
  endfacet
  facet normal  6.374099e-01  7.705248e-01 -2.026272e-07
    outer loop
      vertex   2.318140e+01 -1.678540e+01 -2.000000e+01
      vertex   2.086370e+01 -1.486810e+01 -1.400000e+01
      vertex   2.318140e+01 -1.678540e+01 -1.400000e+01
    endloop
  endfacet
  facet normal  4.257559e-01 -9.048380e-01  3.123711e-08
    outer loop
      vertex   1.764870e+01 -3.006600e+01 -1.399680e+01
      vertex   1.764870e+01 -3.006600e+01  1.200000e+01
      vertex   1.628790e+01 -3.070630e+01 -1.399680e+01
    endloop
  endfacet
  facet normal  5.424749e-01 -8.347878e-01 -9.407625e-02
    outer loop
      vertex   1.663582e+00 -2.707706e+00 -1.694571e+01
      vertex   2.673735e+00 -1.707070e+00 -2.000000e+01
      vertex   2.255320e+00 -2.318939e+00 -1.698328e+01
    endloop
  endfacet
  facet normal -9.483163e-01  3.173251e-01  9.760511e-04
    outer loop
      vertex   9.205530e+00 -2.216027e+01  1.113530e+01
      vertex   9.144921e+00 -2.226410e+01 -1.399680e+01
      vertex   8.481070e+00 -2.424800e+01 -1.399680e+01
    endloop
  endfacet
  facet normal -5.949416e-02 -2.535129e-02 -9.979067e-01
    outer loop
      vertex   8.677493e+00 -1.455261e+01 -1.706296e+01
      vertex   7.846299e+00 -1.508012e+01 -1.700000e+01
      vertex   1.663582e+00 -2.707706e+00 -1.694571e+01
    endloop
  endfacet
  facet normal  5.949416e-02  2.535129e-02  9.979067e-01
    outer loop
      vertex   8.677493e+00 -1.455261e+01 -1.706296e+01
      vertex   1.663582e+00 -2.707706e+00 -1.694571e+01
      vertex   7.846299e+00 -1.508012e+01 -1.700000e+01
    endloop
  endfacet
  facet normal -0.000000e+00  0.000000e+00 -1.000000e+00
    outer loop
      vertex  -1.835180e+01  5.781040e+00 -2.000000e+01
      vertex  -2.011990e+01 -8.214561e+00 -2.000000e+01
      vertex  -2.011990e+01  8.214561e+00 -2.000000e+01
    endloop
  endfacet
  facet normal -3.742830e-01  9.260084e-01  4.919929e-02
    outer loop
      vertex   1.154682e+01  1.982040e+01  4.037302e+00
      vertex   1.063513e+01  2.041006e+01 -1.399680e+01
      vertex   1.142238e+01  1.983299e+01  2.853568e+00
    endloop
  endfacet
  facet normal  0.000000e+00  0.000000e+00 -1.000000e+00
    outer loop
      vertex   8.433749e+00  1.460770e+01 -2.000000e+01
      vertex   1.025090e+01  3.624740e+01 -2.000000e+01
      vertex   1.120670e+01  1.344200e+01 -2.000000e+01
    endloop
  endfacet
  facet normal  5.059673e-01  1.970443e-01 -8.397443e-01
    outer loop
      vertex   1.134143e+01 -1.992400e+01  1.114332e+01
      vertex   1.814682e+00 -2.628531e+00  9.461565e+00
      vertex   2.536721e+00 -1.661019e+00  1.012364e+01
    endloop
  endfacet
  facet normal  4.352323e-04 -3.162221e-04  9.999998e-01
    outer loop
      vertex  -2.422170e+01 -3.732893e+00 -1.399680e+01
      vertex  -2.011990e+01 -8.214561e+00 -1.400000e+01
      vertex  -1.835180e+01 -5.781040e+00 -1.400000e+01
    endloop
  endfacet
  facet normal  1.873584e-01  9.822625e-01  7.568082e-03
    outer loop
      vertex   1.509816e+01 -1.303048e+01 -1.691622e+01
      vertex   1.814200e+01 -1.358730e+01 -2.000000e+01
      vertex   1.518720e+01 -1.302370e+01 -2.000000e+01
    endloop
  endfacet
  facet normal -4.632962e-01  8.862035e-01  0.000000e+00
    outer loop
      vertex   7.585190e+00  3.485380e+01 -1.400000e+01
      vertex   1.025090e+01  3.624740e+01 -1.400000e+01
      vertex   7.585190e+00  3.485380e+01 -2.000000e+01
    endloop
  endfacet
  facet normal -4.129641e-04 -3.273048e-04  9.999999e-01
    outer loop
      vertex   6.037799e+00  1.642630e+01 -1.400000e+01
      vertex   1.063513e+01  2.041006e+01 -1.399680e+01
      vertex   4.169380e+00  1.878370e+01 -1.400000e+01
    endloop
  endfacet
  facet normal  5.000018e-01  8.660244e-01 -1.585230e-07
    outer loop
      vertex   2.168890e+01  3.455840e+01 -2.000000e+01
      vertex   1.908390e+01  3.606240e+01 -2.000000e+01
      vertex   1.908390e+01  3.606240e+01 -1.400000e+01
    endloop
  endfacet
  facet normal -5.358350e-01  8.443227e-01 -1.700504e-05
    outer loop
      vertex   6.784668e+00 -1.575380e+01 -1.400000e+01
      vertex   8.677493e+00 -1.455261e+01 -1.706296e+01
      vertex   7.846299e+00 -1.508012e+01 -1.700000e+01
    endloop
  endfacet
  facet normal -6.176046e-02  9.980909e-01  4.106053e-04
    outer loop
      vertex   1.509816e+01 -1.303048e+01 -1.691622e+01
      vertex   1.518720e+01 -1.302370e+01 -2.000000e+01
      vertex   1.400516e+01 -1.309805e+01 -1.705280e+01
    endloop
  endfacet
  facet normal -5.268748e-01 -8.499426e-01 -6.270584e-04
    outer loop
      vertex  -3.316725e+01 -4.117064e+00 -1.399680e+01
      vertex  -3.064198e+01 -5.682465e+00 -1.399680e+01
      vertex  -3.070700e+01 -5.661339e+00  1.200000e+01
    endloop
  endfacet
  facet normal  7.862297e-01  6.163210e-01  4.462131e-02
    outer loop
      vertex  -1.850930e+01  5.924901e+00 -1.675354e+01
      vertex  -1.851518e+01  6.005838e+00 -1.776782e+01
      vertex  -2.011990e+01  8.214561e+00 -2.000000e+01
    endloop
  endfacet
  facet normal  4.810290e-04 -2.401806e-04  9.999999e-01
    outer loop
      vertex   2.576630e+01  2.105360e+01 -1.400000e+01
      vertex   2.010000e+01  2.302680e+01 -1.399680e+01
      vertex   1.943130e+01  2.167960e+01 -1.399680e+01
    endloop
  endfacet
  facet normal  1.922024e-04  5.096135e-04  9.999999e-01
    outer loop
      vertex  -2.769528e+01  5.836411e+00 -1.399680e+01
      vertex  -2.565250e+01  5.065970e+00 -1.399680e+01
      vertex  -2.243760e+01  1.013190e+01 -1.400000e+01
    endloop
  endfacet
  facet normal  8.179138e-01  5.753408e-01  0.000000e+00
    outer loop
      vertex  -1.850930e+01  5.924901e+00 -1.675354e+01
      vertex  -2.011990e+01  8.214561e+00 -2.000000e+01
      vertex  -2.011990e+01  8.214561e+00 -1.400000e+01
    endloop
  endfacet
  facet normal -4.850876e-01 -8.558847e-01 -1.793079e-01
    outer loop
      vertex   9.205530e+00 -2.216027e+01  1.113530e+01
      vertex  -2.397985e+01 -3.375594e+00  1.124850e+01
      vertex  -2.379719e+01 -3.100862e+00  9.442964e+00
    endloop
  endfacet
  facet normal  1.058897e-01 -9.943778e-01 -2.093972e-04
    outer loop
      vertex   8.969900e-01 -3.111405e+00 -1.698673e+01
      vertex   8.881522e-01 -3.113091e+00 -1.344904e+01
      vertex  -1.443845e-01 -3.221664e+00 -2.000000e+01
    endloop
  endfacet
  facet normal -5.504915e-01 -8.348398e-01 -1.342215e-03
    outer loop
      vertex   1.154682e+01  1.982040e+01  4.037302e+00
      vertex   1.162059e+01  1.976307e+01  9.438909e+00
      vertex   1.115129e+01  2.006982e+01  1.112524e+01
    endloop
  endfacet
  facet normal  6.792728e-01  7.338858e-01 -5.007248e-08
    outer loop
      vertex  -2.424114e+01  3.759634e+00 -1.399680e+01
      vertex  -2.565250e+01  5.065970e+00 -1.399680e+01
      vertex  -2.565250e+01  5.065970e+00  1.200000e+01
    endloop
  endfacet
  facet normal  4.997543e-04 -1.978786e-04  9.999999e-01
    outer loop
      vertex   1.969160e+01 -2.789050e+01 -1.399680e+01
      vertex   2.494940e+01 -3.078100e+01 -1.400000e+01
      vertex   2.024530e+01 -2.649210e+01 -1.399680e+01
    endloop
  endfacet
  facet normal -3.376597e-05  5.366033e-04  9.999998e-01
    outer loop
      vertex   1.518720e+01 -1.302370e+01 -1.400000e+01
      vertex   1.218520e+01 -1.321260e+01 -1.400000e+01
      vertex   1.388680e+01 -1.906995e+01 -1.399680e+01
    endloop
  endfacet
  facet normal  1.007108e-04 -5.279813e-04  9.999998e-01
    outer loop
      vertex  -2.769528e+01 -5.836411e+00 -1.399680e+01
      vertex  -2.811400e+01 -1.197630e+01 -1.400000e+01
      vertex  -2.515930e+01 -1.141270e+01 -1.400000e+01
    endloop
  endfacet
  facet normal  0.000000e+00  0.000000e+00 -1.000000e+00
    outer loop
      vertex  -3.857570e+01 -7.053421e+00 -2.000000e+01
      vertex  -4.002480e+01 -4.417490e+00 -2.000000e+01
      vertex  -3.857570e+01  7.053421e+00 -2.000000e+01
    endloop
  endfacet
  facet normal  7.676110e-01 -6.406304e-01  1.912784e-02
    outer loop
      vertex   2.485044e+00 -1.527518e+00  1.752000e+01
      vertex   2.485660e+00 -1.265226e+00  2.628000e+01
      vertex   1.529790e+00 -2.410560e+00  2.628000e+01
    endloop
  endfacet
  facet normal -9.685797e-01  2.487034e-01  0.000000e+00
    outer loop
      vertex  -4.002480e+01  4.417490e+00 -1.400000e+01
      vertex  -4.002480e+01  4.417490e+00 -2.000000e+01
      vertex  -4.077290e+01  1.504000e+00 -2.000000e+01
    endloop
  endfacet
  facet normal  1.979107e-01  9.801236e-01  1.374396e-02
    outer loop
      vertex   1.529790e+00  2.410560e+00  2.628000e+01
      vertex  -1.350705e-01  2.869574e+00  1.752000e+01
      vertex  -1.307287e-01  2.745859e+00  2.628000e+01
    endloop
  endfacet
  facet normal -9.964929e-01  8.367832e-02  0.000000e+00
    outer loop
      vertex   2.695980e+00  2.749490e+01 -2.000000e+01
      vertex   2.444280e+00  2.449750e+01 -2.000000e+01
      vertex   2.695980e+00  2.749490e+01 -1.400000e+01
    endloop
  endfacet
  facet normal  9.921135e-01  1.253421e-01  1.813123e-06
    outer loop
      vertex  -2.293582e+01  5.406001e-01  4.121187e+00
      vertex  -2.288338e+01  1.255078e-01  2.844211e+00
      vertex  -2.298531e+01  9.325874e-01 -1.399680e+01
    endloop
  endfacet
  facet normal  8.090350e-01 -5.877605e-01  2.571853e-07
    outer loop
      vertex   2.318140e+01 -3.321460e+01 -1.400000e+01
      vertex   2.318140e+01 -3.321460e+01 -2.000000e+01
      vertex   2.494940e+01 -3.078100e+01 -2.000000e+01
    endloop
  endfacet
  facet normal  1.922024e-04 -5.096135e-04  9.999999e-01
    outer loop
      vertex  -2.769528e+01 -5.836411e+00 -1.399680e+01
      vertex  -2.243760e+01 -1.013190e+01 -1.400000e+01
      vertex  -2.565250e+01 -5.065970e+00 -1.399680e+01
    endloop
  endfacet
  facet normal -4.632952e-01  8.862040e-01 -5.680388e-07
    outer loop
      vertex   7.585190e+00  3.485380e+01 -2.000000e+01
      vertex   1.025090e+01  3.624740e+01 -1.400000e+01
      vertex   1.025090e+01  3.624740e+01 -2.000000e+01
    endloop
  endfacet
  facet normal -6.691411e-01  7.431353e-01  1.063571e-07
    outer loop
      vertex   5.349811e+00  3.284100e+01 -1.400000e+01
      vertex   7.585190e+00  3.485380e+01 -2.000000e+01
      vertex   5.349810e+00  3.284100e+01 -2.000000e+01
    endloop
  endfacet
  facet normal -5.199105e-04  0.000000e+00  9.999999e-01
    outer loop
      vertex   2.528380e+00 -2.650400e+01 -1.400000e+01
      vertex   8.682471e+00 -2.653638e+01 -1.399680e+01
      vertex   2.528380e+00 -2.349600e+01 -1.400000e+01
    endloop
  endfacet
  facet normal  8.089452e-01 -5.877466e-01 -1.271283e-02
    outer loop
      vertex  -1.854544e+01 -5.988653e+00 -1.672310e+01
      vertex  -1.835180e+01 -5.781040e+00 -1.400000e+01
      vertex  -2.011990e+01 -8.214561e+00 -1.400000e+01
    endloop
  endfacet
  facet normal -3.918264e-04 -3.679395e-04  9.999999e-01
    outer loop
      vertex   4.725550e+00 -3.205340e+01 -1.400000e+01
      vertex   6.784669e+00 -3.424620e+01 -1.400000e+01
      vertex   9.579650e+00 -2.852670e+01 -1.399680e+01
    endloop
  endfacet
  facet normal  4.614555e-04 -6.856148e-02 -9.976468e-01
    outer loop
      vertex  -1.688003e+01  9.914834e-02 -1.778483e+01
      vertex  -3.224370e+00  1.397688e-01 -1.778131e+01
      vertex  -3.224370e+00 -2.452635e-01 -1.775485e+01
    endloop
  endfacet
  facet normal -9.999790e-01 -6.427752e-03  8.629350e-04
    outer loop
      vertex  -3.461620e+01  1.546590e+00  1.200000e+01
      vertex  -3.461881e+01 -1.536403e+00 -1.399680e+01
      vertex  -3.459580e+01 -1.626050e+00  1.200000e+01
    endloop
  endfacet
  facet normal -5.081525e-04  1.304716e-04  9.999999e-01
    outer loop
      vertex   9.144921e+00 -2.226410e+01 -1.399680e+01
      vertex   3.276440e+00 -2.058250e+01 -1.400000e+01
      vertex   2.528380e+00 -2.349600e+01 -1.400000e+01
    endloop
  endfacet
  facet normal  6.147022e-01  7.886028e-01  1.570899e-02
    outer loop
      vertex   1.529991e+00  2.788786e+00 -1.274109e+01
      vertex   2.653738e+00  1.458970e+00  1.004375e+01
      vertex   1.647339e+00  2.723535e+00 -1.405736e+01
    endloop
  endfacet
  facet normal -2.542369e-02  5.403164e-02  9.982155e-01
    outer loop
      vertex   1.764870e+01 -3.006600e+01  1.200000e+01
      vertex   1.583418e+01 -1.920713e+01  1.136601e+01
      vertex   1.628790e+01 -3.070630e+01  1.200000e+01
    endloop
  endfacet
  facet normal -9.727521e-01 -8.309525e-03 -2.316987e-01
    outer loop
      vertex   1.388114e+01 -1.907031e+01  1.135543e+01
      vertex   1.353899e+01  1.912232e+01  1.142219e+01
      vertex   1.398895e+01  1.906466e+01  9.535162e+00
    endloop
  endfacet
  facet normal  7.939417e-01  6.078343e-01  1.393013e-02
    outer loop
      vertex   2.478915e+00  1.170830e+00  2.628000e+01
      vertex   1.529790e+00  2.410560e+00  2.628000e+01
      vertex   1.460130e+00  2.300790e+00  3.504000e+01
    endloop
  endfacet
  facet normal -1.660433e-04  5.110452e-04  9.999998e-01
    outer loop
      vertex  -3.064198e+01  5.682465e+00 -1.399680e+01
      vertex  -3.111610e+01  1.178740e+01 -1.400000e+01
      vertex  -3.397690e+01  1.085790e+01 -1.400000e+01
    endloop
  endfacet
  facet normal -3.394394e-01  9.406124e-01 -5.396226e-03
    outer loop
      vertex   1.388680e+01 -1.906995e+01 -1.399680e+01
      vertex   1.106273e+01 -2.008908e+01 -1.399680e+01
      vertex   1.150770e+01 -1.982489e+01  4.063426e+00
    endloop
  endfacet
  facet normal  6.374186e-01 -7.705176e-01  0.000000e+00
    outer loop
      vertex  -2.011990e+01 -8.214561e+00 -2.000000e+01
      vertex  -2.011990e+01 -8.214561e+00 -1.400000e+01
      vertex  -2.243760e+01 -1.013190e+01 -2.000000e+01
    endloop
  endfacet
  facet normal -8.600789e-01 -5.095409e-01  2.514795e-02
    outer loop
      vertex   8.677493e+00 -1.455261e+01 -1.706296e+01
      vertex   1.663582e+00 -2.707706e+00 -1.694571e+01
      vertex   1.673924e+00 -2.766180e+00 -1.777680e+01
    endloop
  endfacet
  facet normal  8.600789e-01  5.095409e-01 -2.514795e-02
    outer loop
      vertex   8.677493e+00 -1.455261e+01 -1.706296e+01
      vertex   1.673924e+00 -2.766180e+00 -1.777680e+01
      vertex   1.663582e+00 -2.707706e+00 -1.694571e+01
    endloop
  endfacet
  facet normal -2.283199e-01  9.735862e-01  0.000000e+00
    outer loop
      vertex   1.234230e+01  3.062370e+01 -1.399680e+01
      vertex   1.234230e+01  3.062370e+01  1.200000e+01
      vertex   1.380660e+01  3.096710e+01 -1.399680e+01
    endloop
  endfacet
  facet normal -4.590032e-04  2.523366e-04  9.999999e-01
    outer loop
      vertex  -4.002480e+01  4.417490e+00 -1.400000e+01
      vertex  -3.460203e+01  1.601770e+00 -1.399680e+01
      vertex  -3.857570e+01  7.053421e+00 -1.400000e+01
    endloop
  endfacet
  facet normal  0.000000e+00  0.000000e+00 -1.000000e+00
    outer loop
      vertex  -1.724450e+01 -2.984280e+00 -2.000000e+01
      vertex  -1.724450e+01  2.984280e+00 -2.000000e+01
      vertex  -1.686750e+01  1.036280e-07 -2.000000e+01
    endloop
  endfacet
  facet normal  4.257563e-01 -9.048378e-01  0.000000e+00
    outer loop
      vertex   1.628790e+01 -3.070630e+01 -1.399680e+01
      vertex   1.764870e+01 -3.006600e+01  1.200000e+01
      vertex   1.628790e+01 -3.070630e+01  1.200000e+01
    endloop
  endfacet
  facet normal  2.689241e-01  9.631614e-01 -0.000000e+00
    outer loop
      vertex   1.618680e+01  3.687130e+01 -2.000000e+01
      vertex   1.618680e+01  3.687130e+01 -1.400000e+01
      vertex   1.908390e+01  3.606240e+01 -2.000000e+01
    endloop
  endfacet
  facet normal  5.368107e-01  8.355024e-01  1.173461e-01
    outer loop
      vertex   9.205530e+00 -2.216027e+01  1.113530e+01
      vertex   9.303826e+00 -2.198360e+01  9.427705e+00
      vertex  -2.309034e+01 -1.400533e+00  1.106674e+01
    endloop
  endfacet
  facet normal -7.229971e-01 -6.908208e-01 -6.466150e-03
    outer loop
      vertex   9.269674e+00  2.204158e+01  1.085725e+01
      vertex   9.278620e+00  2.204556e+01  9.431961e+00
      vertex   1.115129e+01  2.006982e+01  1.112524e+01
    endloop
  endfacet
  facet normal -4.042611e-04 -3.619039e-04  9.999998e-01
    outer loop
      vertex   1.063513e+01  2.041006e+01 -1.399680e+01
      vertex   9.301570e+00  2.189180e+01 -1.399680e+01
      vertex   4.169380e+00  1.878370e+01 -1.400000e+01
    endloop
  endfacet
  facet normal -1.751747e-04  4.872941e-04  9.999999e-01
    outer loop
      vertex   1.388680e+01 -1.906995e+01 -1.399680e+01
      vertex   9.324401e+00 -1.414210e+01 -1.400000e+01
      vertex   1.106273e+01 -2.008908e+01 -1.399680e+01
    endloop
  endfacet
  facet normal  1.006466e-04 -5.276638e-04  9.999999e-01
    outer loop
      vertex   1.518720e+01 -3.697630e+01 -1.400000e+01
      vertex   1.814200e+01 -3.641270e+01 -1.400000e+01
      vertex   1.628790e+01 -3.070630e+01 -1.399680e+01
    endloop
  endfacet
  facet normal  5.002037e-04 -1.980418e-04  9.999999e-01
    outer loop
      vertex  -2.305600e+01 -1.492141e+00 -1.399680e+01
      vertex  -1.835180e+01 -5.781040e+00 -1.400000e+01
      vertex  -1.724450e+01 -2.984280e+00 -1.400000e+01
    endloop
  endfacet
  facet normal  0.000000e+00  0.000000e+00  1.000000e+00
    outer loop
      vertex   1.969160e+01 -2.210950e+01  1.200000e+01
      vertex   2.024530e+01 -2.649210e+01  1.200000e+01
      vertex   2.032908e+01 -2.417106e+01  1.200000e+01
    endloop
  endfacet
  facet normal  5.000021e-01  8.660242e-01 -0.000000e+00
    outer loop
      vertex   2.168890e+01  3.455840e+01 -2.000000e+01
      vertex   1.908390e+01  3.606240e+01 -1.400000e+01
      vertex   2.168890e+01  3.455840e+01 -1.400000e+01
    endloop
  endfacet
  facet normal  6.374136e-01  7.705218e-01 -0.000000e+00
    outer loop
      vertex   1.880760e+01 -2.089270e+01 -1.399680e+01
      vertex   1.764870e+01 -1.993400e+01  1.200000e+01
      vertex   1.880760e+01 -2.089270e+01  1.200000e+01
    endloop
  endfacet
  facet normal -5.975766e-03 -2.980430e-02  9.995379e-01
    outer loop
      vertex  -1.694208e+01 -5.902795e-01 -1.679899e+01
      vertex  -3.181051e+00 -5.374774e-01 -1.671514e+01
      vertex  -1.692944e+01  4.900700e-01 -1.676670e+01
    endloop
  endfacet
  facet normal  8.090103e-01 -5.877939e-01  6.884068e-04
    outer loop
      vertex  -1.835180e+01 -5.781040e+00 -2.000000e+01
      vertex  -1.845000e+01 -5.913565e+00 -1.776393e+01
      vertex  -2.011990e+01 -8.214561e+00 -2.000000e+01
    endloop
  endfacet
  facet normal  1.892159e-01 -9.805048e-01  5.298865e-02
    outer loop
      vertex   1.663582e+00 -2.707706e+00 -1.694571e+01
      vertex  -1.443845e-01 -3.221664e+00 -2.000000e+01
      vertex   1.331918e+00 -2.936770e+00 -2.000000e+01
    endloop
  endfacet
  facet normal  5.229842e-04  1.556239e-04  9.999999e-01
    outer loop
      vertex   1.969160e+01 -2.210950e+01 -1.399680e+01
      vertex   2.034680e+01 -2.431134e+01 -1.399680e+01
      vertex   2.494940e+01 -1.921900e+01 -1.400000e+01
    endloop
  endfacet
  facet normal  9.920859e-01 -1.255613e-01 -4.093492e-05
    outer loop
      vertex  -1.694208e+01 -5.902795e-01 -1.679899e+01
      vertex  -1.686750e+01  1.036280e-07 -2.000000e+01
      vertex  -1.689845e+01 -2.452635e-01 -1.775485e+01
    endloop
  endfacet
  facet normal -5.358115e-01 -8.443376e-01  7.926263e-08
    outer loop
      vertex   9.324401e+00 -3.585790e+01 -1.400000e+01
      vertex   6.784669e+00 -3.424620e+01 -1.400000e+01
      vertex   6.784668e+00 -3.424620e+01 -2.000000e+01
    endloop
  endfacet
  facet normal  0.000000e+00  0.000000e+00  1.000000e+00
    outer loop
      vertex   2.013235e+01  2.672050e+01  1.200000e+01
      vertex   2.010000e+01  2.302680e+01  1.200000e+01
      vertex   2.041270e+01  2.449790e+01  1.200000e+01
    endloop
  endfacet
  facet normal  2.277675e-04  4.870419e-04  9.999998e-01
    outer loop
      vertex   1.628790e+01 -1.929370e+01 -1.399680e+01
      vertex   1.764870e+01 -1.993400e+01 -1.399680e+01
      vertex   2.086370e+01 -1.486810e+01 -1.400000e+01
    endloop
  endfacet
  facet normal  6.452559e-01 -4.508814e-02  7.626349e-01
    outer loop
      vertex  -2.293582e+01  5.406001e-01  4.121187e+00
      vertex  -2.293863e+01 -5.629762e-01  4.058322e+00
      vertex  -3.188459e+00 -4.806506e-01 -1.264719e+01
    endloop
  endfacet
  facet normal  7.952605e-01 -6.055624e-01  2.924132e-02
    outer loop
      vertex  -2.011990e+01 -8.214561e+00 -2.000000e+01
      vertex  -1.845000e+01 -5.913565e+00 -1.776393e+01
      vertex  -1.854544e+01 -5.988653e+00 -1.672310e+01
    endloop
  endfacet
  facet normal  7.228528e-01  6.909872e-01  4.521544e-03
    outer loop
      vertex  -2.424114e+01  3.759634e+00 -1.399680e+01
      vertex  -2.565250e+01  5.065970e+00  1.200000e+01
      vertex  -2.390685e+01  3.246140e+00  1.103386e+01
    endloop
  endfacet
  facet normal -5.358261e-01  8.443283e-01 -2.684047e-07
    outer loop
      vertex  -3.397690e+01  1.085790e+01 -1.400000e+01
      vertex  -3.397690e+01  1.085790e+01 -2.000000e+01
      vertex  -3.651660e+01  9.246160e+00 -1.400000e+01
    endloop
  endfacet
  facet normal  9.993817e-01 -3.432931e-02  7.602115e-03
    outer loop
      vertex   2.536721e+00 -1.661019e+00  1.012364e+01
      vertex   2.579464e+00  1.221206e+00  1.752000e+01
      vertex   2.485044e+00 -1.527518e+00  1.752000e+01
    endloop
  endfacet
  facet normal -0.000000e+00  0.000000e+00 -1.000000e+00
    outer loop
      vertex   2.605680e+01 -2.201570e+01 -2.000000e+01
      vertex   2.494940e+01 -3.078100e+01 -2.000000e+01
      vertex   2.494940e+01 -1.921900e+01 -2.000000e+01
    endloop
  endfacet
  facet normal  5.257525e-04 -1.117508e-04  9.999999e-01
    outer loop
      vertex   2.576630e+01  2.105360e+01 -1.400000e+01
      vertex   2.639170e+01  2.399590e+01 -1.400000e+01
      vertex   2.010000e+01  2.302680e+01 -1.399680e+01
    endloop
  endfacet
  facet normal  8.254474e-01 -4.684567e-01  3.149362e-01
    outer loop
      vertex   1.852905e+00  2.599960e+00  9.510476e+00
      vertex   1.162059e+01  1.976307e+01  9.438909e+00
      vertex   1.115129e+01  2.006982e+01  1.112524e+01
    endloop
  endfacet
  facet normal  0.000000e+00  0.000000e+00 -1.000000e+00
    outer loop
      vertex  -3.651660e+01 -9.246160e+00 -2.000000e+01
      vertex  -3.397690e+01  1.085790e+01 -2.000000e+01
      vertex  -3.397690e+01 -1.085790e+01 -2.000000e+01
    endloop
  endfacet
  facet normal  9.985785e-01 -5.269603e-02  8.008470e-03
    outer loop
      vertex  -1.686750e+01  1.036280e-07 -2.000000e+01
      vertex  -1.688003e+01  9.914834e-02 -1.778483e+01
      vertex  -1.689845e+01 -2.452635e-01 -1.775485e+01
    endloop
  endfacet
  facet normal -9.460573e-01 -3.239799e-01  3.568970e-03
    outer loop
      vertex  -3.182049e+00 -5.054241e-01 -1.406987e+01
      vertex  -3.181051e+00 -5.374774e-01 -1.671514e+01
      vertex  -3.054898e+00 -9.420456e-01 -2.000000e+01
    endloop
  endfacet
  facet normal -6.280051e-02 -9.980261e-01  0.000000e+00
    outer loop
      vertex   1.518720e+01 -3.697630e+01 -1.400000e+01
      vertex   1.218520e+01 -3.678740e+01 -1.400000e+01
      vertex   1.218520e+01 -3.678740e+01 -2.000000e+01
    endloop
  endfacet
  facet normal -1.460774e-01 -9.892623e-01 -4.621209e-03
    outer loop
      vertex   1.120670e+01  1.344200e+01 -1.400000e+01
      vertex   1.392932e+01  1.305367e+01 -1.693356e+01
      vertex   1.418240e+01  1.300260e+01 -1.400000e+01
    endloop
  endfacet
  facet normal  9.992676e-01 -3.725449e-02  8.742661e-03
    outer loop
      vertex   2.536721e+00 -1.661019e+00  1.012364e+01
      vertex   2.653738e+00  1.458970e+00  1.004375e+01
      vertex   2.579464e+00  1.221206e+00  1.752000e+01
    endloop
  endfacet
  facet normal  8.164093e-01 -5.774737e-01  0.000000e+00
    outer loop
      vertex  -2.011990e+01 -8.214561e+00 -2.000000e+01
      vertex  -1.854544e+01 -5.988653e+00 -1.672310e+01
      vertex  -2.011990e+01 -8.214561e+00 -1.400000e+01
    endloop
  endfacet
  facet normal  8.658131e-01  4.877621e-01  1.116052e-01
    outer loop
      vertex   1.134143e+01 -1.992400e+01  1.114332e+01
      vertex   1.150303e+01 -1.982145e+01  9.441456e+00
      vertex   1.814682e+00 -2.628531e+00  9.461565e+00
    endloop
  endfacet
  facet normal -6.279197e-02  9.980265e-01 -5.533855e-04
    outer loop
      vertex  -3.070700e+01  5.661339e+00  1.200000e+01
      vertex  -2.775210e+01  5.847250e+00  1.200000e+01
      vertex  -2.769528e+01  5.836411e+00 -1.399680e+01
    endloop
  endfacet
  facet normal  0.000000e+00  0.000000e+00  1.000000e+00
    outer loop
      vertex   1.764870e+01 -1.993400e+01  1.200000e+01
      vertex   1.880760e+01 -2.910730e+01  1.200000e+01
      vertex   1.880760e+01 -2.089270e+01  1.200000e+01
    endloop
  endfacet
  facet normal -8.762946e-01  4.817758e-01  6.964164e-08
    outer loop
      vertex   4.725550e+00 -1.794660e+01 -2.000000e+01
      vertex   4.476965e+00 -1.839874e+01 -1.700000e+01
      vertex   4.725550e+00 -1.794660e+01 -1.400000e+01
    endloop
  endfacet
  facet normal -9.998539e-01 -1.682647e-02 -3.016156e-03
    outer loop
      vertex  -2.404043e+00 -1.294409e+00  2.628000e+01
      vertex  -2.434716e+00 -1.042037e+00  3.504000e+01
      vertex  -2.468315e+00  9.544739e-01  3.504000e+01
    endloop
  endfacet
  facet normal -9.085181e-01 -4.178455e-01 -0.000000e+00
    outer loop
      vertex   9.579650e+00 -2.852670e+01  1.200000e+01
      vertex   8.705488e+00 -2.662602e+01  1.200000e+01
      vertex   9.579650e+00 -2.852670e+01 -1.399680e+01
    endloop
  endfacet
  facet normal -1.000000e+00  0.000000e+00 -3.973643e-08
    outer loop
      vertex   2.528380e+00 -2.650400e+01 -2.000000e+01
      vertex   2.528380e+00 -2.650400e+01 -1.400000e+01
      vertex   2.528380e+00 -2.349600e+01 -1.400000e+01
    endloop
  endfacet
  facet normal  8.654243e-01 -4.950076e-01 -7.751326e-02
    outer loop
      vertex   1.617320e+00  2.741753e+00 -1.704221e+01
      vertex   1.591034e+00  2.810657e+00 -1.777572e+01
      vertex   8.447688e+00  1.468293e+01 -1.703973e+01
    endloop
  endfacet
  facet normal  1.979104e-01  9.801222e-01  1.385551e-02
    outer loop
      vertex   1.460130e+00  2.300790e+00  3.504000e+01
      vertex   1.529790e+00  2.410560e+00  2.628000e+01
      vertex  -1.307287e-01  2.745859e+00  2.628000e+01
    endloop
  endfacet
  facet normal -3.433248e-01 -2.594303e-01 -9.026760e-01
    outer loop
      vertex   1.852905e+00  2.599960e+00  9.510476e+00
      vertex   8.228587e-02  3.049153e+00  1.005482e+01
      vertex   9.306299e-01  3.104990e+00  9.716109e+00
    endloop
  endfacet
  facet normal -5.358109e-01  8.443380e-01 -3.268868e-06
    outer loop
      vertex   9.324401e+00 -1.414210e+01 -2.000000e+01
      vertex   6.784668e+00 -1.575380e+01 -2.000000e+01
      vertex   8.545645e+00 -1.463629e+01 -1.776921e+01
    endloop
  endfacet
  facet normal -1.685362e-01  9.182323e-02 -9.814092e-01
    outer loop
      vertex   1.852905e+00  2.599960e+00  9.510476e+00
      vertex   9.306299e-01  3.104990e+00  9.716109e+00
      vertex   1.162059e+01  1.976307e+01  9.438909e+00
    endloop
  endfacet
  facet normal  2.599558e-04  4.502542e-04  9.999999e-01
    outer loop
      vertex   2.168890e+01  3.455840e+01 -1.400000e+01
      vertex   1.908390e+01  3.606240e+01 -1.400000e+01
      vertex   1.863993e+01  2.921258e+01 -1.399680e+01
    endloop
  endfacet
  facet normal -5.435443e-04 -4.783767e-05  9.999999e-01
    outer loop
      vertex   8.481070e+00 -2.424800e+01 -1.399680e+01
      vertex   2.528380e+00 -2.349600e+01 -1.400000e+01
      vertex   8.682471e+00 -2.653638e+01 -1.399680e+01
    endloop
  endfacet
  facet normal  1.919106e-06 -5.199527e-04  9.999999e-01
    outer loop
      vertex   1.324532e+01  1.915823e+01 -1.399680e+01
      vertex   1.418240e+01  1.300260e+01 -1.400000e+01
      vertex   1.580390e+01  1.915851e+01 -1.399680e+01
    endloop
  endfacet
  facet normal  0.000000e+00  0.000000e+00 -1.000000e+00
    outer loop
      vertex   4.725550e+00 -3.205340e+01 -2.000000e+01
      vertex   6.784668e+00 -1.575380e+01 -2.000000e+01
      vertex   6.784668e+00 -3.424620e+01 -2.000000e+01
    endloop
  endfacet
  facet normal  0.000000e+00 -0.000000e+00 -1.000000e+00
    outer loop
      vertex  -2.515930e+01  1.141270e+01 -2.000000e+01
      vertex  -2.515930e+01 -1.141270e+01 -2.000000e+01
      vertex  -2.811400e+01 -1.197630e+01 -2.000000e+01
    endloop
  endfacet
  facet normal  0.000000e+00 -0.000000e+00  1.000000e+00
    outer loop
      vertex  -2.565250e+01 -5.065970e+00  1.200000e+01
      vertex  -2.565250e+01  5.065970e+00  1.200000e+01
      vertex  -2.775210e+01  5.847250e+00  1.200000e+01
    endloop
  endfacet
  facet normal  1.873621e-01 -9.822909e-01  0.000000e+00
    outer loop
      vertex   1.814200e+01 -3.641270e+01 -2.000000e+01
      vertex   1.814200e+01 -3.641270e+01 -1.400000e+01
      vertex   1.518720e+01 -3.697630e+01 -2.000000e+01
    endloop
  endfacet
  facet normal -8.977262e-01 -4.405536e-01 -6.182184e-04
    outer loop
      vertex  -3.183634e+00 -5.215145e-01  9.465491e+00
      vertex  -3.188459e+00 -4.806506e-01 -1.264719e+01
      vertex  -2.824194e+00 -1.254862e+00  1.011407e+01
    endloop
  endfacet
  facet normal  4.257964e-01  9.048190e-01 -0.000000e+00
    outer loop
      vertex   1.814200e+01 -1.358730e+01 -2.000000e+01
      vertex   1.814200e+01 -1.358730e+01 -1.400000e+01
      vertex   2.086370e+01 -1.486810e+01 -2.000000e+01
    endloop
  endfacet
  facet normal  2.504666e-01 -1.697481e-01  9.531275e-01
    outer loop
      vertex   1.115129e+01  2.006982e+01  1.112524e+01
      vertex   1.727299e+00  2.554406e+00  1.048229e+01
      vertex   2.653738e+00  1.458970e+00  1.004375e+01
    endloop
  endfacet
  facet normal -2.504666e-01  1.697481e-01 -9.531275e-01
    outer loop
      vertex   1.115129e+01  2.006982e+01  1.112524e+01
      vertex   2.653738e+00  1.458970e+00  1.004375e+01
      vertex   1.727299e+00  2.554406e+00  1.048229e+01
    endloop
  endfacet
  facet normal -2.713476e-01 -4.589286e-02  9.613867e-01
    outer loop
      vertex   1.603460e+01  3.073340e+01  1.200000e+01
      vertex   1.549869e+01  1.912643e+01  1.129467e+01
      vertex   1.783100e+01  2.011195e+01  1.200000e+01
    endloop
  endfacet
  facet normal -5.358114e-01 -8.443377e-01 -0.000000e+00
    outer loop
      vertex   9.324401e+00 -3.585790e+01 -1.400000e+01
      vertex   6.784668e+00 -3.424620e+01 -2.000000e+01
      vertex   9.324401e+00 -3.585790e+01 -2.000000e+01
    endloop
  endfacet
  facet normal  0.000000e+00  0.000000e+00  1.000000e+00
    outer loop
      vertex   1.603460e+01  3.073340e+01  1.200000e+01
      vertex   1.783100e+01  2.011195e+01  1.200000e+01
      vertex   1.854975e+01  2.930088e+01  1.200000e+01
    endloop
  endfacet
  facet normal  9.781477e-01 -2.079109e-01  7.992118e-07
    outer loop
      vertex   2.576630e+01  2.105360e+01 -2.000000e+01
      vertex   2.639170e+01  2.399590e+01 -2.000000e+01
      vertex   2.639170e+01  2.399590e+01 -1.400000e+01
    endloop
  endfacet
  facet normal  3.685357e-04 -3.716559e-04  9.999999e-01
    outer loop
      vertex   2.246330e+01  1.608230e+01 -1.400000e+01
      vertex   1.943130e+01  2.167960e+01 -1.399680e+01
      vertex   1.788714e+01  2.015096e+01 -1.399680e+01
    endloop
  endfacet
  facet normal -9.525294e-01  3.044443e-01  1.156623e-03
    outer loop
      vertex  -3.175976e+00  5.310920e-01 -1.397492e+01
      vertex  -3.006678e+00  1.083672e+00 -2.000000e+01
      vertex  -3.186188e+00  5.098464e-01 -1.679289e+01
    endloop
  endfacet
  facet normal -4.633111e-01  8.861957e-01  0.000000e+00
    outer loop
      vertex   1.100950e+01  2.992690e+01 -1.399680e+01
      vertex   1.100950e+01  2.992690e+01  1.200000e+01
      vertex   1.234230e+01  3.062370e+01  1.200000e+01
    endloop
  endfacet
  facet normal -5.226304e-01 -8.478222e-01  8.974940e-02
    outer loop
      vertex  -8.688964e-02 -2.860383e+00  1.752000e+01
      vertex  -2.518655e+00 -1.361349e+00  1.752000e+01
      vertex  -1.797629e+00 -2.601876e+00  1.000000e+01
    endloop
  endfacet
  facet normal -0.000000e+00  0.000000e+00 -1.000000e+00
    outer loop
      vertex  -2.011990e+01 -8.214561e+00 -2.000000e+01
      vertex  -2.243760e+01 -1.013190e+01 -2.000000e+01
      vertex  -2.011990e+01  8.214561e+00 -2.000000e+01
    endloop
  endfacet
  facet normal -6.044414e-01 -7.963324e-01 -2.248118e-02
    outer loop
      vertex   6.037799e+00  1.642630e+01 -1.400000e+01
      vertex   8.447688e+00  1.468293e+01 -1.703973e+01
      vertex   8.433749e+00  1.460770e+01 -1.400000e+01
    endloop
  endfacet
  facet normal -3.778155e-04  3.547831e-04  9.999999e-01
    outer loop
      vertex   6.784668e+00 -1.575380e+01 -1.400000e+01
      vertex   4.725550e+00 -1.794660e+01 -1.400000e+01
      vertex   9.144921e+00 -2.226410e+01 -1.399680e+01
    endloop
  endfacet
  facet normal -9.288548e-01 -3.704371e-01  2.264949e-03
    outer loop
      vertex  -2.824194e+00 -1.254862e+00  1.011407e+01
      vertex  -3.188459e+00 -4.806506e-01 -1.264719e+01
      vertex  -3.182049e+00 -5.054241e-01 -1.406987e+01
    endloop
  endfacet
  facet normal -9.972672e-01 -5.065261e-03 -7.370526e-02
    outer loop
      vertex  -3.224370e+00 -2.452635e-01 -1.775485e+01
      vertex  -3.224370e+00  1.397688e-01 -1.778131e+01
      vertex  -3.054898e+00 -9.420456e-01 -2.000000e+01
    endloop
  endfacet
  facet normal  0.000000e+00  0.000000e+00 -1.000000e+00
    outer loop
      vertex  -4.077290e+01  1.504000e+00 -2.000000e+01
      vertex  -4.002480e+01  4.417490e+00 -2.000000e+01
      vertex  -4.077290e+01 -1.504000e+00 -2.000000e+01
    endloop
  endfacet
  facet normal  8.090106e-01  5.877941e-01  1.690640e-05
    outer loop
      vertex  -1.835180e+01  5.781040e+00 -2.000000e+01
      vertex  -2.011990e+01  8.214561e+00 -2.000000e+01
      vertex  -1.851518e+01  6.005838e+00 -1.776782e+01
    endloop
  endfacet
  facet normal -5.701493e-03  5.413330e-02  9.985175e-01
    outer loop
      vertex   1.406000e+01 -3.094095e+01  1.200000e+01
      vertex   1.628790e+01 -3.070630e+01  1.200000e+01
      vertex   1.388114e+01 -1.907031e+01  1.135543e+01
    endloop
  endfacet
  facet normal -6.280116e-02  9.980261e-01  8.139729e-06
    outer loop
      vertex   1.518720e+01 -1.302370e+01 -1.400000e+01
      vertex   1.400516e+01 -1.309805e+01 -1.705280e+01
      vertex   1.218520e+01 -1.321260e+01 -1.400000e+01
    endloop
  endfacet
  facet normal  6.374178e-01 -7.705184e-01  6.078890e-07
    outer loop
      vertex  -2.243760e+01 -1.013190e+01 -2.000000e+01
      vertex  -2.011990e+01 -8.214561e+00 -1.400000e+01
      vertex  -2.243760e+01 -1.013190e+01 -1.400000e+01
    endloop
  endfacet
  facet normal -4.577394e-04 -2.516462e-04  9.999998e-01
    outer loop
      vertex   4.725550e+00 -3.205340e+01 -1.400000e+01
      vertex   8.682471e+00 -2.653638e+01 -1.399680e+01
      vertex   3.276440e+00 -2.941750e+01 -1.400000e+01
    endloop
  endfacet
  facet normal  1.148631e-02 -4.897921e-02  9.987338e-01
    outer loop
      vertex   1.353899e+01  1.912232e+01  1.142219e+01
      vertex   1.380660e+01  3.096710e+01  1.200000e+01
      vertex   1.234230e+01  3.062370e+01  1.200000e+01
    endloop
  endfacet
  facet normal -6.281476e-02  9.980252e-01  0.000000e+00
    outer loop
      vertex   1.218520e+01 -1.321260e+01 -1.400000e+01
      vertex   1.400516e+01 -1.309805e+01 -1.705280e+01
      vertex   1.218520e+01 -1.321260e+01 -2.000000e+01
    endloop
  endfacet
  facet normal  4.958949e-01  8.494035e-01  1.805600e-01
    outer loop
      vertex  -1.845000e+01 -5.913565e+00 -1.776393e+01
      vertex   4.041403e+00 -1.919105e+01 -1.707399e+01
      vertex   4.103403e+00 -1.907825e+01 -1.777490e+01
    endloop
  endfacet
  facet normal -4.958949e-01 -8.494035e-01 -1.805600e-01
    outer loop
      vertex  -1.845000e+01 -5.913565e+00 -1.776393e+01
      vertex   4.103403e+00 -1.907825e+01 -1.777490e+01
      vertex   4.041403e+00 -1.919105e+01 -1.707399e+01
    endloop
  endfacet
  facet normal  6.282487e-02 -9.980246e-01  1.795929e-05
    outer loop
      vertex   1.518720e+01 -1.302370e+01 -2.000000e+01
      vertex   1.446795e+01 -1.306893e+01 -1.776692e+01
      vertex   1.400516e+01 -1.309805e+01 -1.705280e+01
    endloop
  endfacet
  facet normal -7.858747e-05 -5.322085e-04  9.999999e-01
    outer loop
      vertex   1.120670e+01  1.344200e+01 -1.400000e+01
      vertex   1.418240e+01  1.300260e+01 -1.400000e+01
      vertex   1.324532e+01  1.915823e+01 -1.399680e+01
    endloop
  endfacet
  facet normal  0.000000e+00  0.000000e+00 -1.000000e+00
    outer loop
      vertex   2.945919e+00  2.153160e+01 -2.000000e+01
      vertex   2.444280e+00  2.449750e+01 -2.000000e+01
      vertex   2.695980e+00  2.749490e+01 -2.000000e+01
    endloop
  endfacet
  facet normal  4.983104e-01 -8.640175e-01 -7.183653e-02
    outer loop
      vertex  -1.850930e+01  5.924901e+00 -1.675354e+01
      vertex  -1.851518e+01  6.005838e+00 -1.776782e+01
      vertex   4.061246e+00  1.902655e+01 -1.776857e+01
    endloop
  endfacet
  facet normal -9.371958e-01 -3.488011e-01  1.371072e-03
    outer loop
      vertex   8.606234e+00  2.376010e+01 -1.399680e+01
      vertex   9.301570e+00  2.189180e+01 -1.399680e+01
      vertex   9.278620e+00  2.204556e+01  9.431961e+00
    endloop
  endfacet
  facet normal -1.000000e+00 -0.000000e+00  0.000000e+00
    outer loop
      vertex  -4.077290e+01  1.504000e+00 -1.400000e+01
      vertex  -4.077290e+01 -1.504000e+00 -2.000000e+01
      vertex  -4.077290e+01 -1.504000e+00 -1.400000e+01
    endloop
  endfacet
  facet normal  8.524426e-01  5.228194e-01  1.180962e-03
    outer loop
      vertex   2.013235e+01  2.672050e+01  1.200000e+01
      vertex   1.863993e+01  2.921258e+01 -1.399680e+01
      vertex   1.854975e+01  2.930088e+01  1.200000e+01
    endloop
  endfacet
  facet normal -5.242833e-01 -8.485761e-01  7.103097e-02
    outer loop
      vertex   6.037799e+00  1.642630e+01 -1.400000e+01
      vertex   7.816550e+00  1.507620e+01 -1.700000e+01
      vertex   8.447688e+00  1.468293e+01 -1.703973e+01
    endloop
  endfacet
  facet normal  0.000000e+00 -0.000000e+00 -1.000000e+00
    outer loop
      vertex   1.814200e+01 -1.358730e+01 -2.000000e+01
      vertex   1.814200e+01 -3.641270e+01 -2.000000e+01
      vertex   1.518720e+01 -3.697630e+01 -2.000000e+01
    endloop
  endfacet
  facet normal  0.000000e+00  0.000000e+00 -1.000000e+00
    outer loop
      vertex   1.218520e+01 -3.678740e+01 -2.000000e+01
      vertex   1.218520e+01 -1.321260e+01 -2.000000e+01
      vertex   1.518720e+01 -1.302370e+01 -2.000000e+01
    endloop
  endfacet
  facet normal -9.685831e-01 -2.486902e-01 -4.056844e-08
    outer loop
      vertex   3.276440e+00 -2.941750e+01 -2.000000e+01
      vertex   3.276440e+00 -2.941750e+01 -1.400000e+01
      vertex   2.528380e+00 -2.650400e+01 -1.400000e+01
    endloop
  endfacet
  facet normal -2.001025e-04 -4.760017e-04  9.999999e-01
    outer loop
      vertex   1.120670e+01  1.344200e+01 -1.400000e+01
      vertex   1.063513e+01  2.041006e+01 -1.399680e+01
      vertex   8.433749e+00  1.460770e+01 -1.400000e+01
    endloop
  endfacet
  facet normal  7.035242e-01 -7.106714e-01  0.000000e+00
    outer loop
      vertex   1.943130e+01  2.167960e+01  1.200000e+01
      vertex   1.788714e+01  2.015096e+01 -1.399680e+01
      vertex   1.943130e+01  2.167960e+01 -1.399680e+01
    endloop
  endfacet
  facet normal  4.718296e-04  2.095955e-04  9.999999e-01
    outer loop
      vertex  -2.424114e+01  3.759634e+00 -1.399680e+01
      vertex  -2.298531e+01  9.325874e-01 -1.399680e+01
      vertex  -1.835180e+01  5.781040e+00 -1.400000e+01
    endloop
  endfacet
  facet normal -3.052478e-01 -9.522443e-01  7.390298e-03
    outer loop
      vertex   7.600734e-02 -3.059012e+00  1.006087e+01
      vertex  -1.754161e+00 -2.705641e+00 -2.000000e+01
      vertex  -1.443845e-01 -3.221664e+00 -2.000000e+01
    endloop
  endfacet
  facet normal  9.293931e-01  3.679675e-01  2.878128e-02
    outer loop
      vertex  -1.835180e+01  5.781040e+00 -2.000000e+01
      vertex  -1.850930e+01  5.924901e+00 -1.675354e+01
      vertex  -1.724450e+01  2.984280e+00 -2.000000e+01
    endloop
  endfacet
  facet normal  5.651882e-02  9.987897e-02 -9.933931e-01
    outer loop
      vertex  -2.317536e+01 -1.497996e+00  9.639500e+00
      vertex   9.303826e+00 -2.198360e+01  9.427705e+00
      vertex  -2.379719e+01 -3.100862e+00  9.442964e+00
    endloop
  endfacet
  facet normal  6.493732e-02 -6.351478e-02  9.958659e-01
    outer loop
      vertex   1.353899e+01  1.912232e+01  1.142219e+01
      vertex   1.549869e+01  1.912643e+01  1.129467e+01
      vertex   1.603460e+01  3.073340e+01  1.200000e+01
    endloop
  endfacet
  facet normal  4.345996e-04  3.157348e-04  9.999998e-01
    outer loop
      vertex   1.880760e+01 -2.089270e+01 -1.399680e+01
      vertex   2.494940e+01 -1.921900e+01 -1.400000e+01
      vertex   2.318140e+01 -1.678540e+01 -1.400000e+01
    endloop
  endfacet
  facet normal  3.426096e-04 -4.141582e-04  9.999999e-01
    outer loop
      vertex   1.880760e+01 -2.910730e+01 -1.399680e+01
      vertex   2.086370e+01 -3.513190e+01 -1.400000e+01
      vertex   2.318140e+01 -3.321460e+01 -1.400000e+01
    endloop
  endfacet
  facet normal -8.047843e-01 -5.935674e-01 -3.775440e-07
    outer loop
      vertex  -2.824194e+00 -1.254862e+00  1.011407e+01
      vertex  -3.054898e+00 -9.420456e-01 -2.000000e+01
      vertex  -1.754161e+00 -2.705641e+00 -2.000000e+01
    endloop
  endfacet
  facet normal  3.718567e-01  9.282902e-01  2.728260e-08
    outer loop
      vertex   1.764870e+01 -1.993400e+01  1.200000e+01
      vertex   1.764870e+01 -1.993400e+01 -1.399680e+01
      vertex   1.583418e+01 -1.920713e+01  1.136601e+01
    endloop
  endfacet
  facet normal  3.994282e-01  7.460032e-01  5.328568e-01
    outer loop
      vertex   1.150770e+01 -1.982489e+01  4.063426e+00
      vertex   2.254381e+00 -2.319717e+00 -1.350768e+01
      vertex   1.794760e+00 -2.637445e+00 -1.271833e+01
    endloop
  endfacet
  facet normal  9.991223e-01  4.188828e-02 -0.000000e+00
    outer loop
      vertex   2.626570e+01  2.700120e+01 -2.000000e+01
      vertex   2.626570e+01  2.700120e+01 -1.400000e+01
      vertex   2.639170e+01  2.399590e+01 -1.400000e+01
    endloop
  endfacet
  facet normal -7.289723e-01  6.845433e-01  0.000000e+00
    outer loop
      vertex  -3.651660e+01  9.246160e+00 -1.400000e+01
      vertex  -3.857570e+01  7.053421e+00 -2.000000e+01
      vertex  -3.857570e+01  7.053421e+00 -1.400000e+01
    endloop
  endfacet
  facet normal  9.297642e-01  3.681554e-01 -0.000000e+00
    outer loop
      vertex   2.605680e+01 -2.201570e+01 -2.000000e+01
      vertex   2.494940e+01 -1.921900e+01 -2.000000e+01
      vertex   2.605680e+01 -2.201570e+01 -1.400000e+01
    endloop
  endfacet
  facet normal  8.090346e-01  5.877609e-01  0.000000e+00
    outer loop
      vertex   2.494940e+01 -1.921900e+01 -1.400000e+01
      vertex   2.494940e+01 -1.921900e+01 -2.000000e+01
      vertex   2.318140e+01 -1.678540e+01 -2.000000e+01
    endloop
  endfacet
  facet normal  0.000000e+00  0.000000e+00  1.000000e+00
    outer loop
      vertex   1.969160e+01 -2.789050e+01  1.200000e+01
      vertex   2.024530e+01 -2.649210e+01  1.200000e+01
      vertex   1.969160e+01 -2.210950e+01  1.200000e+01
    endloop
  endfacet
  facet normal -9.988366e-01  3.053718e-02  3.732327e-02
    outer loop
      vertex  -2.655352e+00  1.192223e+00  1.752000e+01
      vertex  -2.404043e+00 -1.294409e+00  2.628000e+01
      vertex  -2.319901e+00  1.457772e+00  2.628000e+01
    endloop
  endfacet
  facet normal  6.374142e-01 -7.705213e-01  0.000000e+00
    outer loop
      vertex   1.880760e+01 -2.910730e+01 -1.399680e+01
      vertex   1.880760e+01 -2.910730e+01  1.200000e+01
      vertex   1.764870e+01 -3.006600e+01 -1.399680e+01
    endloop
  endfacet
  facet normal -3.264968e-05  5.188865e-04  9.999999e-01
    outer loop
      vertex  -2.811400e+01  1.197630e+01 -1.400000e+01
      vertex  -3.111610e+01  1.178740e+01 -1.400000e+01
      vertex  -2.769528e+01  5.836411e+00 -1.399680e+01
    endloop
  endfacet
  facet normal -3.955652e-04  3.483481e-04  9.999998e-01
    outer loop
      vertex   6.784668e+00 -1.575380e+01 -1.400000e+01
      vertex   9.144921e+00 -2.226410e+01 -1.399680e+01
      vertex   1.106273e+01 -2.008908e+01 -1.399680e+01
    endloop
  endfacet
  facet normal -2.878280e-04 -4.535626e-04  9.999999e-01
    outer loop
      vertex   1.060920e+01 -2.962311e+01 -1.399680e+01
      vertex   6.784669e+00 -3.424620e+01 -1.400000e+01
      vertex   9.324401e+00 -3.585790e+01 -1.400000e+01
    endloop
  endfacet
  facet normal  4.601064e-01  8.878636e-01  5.556493e-04
    outer loop
      vertex   1.647339e+00  2.723535e+00 -1.405736e+01
      vertex   9.055313e-01  3.109776e+00 -1.696963e+01
      vertex   8.989486e-01  3.111032e+00 -1.352687e+01
    endloop
  endfacet
  facet normal  0.000000e+00  0.000000e+00  1.000000e+00
    outer loop
      vertex  -3.070700e+01  5.661339e+00  1.200000e+01
      vertex  -3.269210e+01  4.623080e+00  1.200000e+01
      vertex  -3.070700e+01 -5.661339e+00  1.200000e+01
    endloop
  endfacet
  facet normal -3.065290e-01  9.512606e-01  3.381046e-02
    outer loop
      vertex  -1.902710e+00  2.299980e+00  1.752000e+01
      vertex  -1.350705e-01  2.869574e+00  1.752000e+01
      vertex  -1.819549e+00  2.594059e+00  1.000000e+01
    endloop
  endfacet
  facet normal -9.447358e-01  3.278325e-01  0.000000e+00
    outer loop
      vertex   9.205530e+00 -2.216027e+01  1.113530e+01
      vertex   8.481070e+00 -2.424800e+01 -1.399680e+01
      vertex   8.481070e+00 -2.424800e+01  1.200000e+01
    endloop
  endfacet
  facet normal  1.873689e-01 -9.822897e-01  0.000000e+00
    outer loop
      vertex  -2.811400e+01 -1.197630e+01 -1.400000e+01
      vertex  -2.811400e+01 -1.197630e+01 -2.000000e+01
      vertex  -2.515930e+01 -1.141270e+01 -1.400000e+01
    endloop
  endfacet
  facet normal -5.358151e-01  8.443354e-01 -5.306144e-06
    outer loop
      vertex   9.324401e+00 -1.414210e+01 -2.000000e+01
      vertex   8.545645e+00 -1.463629e+01 -1.776921e+01
      vertex   8.677493e+00 -1.455261e+01 -1.706296e+01
    endloop
  endfacet
  facet normal  1.799496e-01  9.836758e-01  0.000000e+00
    outer loop
      vertex   1.509816e+01 -1.303048e+01 -1.691622e+01
      vertex   1.814200e+01 -1.358730e+01 -1.400000e+01
      vertex   1.814200e+01 -1.358730e+01 -2.000000e+01
    endloop
  endfacet
  facet normal  0.000000e+00  0.000000e+00  1.000000e+00
    outer loop
      vertex  -3.461620e+01  1.546590e+00  1.200000e+01
      vertex  -3.459580e+01 -1.626050e+00  1.200000e+01
      vertex  -3.325365e+01 -4.025060e+00  1.200000e+01
    endloop
  endfacet
  facet normal  0.000000e+00  0.000000e+00 -1.000000e+00
    outer loop
      vertex  -3.857570e+01 -7.053421e+00 -2.000000e+01
      vertex  -3.857570e+01  7.053421e+00 -2.000000e+01
      vertex  -3.651660e+01  9.246160e+00 -2.000000e+01
    endloop
  endfacet
  facet normal  9.320998e-01 -3.621721e-01  4.617176e-03
    outer loop
      vertex  -2.317536e+01 -1.497996e+00  9.639500e+00
      vertex  -2.379719e+01 -3.100862e+00  9.442964e+00
      vertex  -2.305600e+01 -1.492141e+00 -1.399680e+01
    endloop
  endfacet
  facet normal -3.392340e-01 -9.406984e-01  2.590197e-03
    outer loop
      vertex   1.154682e+01  1.982040e+01  4.037302e+00
      vertex   1.324532e+01  1.915823e+01 -1.399680e+01
      vertex   1.353899e+01  1.912232e+01  1.142219e+01
    endloop
  endfacet
  facet normal  2.804168e-01  9.593697e-01  3.124268e-02
    outer loop
      vertex  -1.350705e-01  2.869574e+00  1.752000e+01
      vertex   1.727299e+00  2.554406e+00  1.048229e+01
      vertex   8.228587e-02  3.049153e+00  1.005482e+01
    endloop
  endfacet
  facet normal  9.993976e-01  2.766802e-03  3.459481e-02
    outer loop
      vertex   2.478915e+00  1.170830e+00  2.628000e+01
      vertex   2.182927e+00 -1.446071e+00  3.504000e+01
      vertex   2.485660e+00 -1.265226e+00  2.628000e+01
    endloop
  endfacet
  facet normal -0.000000e+00  0.000000e+00  1.000000e+00
    outer loop
      vertex  -3.325365e+01 -4.025060e+00  1.200000e+01
      vertex  -3.070700e+01 -5.661339e+00  1.200000e+01
      vertex  -3.269210e+01  4.623080e+00  1.200000e+01
    endloop
  endfacet
  facet normal -7.289723e-01  6.845433e-01  0.000000e+00
    outer loop
      vertex  -3.651660e+01  9.246160e+00 -1.400000e+01
      vertex  -3.651660e+01  9.246160e+00 -2.000000e+01
      vertex  -3.857570e+01  7.053421e+00 -2.000000e+01
    endloop
  endfacet
  facet normal -9.111260e-01 -4.121277e-01 -1.310119e-07
    outer loop
      vertex   2.945919e+00  2.153160e+01 -2.000000e+01
      vertex   3.977054e+00  1.925198e+01 -1.697239e+01
      vertex   2.945919e+00  2.153160e+01 -1.400000e+01
    endloop
  endfacet
  facet normal  8.409562e-01 -2.856388e-02 -5.403488e-01
    outer loop
      vertex   1.504163e+01  1.309294e+01 -1.682422e+01
      vertex   1.400516e+01 -1.309805e+01 -1.705280e+01
      vertex   1.443565e+01  1.302924e+01 -1.776396e+01
    endloop
  endfacet
  facet normal  5.517763e-01 -8.339921e-01 -3.764003e-05
    outer loop
      vertex   1.589198e+00 -2.759781e+00 -1.411514e+01
      vertex   2.255320e+00 -2.318939e+00 -1.698328e+01
      vertex   2.254381e+00 -2.319717e+00 -1.350768e+01
    endloop
  endfacet
  facet normal  4.342430e-04  3.170433e-04  9.999998e-01
    outer loop
      vertex   1.969160e+01 -2.210950e+01 -1.399680e+01
      vertex   2.494940e+01 -1.921900e+01 -1.400000e+01
      vertex   1.880760e+01 -2.089270e+01 -1.399680e+01
    endloop
  endfacet
  facet normal  6.374186e-01  7.705176e-01  6.078898e-07
    outer loop
      vertex  -2.243760e+01  1.013190e+01 -2.000000e+01
      vertex  -2.243760e+01  1.013190e+01 -1.400000e+01
      vertex  -2.011990e+01  8.214561e+00 -2.000000e+01
    endloop
  endfacet
  facet normal -6.011605e-01  7.983314e-01  3.568242e-02
    outer loop
      vertex  -2.319901e+00  1.457772e+00  2.628000e+01
      vertex  -2.468315e+00  9.544739e-01  3.504000e+01
      vertex  -2.744726e-01  2.606483e+00  3.504000e+01
    endloop
  endfacet
  facet normal  4.593455e-01  8.882573e-01  8.016723e-04
    outer loop
      vertex   1.647339e+00  2.723535e+00 -1.405736e+01
      vertex   1.617320e+00  2.741753e+00 -1.704221e+01
      vertex   9.055313e-01  3.109776e+00 -1.696963e+01
    endloop
  endfacet
  facet normal -7.228826e-01  6.903275e-01  2.981246e-02
    outer loop
      vertex   9.205530e+00 -2.216027e+01  1.113530e+01
      vertex   1.134143e+01 -1.992400e+01  1.114332e+01
      vertex   9.303826e+00 -2.198360e+01  9.427705e+00
    endloop
  endfacet
  facet normal  3.424048e-04  4.139117e-04  9.999999e-01
    outer loop
      vertex   1.880760e+01 -2.089270e+01 -1.399680e+01
      vertex   2.318140e+01 -1.678540e+01 -1.400000e+01
      vertex   2.086370e+01 -1.486810e+01 -1.400000e+01
    endloop
  endfacet
  facet normal  4.257969e-01 -9.048188e-01  4.060716e-07
    outer loop
      vertex  -2.243760e+01 -1.013190e+01 -2.000000e+01
      vertex  -2.243760e+01 -1.013190e+01 -1.400000e+01
      vertex  -2.515930e+01 -1.141270e+01 -2.000000e+01
    endloop
  endfacet
  facet normal  4.300891e-01 -9.027863e-01 -4.260667e-04
    outer loop
      vertex   1.788714e+01  2.015096e+01 -1.399680e+01
      vertex   1.783100e+01  2.011195e+01  1.200000e+01
      vertex   1.580390e+01  1.915851e+01 -1.399680e+01
    endloop
  endfacet
  facet normal -9.994179e-01  3.055496e-02 -1.517679e-02
    outer loop
      vertex  -2.319901e+00  1.457772e+00  2.628000e+01
      vertex  -2.404043e+00 -1.294409e+00  2.628000e+01
      vertex  -2.468315e+00  9.544739e-01  3.504000e+01
    endloop
  endfacet
  facet normal -6.045851e-01 -7.965406e-01  1.057058e-06
    outer loop
      vertex   6.037799e+00  1.642630e+01 -1.400000e+01
      vertex   6.037789e+00  1.642630e+01 -2.000000e+01
      vertex   7.816550e+00  1.507620e+01 -1.700000e+01
    endloop
  endfacet
  facet normal  1.970761e-01 -9.759896e-01  9.276400e-02
    outer loop
      vertex  -1.307287e-01 -2.745859e+00  2.628000e+01
      vertex   1.529790e+00 -2.410560e+00  2.628000e+01
      vertex   2.182927e+00 -1.446071e+00  3.504000e+01
    endloop
  endfacet
  facet normal  7.981978e-01  6.021436e-01  1.741787e-02
    outer loop
      vertex   2.579464e+00  1.221206e+00  1.752000e+01
      vertex   1.727299e+00  2.554406e+00  1.048229e+01
      vertex   1.599440e+00  2.520320e+00  1.752000e+01
    endloop
  endfacet
  facet normal -8.538046e-01 -1.020518e-04 -5.205936e-01
    outer loop
      vertex   1.392932e+01  1.305367e+01 -1.693356e+01
      vertex   1.443565e+01  1.302924e+01 -1.776396e+01
      vertex   1.400516e+01 -1.309805e+01 -1.705280e+01
    endloop
  endfacet
  facet normal  0.000000e+00  0.000000e+00 -1.000000e+00
    outer loop
      vertex   4.169380e+00  1.878370e+01 -2.000000e+01
      vertex   5.349810e+00  3.284100e+01 -2.000000e+01
      vertex   6.037789e+00  1.642630e+01 -2.000000e+01
    endloop
  endfacet
  facet normal -9.859963e-01 -1.667673e-01  0.000000e+00
    outer loop
      vertex   2.945919e+00  2.153160e+01 -2.000000e+01
      vertex   2.444280e+00  2.449750e+01 -1.400000e+01
      vertex   2.444280e+00  2.449750e+01 -2.000000e+01
    endloop
  endfacet
  facet normal -5.358332e-01  8.443239e-01  1.611730e-05
    outer loop
      vertex   8.677493e+00 -1.455261e+01 -1.706296e+01
      vertex   6.784668e+00 -1.575380e+01 -2.000000e+01
      vertex   7.846299e+00 -1.508012e+01 -1.700000e+01
    endloop
  endfacet
  facet normal  4.949112e-01  8.689427e-01 -1.234935e-03
    outer loop
      vertex   1.603460e+01  3.073340e+01  1.200000e+01
      vertex   1.854975e+01  2.930088e+01  1.200000e+01
      vertex   1.863993e+01  2.921258e+01 -1.399680e+01
    endloop
  endfacet
  facet normal -5.185411e-04  2.772764e-06  9.999999e-01
    outer loop
      vertex  -4.077290e+01  1.504000e+00 -1.400000e+01
      vertex  -3.461881e+01 -1.536403e+00 -1.399680e+01
      vertex  -3.460203e+01  1.601770e+00 -1.399680e+01
    endloop
  endfacet
  facet normal -6.691351e-01  7.431409e-01  0.000000e+00
    outer loop
      vertex   1.100950e+01  2.992690e+01 -1.399680e+01
      vertex   9.891791e+00  2.892050e+01  1.200000e+01
      vertex   1.100950e+01  2.992690e+01  1.200000e+01
    endloop
  endfacet
  facet normal -9.853899e-01  1.684672e-01 -2.501204e-02
    outer loop
      vertex  -3.186188e+00  5.098464e-01 -1.679289e+01
      vertex  -3.006678e+00  1.083672e+00 -2.000000e+01
      vertex  -3.224370e+00  1.397688e-01 -1.778131e+01
    endloop
  endfacet
  facet normal -8.763053e-01 -4.817561e-01 -1.183249e-07
    outer loop
      vertex   3.276440e+00 -2.941750e+01 -2.000000e+01
      vertex   4.725550e+00 -3.205340e+01 -2.000000e+01
      vertex   3.276440e+00 -2.941750e+01 -1.400000e+01
    endloop
  endfacet
  facet normal  9.921149e-01  1.253319e-01 -3.104389e-07
    outer loop
      vertex   2.605680e+01 -2.201570e+01 -2.000000e+01
      vertex   2.643380e+01 -2.500000e+01 -1.400000e+01
      vertex   2.643380e+01 -2.500000e+01 -2.000000e+01
    endloop
  endfacet
  facet normal -3.533865e-01  9.301133e-01  1.000363e-01
    outer loop
      vertex   1.617320e+00  2.741753e+00 -1.704221e+01
      vertex   1.591034e+00  2.810657e+00 -1.777572e+01
      vertex   1.314674e+00  2.944884e+00 -2.000000e+01
    endloop
  endfacet
  facet normal -8.715839e-01 -4.902456e-01 -9.190859e-04
    outer loop
      vertex  -3.461881e+01 -1.536403e+00 -1.399680e+01
      vertex  -3.316725e+01 -4.117064e+00 -1.399680e+01
      vertex  -3.459580e+01 -1.626050e+00  1.200000e+01
    endloop
  endfacet
  facet normal  4.269005e-01 -9.040456e-01  2.138887e-02
    outer loop
      vertex  -1.307287e-01 -2.745859e+00  2.628000e+01
      vertex   2.182927e+00 -1.446071e+00  3.504000e+01
      vertex  -2.744726e-01 -2.606483e+00  3.504000e+01
    endloop
  endfacet
  facet normal  4.738826e-02 -2.483430e-02  9.985678e-01
    outer loop
      vertex   8.447688e+00  1.468293e+01 -1.703973e+01
      vertex   7.816550e+00  1.507620e+01 -1.700000e+01
      vertex   9.055313e-01  3.109776e+00 -1.696963e+01
    endloop
  endfacet
  facet normal -4.738826e-02  2.483430e-02 -9.985678e-01
    outer loop
      vertex   8.447688e+00  1.468293e+01 -1.703973e+01
      vertex   9.055313e-01  3.109776e+00 -1.696963e+01
      vertex   7.816550e+00  1.507620e+01 -1.700000e+01
    endloop
  endfacet
  facet normal  1.047439e-01 -9.944992e-01  0.000000e+00
    outer loop
      vertex   1.406000e+01 -3.094095e+01 -1.399680e+01
      vertex   1.628790e+01 -3.070630e+01 -1.399680e+01
      vertex   1.628790e+01 -3.070630e+01  1.200000e+01
    endloop
  endfacet
  facet normal -6.279197e-02 -9.980264e-01  6.539801e-04
    outer loop
      vertex  -3.070700e+01 -5.661339e+00  1.200000e+01
      vertex  -3.064198e+01 -5.682465e+00 -1.399680e+01
      vertex  -2.775210e+01 -5.847250e+00  1.200000e+01
    endloop
  endfacet
  facet normal  1.735281e-01  9.846548e-01  1.851375e-02
    outer loop
      vertex   1.460130e+00  2.300790e+00  3.504000e+01
      vertex  -1.307287e-01  2.745859e+00  2.628000e+01
      vertex  -2.744726e-01  2.606483e+00  3.504000e+01
    endloop
  endfacet
  facet normal  4.992643e-01  8.664495e-01 -6.528139e-04
    outer loop
      vertex   1.596871e+01  3.075178e+01 -1.399680e+01
      vertex   1.603460e+01  3.073340e+01  1.200000e+01
      vertex   1.863993e+01  2.921258e+01 -1.399680e+01
    endloop
  endfacet
  facet normal  9.921091e-01  1.253774e-01  1.506722e-06
    outer loop
      vertex  -1.686750e+01  1.036280e-07 -2.000000e+01
      vertex  -1.692944e+01  4.900700e-01 -1.676670e+01
      vertex  -1.688003e+01  9.914834e-02 -1.778483e+01
    endloop
  endfacet
  facet normal -5.159306e-04  3.159403e-05  9.999999e-01
    outer loop
      vertex   8.606234e+00  2.376010e+01 -1.399680e+01
      vertex   8.793151e+00  2.690302e+01 -1.399680e+01
      vertex   2.444280e+00  2.449750e+01 -1.400000e+01
    endloop
  endfacet
  facet normal  0.000000e+00 -0.000000e+00 -1.000000e+00
    outer loop
      vertex   9.324401e+00 -1.414210e+01 -2.000000e+01
      vertex   9.324401e+00 -3.585790e+01 -2.000000e+01
      vertex   6.784668e+00 -3.424620e+01 -2.000000e+01
    endloop
  endfacet
  facet normal  9.996439e-01 -1.096705e-02 -2.432208e-02
    outer loop
      vertex  -1.694208e+01 -5.902795e-01 -1.679899e+01
      vertex  -1.692944e+01  4.900700e-01 -1.676670e+01
      vertex  -1.686750e+01  1.036280e-07 -1.400000e+01
    endloop
  endfacet
  facet normal -4.929241e-01  8.700721e-01 -6.648852e-04
    outer loop
      vertex   9.269674e+00  2.204158e+01  1.085725e+01
      vertex   9.278620e+00  2.204556e+01  9.431961e+00
      vertex  -2.390685e+01  3.246140e+00  1.103386e+01
    endloop
  endfacet
  facet normal  9.297642e-01  3.681554e-01  0.000000e+00
    outer loop
      vertex   2.494940e+01 -1.921900e+01 -1.400000e+01
      vertex   2.605680e+01 -2.201570e+01 -1.400000e+01
      vertex   2.494940e+01 -1.921900e+01 -2.000000e+01
    endloop
  endfacet
  facet normal  8.090339e-01 -5.877621e-01 -1.024809e-07
    outer loop
      vertex   1.969160e+01 -2.789050e+01  1.200000e+01
      vertex   1.880760e+01 -2.910730e+01  1.200000e+01
      vertex   1.969160e+01 -2.789050e+01 -1.399680e+01
    endloop
  endfacet
  facet normal  9.991222e-01  4.189023e-02  9.808809e-07
    outer loop
      vertex   2.626570e+01  2.700120e+01 -2.000000e+01
      vertex   2.639170e+01  2.399590e+01 -1.400000e+01
      vertex   2.639170e+01  2.399590e+01 -2.000000e+01
    endloop
  endfacet
  facet normal -8.763139e-01  4.817404e-01  1.008377e-05
    outer loop
      vertex   3.276440e+00 -2.058250e+01 -2.000000e+01
      vertex   4.041403e+00 -1.919105e+01 -1.707399e+01
      vertex   4.103403e+00 -1.907825e+01 -1.777490e+01
    endloop
  endfacet
  facet normal  4.098261e-01  0.000000e+00  9.121637e-01
    outer loop
      vertex  -2.397985e+01 -3.375594e+00  1.124850e+01
      vertex  -2.565250e+01  5.065970e+00  1.200000e+01
      vertex  -2.565250e+01 -5.065970e+00  1.200000e+01
    endloop
  endfacet
  facet normal  8.090342e-01 -5.877615e-01 -3.736887e-07
    outer loop
      vertex   2.494940e+01 -3.078100e+01 -1.400000e+01
      vertex   2.318140e+01 -3.321460e+01 -1.400000e+01
      vertex   2.494940e+01 -3.078100e+01 -2.000000e+01
    endloop
  endfacet
  facet normal  5.707147e-01 -8.211485e-01  0.000000e+00
    outer loop
      vertex   2.246330e+01  1.608230e+01 -1.400000e+01
      vertex   1.999330e+01  1.436560e+01 -1.400000e+01
      vertex   1.999330e+01  1.436560e+01 -2.000000e+01
    endloop
  endfacet
  facet normal -7.289776e-01  6.845376e-01  0.000000e+00
    outer loop
      vertex   6.784668e+00 -1.575380e+01 -1.400000e+01
      vertex   6.784668e+00 -1.575380e+01 -2.000000e+01
      vertex   4.725550e+00 -1.794660e+01 -2.000000e+01
    endloop
  endfacet
  facet normal -3.596646e-04  3.994365e-04  9.999999e-01
    outer loop
      vertex   7.585190e+00  3.485380e+01 -1.400000e+01
      vertex   5.349811e+00  3.284100e+01 -1.400000e+01
      vertex   9.891780e+00  2.892050e+01 -1.399680e+01
    endloop
  endfacet
  facet normal -7.289886e-01  6.845257e-01 -1.069697e-07
    outer loop
      vertex  -3.269210e+01  4.623080e+00 -1.399680e+01
      vertex  -3.372160e+01  3.526710e+00 -1.399680e+01
      vertex  -3.269210e+01  4.623080e+00  1.200000e+01
    endloop
  endfacet
  facet normal -2.797238e-04 -4.407749e-04  9.999999e-01
    outer loop
      vertex  -3.316725e+01 -4.117064e+00 -1.399680e+01
      vertex  -3.651660e+01 -9.246160e+00 -1.400000e+01
      vertex  -3.397690e+01 -1.085790e+01 -1.400000e+01
    endloop
  endfacet
  facet normal -6.862513e-01  2.711789e-01  6.749231e-01
    outer loop
      vertex   1.150770e+01 -1.982489e+01  4.063426e+00
      vertex   1.794760e+00 -2.637445e+00 -1.271833e+01
      vertex   8.881522e-01 -3.113091e+00 -1.344904e+01
    endloop
  endfacet
  facet normal -5.080370e-01  8.583674e-01  7.144207e-02
    outer loop
      vertex  -1.850930e+01  5.924901e+00 -1.675354e+01
      vertex   3.977054e+00  1.925198e+01 -1.697239e+01
      vertex  -1.851518e+01  6.005838e+00 -1.776782e+01
    endloop
  endfacet
  facet normal -0.000000e+00  0.000000e+00  1.000000e+00
    outer loop
      vertex  -3.461620e+01  1.546590e+00  1.200000e+01
      vertex  -3.325365e+01 -4.025060e+00  1.200000e+01
      vertex  -3.372160e+01  3.526710e+00  1.200000e+01
    endloop
  endfacet
  facet normal -6.279838e-02  9.980262e-01  0.000000e+00
    outer loop
      vertex  -2.811400e+01  1.197630e+01 -1.400000e+01
      vertex  -2.811400e+01  1.197630e+01 -2.000000e+01
      vertex  -3.111610e+01  1.178740e+01 -1.400000e+01
    endloop
  endfacet
  facet normal  9.297695e-01 -3.681421e-01  0.000000e+00
    outer loop
      vertex   1.969160e+01 -2.789050e+01  1.200000e+01
      vertex   2.024530e+01 -2.649210e+01 -1.399680e+01
      vertex   2.024530e+01 -2.649210e+01  1.200000e+01
    endloop
  endfacet
  facet normal  1.545260e-02 -3.086847e-02 -9.994041e-01
    outer loop
      vertex  -2.310577e+01  1.185039e+00  9.575556e+00
      vertex  -2.370474e+01  2.922019e+00  9.512645e+00
      vertex   9.278620e+00  2.204556e+01  9.431961e+00
    endloop
  endfacet
  facet normal  3.297972e-01 -1.836590e-01  9.260147e-01
    outer loop
      vertex   8.834663e+00  2.702221e+01  1.200000e+01
      vertex   9.269674e+00  2.204158e+01  1.085725e+01
      vertex   9.891791e+00  2.892050e+01  1.200000e+01
    endloop
  endfacet
  facet normal  4.661185e-01 -8.847131e-01 -4.027280e-03
    outer loop
      vertex   1.663582e+00 -2.707706e+00 -1.694571e+01
      vertex   1.589198e+00 -2.759781e+00 -1.411514e+01
      vertex   8.969900e-01 -3.111405e+00 -1.698673e+01
    endloop
  endfacet
  facet normal -8.763124e-01  4.817432e-01 -6.316731e-06
    outer loop
      vertex   4.725550e+00 -1.794660e+01 -2.000000e+01
      vertex   4.041403e+00 -1.919105e+01 -1.707399e+01
      vertex   4.476965e+00 -1.839874e+01 -1.700000e+01
    endloop
  endfacet
  facet normal -9.031152e-01  4.177384e-01  9.938596e-02
    outer loop
      vertex   1.154682e+01  1.982040e+01  4.037302e+00
      vertex   1.142238e+01  1.983299e+01  2.853568e+00
      vertex   1.647339e+00  2.723535e+00 -1.405736e+01
    endloop
  endfacet
  facet normal  9.031152e-01 -4.177384e-01 -9.938596e-02
    outer loop
      vertex   1.154682e+01  1.982040e+01  4.037302e+00
      vertex   1.647339e+00  2.723535e+00 -1.405736e+01
      vertex   1.142238e+01  1.983299e+01  2.853568e+00
    endloop
  endfacet
  facet normal  7.676836e-01 -6.406910e-01  1.330326e-02
    outer loop
      vertex   1.529790e+00 -2.410560e+00  2.628000e+01
      vertex   2.485660e+00 -1.265226e+00  2.628000e+01
      vertex   2.182927e+00 -1.446071e+00  3.504000e+01
    endloop
  endfacet
  facet normal  8.932564e-01  4.439695e-01 -7.059815e-02
    outer loop
      vertex   1.589198e+00 -2.759781e+00 -1.411514e+01
      vertex   1.150770e+01 -1.982489e+01  4.063426e+00
      vertex   1.142998e+01 -1.985604e+01  2.884127e+00
    endloop
  endfacet
  facet normal -8.932564e-01 -4.439695e-01  7.059815e-02
    outer loop
      vertex   1.589198e+00 -2.759781e+00 -1.411514e+01
      vertex   1.142998e+01 -1.985604e+01  2.884127e+00
      vertex   1.150770e+01 -1.982489e+01  4.063426e+00
    endloop
  endfacet
  facet normal  9.921149e-01 -1.253318e-01  0.000000e+00
    outer loop
      vertex  -1.724450e+01 -2.984280e+00 -2.000000e+01
      vertex  -1.694208e+01 -5.902795e-01 -1.679899e+01
      vertex  -1.724450e+01 -2.984280e+00 -1.400000e+01
    endloop
  endfacet
  facet normal -4.813870e-04 -2.143306e-04  9.999999e-01
    outer loop
      vertex   8.606234e+00  2.376010e+01 -1.399680e+01
      vertex   2.945919e+00  2.153160e+01 -1.400000e+01
      vertex   4.169380e+00  1.878370e+01 -1.400000e+01
    endloop
  endfacet
  facet normal  4.582411e-02 -8.764983e-02  9.950968e-01
    outer loop
      vertex   1.115129e+01  2.006982e+01  1.112524e+01
      vertex   1.234230e+01  3.062370e+01  1.200000e+01
      vertex   1.100950e+01  2.992690e+01  1.200000e+01
    endloop
  endfacet
  facet normal  1.043182e-01  9.945439e-01  4.387299e-04
    outer loop
      vertex   1.596871e+01  3.075178e+01 -1.399680e+01
      vertex   1.380660e+01  3.096710e+01  1.200000e+01
      vertex   1.603460e+01  3.073340e+01  1.200000e+01
    endloop
  endfacet
  facet normal -3.298417e-01  0.000000e+00  9.440362e-01
    outer loop
      vertex   1.764870e+01 -1.993400e+01  1.200000e+01
      vertex   1.583418e+01 -1.920713e+01  1.136601e+01
      vertex   1.764870e+01 -3.006600e+01  1.200000e+01
    endloop
  endfacet
  facet normal -6.165488e-02  9.980974e-01 -4.374355e-04
    outer loop
      vertex   1.518720e+01 -1.302370e+01 -1.400000e+01
      vertex   1.509816e+01 -1.303048e+01 -1.691622e+01
      vertex   1.400516e+01 -1.309805e+01 -1.705280e+01
    endloop
  endfacet
  facet normal  1.045513e-01 -9.945194e-01  8.985638e-06
    outer loop
      vertex   1.418240e+01  1.300260e+01 -2.000000e+01
      vertex   1.717400e+01  1.331710e+01 -2.000000e+01
      vertex   1.443565e+01  1.302924e+01 -1.776396e+01
    endloop
  endfacet
  facet normal  4.674459e-01 -8.744777e-01 -1.295493e-01
    outer loop
      vertex   1.663582e+00 -2.707706e+00 -1.694571e+01
      vertex   8.969900e-01 -3.111405e+00 -1.698673e+01
      vertex  -1.443845e-01 -3.221664e+00 -2.000000e+01
    endloop
  endfacet
  facet normal  3.487460e-01 -9.372172e-01  3.715291e-04
    outer loop
      vertex  -2.769528e+01 -5.836411e+00 -1.399680e+01
      vertex  -2.565250e+01 -5.065970e+00  1.200000e+01
      vertex  -2.775210e+01 -5.847250e+00  1.200000e+01
    endloop
  endfacet
  facet normal -9.685830e-01  2.486902e-01  0.000000e+00
    outer loop
      vertex   3.276440e+00 -2.058250e+01 -2.000000e+01
      vertex   2.528380e+00 -2.349600e+01 -2.000000e+01
      vertex   3.276440e+00 -2.058250e+01 -1.400000e+01
    endloop
  endfacet
  facet normal  9.921145e-01 -1.253346e-01 -2.422953e-06
    outer loop
      vertex  -1.694208e+01 -5.902795e-01 -1.679899e+01
      vertex  -1.686750e+01  1.036280e-07 -1.400000e+01
      vertex  -1.724450e+01 -2.984280e+00 -1.400000e+01
    endloop
  endfacet
  facet normal -9.113103e-01  4.117199e-01  3.773893e-04
    outer loop
      vertex  -3.460203e+01  1.601770e+00 -1.399680e+01
      vertex  -3.461620e+01  1.546590e+00  1.200000e+01
      vertex  -3.372160e+01  3.526710e+00  1.200000e+01
    endloop
  endfacet
  facet normal -1.000000e+00  0.000000e+00 -3.973643e-08
    outer loop
      vertex   2.528380e+00 -2.650400e+01 -2.000000e+01
      vertex   2.528380e+00 -2.349600e+01 -1.400000e+01
      vertex   2.528380e+00 -2.349600e+01 -2.000000e+01
    endloop
  endfacet
  facet normal  2.224157e-04  4.726325e-04  9.999999e-01
    outer loop
      vertex  -2.515930e+01  1.141270e+01 -1.400000e+01
      vertex  -2.769528e+01  5.836411e+00 -1.399680e+01
      vertex  -2.243760e+01  1.013190e+01 -1.400000e+01
    endloop
  endfacet
  facet normal  0.000000e+00 -0.000000e+00 -1.000000e+00
    outer loop
      vertex   2.168890e+01  3.455840e+01 -2.000000e+01
      vertex   2.246330e+01  1.608230e+01 -2.000000e+01
      vertex   1.999330e+01  1.436560e+01 -2.000000e+01
    endloop
  endfacet
  facet normal  5.332624e-04  6.736633e-05  9.999999e-01
    outer loop
      vertex   2.605680e+01 -2.201570e+01 -1.400000e+01
      vertex   2.034680e+01 -2.431134e+01 -1.399680e+01
      vertex   2.643380e+01 -2.500000e+01 -1.400000e+01
    endloop
  endfacet
  facet normal -4.577454e-04 -2.516451e-04  9.999999e-01
    outer loop
      vertex  -3.857570e+01 -7.053421e+00 -1.400000e+01
      vertex  -3.461881e+01 -1.536403e+00 -1.399680e+01
      vertex  -4.002480e+01 -4.417490e+00 -1.400000e+01
    endloop
  endfacet
  facet normal  0.000000e+00  0.000000e+00 -1.000000e+00
    outer loop
      vertex   2.086370e+01 -3.513190e+01 -2.000000e+01
      vertex   2.318140e+01 -1.678540e+01 -2.000000e+01
      vertex   2.318140e+01 -3.321460e+01 -2.000000e+01
    endloop
  endfacet
  facet normal -5.864096e-01 -8.097351e-01  2.127484e-02
    outer loop
      vertex  -2.404043e+00 -1.294409e+00  2.628000e+01
      vertex  -2.744726e-01 -2.606483e+00  3.504000e+01
      vertex  -2.434716e+00 -1.042037e+00  3.504000e+01
    endloop
  endfacet
  facet normal  7.569875e-01 -6.534293e-01  0.000000e+00
    outer loop
      vertex   2.442880e+01  1.835930e+01 -2.000000e+01
      vertex   2.246330e+01  1.608230e+01 -1.400000e+01
      vertex   2.246330e+01  1.608230e+01 -2.000000e+01
    endloop
  endfacet
  facet normal -9.443770e-01  3.288647e-01  0.000000e+00
    outer loop
      vertex   3.685210e+00  3.033560e+01 -2.000000e+01
      vertex   2.695980e+00  2.749490e+01 -2.000000e+01
      vertex   3.685210e+00  3.033560e+01 -1.400000e+01
    endloop
  endfacet
  facet normal -2.329120e-01  9.724711e-01  7.205755e-03
    outer loop
      vertex   8.228587e-02  3.049153e+00  1.005482e+01
      vertex  -1.211542e-01  3.223126e+00 -2.000000e+01
      vertex  -1.819549e+00  2.594059e+00  1.000000e+01
    endloop
  endfacet
  facet normal -0.000000e+00  0.000000e+00 -1.000000e+00
    outer loop
      vertex   1.814200e+01 -1.358730e+01 -2.000000e+01
      vertex   1.518720e+01 -3.697630e+01 -2.000000e+01
      vertex   1.518720e+01 -1.302370e+01 -2.000000e+01
    endloop
  endfacet
  facet normal -2.695370e-03  9.365407e-01 -3.505484e-01
    outer loop
      vertex  -1.688003e+01  9.914834e-02 -1.778483e+01
      vertex  -3.186188e+00  5.098464e-01 -1.679289e+01
      vertex  -3.224370e+00  1.397688e-01 -1.778131e+01
    endloop
  endfacet
  facet normal  0.000000e+00  0.000000e+00 -1.000000e+00
    outer loop
      vertex  -4.077290e+01 -1.504000e+00 -2.000000e+01
      vertex  -4.002480e+01  4.417490e+00 -2.000000e+01
      vertex  -4.002480e+01 -4.417490e+00 -2.000000e+01
    endloop
  endfacet
  facet normal  4.257976e-01  9.048184e-01  4.095176e-07
    outer loop
      vertex  -2.515930e+01  1.141270e+01 -1.400000e+01
      vertex  -2.243760e+01  1.013190e+01 -1.400000e+01
      vertex  -2.243760e+01  1.013190e+01 -2.000000e+01
    endloop
  endfacet
  facet normal -3.005508e-01  9.537655e-01 -8.709735e-04
    outer loop
      vertex   1.388114e+01 -1.907031e+01  1.135543e+01
      vertex   1.150770e+01 -1.982489e+01  4.063426e+00
      vertex   1.150303e+01 -1.982145e+01  9.441456e+00
    endloop
  endfacet
  facet normal -3.090085e-01 -9.510593e-01  0.000000e+00
    outer loop
      vertex  -3.111610e+01 -1.178740e+01 -2.000000e+01
      vertex  -3.111610e+01 -1.178740e+01 -1.400000e+01
      vertex  -3.397690e+01 -1.085790e+01 -2.000000e+01
    endloop
  endfacet
  facet normal -0.000000e+00  0.000000e+00 -1.000000e+00
    outer loop
      vertex   2.168890e+01  3.455840e+01 -2.000000e+01
      vertex   1.999330e+01  1.436560e+01 -2.000000e+01
      vertex   1.908390e+01  3.606240e+01 -2.000000e+01
    endloop
  endfacet
  facet normal  0.000000e+00  0.000000e+00 -1.000000e+00
    outer loop
      vertex   3.685210e+00  3.033560e+01 -2.000000e+01
      vertex   2.945919e+00  2.153160e+01 -2.000000e+01
      vertex   2.695980e+00  2.749490e+01 -2.000000e+01
    endloop
  endfacet
  facet normal -5.247012e-01 -8.511815e-01  1.336936e-02
    outer loop
      vertex  -8.688964e-02 -2.860383e+00  1.752000e+01
      vertex  -2.404043e+00 -1.294409e+00  2.628000e+01
      vertex  -2.518655e+00 -1.361349e+00  1.752000e+01
    endloop
  endfacet
  facet normal  0.000000e+00  0.000000e+00 -1.000000e+00
    outer loop
      vertex   1.418240e+01  1.300260e+01 -2.000000e+01
      vertex   1.317940e+01  3.693430e+01 -2.000000e+01
      vertex   1.618680e+01  3.687130e+01 -2.000000e+01
    endloop
  endfacet
  facet normal  0.000000e+00  0.000000e+00 -1.000000e+00
    outer loop
      vertex  -1.443845e-01 -3.221664e+00 -2.000000e+01
      vertex  -1.754161e+00 -2.705641e+00 -2.000000e+01
      vertex  -1.211542e-01  3.223126e+00 -2.000000e+01
    endloop
  endfacet
  facet normal -4.947428e-04  2.262863e-04  9.999998e-01
    outer loop
      vertex  -3.460203e+01  1.601770e+00 -1.399680e+01
      vertex  -3.372160e+01  3.526710e+00 -1.399680e+01
      vertex  -3.857570e+01  7.053421e+00 -1.400000e+01
    endloop
  endfacet
  facet normal  0.000000e+00  0.000000e+00 -1.000000e+00
    outer loop
      vertex  -4.002480e+01 -4.417490e+00 -2.000000e+01
      vertex  -4.002480e+01  4.417490e+00 -2.000000e+01
      vertex  -3.857570e+01  7.053421e+00 -2.000000e+01
    endloop
  endfacet
  facet normal -5.358008e-01  8.443445e-01  0.000000e+00
    outer loop
      vertex   6.784668e+00 -1.575380e+01 -1.400000e+01
      vertex   7.846299e+00 -1.508012e+01 -1.700000e+01
      vertex   6.784668e+00 -1.575380e+01 -2.000000e+01
    endloop
  endfacet
  facet normal -4.869425e-01  8.388279e-01 -2.434231e-01
    outer loop
      vertex   9.278620e+00  2.204556e+01  9.431961e+00
      vertex  -2.370474e+01  2.922019e+00  9.512645e+00
      vertex  -2.390685e+01  3.246140e+00  1.103386e+01
    endloop
  endfacet
  facet normal  9.989186e-01 -4.649292e-02  0.000000e+00
    outer loop
      vertex   2.024530e+01 -2.649210e+01 -1.399680e+01
      vertex   2.034680e+01 -2.431134e+01 -1.399680e+01
      vertex   2.024530e+01 -2.649210e+01  1.200000e+01
    endloop
  endfacet
  facet normal -9.685830e-01  2.486902e-01 -3.963075e-08
    outer loop
      vertex   3.276440e+00 -2.058250e+01 -1.400000e+01
      vertex   2.528380e+00 -2.349600e+01 -2.000000e+01
      vertex   2.528380e+00 -2.349600e+01 -1.400000e+01
    endloop
  endfacet
  facet normal -2.758421e-05 -5.217984e-04  9.999999e-01
    outer loop
      vertex  -2.769528e+01 -5.836411e+00 -1.399680e+01
      vertex  -3.064198e+01 -5.682465e+00 -1.399680e+01
      vertex  -3.111610e+01 -1.178740e+01 -1.400000e+01
    endloop
  endfacet
  facet normal  7.504331e-01  6.609380e-01  3.342754e-03
    outer loop
      vertex   1.647339e+00  2.723535e+00 -1.405736e+01
      vertex   2.653738e+00  1.458970e+00  1.004375e+01
      vertex   2.729408e+00  1.525003e+00 -2.000000e+01
    endloop
  endfacet
  facet normal  0.000000e+00  0.000000e+00 -1.000000e+00
    outer loop
      vertex   1.518720e+01 -3.697630e+01 -2.000000e+01
      vertex   1.218520e+01 -3.678740e+01 -2.000000e+01
      vertex   1.518720e+01 -1.302370e+01 -2.000000e+01
    endloop
  endfacet
  facet normal  0.000000e+00  0.000000e+00 -1.000000e+00
    outer loop
      vertex   2.442880e+01  1.835930e+01 -2.000000e+01
      vertex   2.539630e+01  2.988080e+01 -2.000000e+01
      vertex   2.576630e+01  2.105360e+01 -2.000000e+01
    endloop
  endfacet
  facet normal  8.089126e-01  5.877229e-01 -1.556116e-02
    outer loop
      vertex  -1.850930e+01  5.924901e+00 -1.675354e+01
      vertex  -2.011990e+01  8.214561e+00 -1.400000e+01
      vertex  -1.835180e+01  5.781040e+00 -1.400000e+01
    endloop
  endfacet
  facet normal  5.230841e-05  5.208277e-04  9.999999e-01
    outer loop
      vertex   1.596871e+01  3.075178e+01 -1.399680e+01
      vertex   1.618680e+01  3.687130e+01 -1.400000e+01
      vertex   1.380660e+01  3.096710e+01 -1.399680e+01
    endloop
  endfacet
  facet normal  1.873621e-01 -9.822909e-01  0.000000e+00
    outer loop
      vertex   1.518720e+01 -3.697630e+01 -2.000000e+01
      vertex   1.814200e+01 -3.641270e+01 -1.400000e+01
      vertex   1.518720e+01 -3.697630e+01 -1.400000e+01
    endloop
  endfacet
  facet normal -5.358257e-01 -8.443286e-01 -2.642089e-07
    outer loop
      vertex  -3.651660e+01 -9.246160e+00 -2.000000e+01
      vertex  -3.397690e+01 -1.085790e+01 -2.000000e+01
      vertex  -3.397690e+01 -1.085790e+01 -1.400000e+01
    endloop
  endfacet
  facet normal  4.407062e-02  7.185140e-02  9.964412e-01
    outer loop
      vertex   9.205530e+00 -2.216027e+01  1.113530e+01
      vertex  -2.309034e+01 -1.400533e+00  1.106674e+01
      vertex  -2.397985e+01 -3.375594e+00  1.124850e+01
    endloop
  endfacet
  facet normal -2.758410e-05  5.217983e-04  9.999999e-01
    outer loop
      vertex  -3.064198e+01  5.682465e+00 -1.399680e+01
      vertex  -2.769528e+01  5.836411e+00 -1.399680e+01
      vertex  -3.111610e+01  1.178740e+01 -1.400000e+01
    endloop
  endfacet
  facet normal -7.289900e-01  6.845244e-01  6.277824e-09
    outer loop
      vertex  -3.372160e+01  3.526710e+00 -1.399680e+01
      vertex  -3.372160e+01  3.526710e+00  1.200000e+01
      vertex  -3.269210e+01  4.623080e+00  1.200000e+01
    endloop
  endfacet
  facet normal -8.763087e-01  4.817500e-01  0.000000e+00
    outer loop
      vertex  -3.857570e+01  7.053421e+00 -1.400000e+01
      vertex  -3.857570e+01  7.053421e+00 -2.000000e+01
      vertex  -4.002480e+01  4.417490e+00 -2.000000e+01
    endloop
  endfacet
  facet normal  5.717413e-02 -3.287486e-03  9.983588e-01
    outer loop
      vertex  -2.305149e+01  1.159118e+00  1.128039e+01
      vertex  -2.824194e+00 -1.254862e+00  1.011407e+01
      vertex  -2.819897e+00  1.262203e+00  1.012211e+01
    endloop
  endfacet
  facet normal  0.000000e+00  0.000000e+00 -1.000000e+00
    outer loop
      vertex   2.442880e+01  1.835930e+01 -2.000000e+01
      vertex   2.383810e+01  3.245380e+01 -2.000000e+01
      vertex   2.539630e+01  2.988080e+01 -2.000000e+01
    endloop
  endfacet
  facet normal -6.515348e-01 -4.756968e-02 -7.571258e-01
    outer loop
      vertex  -2.288338e+01  1.255078e-01  2.844211e+00
      vertex  -3.182049e+00 -5.054241e-01 -1.406987e+01
      vertex  -2.289580e+01 -2.239605e-01  2.876860e+00
    endloop
  endfacet
  facet normal  9.921386e-01  1.251435e-01  0.000000e+00
    outer loop
      vertex   2.013235e+01  2.672050e+01  1.200000e+01
      vertex   2.041270e+01  2.449790e+01 -1.399680e+01
      vertex   2.013235e+01  2.672050e+01 -1.399680e+01
    endloop
  endfacet
  facet normal -5.304479e-04 -8.971772e-05  9.999998e-01
    outer loop
      vertex   8.606234e+00  2.376010e+01 -1.399680e+01
      vertex   2.444280e+00  2.449750e+01 -1.400000e+01
      vertex   2.945919e+00  2.153160e+01 -1.400000e+01
    endloop
  endfacet
  facet normal  5.426885e-01 -8.399335e-01  1.061352e-03
    outer loop
      vertex   9.269674e+00  2.204158e+01  1.085725e+01
      vertex  -2.305149e+01  1.159118e+00  1.128039e+01
      vertex   9.278620e+00  2.204556e+01  9.431961e+00
    endloop
  endfacet
  facet normal  0.000000e+00  0.000000e+00 -1.000000e+00
    outer loop
      vertex   2.576630e+01  2.105360e+01 -2.000000e+01
      vertex   2.626570e+01  2.700120e+01 -2.000000e+01
      vertex   2.639170e+01  2.399590e+01 -2.000000e+01
    endloop
  endfacet
  facet normal -1.034545e-01  9.525775e-02  9.900622e-01
    outer loop
      vertex   9.205530e+00 -2.216027e+01  1.113530e+01
      vertex   1.060920e+01 -2.962310e+01  1.200000e+01
      vertex   1.134143e+01 -1.992400e+01  1.114332e+01
    endloop
  endfacet
  facet normal  0.000000e+00  0.000000e+00 -1.000000e+00
    outer loop
      vertex   6.037789e+00  1.642630e+01 -2.000000e+01
      vertex   5.349810e+00  3.284100e+01 -2.000000e+01
      vertex   7.585190e+00  3.485380e+01 -2.000000e+01
    endloop
  endfacet
  facet normal  9.921146e-01  1.253340e-01  8.195370e-06
    outer loop
      vertex  -1.686750e+01  1.036280e-07 -2.000000e+01
      vertex  -1.724450e+01  2.984280e+00 -2.000000e+01
      vertex  -1.692944e+01  4.900700e-01 -1.676670e+01
    endloop
  endfacet
  facet normal  4.952628e-05  5.186895e-04  9.999999e-01
    outer loop
      vertex   1.518720e+01 -1.302370e+01 -1.400000e+01
      vertex   1.388680e+01 -1.906995e+01 -1.399680e+01
      vertex   1.628790e+01 -1.929370e+01 -1.399680e+01
    endloop
  endfacet
  facet normal  1.973755e-01  9.802302e-01  1.385126e-02
    outer loop
      vertex   1.529790e+00  2.410560e+00  2.628000e+01
      vertex   1.599440e+00  2.520320e+00  1.752000e+01
      vertex  -1.350705e-01  2.869574e+00  1.752000e+01
    endloop
  endfacet
  facet normal  8.451231e-01  4.891120e-01 -2.157231e-01
    outer loop
      vertex   8.677493e+00 -1.455261e+01 -1.706296e+01
      vertex   8.545645e+00 -1.463629e+01 -1.776921e+01
      vertex   1.673924e+00 -2.766180e+00 -1.777680e+01
    endloop
  endfacet
  facet normal -8.451231e-01 -4.891120e-01  2.157231e-01
    outer loop
      vertex   8.677493e+00 -1.455261e+01 -1.706296e+01
      vertex   1.673924e+00 -2.766180e+00 -1.777680e+01
      vertex   8.545645e+00 -1.463629e+01 -1.776921e+01
    endloop
  endfacet
  facet normal -5.381349e-01 -8.428463e-01  4.579775e-03
    outer loop
      vertex  -1.307287e-01 -2.745859e+00  2.628000e+01
      vertex  -2.744726e-01 -2.606483e+00  3.504000e+01
      vertex  -2.404043e+00 -1.294409e+00  2.628000e+01
    endloop
  endfacet
  facet normal  6.816748e-01 -7.316453e-01  3.824597e-03
    outer loop
      vertex  -2.397985e+01 -3.375594e+00  1.124850e+01
      vertex  -2.565250e+01 -5.065970e+00 -1.399680e+01
      vertex  -2.422170e+01 -3.732893e+00 -1.399680e+01
    endloop
  endfacet
  facet normal  5.490471e-01 -8.357908e-01 -9.479702e-04
    outer loop
      vertex   1.663582e+00 -2.707706e+00 -1.694571e+01
      vertex   2.255320e+00 -2.318939e+00 -1.698328e+01
      vertex   1.589198e+00 -2.759781e+00 -1.411514e+01
    endloop
  endfacet
  facet normal  5.469578e-04 -1.594635e-05  9.999998e-01
    outer loop
      vertex  -2.305600e+01 -1.492141e+00 -1.399680e+01
      vertex  -1.724450e+01 -2.984280e+00 -1.400000e+01
      vertex  -2.298531e+01  9.325874e-01 -1.399680e+01
    endloop
  endfacet
  facet normal -5.358246e-01 -8.443293e-01  1.238945e-07
    outer loop
      vertex   1.060920e+01 -2.962311e+01 -1.399680e+01
      vertex   1.187910e+01 -3.042900e+01  1.200000e+01
      vertex   1.060920e+01 -2.962310e+01  1.200000e+01
    endloop
  endfacet
  facet normal  0.000000e+00  0.000000e+00 -1.000000e+00
    outer loop
      vertex  -3.111610e+01 -1.178740e+01 -2.000000e+01
      vertex  -2.811400e+01  1.197630e+01 -2.000000e+01
      vertex  -2.811400e+01 -1.197630e+01 -2.000000e+01
    endloop
  endfacet
  facet normal  3.184480e-01  2.051979e-01  9.254646e-01
    outer loop
      vertex   1.134143e+01 -1.992400e+01  1.114332e+01
      vertex   2.536721e+00 -1.661019e+00  1.012364e+01
      vertex   1.478898e+00 -2.676182e+00  1.071271e+01
    endloop
  endfacet
  facet normal -2.945225e-02 -7.687479e-02  9.966057e-01
    outer loop
      vertex  -1.854544e+01 -5.988653e+00 -1.672310e+01
      vertex   4.041403e+00 -1.919105e+01 -1.707399e+01
      vertex   4.476965e+00 -1.839874e+01 -1.700000e+01
    endloop
  endfacet
  facet normal  2.945225e-02  7.687479e-02 -9.966057e-01
    outer loop
      vertex  -1.854544e+01 -5.988653e+00 -1.672310e+01
      vertex   4.476965e+00 -1.839874e+01 -1.700000e+01
      vertex   4.041403e+00 -1.919105e+01 -1.707399e+01
    endloop
  endfacet
  facet normal  7.982419e-01  6.021768e-01  1.389180e-02
    outer loop
      vertex   2.579464e+00  1.221206e+00  1.752000e+01
      vertex   1.599440e+00  2.520320e+00  1.752000e+01
      vertex   1.529790e+00  2.410560e+00  2.628000e+01
    endloop
  endfacet
  facet normal  2.094238e-02  9.997807e-01  0.000000e+00
    outer loop
      vertex   1.618680e+01  3.687130e+01 -2.000000e+01
      vertex   1.317940e+01  3.693430e+01 -2.000000e+01
      vertex   1.317940e+01  3.693430e+01 -1.400000e+01
    endloop
  endfacet
  facet normal  4.465368e-01  8.869356e-01 -1.181106e-01
    outer loop
      vertex   1.617320e+00  2.741753e+00 -1.704221e+01
      vertex  -1.211542e-01  3.223126e+00 -2.000000e+01
      vertex   9.055313e-01  3.109776e+00 -1.696963e+01
    endloop
  endfacet
  facet normal -4.049200e-02 -2.461786e-02  9.988766e-01
    outer loop
      vertex   1.663582e+00 -2.707706e+00 -1.694571e+01
      vertex   8.969900e-01 -3.111405e+00 -1.698673e+01
      vertex   7.846299e+00 -1.508012e+01 -1.700000e+01
    endloop
  endfacet
  facet normal  4.049200e-02  2.461786e-02 -9.988766e-01
    outer loop
      vertex   1.663582e+00 -2.707706e+00 -1.694571e+01
      vertex   7.846299e+00 -1.508012e+01 -1.700000e+01
      vertex   8.969900e-01 -3.111405e+00 -1.698673e+01
    endloop
  endfacet
  facet normal -7.289830e-01 -6.845318e-01 -0.000000e+00
    outer loop
      vertex   9.579650e+00 -2.852670e+01  1.200000e+01
      vertex   9.579650e+00 -2.852670e+01 -1.399680e+01
      vertex   1.060920e+01 -2.962311e+01 -1.399680e+01
    endloop
  endfacet
  facet normal  8.090339e-01  5.877620e-01 -0.000000e+00
    outer loop
      vertex   1.880760e+01 -2.089270e+01 -1.399680e+01
      vertex   1.880760e+01 -2.089270e+01  1.200000e+01
      vertex   1.969160e+01 -2.210950e+01  1.200000e+01
    endloop
  endfacet
  facet normal -4.633111e-01  8.861957e-01  0.000000e+00
    outer loop
      vertex   1.234230e+01  3.062370e+01 -1.399680e+01
      vertex   1.100950e+01  2.992690e+01 -1.399680e+01
      vertex   1.234230e+01  3.062370e+01  1.200000e+01
    endloop
  endfacet
  facet normal -7.289780e-01 -6.845371e-01  0.000000e+00
    outer loop
      vertex   4.725550e+00 -3.205340e+01 -2.000000e+01
      vertex   6.784668e+00 -3.424620e+01 -2.000000e+01
      vertex   4.725550e+00 -3.205340e+01 -1.400000e+01
    endloop
  endfacet
  facet normal  6.493828e-02 -1.162705e-03  9.978887e-01
    outer loop
      vertex   1.388114e+01 -1.907031e+01  1.135543e+01
      vertex   1.549869e+01  1.912643e+01  1.129467e+01
      vertex   1.353899e+01  1.912232e+01  1.142219e+01
    endloop
  endfacet
  facet normal  3.690100e-02  9.992206e-01  1.401757e-02
    outer loop
      vertex  -2.305149e+01  1.159118e+00  1.128039e+01
      vertex  -3.194818e+00  4.520257e-01  9.412040e+00
      vertex  -2.310577e+01  1.185039e+00  9.575556e+00
    endloop
  endfacet
  facet normal  8.755815e-01 -4.744354e-01  9.092887e-02
    outer loop
      vertex   1.852905e+00  2.599960e+00  9.510476e+00
      vertex   1.115129e+01  2.006982e+01  1.112524e+01
      vertex   1.727299e+00  2.554406e+00  1.048229e+01
    endloop
  endfacet
  facet normal -0.000000e+00  0.000000e+00 -1.000000e+00
    outer loop
      vertex  -2.515930e+01  1.141270e+01 -2.000000e+01
      vertex  -2.811400e+01 -1.197630e+01 -2.000000e+01
      vertex  -2.811400e+01  1.197630e+01 -2.000000e+01
    endloop
  endfacet
  facet normal -4.526152e-04 -2.553246e-04  9.999999e-01
    outer loop
      vertex  -3.857570e+01 -7.053421e+00 -1.400000e+01
      vertex  -3.316725e+01 -4.117064e+00 -1.399680e+01
      vertex  -3.461881e+01 -1.536403e+00 -1.399680e+01
    endloop
  endfacet
  facet normal -9.961494e-01 -8.767173e-02  0.000000e+00
    outer loop
      vertex   8.481070e+00 -2.424800e+01 -1.399680e+01
      vertex   8.682471e+00 -2.653638e+01 -1.399680e+01
      vertex   8.481070e+00 -2.424800e+01  1.200000e+01
    endloop
  endfacet
  facet normal  9.995476e-01 -2.914145e-02 -7.446572e-03
    outer loop
      vertex  -2.288338e+01  1.255078e-01  2.844211e+00
      vertex  -2.305600e+01 -1.492141e+00 -1.399680e+01
      vertex  -2.298531e+01  9.325874e-01 -1.399680e+01
    endloop
  endfacet
  facet normal -7.995179e-01  6.006407e-01  1.397709e-03
    outer loop
      vertex  -2.819897e+00  1.262203e+00  1.012211e+01
      vertex  -1.819549e+00  2.594059e+00  1.000000e+01
      vertex  -3.006678e+00  1.083672e+00 -2.000000e+01
    endloop
  endfacet
  facet normal  2.287285e-04 -4.860479e-04  9.999999e-01
    outer loop
      vertex   1.628790e+01 -3.070630e+01 -1.399680e+01
      vertex   1.814200e+01 -3.641270e+01 -1.400000e+01
      vertex   2.086370e+01 -3.513190e+01 -1.400000e+01
    endloop
  endfacet
  facet normal -5.217233e-02 -9.986380e-01 -5.304057e-04
    outer loop
      vertex  -2.769528e+01 -5.836411e+00 -1.399680e+01
      vertex  -2.775210e+01 -5.847250e+00  1.200000e+01
      vertex  -3.064198e+01 -5.682465e+00 -1.399680e+01
    endloop
  endfacet
  facet normal  3.364155e-04 -4.066632e-04  9.999999e-01
    outer loop
      vertex  -2.422170e+01 -3.732893e+00 -1.399680e+01
      vertex  -2.243760e+01 -1.013190e+01 -1.400000e+01
      vertex  -2.011990e+01 -8.214561e+00 -1.400000e+01
    endloop
  endfacet
  facet normal  1.047439e-01 -9.944992e-01  0.000000e+00
    outer loop
      vertex   1.406000e+01 -3.094095e+01  1.200000e+01
      vertex   1.406000e+01 -3.094095e+01 -1.399680e+01
      vertex   1.628790e+01 -3.070630e+01  1.200000e+01
    endloop
  endfacet
  facet normal -9.116582e-01 -4.109487e-01 -6.098342e-04
    outer loop
      vertex   9.579650e+00 -2.852670e+01 -1.399680e+01
      vertex   8.705488e+00 -2.662602e+01  1.200000e+01
      vertex   8.682471e+00 -2.653638e+01 -1.399680e+01
    endloop
  endfacet
  facet normal  0.000000e+00  0.000000e+00 -1.000000e+00
    outer loop
      vertex  -2.515930e+01  1.141270e+01 -2.000000e+01
      vertex  -2.243760e+01  1.013190e+01 -2.000000e+01
      vertex  -2.515930e+01 -1.141270e+01 -2.000000e+01
    endloop
  endfacet
  facet normal  0.000000e+00  0.000000e+00 -1.000000e+00
    outer loop
      vertex   1.717400e+01  1.331710e+01 -2.000000e+01
      vertex   1.908390e+01  3.606240e+01 -2.000000e+01
      vertex   1.999330e+01  1.436560e+01 -2.000000e+01
    endloop
  endfacet
  facet normal -1.460772e-01 -9.892632e-01  4.420357e-03
    outer loop
      vertex   1.418240e+01  1.300260e+01 -2.000000e+01
      vertex   1.392932e+01  1.305367e+01 -1.693356e+01
      vertex   1.120670e+01  1.344200e+01 -2.000000e+01
    endloop
  endfacet
  facet normal  3.172621e-01  1.459152e-01  9.370451e-01
    outer loop
      vertex   9.205530e+00 -2.216027e+01  1.113530e+01
      vertex   8.705488e+00 -2.662602e+01  1.200000e+01
      vertex   9.579650e+00 -2.852670e+01  1.200000e+01
    endloop
  endfacet
  facet normal -8.727056e-01 -4.882456e-01 -1.172352e-03
    outer loop
      vertex  -3.316725e+01 -4.117064e+00 -1.399680e+01
      vertex  -3.325365e+01 -4.025060e+00  1.200000e+01
      vertex  -3.459580e+01 -1.626050e+00  1.200000e+01
    endloop
  endfacet
  facet normal -3.090079e-01 -9.510595e-01 -3.038348e-07
    outer loop
      vertex  -3.111610e+01 -1.178740e+01 -1.400000e+01
      vertex  -3.397690e+01 -1.085790e+01 -1.400000e+01
      vertex  -3.397690e+01 -1.085790e+01 -2.000000e+01
    endloop
  endfacet
  facet normal  6.374109e-01 -7.705241e-01  2.026275e-07
    outer loop
      vertex   2.086370e+01 -3.513190e+01 -2.000000e+01
      vertex   2.318140e+01 -3.321460e+01 -1.400000e+01
      vertex   2.086370e+01 -3.513190e+01 -1.400000e+01
    endloop
  endfacet
  facet normal  0.000000e+00  0.000000e+00 -1.000000e+00
    outer loop
      vertex   3.685210e+00  3.033560e+01 -2.000000e+01
      vertex   5.349810e+00  3.284100e+01 -2.000000e+01
      vertex   4.169380e+00  1.878370e+01 -2.000000e+01
    endloop
  endfacet
  facet normal  0.000000e+00  0.000000e+00 -1.000000e+00
    outer loop
      vertex  -3.651660e+01 -9.246160e+00 -2.000000e+01
      vertex  -3.651660e+01  9.246160e+00 -2.000000e+01
      vertex  -3.397690e+01  1.085790e+01 -2.000000e+01
    endloop
  endfacet
  facet normal -3.090082e-01 -9.510594e-01  0.000000e+00
    outer loop
      vertex   1.218520e+01 -3.678740e+01 -2.000000e+01
      vertex   1.218520e+01 -3.678740e+01 -1.400000e+01
      vertex   9.324401e+00 -3.585790e+01 -2.000000e+01
    endloop
  endfacet
  facet normal  7.621296e-02  9.970778e-01  5.255735e-03
    outer loop
      vertex   8.228587e-02  3.049153e+00  1.005482e+01
      vertex   8.989486e-01  3.111032e+00 -1.352687e+01
      vertex  -1.211542e-01  3.223126e+00 -2.000000e+01
    endloop
  endfacet
  facet normal  0.000000e+00  0.000000e+00  1.000000e+00
    outer loop
      vertex  -2.565250e+01 -5.065970e+00  1.200000e+01
      vertex  -2.775210e+01  5.847250e+00  1.200000e+01
      vertex  -2.775210e+01 -5.847250e+00  1.200000e+01
    endloop
  endfacet
  facet normal -3.090085e-01  9.510593e-01 -3.023336e-07
    outer loop
      vertex  -3.397690e+01  1.085790e+01 -1.400000e+01
      vertex  -3.111610e+01  1.178740e+01 -2.000000e+01
      vertex  -3.397690e+01  1.085790e+01 -2.000000e+01
    endloop
  endfacet
  facet normal -9.999074e-01 -1.360268e-02  1.930804e-04
    outer loop
      vertex  -3.183634e+00 -5.215145e-01  9.465491e+00
      vertex  -3.200749e+00  4.241119e-01 -1.254853e+01
      vertex  -3.188459e+00 -4.806506e-01 -1.264719e+01
    endloop
  endfacet
  facet normal  1.045183e-01 -9.945229e-01 -8.942541e-08
    outer loop
      vertex   1.580390e+01  1.915851e+01 -1.399680e+01
      vertex   1.549869e+01  1.912643e+01  1.129467e+01
      vertex   1.504834e+01  1.907910e+01  9.519554e+00
    endloop
  endfacet
  facet normal  0.000000e+00  0.000000e+00 -1.000000e+00
    outer loop
      vertex  -2.243760e+01  1.013190e+01 -2.000000e+01
      vertex  -2.011990e+01  8.214561e+00 -2.000000e+01
      vertex  -2.243760e+01 -1.013190e+01 -2.000000e+01
    endloop
  endfacet
  facet normal  5.029323e-01  8.575535e-01  1.079867e-01
    outer loop
      vertex  -1.854544e+01 -5.988653e+00 -1.672310e+01
      vertex   4.041403e+00 -1.919105e+01 -1.707399e+01
      vertex  -1.845000e+01 -5.913565e+00 -1.776393e+01
    endloop
  endfacet
  facet normal -5.029323e-01 -8.575535e-01 -1.079867e-01
    outer loop
      vertex  -1.854544e+01 -5.988653e+00 -1.672310e+01
      vertex  -1.845000e+01 -5.913565e+00 -1.776393e+01
      vertex   4.041403e+00 -1.919105e+01 -1.707399e+01
    endloop
  endfacet
  facet normal  0.000000e+00  0.000000e+00 -1.000000e+00
    outer loop
      vertex   1.025090e+01  3.624740e+01 -2.000000e+01
      vertex   1.317940e+01  3.693430e+01 -2.000000e+01
      vertex   1.120670e+01  1.344200e+01 -2.000000e+01
    endloop
  endfacet
  facet normal  1.873689e-01  9.822897e-01  0.000000e+00
    outer loop
      vertex  -2.811400e+01  1.197630e+01 -1.400000e+01
      vertex  -2.515930e+01  1.141270e+01 -1.400000e+01
      vertex  -2.515930e+01  1.141270e+01 -2.000000e+01
    endloop
  endfacet
  facet normal -2.331421e-01  9.723010e-01  1.660096e-02
    outer loop
      vertex  -1.350705e-01  2.869574e+00  1.752000e+01
      vertex   8.228587e-02  3.049153e+00  1.005482e+01
      vertex  -1.819549e+00  2.594059e+00  1.000000e+01
    endloop
  endfacet
  facet normal -9.966727e-01 -1.072629e-03 -8.150081e-02
    outer loop
      vertex   1.388114e+01 -1.907031e+01  1.135543e+01
      vertex   1.398895e+01  1.906466e+01  9.535162e+00
      vertex   1.402993e+01 -1.906095e+01  9.535748e+00
    endloop
  endfacet
  facet normal -8.763087e-01 -4.817500e-01  0.000000e+00
    outer loop
      vertex  -3.857570e+01 -7.053421e+00 -2.000000e+01
      vertex  -3.857570e+01 -7.053421e+00 -1.400000e+01
      vertex  -4.002480e+01 -4.417490e+00 -1.400000e+01
    endloop
  endfacet
  facet normal -1.412008e-01 -9.899809e-01 -1.573532e-07
    outer loop
      vertex   1.120670e+01  1.344200e+01 -1.400000e+01
      vertex   1.120670e+01  1.344200e+01 -2.000000e+01
      vertex   1.392932e+01  1.305367e+01 -1.693356e+01
    endloop
  endfacet
  facet normal  9.921149e-01 -1.253318e-01  3.963047e-08
    outer loop
      vertex   2.643380e+01 -2.500000e+01 -2.000000e+01
      vertex   2.605680e+01 -2.798430e+01 -1.400000e+01
      vertex   2.605680e+01 -2.798430e+01 -2.000000e+01
    endloop
  endfacet
  facet normal  8.256752e-01 -5.641458e-01  9.670134e-05
    outer loop
      vertex   2.673735e+00 -1.707070e+00 -2.000000e+01
      vertex   2.254381e+00 -2.319717e+00 -1.350768e+01
      vertex   2.255320e+00 -2.318939e+00 -1.698328e+01
    endloop
  endfacet
  facet normal  8.957265e-01 -4.446054e-01  0.000000e+00
    outer loop
      vertex   1.943130e+01  2.167960e+01  1.200000e+01
      vertex   1.943130e+01  2.167960e+01 -1.399680e+01
      vertex   2.010000e+01  2.302680e+01  1.200000e+01
    endloop
  endfacet
  facet normal  0.000000e+00  0.000000e+00 -1.000000e+00
    outer loop
      vertex  -1.443845e-01 -3.221664e+00 -2.000000e+01
      vertex  -1.211542e-01  3.223126e+00 -2.000000e+01
      vertex   1.314674e+00  2.944884e+00 -2.000000e+01
    endloop
  endfacet
  facet normal  0.000000e+00  0.000000e+00 -1.000000e+00
    outer loop
      vertex   1.618680e+01  3.687130e+01 -2.000000e+01
      vertex   1.908390e+01  3.606240e+01 -2.000000e+01
      vertex   1.717400e+01  1.331710e+01 -2.000000e+01
    endloop
  endfacet
  facet normal  1.900273e-01  9.806095e-01  4.790118e-02
    outer loop
      vertex   1.617320e+00  2.741753e+00 -1.704221e+01
      vertex   1.314674e+00  2.944884e+00 -2.000000e+01
      vertex  -1.211542e-01  3.223126e+00 -2.000000e+01
    endloop
  endfacet
  facet normal  0.000000e+00  0.000000e+00 -1.000000e+00
    outer loop
      vertex   1.331918e+00 -2.936770e+00 -2.000000e+01
      vertex   1.314674e+00  2.944884e+00 -2.000000e+01
      vertex   2.729408e+00  1.525003e+00 -2.000000e+01
    endloop
  endfacet
  facet normal  5.707147e-01 -8.211485e-01  0.000000e+00
    outer loop
      vertex   2.246330e+01  1.608230e+01 -1.400000e+01
      vertex   1.999330e+01  1.436560e+01 -2.000000e+01
      vertex   2.246330e+01  1.608230e+01 -2.000000e+01
    endloop
  endfacet
  facet normal  2.168112e-03  9.999508e-01 -9.682196e-03
    outer loop
      vertex   1.628790e+01 -1.929370e+01 -1.399680e+01
      vertex   1.402993e+01 -1.906095e+01  9.535748e+00
      vertex   1.507929e+01 -1.906310e+01  9.548134e+00
    endloop
  endfacet
  facet normal  6.997809e-01 -7.143573e-01  4.390760e-04
    outer loop
      vertex   1.943130e+01  2.167960e+01  1.200000e+01
      vertex   1.783100e+01  2.011195e+01  1.200000e+01
      vertex   1.788714e+01  2.015096e+01 -1.399680e+01
    endloop
  endfacet
  facet normal  7.675526e-01  6.409521e-01  6.589183e-03
    outer loop
      vertex   2.478915e+00  1.170830e+00  2.628000e+01
      vertex   1.460130e+00  2.300790e+00  3.504000e+01
      vertex   2.358989e+00  1.224389e+00  3.504000e+01
    endloop
  endfacet
  facet normal  3.368716e-04  4.072146e-04  9.999999e-01
    outer loop
      vertex  -2.424114e+01  3.759634e+00 -1.399680e+01
      vertex  -2.011990e+01  8.214561e+00 -1.400000e+01
      vertex  -2.243760e+01  1.013190e+01 -1.400000e+01
    endloop
  endfacet
  facet normal  4.066433e-04 -3.510133e-04  9.999998e-01
    outer loop
      vertex   2.442880e+01  1.835930e+01 -1.400000e+01
      vertex   1.943130e+01  2.167960e+01 -1.399680e+01
      vertex   2.246330e+01  1.608230e+01 -1.400000e+01
    endloop
  endfacet
  facet normal  3.487461e-01  9.372172e-01 -2.558701e-08
    outer loop
      vertex  -2.565250e+01  5.065970e+00 -1.399680e+01
      vertex  -2.775210e+01  5.847250e+00  1.200000e+01
      vertex  -2.565250e+01  5.065970e+00  1.200000e+01
    endloop
  endfacet
  facet normal -2.145671e-02  1.978840e-02 -9.995739e-01
    outer loop
      vertex  -1.850930e+01  5.924901e+00 -1.675354e+01
      vertex   3.977054e+00  1.925198e+01 -1.697239e+01
      vertex   4.475255e+00  1.839777e+01 -1.700000e+01
    endloop
  endfacet
  facet normal  2.145671e-02 -1.978840e-02  9.995739e-01
    outer loop
      vertex  -1.850930e+01  5.924901e+00 -1.675354e+01
      vertex   4.475255e+00  1.839777e+01 -1.700000e+01
      vertex   3.977054e+00  1.925198e+01 -1.697239e+01
    endloop
  endfacet
  facet normal  9.781464e-01 -2.079170e-01  0.000000e+00
    outer loop
      vertex   2.041270e+01  2.449790e+01 -1.399680e+01
      vertex   2.041270e+01  2.449790e+01  1.200000e+01
      vertex   2.010000e+01  2.302680e+01 -1.399680e+01
    endloop
  endfacet
  facet normal -3.090079e-01  9.510595e-01  0.000000e+00
    outer loop
      vertex   9.324401e+00 -1.414210e+01 -1.400000e+01
      vertex   1.218520e+01 -1.321260e+01 -1.400000e+01
      vertex   1.218520e+01 -1.321260e+01 -2.000000e+01
    endloop
  endfacet
  facet normal  9.850554e-01  1.722344e-01  1.035621e-03
    outer loop
      vertex  -2.293582e+01  5.406001e-01  4.121187e+00
      vertex  -2.298531e+01  9.325874e-01 -1.399680e+01
      vertex  -2.305149e+01  1.159118e+00  1.128039e+01
    endloop
  endfacet
  facet normal -5.358228e-01 -8.443304e-01  0.000000e+00
    outer loop
      vertex   1.187910e+01 -3.042900e+01 -1.399680e+01
      vertex   1.187910e+01 -3.042900e+01  1.200000e+01
      vertex   1.060920e+01 -2.962311e+01 -1.399680e+01
    endloop
  endfacet
  facet normal -8.763130e-01  4.817423e-01  6.641947e-06
    outer loop
      vertex   4.725550e+00 -1.794660e+01 -1.400000e+01
      vertex   4.476965e+00 -1.839874e+01 -1.700000e+01
      vertex   4.041403e+00 -1.919105e+01 -1.707399e+01
    endloop
  endfacet
  facet normal  0.000000e+00  0.000000e+00 -1.000000e+00
    outer loop
      vertex   2.605680e+01 -2.201570e+01 -2.000000e+01
      vertex   2.643380e+01 -2.500000e+01 -2.000000e+01
      vertex   2.605680e+01 -2.798430e+01 -2.000000e+01
    endloop
  endfacet
  facet normal  0.000000e+00  0.000000e+00 -1.000000e+00
    outer loop
      vertex   1.218520e+01 -3.678740e+01 -2.000000e+01
      vertex   9.324401e+00 -3.585790e+01 -2.000000e+01
      vertex   1.218520e+01 -1.321260e+01 -2.000000e+01
    endloop
  endfacet
  facet normal  9.781481e-01 -2.079093e-01  0.000000e+00
    outer loop
      vertex   2.576630e+01  2.105360e+01 -2.000000e+01
      vertex   2.639170e+01  2.399590e+01 -1.400000e+01
      vertex   2.576630e+01  2.105360e+01 -1.400000e+01
    endloop
  endfacet
  facet normal  0.000000e+00 -0.000000e+00 -1.000000e+00
    outer loop
      vertex   2.605680e+01 -2.201570e+01 -2.000000e+01
      vertex   2.605680e+01 -2.798430e+01 -2.000000e+01
      vertex   2.494940e+01 -3.078100e+01 -2.000000e+01
    endloop
  endfacet
  facet normal -5.098511e-03 -4.860796e-02  9.988049e-01
    outer loop
      vertex   1.353899e+01  1.912232e+01  1.142219e+01
      vertex   1.603460e+01  3.073340e+01  1.200000e+01
      vertex   1.380660e+01  3.096710e+01  1.200000e+01
    endloop
  endfacet
  facet normal -7.829102e-02  4.498951e-02 -9.959149e-01
    outer loop
      vertex   1.617320e+00  2.741753e+00 -1.704221e+01
      vertex   9.055313e-01  3.109776e+00 -1.696963e+01
      vertex   8.447688e+00  1.468293e+01 -1.703973e+01
    endloop
  endfacet
  facet normal  7.829102e-02 -4.498951e-02  9.959149e-01
    outer loop
      vertex   1.617320e+00  2.741753e+00 -1.704221e+01
      vertex   8.447688e+00  1.468293e+01 -1.703973e+01
      vertex   9.055313e-01  3.109776e+00 -1.696963e+01
    endloop
  endfacet
  facet normal -5.206138e-04 -1.336711e-04  9.999999e-01
    outer loop
      vertex   2.528380e+00 -2.650400e+01 -1.400000e+01
      vertex   3.276440e+00 -2.941750e+01 -1.400000e+01
      vertex   8.682471e+00 -2.653638e+01 -1.399680e+01
    endloop
  endfacet
  facet normal  1.872501e-04 -5.034949e-04  9.999999e-01
    outer loop
      vertex   1.717400e+01  1.331710e+01 -1.400000e+01
      vertex   1.999330e+01  1.436560e+01 -1.400000e+01
      vertex   1.580390e+01  1.915851e+01 -1.399680e+01
    endloop
  endfacet
  facet normal -9.093924e-01  4.159394e-01  4.332657e-09
    outer loop
      vertex  -3.460203e+01  1.601770e+00 -1.399680e+01
      vertex  -3.372160e+01  3.526710e+00  1.200000e+01
      vertex  -3.372160e+01  3.526710e+00 -1.399680e+01
    endloop
  endfacet
  facet normal  4.481681e-04  2.683931e-04  9.999998e-01
    outer loop
      vertex   2.013235e+01  2.672050e+01 -1.399680e+01
      vertex   2.383810e+01  3.245380e+01 -1.400000e+01
      vertex   1.863993e+01  2.921258e+01 -1.399680e+01
    endloop
  endfacet
  facet normal -4.965332e-04 -2.238226e-04  9.999999e-01
    outer loop
      vertex   4.725550e+00 -3.205340e+01 -1.400000e+01
      vertex   9.579650e+00 -2.852670e+01 -1.399680e+01
      vertex   8.682471e+00 -2.653638e+01 -1.399680e+01
    endloop
  endfacet
  facet normal  4.457593e-04  2.699502e-04  9.999999e-01
    outer loop
      vertex   2.013235e+01  2.672050e+01 -1.399680e+01
      vertex   2.539630e+01  2.988080e+01 -1.400000e+01
      vertex   2.383810e+01  3.245380e+01 -1.400000e+01
    endloop
  endfacet
  facet normal  3.883252e-01 -9.215156e-01  3.517385e-03
    outer loop
      vertex   1.580390e+01  1.915851e+01 -1.399680e+01
      vertex   1.783100e+01  2.011195e+01  1.200000e+01
      vertex   1.549869e+01  1.912643e+01  1.129467e+01
    endloop
  endfacet
  facet normal  8.391672e-01  9.768625e-04  5.438728e-01
    outer loop
      vertex   1.400516e+01 -1.309805e+01 -1.705280e+01
      vertex   1.446795e+01 -1.306893e+01 -1.776692e+01
      vertex   1.443565e+01  1.302924e+01 -1.776396e+01
    endloop
  endfacet
  facet normal -8.391672e-01 -9.768625e-04 -5.438728e-01
    outer loop
      vertex   1.400516e+01 -1.309805e+01 -1.705280e+01
      vertex   1.443565e+01  1.302924e+01 -1.776396e+01
      vertex   1.446795e+01 -1.306893e+01 -1.776692e+01
    endloop
  endfacet
  facet normal -5.206151e-04  1.336789e-04  9.999999e-01
    outer loop
      vertex  -4.002480e+01  4.417490e+00 -1.400000e+01
      vertex  -4.077290e+01  1.504000e+00 -1.400000e+01
      vertex  -3.460203e+01  1.601770e+00 -1.399680e+01
    endloop
  endfacet
  facet normal  9.921148e-01  1.253325e-01 -0.000000e+00
    outer loop
      vertex   2.605680e+01 -2.201570e+01 -2.000000e+01
      vertex   2.605680e+01 -2.201570e+01 -1.400000e+01
      vertex   2.643380e+01 -2.500000e+01 -1.400000e+01
    endloop
  endfacet
  facet normal  0.000000e+00  0.000000e+00 -1.000000e+00
    outer loop
      vertex  -3.111610e+01 -1.178740e+01 -2.000000e+01
      vertex  -3.397690e+01 -1.085790e+01 -2.000000e+01
      vertex  -3.111610e+01  1.178740e+01 -2.000000e+01
    endloop
  endfacet
  facet normal  6.828600e-01  6.444293e-02  7.277014e-01
    outer loop
      vertex   9.205530e+00 -2.216027e+01  1.113530e+01
      vertex   8.481070e+00 -2.424800e+01  1.200000e+01
      vertex   8.705488e+00 -2.662602e+01  1.200000e+01
    endloop
  endfacet
  facet normal  4.257971e-01  9.048186e-01  4.229913e-07
    outer loop
      vertex   2.086370e+01 -1.486810e+01 -2.000000e+01
      vertex   1.814200e+01 -1.358730e+01 -1.400000e+01
      vertex   2.086370e+01 -1.486810e+01 -1.400000e+01
    endloop
  endfacet
  facet normal -9.443770e-01  3.288647e-01  0.000000e+00
    outer loop
      vertex   3.685210e+00  3.033560e+01 -1.400000e+01
      vertex   2.695980e+00  2.749490e+01 -2.000000e+01
      vertex   2.695980e+00  2.749490e+01 -1.400000e+01
    endloop
  endfacet
  facet normal  8.957266e-01 -4.446054e-01  0.000000e+00
    outer loop
      vertex   1.943130e+01  2.167960e+01 -1.399680e+01
      vertex   2.010000e+01  2.302680e+01 -1.399680e+01
      vertex   2.010000e+01  2.302680e+01  1.200000e+01
    endloop
  endfacet
  facet normal -7.953160e-01 -6.061943e-01  9.443669e-04
    outer loop
      vertex  -2.824194e+00 -1.254862e+00  1.011407e+01
      vertex  -1.754161e+00 -2.705641e+00 -2.000000e+01
      vertex  -1.797629e+00 -2.601876e+00  1.000000e+01
    endloop
  endfacet
  facet normal -9.958712e-01  2.370524e-02 -8.762687e-02
    outer loop
      vertex  -3.054898e+00 -9.420456e-01 -2.000000e+01
      vertex  -3.224370e+00  1.397688e-01 -1.778131e+01
      vertex  -3.006678e+00  1.083672e+00 -2.000000e+01
    endloop
  endfacet
  facet normal  4.532843e-01 -8.911901e-01  1.770856e-02
    outer loop
      vertex   8.881522e-01 -3.113091e+00 -1.344904e+01
      vertex   1.794760e+00 -2.637445e+00 -1.271833e+01
      vertex   7.600734e-02 -3.059012e+00  1.006087e+01
    endloop
  endfacet
  facet normal -9.174953e-01  3.967907e-01  2.755897e-02
    outer loop
      vertex  -2.317536e+01 -1.497996e+00  9.639500e+00
      vertex  -2.309034e+01 -1.400533e+00  1.106674e+01
      vertex  -2.293863e+01 -5.629762e-01  4.058322e+00
    endloop
  endfacet
  facet normal  5.145592e-04  1.553537e-04  9.999999e-01
    outer loop
      vertex   2.013235e+01  2.672050e+01 -1.399680e+01
      vertex   2.626570e+01  2.700120e+01 -1.400000e+01
      vertex   2.539630e+01  2.988080e+01 -1.400000e+01
    endloop
  endfacet
  facet normal  1.509530e-01  1.417488e-01  9.783253e-01
    outer loop
      vertex   9.205530e+00 -2.216027e+01  1.113530e+01
      vertex   9.579650e+00 -2.852670e+01  1.200000e+01
      vertex   1.060920e+01 -2.962310e+01  1.200000e+01
    endloop
  endfacet
  facet normal  9.994892e-01 -4.351328e-03  3.165715e-02
    outer loop
      vertex  -2.293582e+01  5.406001e-01  4.121187e+00
      vertex  -2.310577e+01  1.185039e+00  9.575556e+00
      vertex  -2.293863e+01 -5.629762e-01  4.058322e+00
    endloop
  endfacet
  facet normal -9.999855e-01  5.347253e-03 -5.334774e-04
    outer loop
      vertex  -3.460203e+01  1.601770e+00 -1.399680e+01
      vertex  -3.461881e+01 -1.536403e+00 -1.399680e+01
      vertex  -3.461620e+01  1.546590e+00  1.200000e+01
    endloop
  endfacet
  facet normal  9.138694e-01  4.059578e-01 -6.387112e-03
    outer loop
      vertex  -2.424114e+01  3.759634e+00 -1.399680e+01
      vertex  -2.370474e+01  2.922019e+00  9.512645e+00
      vertex  -2.298531e+01  9.325874e-01 -1.399680e+01
    endloop
  endfacet
  facet normal -3.375560e-05 -5.364439e-04  9.999999e-01
    outer loop
      vertex   1.406000e+01 -3.094095e+01 -1.399680e+01
      vertex   1.218520e+01 -3.678740e+01 -1.400000e+01
      vertex   1.518720e+01 -3.697630e+01 -1.400000e+01
    endloop
  endfacet
  facet normal -2.283596e-01  9.735769e-01 -6.189835e-07
    outer loop
      vertex   1.025090e+01  3.624740e+01 -2.000000e+01
      vertex   1.025090e+01  3.624740e+01 -1.400000e+01
      vertex   1.317940e+01  3.693430e+01 -2.000000e+01
    endloop
  endfacet
  facet normal  6.374136e-01 -7.705218e-01  4.676614e-08
    outer loop
      vertex   1.764870e+01 -3.006600e+01 -1.399680e+01
      vertex   1.880760e+01 -2.910730e+01  1.200000e+01
      vertex   1.764870e+01 -3.006600e+01  1.200000e+01
    endloop
  endfacet
  facet normal -3.205010e-01  9.468740e-01  2.662174e-02
    outer loop
      vertex   1.134143e+01 -1.992400e+01  1.114332e+01
      vertex   1.388114e+01 -1.907031e+01  1.135543e+01
      vertex   1.150303e+01 -1.982145e+01  9.441456e+00
    endloop
  endfacet
  facet normal  1.045157e-01 -9.941747e-01 -2.632545e-02
    outer loop
      vertex   1.717400e+01  1.331710e+01 -1.400000e+01
      vertex   1.418240e+01  1.300260e+01 -1.400000e+01
      vertex   1.392932e+01  1.305367e+01 -1.693356e+01
    endloop
  endfacet
  facet normal -9.434723e-01  3.314285e-01  3.885937e-03
    outer loop
      vertex  -3.175976e+00  5.310920e-01 -1.397492e+01
      vertex  -2.819897e+00  1.262203e+00  1.012211e+01
      vertex  -3.006678e+00  1.083672e+00 -2.000000e+01
    endloop
  endfacet
  facet normal -2.740352e-04 -4.414581e-04  9.999999e-01
    outer loop
      vertex  -3.316725e+01 -4.117064e+00 -1.399680e+01
      vertex  -3.397690e+01 -1.085790e+01 -1.400000e+01
      vertex  -3.064198e+01 -5.682465e+00 -1.399680e+01
    endloop
  endfacet
  facet normal -0.000000e+00  0.000000e+00  1.000000e+00
    outer loop
      vertex  -3.070700e+01  5.661339e+00  1.200000e+01
      vertex  -2.775210e+01 -5.847250e+00  1.200000e+01
      vertex  -2.775210e+01  5.847250e+00  1.200000e+01
    endloop
  endfacet
  facet normal  5.019619e-01  2.249075e-02  8.645972e-01
    outer loop
      vertex  -2.397985e+01 -3.375594e+00  1.124850e+01
      vertex  -2.390685e+01  3.246140e+00  1.103386e+01
      vertex  -2.565250e+01  5.065970e+00  1.200000e+01
    endloop
  endfacet
  facet normal  1.873578e-01  9.822591e-01 -8.002893e-03
    outer loop
      vertex   1.518720e+01 -1.302370e+01 -1.400000e+01
      vertex   1.814200e+01 -1.358730e+01 -1.400000e+01
      vertex   1.509816e+01 -1.303048e+01 -1.691622e+01
    endloop
  endfacet
  facet normal  1.930660e-02  8.224596e-02  9.964250e-01
    outer loop
      vertex   1.134143e+01 -1.992400e+01  1.114332e+01
      vertex   1.187910e+01 -3.042900e+01  1.200000e+01
      vertex   1.406000e+01 -3.094095e+01  1.200000e+01
    endloop
  endfacet
  facet normal -1.622225e-04  4.992858e-04  9.999999e-01
    outer loop
      vertex   1.388680e+01 -1.906995e+01 -1.399680e+01
      vertex   1.218520e+01 -1.321260e+01 -1.400000e+01
      vertex   9.324401e+00 -1.414210e+01 -1.400000e+01
    endloop
  endfacet
  facet normal  1.445027e-04  5.175421e-04  9.999999e-01
    outer loop
      vertex   1.596871e+01  3.075178e+01 -1.399680e+01
      vertex   1.908390e+01  3.606240e+01 -1.400000e+01
      vertex   1.618680e+01  3.687130e+01 -1.400000e+01
    endloop
  endfacet
  facet normal -1.022198e-02 -5.493595e-02 -9.984376e-01
    outer loop
      vertex  -3.183634e+00 -5.215145e-01  9.465491e+00
      vertex  -2.310577e+01  1.185039e+00  9.575556e+00
      vertex  -3.194818e+00  4.520257e-01  9.412040e+00
    endloop
  endfacet
  facet normal -3.918358e-04  3.679368e-04  9.999999e-01
    outer loop
      vertex  -3.651660e+01  9.246160e+00 -1.400000e+01
      vertex  -3.372160e+01  3.526710e+00 -1.399680e+01
      vertex  -3.269210e+01  4.623080e+00 -1.399680e+01
    endloop
  endfacet
  facet normal -1.660433e-04 -5.110453e-04  9.999999e-01
    outer loop
      vertex  -3.111610e+01 -1.178740e+01 -1.400000e+01
      vertex  -3.064198e+01 -5.682465e+00 -1.399680e+01
      vertex  -3.397690e+01 -1.085790e+01 -1.400000e+01
    endloop
  endfacet
  facet normal -1.485262e-01 -6.502692e-02  9.867682e-01
    outer loop
      vertex   1.353899e+01  1.912232e+01  1.142219e+01
      vertex   1.234230e+01  3.062370e+01  1.200000e+01
      vertex   1.115129e+01  2.006982e+01  1.112524e+01
    endloop
  endfacet
  facet normal  3.436913e-04  4.134726e-04  9.999999e-01
    outer loop
      vertex   1.880760e+01 -2.089270e+01 -1.399680e+01
      vertex   2.086370e+01 -1.486810e+01 -1.400000e+01
      vertex   1.764870e+01 -1.993400e+01 -1.399680e+01
    endloop
  endfacet
  facet normal -5.358073e-01  8.443403e-01 -7.393447e-06
    outer loop
      vertex   8.677493e+00 -1.455261e+01 -1.706296e+01
      vertex   8.545645e+00 -1.463629e+01 -1.776921e+01
      vertex   6.784668e+00 -1.575380e+01 -2.000000e+01
    endloop
  endfacet
  facet normal  7.076600e-01  7.050946e-01 -4.537455e-02
    outer loop
      vertex   1.591034e+00  2.810657e+00 -1.777572e+01
      vertex   2.729408e+00  1.525003e+00 -2.000000e+01
      vertex   1.314674e+00  2.944884e+00 -2.000000e+01
    endloop
  endfacet
  facet normal  7.461702e-01 -6.656022e-01  1.427252e-02
    outer loop
      vertex   2.485044e+00 -1.527518e+00  1.752000e+01
      vertex   1.529790e+00 -2.410560e+00  2.628000e+01
      vertex   1.599440e+00 -2.520320e+00  1.752000e+01
    endloop
  endfacet
  facet normal -6.280579e-02  9.980257e-01 -5.566574e-06
    outer loop
      vertex   1.400516e+01 -1.309805e+01 -1.705280e+01
      vertex   1.446795e+01 -1.306893e+01 -1.776692e+01
      vertex   1.218520e+01 -1.321260e+01 -2.000000e+01
    endloop
  endfacet
  facet normal -4.712950e-04  2.590981e-04  9.999999e-01
    outer loop
      vertex   9.144921e+00 -2.226410e+01 -1.399680e+01
      vertex   4.725550e+00 -1.794660e+01 -1.400000e+01
      vertex   3.276440e+00 -2.058250e+01 -1.400000e+01
    endloop
  endfacet
  facet normal -7.846944e-01  6.198829e-01 -1.576438e-04
    outer loop
      vertex  -3.006678e+00  1.083672e+00 -2.000000e+01
      vertex  -1.819549e+00  2.594059e+00  1.000000e+01
      vertex  -1.696439e+00  2.742271e+00 -2.000000e+01
    endloop
  endfacet
  facet normal  9.553677e-01  2.954190e-01 -9.176847e-08
    outer loop
      vertex   1.969160e+01 -2.210950e+01 -1.399680e+01
      vertex   1.969160e+01 -2.210950e+01  1.200000e+01
      vertex   2.032908e+01 -2.417106e+01  1.200000e+01
    endloop
  endfacet
  facet normal  8.957071e-01 -4.446445e-01  0.000000e+00
    outer loop
      vertex   2.442880e+01  1.835930e+01 -2.000000e+01
      vertex   2.576630e+01  2.105360e+01 -1.400000e+01
      vertex   2.442880e+01  1.835930e+01 -1.400000e+01
    endloop
  endfacet
  facet normal  8.200349e-01  5.722700e-01 -7.044073e-03
    outer loop
      vertex   1.529991e+00  2.788786e+00 -1.274109e+01
      vertex   1.852905e+00  2.599960e+00  9.510476e+00
      vertex   2.653738e+00  1.458970e+00  1.004375e+01
    endloop
  endfacet
  facet normal -2.490226e-04  4.763360e-04  9.999999e-01
    outer loop
      vertex   1.234230e+01  3.062370e+01 -1.399680e+01
      vertex   1.025090e+01  3.624740e+01 -1.400000e+01
      vertex   7.585190e+00  3.485380e+01 -1.400000e+01
    endloop
  endfacet
  facet normal  5.322538e-02  8.387022e-02  9.950542e-01
    outer loop
      vertex   1.134143e+01 -1.992400e+01  1.114332e+01
      vertex   1.060920e+01 -2.962310e+01  1.200000e+01
      vertex   1.187910e+01 -3.042900e+01  1.200000e+01
    endloop
  endfacet
  facet normal  5.135713e-04 -6.487979e-05  9.999999e-01
    outer loop
      vertex  -2.298531e+01  9.325874e-01 -1.399680e+01
      vertex  -1.724450e+01 -2.984280e+00 -1.400000e+01
      vertex  -1.686750e+01  1.036280e-07 -1.400000e+01
    endloop
  endfacet
  facet normal  8.654409e-01 -4.950425e-01 -7.710426e-02
    outer loop
      vertex   8.447688e+00  1.468293e+01 -1.703973e+01
      vertex   1.591034e+00  2.810657e+00 -1.777572e+01
      vertex   8.373234e+00  1.466663e+01 -1.777077e+01
    endloop
  endfacet
  facet normal  5.865196e-01 -8.097854e-01  1.556438e-02
    outer loop
      vertex   2.536721e+00 -1.661019e+00  1.012364e+01
      vertex   1.794760e+00 -2.637445e+00 -1.271833e+01
      vertex   2.254381e+00 -2.319717e+00 -1.350768e+01
    endloop
  endfacet
  facet normal -2.376138e-01 -9.711397e-01  2.067128e-02
    outer loop
      vertex  -8.688964e-02 -2.860383e+00  1.752000e+01
      vertex  -1.797629e+00 -2.601876e+00  1.000000e+01
      vertex   7.600734e-02 -3.059012e+00  1.006087e+01
    endloop
  endfacet
  facet normal -2.661274e-01 -1.488510e-01 -9.523758e-01
    outer loop
      vertex   1.814682e+00 -2.628531e+00  9.461565e+00
      vertex   1.150303e+01 -1.982145e+01  9.441456e+00
      vertex   9.053566e-01 -3.109811e+00  9.790884e+00
    endloop
  endfacet
  facet normal  9.998413e-01 -1.722225e-02  4.574016e-03
    outer loop
      vertex   2.536721e+00 -1.661019e+00  1.012364e+01
      vertex   2.673735e+00 -1.707070e+00 -2.000000e+01
      vertex   2.729408e+00  1.525003e+00 -2.000000e+01
    endloop
  endfacet
  facet normal -9.999825e-01 -4.633389e-03  3.658828e-03
    outer loop
      vertex  -3.175976e+00  5.310920e-01 -1.397492e+01
      vertex  -3.186188e+00  5.098464e-01 -1.679289e+01
      vertex  -3.181051e+00 -5.374774e-01 -1.671514e+01
    endloop
  endfacet
  facet normal  4.257515e-01  9.048288e-01  4.528185e-03
    outer loop
      vertex   1.628790e+01 -1.929370e+01 -1.399680e+01
      vertex   1.583418e+01 -1.920713e+01  1.136601e+01
      vertex   1.764870e+01 -1.993400e+01 -1.399680e+01
    endloop
  endfacet
  facet normal -8.955199e-01 -4.449686e-01 -6.862643e-03
    outer loop
      vertex   9.269674e+00  2.204158e+01  1.085725e+01
      vertex   8.606234e+00  2.376010e+01 -1.399680e+01
      vertex   9.278620e+00  2.204556e+01  9.431961e+00
    endloop
  endfacet
  facet normal  1.973876e-01  9.802901e-01  8.334020e-03
    outer loop
      vertex  -1.350705e-01  2.869574e+00  1.752000e+01
      vertex   1.599440e+00  2.520320e+00  1.752000e+01
      vertex   1.727299e+00  2.554406e+00  1.048229e+01
    endloop
  endfacet
  facet normal -7.828299e-01 -6.204511e-01 -4.709522e-02
    outer loop
      vertex   6.037799e+00  1.642630e+01 -1.400000e+01
      vertex   4.169380e+00  1.878370e+01 -1.400000e+01
      vertex   3.977054e+00  1.925198e+01 -1.697239e+01
    endloop
  endfacet
  facet normal -8.329187e-01  5.533953e-01  1.321035e-07
    outer loop
      vertex   3.685210e+00  3.033560e+01 -2.000000e+01
      vertex   5.349811e+00  3.284100e+01 -1.400000e+01
      vertex   5.349810e+00  3.284100e+01 -2.000000e+01
    endloop
  endfacet
  facet normal -9.984796e-01 -5.345032e-02  1.347216e-02
    outer loop
      vertex  -2.518655e+00 -1.361349e+00  1.752000e+01
      vertex  -2.404043e+00 -1.294409e+00  2.628000e+01
      vertex  -2.655352e+00  1.192223e+00  1.752000e+01
    endloop
  endfacet
  facet normal  1.045481e-01 -9.945198e-01  0.000000e+00
    outer loop
      vertex   1.717400e+01  1.331710e+01 -2.000000e+01
      vertex   1.717400e+01  1.331710e+01 -1.400000e+01
      vertex   1.504163e+01  1.309294e+01 -1.682422e+01
    endloop
  endfacet
  facet normal  6.996546e-01  7.144813e-01  2.224142e-07
    outer loop
      vertex   2.383810e+01  3.245380e+01 -2.000000e+01
      vertex   2.168890e+01  3.455840e+01 -1.400000e+01
      vertex   2.383810e+01  3.245380e+01 -1.400000e+01
    endloop
  endfacet
  facet normal -5.206147e-04 -1.336789e-04  9.999999e-01
    outer loop
      vertex  -4.077290e+01 -1.504000e+00 -1.400000e+01
      vertex  -4.002480e+01 -4.417490e+00 -1.400000e+01
      vertex  -3.461881e+01 -1.536403e+00 -1.399680e+01
    endloop
  endfacet
  facet normal  0.000000e+00  0.000000e+00  1.000000e+00
    outer loop
      vertex   1.854975e+01  2.930088e+01  1.200000e+01
      vertex   1.783100e+01  2.011195e+01  1.200000e+01
      vertex   1.943130e+01  2.167960e+01  1.200000e+01
    endloop
  endfacet
  facet normal -5.381219e-01 -8.428259e-01  8.325705e-03
    outer loop
      vertex  -8.688964e-02 -2.860383e+00  1.752000e+01
      vertex  -1.307287e-01 -2.745859e+00  2.628000e+01
      vertex  -2.404043e+00 -1.294409e+00  2.628000e+01
    endloop
  endfacet
  facet normal -3.090082e-01 -9.510594e-01 -0.000000e+00
    outer loop
      vertex   9.324401e+00 -3.585790e+01 -1.400000e+01
      vertex   9.324401e+00 -3.585790e+01 -2.000000e+01
      vertex   1.218520e+01 -3.678740e+01 -1.400000e+01
    endloop
  endfacet
  facet normal  0.000000e+00  0.000000e+00  1.000000e+00
    outer loop
      vertex   2.013235e+01  2.672050e+01  1.200000e+01
      vertex   1.943130e+01  2.167960e+01  1.200000e+01
      vertex   2.010000e+01  2.302680e+01  1.200000e+01
    endloop
  endfacet
  facet normal  2.287286e-04  4.860481e-04  9.999998e-01
    outer loop
      vertex   1.628790e+01 -1.929370e+01 -1.399680e+01
      vertex   2.086370e+01 -1.486810e+01 -1.400000e+01
      vertex   1.814200e+01 -1.358730e+01 -1.400000e+01
    endloop
  endfacet
  facet normal -0.000000e+00  0.000000e+00 -1.000000e+00
    outer loop
      vertex   1.331918e+00 -2.936770e+00 -2.000000e+01
      vertex  -1.443845e-01 -3.221664e+00 -2.000000e+01
      vertex   1.314674e+00  2.944884e+00 -2.000000e+01
    endloop
  endfacet
  facet normal  1.065941e-04 -9.999921e-01 -3.979662e-03
    outer loop
      vertex   1.324532e+01  1.915823e+01 -1.399680e+01
      vertex   1.580390e+01  1.915851e+01 -1.399680e+01
      vertex   1.398895e+01  1.906466e+01  9.535162e+00
    endloop
  endfacet
  facet normal -0.000000e+00  0.000000e+00 -1.000000e+00
    outer loop
      vertex   2.442880e+01  1.835930e+01 -2.000000e+01
      vertex   2.246330e+01  1.608230e+01 -2.000000e+01
      vertex   2.383810e+01  3.245380e+01 -2.000000e+01
    endloop
  endfacet
  facet normal -7.432894e-01 -6.689600e-01  3.662166e-03
    outer loop
      vertex   9.278620e+00  2.204556e+01  9.431961e+00
      vertex   9.301570e+00  2.189180e+01 -1.399680e+01
      vertex   1.063513e+01  2.041006e+01 -1.399680e+01
    endloop
  endfacet
  facet normal  8.090349e-01 -5.877606e-01  0.000000e+00
    outer loop
      vertex   1.969160e+01 -2.789050e+01 -1.399680e+01
      vertex   1.880760e+01 -2.910730e+01  1.200000e+01
      vertex   1.880760e+01 -2.910730e+01 -1.399680e+01
    endloop
  endfacet
  facet normal  9.993231e-01 -3.616091e-02 -6.770022e-03
    outer loop
      vertex  -2.288338e+01  1.255078e-01  2.844211e+00
      vertex  -2.289580e+01 -2.239605e-01  2.876860e+00
      vertex  -2.305600e+01 -1.492141e+00 -1.399680e+01
    endloop
  endfacet
  facet normal -5.293436e-03  1.814791e-03  9.999844e-01
    outer loop
      vertex   1.388114e+01 -1.907031e+01  1.135543e+01
      vertex   1.583418e+01 -1.920713e+01  1.136601e+01
      vertex   1.549869e+01  1.912643e+01  1.129467e+01
    endloop
  endfacet
  facet normal  8.476313e-01  5.305853e-01 -4.354734e-04
    outer loop
      vertex  -2.424114e+01  3.759634e+00 -1.399680e+01
      vertex  -2.390685e+01  3.246140e+00  1.103386e+01
      vertex  -2.370474e+01  2.922019e+00  9.512645e+00
    endloop
  endfacet
  facet normal  7.342014e-01  6.789239e-01 -3.240262e-03
    outer loop
      vertex   1.647339e+00  2.723535e+00 -1.405736e+01
      vertex   2.729408e+00  1.525003e+00 -2.000000e+01
      vertex   1.617320e+00  2.741753e+00 -1.704221e+01
    endloop
  endfacet
  facet normal -6.281523e-02  9.980252e-01  1.577611e-07
    outer loop
      vertex   1.388680e+01 -1.906995e+01 -1.399680e+01
      vertex   1.388114e+01 -1.907031e+01  1.135543e+01
      vertex   1.402993e+01 -1.906095e+01  9.535748e+00
    endloop
  endfacet
  facet normal  1.976440e-01 -9.800909e-01  1.894067e-02
    outer loop
      vertex  -8.688964e-02 -2.860383e+00  1.752000e+01
      vertex   1.478898e+00 -2.676182e+00  1.071271e+01
      vertex   1.599440e+00 -2.520320e+00  1.752000e+01
    endloop
  endfacet
  facet normal -9.345469e-01 -3.558399e-01  3.418885e-04
    outer loop
      vertex   9.269674e+00  2.204158e+01  1.085725e+01
      vertex   8.598634e+00  2.380504e+01  1.200000e+01
      vertex   8.606234e+00  2.376010e+01 -1.399680e+01
    endloop
  endfacet
  facet normal -9.564478e-01  2.918555e-01  5.278332e-03
    outer loop
      vertex  -3.175976e+00  5.310920e-01 -1.397492e+01
      vertex  -3.200749e+00  4.241119e-01 -1.254853e+01
      vertex  -2.819897e+00  1.262203e+00  1.012211e+01
    endloop
  endfacet
  facet normal  0.000000e+00  0.000000e+00  1.000000e+00
    outer loop
      vertex   1.764870e+01 -1.993400e+01  1.200000e+01
      vertex   1.764870e+01 -3.006600e+01  1.200000e+01
      vertex   1.880760e+01 -2.910730e+01  1.200000e+01
    endloop
  endfacet
  facet normal  5.182341e-04 -6.546782e-05  9.999999e-01
    outer loop
      vertex   2.643380e+01 -2.500000e+01 -1.400000e+01
      vertex   2.034680e+01 -2.431134e+01 -1.399680e+01
      vertex   2.605680e+01 -2.798430e+01 -1.400000e+01
    endloop
  endfacet
  facet normal  3.485753e-01 -9.372808e-01  0.000000e+00
    outer loop
      vertex   1.717400e+01  1.331710e+01 -2.000000e+01
      vertex   1.999330e+01  1.436560e+01 -1.400000e+01
      vertex   1.717400e+01  1.331710e+01 -1.400000e+01
    endloop
  endfacet
  facet normal  8.090350e-01  5.877605e-01 -2.377823e-07
    outer loop
      vertex   2.494940e+01 -1.921900e+01 -1.400000e+01
      vertex   2.318140e+01 -1.678540e+01 -2.000000e+01
      vertex   2.318140e+01 -1.678540e+01 -1.400000e+01
    endloop
  endfacet
  facet normal -7.836986e-01 -6.211413e-01  1.374255e-06
    outer loop
      vertex   4.475255e+00  1.839777e+01 -1.700000e+01
      vertex   6.037789e+00  1.642630e+01 -2.000000e+01
      vertex   6.037799e+00  1.642630e+01 -1.400000e+01
    endloop
  endfacet
  facet normal  5.411906e-01 -8.403643e-01 -3.000778e-02
    outer loop
      vertex  -2.305149e+01  1.159118e+00  1.128039e+01
      vertex  -2.310577e+01  1.185039e+00  9.575556e+00
      vertex   9.278620e+00  2.204556e+01  9.431961e+00
    endloop
  endfacet
  facet normal -8.230159e-01 -5.569254e-01 -1.117089e-01
    outer loop
      vertex   1.134143e+01 -1.992400e+01  1.114332e+01
      vertex   7.600734e-02 -3.059012e+00  1.006087e+01
      vertex   1.150303e+01 -1.982145e+01  9.441456e+00
    endloop
  endfacet
  facet normal -2.283199e-01  9.735862e-01  0.000000e+00
    outer loop
      vertex   1.234230e+01  3.062370e+01  1.200000e+01
      vertex   1.380660e+01  3.096710e+01  1.200000e+01
      vertex   1.380660e+01  3.096710e+01 -1.399680e+01
    endloop
  endfacet
  facet normal  9.992967e-01 -3.741711e-02  2.434626e-03
    outer loop
      vertex   2.536721e+00 -1.661019e+00  1.012364e+01
      vertex   2.729408e+00  1.525003e+00 -2.000000e+01
      vertex   2.653738e+00  1.458970e+00  1.004375e+01
    endloop
  endfacet
  facet normal -5.433503e-01  8.395054e-01 -1.008840e-03
    outer loop
      vertex   1.134143e+01 -1.992400e+01  1.114332e+01
      vertex   1.150303e+01 -1.982145e+01  9.441456e+00
      vertex   1.150770e+01 -1.982489e+01  4.063426e+00
    endloop
  endfacet
  facet normal -6.482963e-01  7.322016e-02 -7.578593e-01
    outer loop
      vertex  -3.175976e+00  5.310920e-01 -1.397492e+01
      vertex  -3.182049e+00 -5.054241e-01 -1.406987e+01
      vertex  -2.288338e+01  1.255078e-01  2.844211e+00
    endloop
  endfacet
  facet normal -7.289779e-01 -6.845372e-01  1.321005e-07
    outer loop
      vertex   4.725550e+00 -3.205340e+01 -1.400000e+01
      vertex   6.784668e+00 -3.424620e+01 -2.000000e+01
      vertex   6.784669e+00 -3.424620e+01 -1.400000e+01
    endloop
  endfacet
  facet normal -2.500151e-01 -9.282437e-01 -2.754200e-01
    outer loop
      vertex  -2.293863e+01 -5.629762e-01  4.058322e+00
      vertex  -2.289580e+01 -2.239605e-01  2.876860e+00
      vertex  -3.182049e+00 -5.054241e-01 -1.406987e+01
    endloop
  endfacet
  facet normal -3.749458e-01 -9.248430e-01  6.388413e-02
    outer loop
      vertex   1.353899e+01  1.912232e+01  1.142219e+01
      vertex   1.115129e+01  2.006982e+01  1.112524e+01
      vertex   1.162059e+01  1.976307e+01  9.438909e+00
    endloop
  endfacet
  facet normal  9.692882e-01  6.021867e-04 -2.459266e-01
    outer loop
      vertex   1.549869e+01  1.912643e+01  1.129467e+01
      vertex   1.507929e+01 -1.906310e+01  9.548134e+00
      vertex   1.504834e+01  1.907910e+01  9.519554e+00
    endloop
  endfacet
  facet normal -5.205211e-04  4.370968e-05  9.999999e-01
    outer loop
      vertex   8.793151e+00  2.690302e+01 -1.399680e+01
      vertex   2.695980e+00  2.749490e+01 -1.400000e+01
      vertex   2.444280e+00  2.449750e+01 -1.400000e+01
    endloop
  endfacet
  facet normal  3.760633e-04  3.840327e-04  9.999999e-01
    outer loop
      vertex   2.168890e+01  3.455840e+01 -1.400000e+01
      vertex   1.863993e+01  2.921258e+01 -1.399680e+01
      vertex   2.383810e+01  3.245380e+01 -1.400000e+01
    endloop
  endfacet
  facet normal -4.590737e-01  8.883982e-01 -6.756125e-08
    outer loop
      vertex  -3.064198e+01  5.682465e+00 -1.399680e+01
      vertex  -3.269210e+01  4.623080e+00 -1.399680e+01
      vertex  -3.269210e+01  4.623080e+00  1.200000e+01
    endloop
  endfacet
  facet normal  3.485753e-01 -9.372808e-01  0.000000e+00
    outer loop
      vertex   1.717400e+01  1.331710e+01 -2.000000e+01
      vertex   1.999330e+01  1.436560e+01 -2.000000e+01
      vertex   1.999330e+01  1.436560e+01 -1.400000e+01
    endloop
  endfacet
  facet normal -5.070801e-01  8.618094e-01  1.242246e-02
    outer loop
      vertex  -2.319901e+00  1.457772e+00  2.628000e+01
      vertex  -1.307287e-01  2.745859e+00  2.628000e+01
      vertex  -1.350705e-01  2.869574e+00  1.752000e+01
    endloop
  endfacet
  facet normal  1.343914e-01  3.062256e-02  9.904551e-01
    outer loop
      vertex  -2.397985e+01 -3.375594e+00  1.124850e+01
      vertex  -2.309034e+01 -1.400533e+00  1.106674e+01
      vertex  -2.390685e+01  3.246140e+00  1.103386e+01
    endloop
  endfacet
  facet normal  0.000000e+00 -0.000000e+00 -1.000000e+00
    outer loop
      vertex   2.494940e+01 -1.921900e+01 -2.000000e+01
      vertex   2.494940e+01 -3.078100e+01 -2.000000e+01
      vertex   2.318140e+01 -3.321460e+01 -2.000000e+01
    endloop
  endfacet
  facet normal  2.094238e-02  9.997807e-01 -0.000000e+00
    outer loop
      vertex   1.618680e+01  3.687130e+01 -2.000000e+01
      vertex   1.317940e+01  3.693430e+01 -1.400000e+01
      vertex   1.618680e+01  3.687130e+01 -1.400000e+01
    endloop
  endfacet
  facet normal  9.573200e-01  2.890304e-01 -0.000000e+00
    outer loop
      vertex   2.539630e+01  2.988080e+01 -2.000000e+01
      vertex   2.539630e+01  2.988080e+01 -1.400000e+01
      vertex   2.626570e+01  2.700120e+01 -1.400000e+01
    endloop
  endfacet
  facet normal -2.285302e-01 -9.735368e-01 -0.000000e+00
    outer loop
      vertex   1.406000e+01 -3.094095e+01  1.200000e+01
      vertex   1.187910e+01 -3.042900e+01 -1.399680e+01
      vertex   1.406000e+01 -3.094095e+01 -1.399680e+01
    endloop
  endfacet
  facet normal  6.374110e-01  7.705240e-01  4.475705e-07
    outer loop
      vertex   2.086370e+01 -1.486810e+01 -2.000000e+01
      vertex   2.086370e+01 -1.486810e+01 -1.400000e+01
      vertex   2.318140e+01 -1.678540e+01 -2.000000e+01
    endloop
  endfacet
  facet normal -2.026552e-03  9.335163e-01 -3.585293e-01
    outer loop
      vertex  -1.692944e+01  4.900700e-01 -1.676670e+01
      vertex  -3.186188e+00  5.098464e-01 -1.679289e+01
      vertex  -1.688003e+01  9.914834e-02 -1.778483e+01
    endloop
  endfacet
  facet normal -3.906117e-04 -3.685330e-04  9.999998e-01
    outer loop
      vertex   1.060920e+01 -2.962311e+01 -1.399680e+01
      vertex   9.579650e+00 -2.852670e+01 -1.399680e+01
      vertex   6.784669e+00 -3.424620e+01 -1.400000e+01
    endloop
  endfacet
  facet normal  7.407377e-02 -9.972410e-01  4.852761e-03
    outer loop
      vertex   8.881522e-01 -3.113091e+00 -1.344904e+01
      vertex   7.600734e-02 -3.059012e+00  1.006087e+01
      vertex  -1.443845e-01 -3.221664e+00 -2.000000e+01
    endloop
  endfacet
  facet normal -9.135433e-01 -4.067416e-01 -4.613295e-06
    outer loop
      vertex   4.169380e+00  1.878370e+01 -2.000000e+01
      vertex   4.061246e+00  1.902655e+01 -1.776857e+01
      vertex   2.945919e+00  2.153160e+01 -2.000000e+01
    endloop
  endfacet
  facet normal  2.689240e-01  9.631614e-01 -8.548862e-08
    outer loop
      vertex   1.908390e+01  3.606240e+01 -2.000000e+01
      vertex   1.618680e+01  3.687130e+01 -1.400000e+01
      vertex   1.908390e+01  3.606240e+01 -1.400000e+01
    endloop
  endfacet
  facet normal -7.122571e-01  7.019110e-01  3.286900e-03
    outer loop
      vertex   1.134143e+01 -1.992400e+01  1.114332e+01
      vertex   1.106273e+01 -2.008908e+01 -1.399680e+01
      vertex   9.303826e+00 -2.198360e+01  9.427705e+00
    endloop
  endfacet
  facet normal -5.380272e-01 -8.429274e-01 -3.620597e-04
    outer loop
      vertex   1.154682e+01  1.982040e+01  4.037302e+00
      vertex   1.115129e+01  2.006982e+01  1.112524e+01
      vertex   1.063513e+01  2.041006e+01 -1.399680e+01
    endloop
  endfacet
  facet normal  2.472382e-01  9.689437e-01  4.634481e-03
    outer loop
      vertex   1.529991e+00  2.788786e+00 -1.274109e+01
      vertex   8.228587e-02  3.049153e+00  1.005482e+01
      vertex   1.852905e+00  2.599960e+00  9.510476e+00
    endloop
  endfacet
  facet normal -2.882580e-04  4.542393e-04  9.999999e-01
    outer loop
      vertex   6.784668e+00 -1.575380e+01 -1.400000e+01
      vertex   1.106273e+01 -2.008908e+01 -1.399680e+01
      vertex   9.324401e+00 -1.414210e+01 -1.400000e+01
    endloop
  endfacet
  facet normal -6.045862e-01 -7.965262e-01  4.645893e-03
    outer loop
      vertex   6.037789e+00  1.642630e+01 -2.000000e+01
      vertex   8.433749e+00  1.460770e+01 -2.000000e+01
      vertex   8.373234e+00  1.466663e+01 -1.777077e+01
    endloop
  endfacet
  facet normal -3.596579e-04  3.994391e-04  9.999999e-01
    outer loop
      vertex   1.100950e+01  2.992690e+01 -1.399680e+01
      vertex   7.585190e+00  3.485380e+01 -1.400000e+01
      vertex   9.891780e+00  2.892050e+01 -1.399680e+01
    endloop
  endfacet
  facet normal  5.676598e-03 -9.406706e-01 -3.392736e-01
    outer loop
      vertex  -1.694208e+01 -5.902795e-01 -1.679899e+01
      vertex  -1.689845e+01 -2.452635e-01 -1.775485e+01
      vertex  -3.181051e+00 -5.374774e-01 -1.671514e+01
    endloop
  endfacet
  facet normal  6.990982e-02  9.946682e-01  7.581462e-02
    outer loop
      vertex  -2.293582e+01  5.406001e-01  4.121187e+00
      vertex  -3.200749e+00  4.241119e-01 -1.254853e+01
      vertex  -3.175976e+00  5.310920e-01 -1.397492e+01
    endloop
  endfacet
  facet normal -1.227427e-04  5.232982e-04  9.999999e-01
    outer loop
      vertex   1.234230e+01  3.062370e+01 -1.399680e+01
      vertex   1.317940e+01  3.693430e+01 -1.400000e+01
      vertex   1.025090e+01  3.624740e+01 -1.400000e+01
    endloop
  endfacet
  facet normal  8.109701e-01 -5.763270e-01  1.008694e-01
    outer loop
      vertex   1.529991e+00  2.788786e+00 -1.274109e+01
      vertex   1.647339e+00  2.723535e+00 -1.405736e+01
      vertex   1.154682e+01  1.982040e+01  4.037302e+00
    endloop
  endfacet
  facet normal  2.277674e-04 -4.870417e-04  9.999999e-01
    outer loop
      vertex   1.764870e+01 -3.006600e+01 -1.399680e+01
      vertex   1.628790e+01 -3.070630e+01 -1.399680e+01
      vertex   2.086370e+01 -3.513190e+01 -1.400000e+01
    endloop
  endfacet
  facet normal -4.101933e-01 -9.119986e-01 -1.449583e-07
    outer loop
      vertex   1.120670e+01  1.344200e+01 -1.400000e+01
      vertex   8.447688e+00  1.468293e+01 -1.703973e+01
      vertex   1.120670e+01  1.344200e+01 -2.000000e+01
    endloop
  endfacet
  facet normal  9.977351e-01 -6.577998e-02  1.406146e-02
    outer loop
      vertex   2.478915e+00  1.170830e+00  2.628000e+01
      vertex   2.358989e+00  1.224389e+00  3.504000e+01
      vertex   2.182927e+00 -1.446071e+00  3.504000e+01
    endloop
  endfacet
  facet normal -6.691413e-01  7.431353e-01  0.000000e+00
    outer loop
      vertex   7.585190e+00  3.485380e+01 -1.400000e+01
      vertex   7.585190e+00  3.485380e+01 -2.000000e+01
      vertex   5.349811e+00  3.284100e+01 -1.400000e+01
    endloop
  endfacet
  facet normal -2.371221e-01 -9.714751e-01  3.016597e-03
    outer loop
      vertex  -1.797629e+00 -2.601876e+00  1.000000e+01
      vertex  -1.754161e+00 -2.705641e+00 -2.000000e+01
      vertex   7.600734e-02 -3.059012e+00  1.006087e+01
    endloop
  endfacet
  facet normal -6.489962e-01 -7.562549e-01  8.296048e-02
    outer loop
      vertex   8.447688e+00  1.468293e+01 -1.703973e+01
      vertex   6.037789e+00  1.642630e+01 -2.000000e+01
      vertex   8.373234e+00  1.466663e+01 -1.777077e+01
    endloop
  endfacet
  facet normal -3.874076e-01 -9.215629e-01  2.524574e-02
    outer loop
      vertex   8.447688e+00  1.468293e+01 -1.703973e+01
      vertex   8.433749e+00  1.460770e+01 -2.000000e+01
      vertex   1.120670e+01  1.344200e+01 -2.000000e+01
    endloop
  endfacet
  facet normal  7.462447e-01 -6.656687e-01  2.027035e-03
    outer loop
      vertex   2.485044e+00 -1.527518e+00  1.752000e+01
      vertex   1.599440e+00 -2.520320e+00  1.752000e+01
      vertex   1.478898e+00 -2.676182e+00  1.071271e+01
    endloop
  endfacet
  facet normal  8.579214e-01  5.137809e-01  0.000000e+00
    outer loop
      vertex   2.013235e+01  2.672050e+01  1.200000e+01
      vertex   2.013235e+01  2.672050e+01 -1.399680e+01
      vertex   1.863993e+01  2.921258e+01 -1.399680e+01
    endloop
  endfacet
  facet normal  6.996543e-01  7.144816e-01  0.000000e+00
    outer loop
      vertex   2.383810e+01  3.245380e+01 -2.000000e+01
      vertex   2.168890e+01  3.455840e+01 -2.000000e+01
      vertex   2.168890e+01  3.455840e+01 -1.400000e+01
    endloop
  endfacet
  facet normal  8.475505e-01 -5.306944e-01  4.666296e-03
    outer loop
      vertex   2.536721e+00 -1.661019e+00  1.012364e+01
      vertex   2.254381e+00 -2.319717e+00 -1.350768e+01
      vertex   2.673735e+00 -1.707070e+00 -2.000000e+01
    endloop
  endfacet
  facet normal  8.553741e-01  5.180107e-01  0.000000e+00
    outer loop
      vertex   2.383810e+01  3.245380e+01 -2.000000e+01
      vertex   2.539630e+01  2.988080e+01 -1.400000e+01
      vertex   2.539630e+01  2.988080e+01 -2.000000e+01
    endloop
  endfacet
  facet normal  1.045392e-01 -9.945208e-01 -6.096331e-06
    outer loop
      vertex   1.717400e+01  1.331710e+01 -2.000000e+01
      vertex   1.504163e+01  1.309294e+01 -1.682422e+01
      vertex   1.443565e+01  1.302924e+01 -1.776396e+01
    endloop
  endfacet
  facet normal  0.000000e+00  0.000000e+00 -1.000000e+00
    outer loop
      vertex   9.324401e+00 -1.414210e+01 -2.000000e+01
      vertex   1.218520e+01 -1.321260e+01 -2.000000e+01
      vertex   9.324401e+00 -3.585790e+01 -2.000000e+01
    endloop
  endfacet
  facet normal -9.808478e-01 -1.942904e-01 -1.373991e-02
    outer loop
      vertex  -3.181051e+00 -5.374774e-01 -1.671514e+01
      vertex  -3.224370e+00 -2.452635e-01 -1.775485e+01
      vertex  -3.054898e+00 -9.420456e-01 -2.000000e+01
    endloop
  endfacet
  facet normal -8.173726e-02  7.463692e-01 -6.604937e-01
    outer loop
      vertex   1.154682e+01  1.982040e+01  4.037302e+00
      vertex   1.647339e+00  2.723535e+00 -1.405736e+01
      vertex   8.989486e-01  3.111032e+00 -1.352687e+01
    endloop
  endfacet
  facet normal -2.283583e-01  9.735771e-01  0.000000e+00
    outer loop
      vertex   1.025090e+01  3.624740e+01 -1.400000e+01
      vertex   1.317940e+01  3.693430e+01 -1.400000e+01
      vertex   1.317940e+01  3.693430e+01 -2.000000e+01
    endloop
  endfacet
  facet normal  4.907570e-01 -8.233576e-01  2.850261e-01
    outer loop
      vertex  -1.850930e+01  5.924901e+00 -1.675354e+01
      vertex   4.061246e+00  1.902655e+01 -1.776857e+01
      vertex   3.977054e+00  1.925198e+01 -1.697239e+01
    endloop
  endfacet
  facet normal -9.955763e-01 -9.395461e-02  5.574937e-04
    outer loop
      vertex   8.682471e+00 -2.653638e+01 -1.399680e+01
      vertex   8.705488e+00 -2.662602e+01  1.200000e+01
      vertex   8.481070e+00 -2.424800e+01  1.200000e+01
    endloop
  endfacet
  facet normal  1.125643e-05  5.373773e-04  9.999999e-01
    outer loop
      vertex   1.618680e+01  3.687130e+01 -1.400000e+01
      vertex   1.317940e+01  3.693430e+01 -1.400000e+01
      vertex   1.380660e+01  3.096710e+01 -1.399680e+01
    endloop
  endfacet
  facet normal -4.792010e-04  2.609515e-04  9.999998e-01
    outer loop
      vertex   8.793151e+00  2.690302e+01 -1.399680e+01
      vertex   9.891780e+00  2.892050e+01 -1.399680e+01
      vertex   5.349811e+00  3.284100e+01 -1.400000e+01
    endloop
  endfacet
  facet normal -4.969316e-02  9.705573e-02  9.940376e-01
    outer loop
      vertex   9.269674e+00  2.204158e+01  1.085725e+01
      vertex  -2.390685e+01  3.246140e+00  1.103386e+01
      vertex  -2.305149e+01  1.159118e+00  1.128039e+01
    endloop
  endfacet
  facet normal  0.000000e+00  0.000000e+00 -1.000000e+00
    outer loop
      vertex   2.528380e+00 -2.650400e+01 -2.000000e+01
      vertex   2.528380e+00 -2.349600e+01 -2.000000e+01
      vertex   3.276440e+00 -2.058250e+01 -2.000000e+01
    endloop
  endfacet
  facet normal -3.707954e-01 -1.893263e-01  9.092119e-01
    outer loop
      vertex   1.134143e+01 -1.992400e+01  1.114332e+01
      vertex   1.478898e+00 -2.676182e+00  1.071271e+01
      vertex   7.600734e-02 -3.059012e+00  1.006087e+01
    endloop
  endfacet
  facet normal  5.440578e-04 -2.532222e-05  9.999999e-01
    outer loop
      vertex   2.024530e+01 -2.649210e+01 -1.399680e+01
      vertex   2.605680e+01 -2.798430e+01 -1.400000e+01
      vertex   2.034680e+01 -2.431134e+01 -1.399680e+01
    endloop
  endfacet
  facet normal -8.591905e-01 -4.971991e-01 -1.207674e-01
    outer loop
      vertex   4.475255e+00  1.839777e+01 -1.700000e+01
      vertex   3.977054e+00  1.925198e+01 -1.697239e+01
      vertex   6.037789e+00  1.642630e+01 -2.000000e+01
    endloop
  endfacet
  facet normal  6.374109e-01 -7.705241e-01  2.113674e-07
    outer loop
      vertex   2.086370e+01 -3.513190e+01 -2.000000e+01
      vertex   2.318140e+01 -3.321460e+01 -2.000000e+01
      vertex   2.318140e+01 -3.321460e+01 -1.400000e+01
    endloop
  endfacet
  facet normal -8.329185e-01  5.533956e-01  0.000000e+00
    outer loop
      vertex   3.685210e+00  3.033560e+01 -2.000000e+01
      vertex   3.685210e+00  3.033560e+01 -1.400000e+01
      vertex   5.349811e+00  3.284100e+01 -1.400000e+01
    endloop
  endfacet
  facet normal -6.280116e-02  9.980261e-01 -1.030686e-05
    outer loop
      vertex   1.518720e+01 -1.302370e+01 -2.000000e+01
      vertex   1.218520e+01 -1.321260e+01 -2.000000e+01
      vertex   1.446795e+01 -1.306893e+01 -1.776692e+01
    endloop
  endfacet
  facet normal -5.080052e-04 -1.905983e-04  9.999998e-01
    outer loop
      vertex   8.606234e+00  2.376010e+01 -1.399680e+01
      vertex   4.169380e+00  1.878370e+01 -1.400000e+01
      vertex   9.301570e+00  2.189180e+01 -1.399680e+01
    endloop
  endfacet
  facet normal  5.257531e-04 -1.117553e-04  9.999998e-01
    outer loop
      vertex   2.041270e+01  2.449790e+01 -1.399680e+01
      vertex   2.010000e+01  2.302680e+01 -1.399680e+01
      vertex   2.639170e+01  2.399590e+01 -1.400000e+01
    endloop
  endfacet
  facet normal -4.921075e-01 -8.625584e-01 -1.175721e-01
    outer loop
      vertex   9.205530e+00 -2.216027e+01  1.113530e+01
      vertex  -2.379719e+01 -3.100862e+00  9.442964e+00
      vertex   9.303826e+00 -2.198360e+01  9.427705e+00
    endloop
  endfacet
  facet normal -7.281990e-01 -6.853421e-01  5.679477e-03
    outer loop
      vertex   9.278620e+00  2.204556e+01  9.431961e+00
      vertex   1.063513e+01  2.041006e+01 -1.399680e+01
      vertex   1.115129e+01  2.006982e+01  1.112524e+01
    endloop
  endfacet
  facet normal  4.257969e-01 -9.048188e-01  1.321022e-07
    outer loop
      vertex   1.814200e+01 -3.641270e+01 -2.000000e+01
      vertex   2.086370e+01 -3.513190e+01 -2.000000e+01
      vertex   2.086370e+01 -3.513190e+01 -1.400000e+01
    endloop
  endfacet
  facet normal -8.736635e-01  4.865299e-01 -8.355867e-04
    outer loop
      vertex   8.834663e+00  2.702221e+01  1.200000e+01
      vertex   9.891791e+00  2.892050e+01  1.200000e+01
      vertex   8.793151e+00  2.690302e+01 -1.399680e+01
    endloop
  endfacet
  facet normal -2.752582e-01 -1.332703e-01  9.520882e-01
    outer loop
      vertex   9.269674e+00  2.204158e+01  1.085725e+01
      vertex   1.115129e+01  2.006982e+01  1.112524e+01
      vertex   9.891791e+00  2.892050e+01  1.200000e+01
    endloop
  endfacet
  facet normal  9.921148e-01 -1.253325e-01 -3.153848e-07
    outer loop
      vertex   2.643380e+01 -2.500000e+01 -2.000000e+01
      vertex   2.643380e+01 -2.500000e+01 -1.400000e+01
      vertex   2.605680e+01 -2.798430e+01 -1.400000e+01
    endloop
  endfacet
  facet normal -8.763052e-01 -4.817563e-01  0.000000e+00
    outer loop
      vertex   4.725550e+00 -3.205340e+01 -2.000000e+01
      vertex   4.725550e+00 -3.205340e+01 -1.400000e+01
      vertex   3.276440e+00 -2.941750e+01 -1.400000e+01
    endloop
  endfacet
  facet normal  9.584649e-01  2.852094e-01 -8.856684e-04
    outer loop
      vertex   1.969160e+01 -2.210950e+01 -1.399680e+01
      vertex   2.032908e+01 -2.417106e+01  1.200000e+01
      vertex   2.034680e+01 -2.431134e+01 -1.399680e+01
    endloop
  endfacet
  facet normal  4.997496e-04 -1.978838e-04  9.999998e-01
    outer loop
      vertex   2.024530e+01 -2.649210e+01 -1.399680e+01
      vertex   2.494940e+01 -3.078100e+01 -1.400000e+01
      vertex   2.605680e+01 -2.798430e+01 -1.400000e+01
    endloop
  endfacet
  facet normal -8.762853e-01  4.817925e-01  2.100006e-05
    outer loop
      vertex   4.725550e+00 -1.794660e+01 -2.000000e+01
      vertex   4.103403e+00 -1.907825e+01 -1.777490e+01
      vertex   4.041403e+00 -1.919105e+01 -1.707399e+01
    endloop
  endfacet
  facet normal  9.993488e-01 -3.607170e-02  8.758707e-04
    outer loop
      vertex   2.024530e+01 -2.649210e+01  1.200000e+01
      vertex   2.034680e+01 -2.431134e+01 -1.399680e+01
      vertex   2.032908e+01 -2.417106e+01  1.200000e+01
    endloop
  endfacet
  facet normal -8.763055e-01  4.817557e-01 -3.384068e-06
    outer loop
      vertex   3.276440e+00 -2.058250e+01 -2.000000e+01
      vertex   4.103403e+00 -1.907825e+01 -1.777490e+01
      vertex   4.725550e+00 -1.794660e+01 -2.000000e+01
    endloop
  endfacet
  facet normal  9.297644e-01 -3.681549e-01  1.188934e-07
    outer loop
      vertex   2.494940e+01 -3.078100e+01 -1.400000e+01
      vertex   2.605680e+01 -2.798430e+01 -2.000000e+01
      vertex   2.605680e+01 -2.798430e+01 -1.400000e+01
    endloop
  endfacet
  facet normal  0.000000e+00  0.000000e+00 -1.000000e+00
    outer loop
      vertex   2.318140e+01 -1.678540e+01 -2.000000e+01
      vertex   2.494940e+01 -1.921900e+01 -2.000000e+01
      vertex   2.318140e+01 -3.321460e+01 -2.000000e+01
    endloop
  endfacet
  facet normal  0.000000e+00  0.000000e+00 -1.000000e+00
    outer loop
      vertex  -3.054898e+00 -9.420456e-01 -2.000000e+01
      vertex  -1.696439e+00  2.742271e+00 -2.000000e+01
      vertex  -1.754161e+00 -2.705641e+00 -2.000000e+01
    endloop
  endfacet
  facet normal -9.449086e-01 -3.273116e-01  3.838902e-03
    outer loop
      vertex  -2.824194e+00 -1.254862e+00  1.011407e+01
      vertex  -3.182049e+00 -5.054241e-01 -1.406987e+01
      vertex  -3.054898e+00 -9.420456e-01 -2.000000e+01
    endloop
  endfacet
  facet normal  0.000000e+00  0.000000e+00  1.000000e+00
    outer loop
      vertex   1.969160e+01 -2.789050e+01  1.200000e+01
      vertex   1.880760e+01 -2.089270e+01  1.200000e+01
      vertex   1.880760e+01 -2.910730e+01  1.200000e+01
    endloop
  endfacet
  facet normal -1.560152e-03  5.498813e-02  9.984858e-01
    outer loop
      vertex   1.388114e+01 -1.907031e+01  1.135543e+01
      vertex   1.628790e+01 -3.070630e+01  1.200000e+01
      vertex   1.583418e+01 -1.920713e+01  1.136601e+01
    endloop
  endfacet
  facet normal  5.032026e-02  1.991278e-02  9.985346e-01
    outer loop
      vertex   8.677493e+00 -1.455261e+01 -1.706296e+01
      vertex   2.255320e+00 -2.318939e+00 -1.698328e+01
      vertex   1.663582e+00 -2.707706e+00 -1.694571e+01
    endloop
  endfacet
  facet normal -5.032026e-02 -1.991278e-02 -9.985346e-01
    outer loop
      vertex   8.677493e+00 -1.455261e+01 -1.706296e+01
      vertex   1.663582e+00 -2.707706e+00 -1.694571e+01
      vertex   2.255320e+00 -2.318939e+00 -1.698328e+01
    endloop
  endfacet
  facet normal  1.101810e-01  9.939115e-01 -1.521336e-04
    outer loop
      vertex   8.989486e-01  3.111032e+00 -1.352687e+01
      vertex   9.055313e-01  3.109776e+00 -1.696963e+01
      vertex  -1.211542e-01  3.223126e+00 -2.000000e+01
    endloop
  endfacet
  facet normal  0.000000e+00  0.000000e+00 -1.000000e+00
    outer loop
      vertex  -3.054898e+00 -9.420456e-01 -2.000000e+01
      vertex  -3.006678e+00  1.083672e+00 -2.000000e+01
      vertex  -1.696439e+00  2.742271e+00 -2.000000e+01
    endloop
  endfacet
  facet normal  9.237199e-01  7.371344e-03 -3.829976e-01
    outer loop
      vertex   1.583418e+01 -1.920713e+01  1.136601e+01
      vertex   1.507929e+01 -1.906310e+01  9.548134e+00
      vertex   1.549869e+01  1.912643e+01  1.129467e+01
    endloop
  endfacet
  facet normal -1.473080e-02 -3.121684e-05 -9.998915e-01
    outer loop
      vertex   1.398895e+01  1.906466e+01  9.535162e+00
      vertex   1.504834e+01  1.907910e+01  9.519554e+00
      vertex   1.402993e+01 -1.906095e+01  9.535748e+00
    endloop
  endfacet
  facet normal  5.309383e-01  8.427054e-01 -8.917423e-02
    outer loop
      vertex  -2.317536e+01 -1.497996e+00  9.639500e+00
      vertex  -2.309034e+01 -1.400533e+00  1.106674e+01
      vertex   9.303826e+00 -2.198360e+01  9.427705e+00
    endloop
  endfacet
  facet normal  1.896316e-02 -9.996672e-01  1.749288e-02
    outer loop
      vertex  -2.293863e+01 -5.629762e-01  4.058322e+00
      vertex  -3.182049e+00 -5.054241e-01 -1.406987e+01
      vertex  -3.188459e+00 -4.806506e-01 -1.264719e+01
    endloop
  endfacet
  facet normal  4.739201e-02 -8.380277e-02  9.953548e-01
    outer loop
      vertex  -2.305149e+01  1.159118e+00  1.128039e+01
      vertex  -2.309034e+01 -1.400533e+00  1.106674e+01
      vertex  -2.824194e+00 -1.254862e+00  1.011407e+01
    endloop
  endfacet
  facet normal  4.924806e-02 -9.966611e-01  6.512602e-02
    outer loop
      vertex  -3.183634e+00 -5.215145e-01  9.465491e+00
      vertex  -2.309034e+01 -1.400533e+00  1.106674e+01
      vertex  -2.317536e+01 -1.497996e+00  9.639500e+00
    endloop
  endfacet
  facet normal -2.262350e-01  8.610734e-02  9.702594e-01
    outer loop
      vertex   1.115129e+01  2.006982e+01  1.112524e+01
      vertex   8.228587e-02  3.049153e+00  1.005482e+01
      vertex   1.727299e+00  2.554406e+00  1.048229e+01
    endloop
  endfacet
  facet normal -3.144448e-01 -1.799161e-01 -9.320701e-01
    outer loop
      vertex   7.600734e-02 -3.059012e+00  1.006087e+01
      vertex   9.053566e-01 -3.109811e+00  9.790884e+00
      vertex   1.150303e+01 -1.982145e+01  9.441456e+00
    endloop
  endfacet
  facet normal  0.000000e+00 -9.627001e-01 -2.705707e-01
    outer loop
      vertex  -3.181051e+00 -5.374774e-01 -1.671514e+01
      vertex  -1.689845e+01 -2.452635e-01 -1.775485e+01
      vertex  -3.224370e+00 -2.452635e-01 -1.775485e+01
    endloop
  endfacet
  facet normal -8.654518e-01  4.950233e-01  7.710547e-02
    outer loop
      vertex   1.617320e+00  2.741753e+00 -1.704221e+01
      vertex   8.447688e+00  1.468293e+01 -1.703973e+01
      vertex   8.373234e+00  1.466663e+01 -1.777077e+01
    endloop
  endfacet
  facet normal  2.496040e-01 -9.678445e-01  3.122368e-02
    outer loop
      vertex  -8.688964e-02 -2.860383e+00  1.752000e+01
      vertex   7.600734e-02 -3.059012e+00  1.006087e+01
      vertex   1.478898e+00 -2.676182e+00  1.071271e+01
    endloop
  endfacet
  facet normal -7.988471e-01  6.013549e-01  1.468257e-02
    outer loop
      vertex  -2.819897e+00  1.262203e+00  1.012211e+01
      vertex  -1.902710e+00  2.299980e+00  1.752000e+01
      vertex  -1.819549e+00  2.594059e+00  1.000000e+01
    endloop
  endfacet
  facet normal  7.687395e-01  6.389507e-01  2.795746e-02
    outer loop
      vertex   2.579464e+00  1.221206e+00  1.752000e+01
      vertex   2.653738e+00  1.458970e+00  1.004375e+01
      vertex   1.727299e+00  2.554406e+00  1.048229e+01
    endloop
  endfacet
  facet normal -9.991478e-01  1.574027e-03  4.124345e-02
    outer loop
      vertex  -2.518655e+00 -1.361349e+00  1.752000e+01
      vertex  -2.819897e+00  1.262203e+00  1.012211e+01
      vertex  -2.824194e+00 -1.254862e+00  1.011407e+01
    endloop
  endfacet
  facet normal -3.058015e-01  9.490028e-01  7.667585e-02
    outer loop
      vertex  -1.902710e+00  2.299980e+00  1.752000e+01
      vertex  -2.319901e+00  1.457772e+00  2.628000e+01
      vertex  -1.350705e-01  2.869574e+00  1.752000e+01
    endloop
  endfacet
endsolid vcg
