solid dfki_pipe2_binary_solid_transformed_centered
  facet normal -7.712933e-01 2.301768e-02 -6.360636e-01
    outer loop
      vertex -3.004699e-01 -2.803494e-01 -1.068648e+00
      vertex -4.387179e-01 -4.660714e-01 -9.077285e-01
      vertex -3.117519e-01 -4.661184e-01 -1.061688e+00
    endloop
  endfacet
  facet normal 6.651391e-01 -6.142540e-04 7.467192e-01
    outer loop
      vertex 2.891251e-01 -2.747974e-01 -1.946185e-01
      vertex 4.431771e-01 -6.368362e-03 -3.316185e-01
      vertex 4.437781e-01 -2.832544e-01 -3.323785e-01
    endloop
  endfacet
  facet normal -5.607933e-01 8.201970e-01 1.130834e-01
    outer loop
      vertex -4.724139e-01 -1.472825e+00 -3.877785e-01
      vertex -5.094699e-01 -1.499392e+00 -3.788485e-01
      vertex -5.080569e-01 -1.468228e+00 -5.978785e-01
    endloop
  endfacet
  facet normal -4.236533e-07 -1.000000e+00 3.413457e-08
    outer loop
      vertex -7.103292e-02 -1.494289e+00 1.530715e-01
      vertex -3.589529e-01 -1.494289e+00 3.447915e-01
      vertex -6.390392e-02 -1.494289e+00 3.234015e-01
    endloop
  endfacet
  facet normal 4.236533e-07 1.000000e+00 -3.413457e-08
    outer loop
      vertex -7.103292e-02 -1.494289e+00 1.530715e-01
      vertex -6.390392e-02 -1.494289e+00 3.234015e-01
      vertex -3.589529e-01 -1.494289e+00 3.447915e-01
    endloop
  endfacet
  facet normal 3.536174e-01 2.692050e-02 -9.350026e-01
    outer loop
      vertex 7.101608e-02 9.480606e-01 -1.184078e+00
      vertex 3.451871e-01 1.207469e+00 -1.072918e+00
      vertex 4.889508e-02 1.161258e+00 -1.186308e+00
    endloop
  endfacet
  facet normal -9.409959e-01 1.938317e-03 -3.384124e-01
    outer loop
      vertex -4.338669e-01 1.201744e+00 -9.166685e-01
      vertex -5.022909e-01 1.212428e+00 -7.263485e-01
      vertex -4.352409e-01 9.741556e-01 -9.141485e-01
    endloop
  endfacet
  facet normal 4.355407e-01 1.807476e-02 -8.999875e-01
    outer loop
      vertex -3.186692e-02 6.449726e-01 -1.241085e-01
      vertex -8.321792e-02 9.288446e-01 -1.432585e-01
      vertex -2.249792e-02 4.666996e-01 -1.231485e-01
    endloop
  endfacet
  facet normal -4.355407e-01 -1.807476e-02 8.999875e-01
    outer loop
      vertex -3.186692e-02 6.449726e-01 -1.241085e-01
      vertex -2.249792e-02 4.666996e-01 -1.231485e-01
      vertex -8.321792e-02 9.288446e-01 -1.432585e-01
    endloop
  endfacet
  facet normal -2.591351e-02 -9.996634e-01 -1.229339e-03
    outer loop
      vertex -3.426679e-01 -1.504289e+00 1.053102e+00
      vertex -3.314789e-01 -1.504289e+00 8.172515e-01
      vertex -5.094799e-01 -1.499678e+00 8.193715e-01
    endloop
  endfacet
  facet normal -7.565689e-01 -1.283644e-03 -6.539127e-01
    outer loop
      vertex -4.360909e-01 6.665716e-01 -9.125685e-01
      vertex -3.036219e-01 9.628146e-01 -1.066408e+00
      vertex -4.352409e-01 9.741556e-01 -9.141485e-01
    endloop
  endfacet
  facet normal 2.959507e-04 9.990492e-01 4.359610e-02
    outer loop
      vertex -4.077792e-02 1.505711e+00 1.787692e+00
      vertex -4.077592e-02 1.501620e+00 1.881442e+00
      vertex -3.296139e-01 1.505711e+00 1.789652e+00
    endloop
  endfacet
  facet normal 1.370023e-08 1.000000e+00 -7.424656e-09
    outer loop
      vertex 3.982961e-01 -1.494289e+00 1.455542e+00
      vertex 1.974511e-01 -1.494289e+00 1.712112e+00
      vertex 1.452851e-01 -1.494289e+00 1.490422e+00
    endloop
  endfacet
  facet normal -3.472361e-02 9.993913e-01 3.362600e-03
    outer loop
      vertex -3.626019e-01 -1.494289e+00 1.075202e+00
      vertex -5.094929e-01 -1.500071e+00 1.276832e+00
      vertex -5.094779e-01 -1.499446e+00 1.091212e+00
    endloop
  endfacet
  facet normal -7.608762e-01 7.859642e-03 -6.488494e-01
    outer loop
      vertex -4.362499e-01 -7.203362e-03 -9.122785e-01
      vertex -4.310169e-01 -2.904004e-01 -9.218385e-01
      vertex -3.067429e-01 -1.569536e-02 -1.064248e+00
    endloop
  endfacet
  facet normal 1.923975e-01 9.671184e-01 1.663284e-01
    outer loop
      vertex -2.870249e-01 1.480401e+00 -1.085738e+00
      vertex -4.722139e-01 1.489349e+00 -9.235485e-01
      vertex -3.721509e-01 1.501704e+00 -1.111138e+00
    endloop
  endfacet
  facet normal -1.923975e-01 -9.671184e-01 -1.663284e-01
    outer loop
      vertex -2.870249e-01 1.480401e+00 -1.085738e+00
      vertex -3.721509e-01 1.501704e+00 -1.111138e+00
      vertex -4.722139e-01 1.489349e+00 -9.235485e-01
    endloop
  endfacet
  facet normal 6.356987e-04 -9.974951e-01 7.073245e-02
    outer loop
      vertex -3.931992e-02 1.495711e+00 1.798102e+00
      vertex -3.497909e-01 1.501423e+00 1.881442e+00
      vertex -4.077592e-02 1.501620e+00 1.881442e+00
    endloop
  endfacet
  facet normal 5.752724e-05 1.000000e+00 -1.333793e-07
    outer loop
      vertex -4.649192e-02 1.505711e+00 5.437515e-01
      vertex -4.733792e-02 1.505711e+00 1.789015e-01
      vertex -3.036292e-02 1.505710e+00 3.501915e-01
    endloop
  endfacet
  facet normal -5.752724e-05 -1.000000e+00 1.333793e-07
    outer loop
      vertex -4.649192e-02 1.505711e+00 5.437515e-01
      vertex -3.036292e-02 1.505710e+00 3.501915e-01
      vertex -4.733792e-02 1.505711e+00 1.789015e-01
    endloop
  endfacet
  facet normal 3.124905e-03 9.999945e-01 -1.136125e-03
    outer loop
      vertex 3.800791e-01 1.505077e+00 -3.864685e-01
      vertex 9.361908e-02 1.505711e+00 -6.163785e-01
      vertex 4.112821e-01 1.504751e+00 -5.875085e-01
    endloop
  endfacet
  facet normal 2.950277e-03 9.625161e-01 -2.712085e-01
    outer loop
      vertex -4.910592e-02 1.491404e+00 -1.160538e+00
      vertex 9.429408e-02 1.504080e+00 -1.113988e+00
      vertex -4.013292e-02 1.504075e+00 -1.115468e+00
    endloop
  endfacet
  facet normal -3.781308e-01 -1.748833e-03 -9.257506e-01
    outer loop
      vertex -2.981379e-01 -6.578163e-01 -1.071848e+00
      vertex -2.944189e-01 -9.450591e-01 -1.072828e+00
      vertex -2.282692e-02 -9.100607e-01 -1.183828e+00
    endloop
  endfacet
  facet normal 1.419650e-01 9.894981e-01 2.718959e-02
    outer loop
      vertex 5.265871e-01 1.488355e+00 -5.928585e-01
      vertex 4.112821e-01 1.504751e+00 -5.875085e-01
      vertex 5.309721e-01 1.491478e+00 -7.294085e-01
    endloop
  endfacet
  facet normal 3.007392e-01 1.727059e-03 9.537048e-01
    outer loop
      vertex 2.819491e-01 9.553686e-01 -1.907185e-01
      vertex 6.524608e-02 9.080036e-01 -1.222985e-01
      vertex 2.841741e-01 1.216745e+00 -1.918885e-01
    endloop
  endfacet
  facet normal -9.986748e-01 -5.146379e-02 -4.643556e-04
    outer loop
      vertex -5.076219e-01 1.466905e+00 -5.956885e-01
      vertex -5.095349e-01 1.503916e+00 -5.831685e-01
      vertex -5.094699e-01 1.500814e+00 -3.788685e-01
    endloop
  endfacet
  facet normal -1.493352e-03 -9.985166e-01 5.442757e-02
    outer loop
      vertex -3.647239e-01 -1.504289e+00 1.801532e+00
      vertex -3.399659e-01 -1.499971e+00 1.881442e+00
      vertex -4.077792e-02 -1.504289e+00 1.810422e+00
    endloop
  endfacet
  facet normal -5.685433e-01 3.958753e-03 8.226438e-01
    outer loop
      vertex 3.721551e-01 -9.803800e-01 -1.053468e+00
      vertex 2.713791e-01 -8.518412e-01 -1.123738e+00
      vertex 3.588751e-01 -6.601560e-01 -1.064188e+00
    endloop
  endfacet
  facet normal 5.685433e-01 -3.958753e-03 -8.226438e-01
    outer loop
      vertex 3.721551e-01 -9.803800e-01 -1.053468e+00
      vertex 3.588751e-01 -6.601560e-01 -1.064188e+00
      vertex 2.713791e-01 -8.518412e-01 -1.123738e+00
    endloop
  endfacet
  facet normal -2.695890e-02 -9.996362e-01 7.664443e-04
    outer loop
      vertex -3.279969e-01 -1.504289e+00 -3.829585e-01
      vertex -5.094699e-01 -1.499392e+00 -3.788485e-01
      vertex -5.094669e-01 -1.499192e+00 -1.180585e-01
    endloop
  endfacet
  facet normal 5.288765e-01 2.897069e-02 8.482043e-01
    outer loop
      vertex 1.821951e-01 -6.376826e-01 -1.571685e-01
      vertex 4.437781e-01 -2.832544e-01 -3.323785e-01
      vertex 4.362811e-01 -4.669364e-01 -3.214285e-01
    endloop
  endfacet
  facet normal 3.676611e-01 -1.720625e-02 -9.298006e-01
    outer loop
      vertex 3.481961e-01 2.850666e-01 -1.070898e+00
      vertex 7.024508e-02 4.678036e-01 -1.184188e+00
      vertex 5.850108e-02 2.795356e-01 -1.185348e+00
    endloop
  endfacet
  facet normal -7.714170e-01 1.457683e-02 -6.361630e-01
    outer loop
      vertex -4.308579e-01 -6.817597e-01 -9.221985e-01
      vertex -3.117519e-01 -4.661184e-01 -1.061688e+00
      vertex -4.387179e-01 -4.660714e-01 -9.077285e-01
    endloop
  endfacet
  facet normal 6.625860e-01 9.633156e-03 7.489238e-01
    outer loop
      vertex 4.462061e-01 6.188416e-01 -3.374985e-01
      vertex 2.899351e-01 2.916906e-01 -1.950385e-01
      vertex 2.834701e-01 4.676686e-01 -1.915785e-01
    endloop
  endfacet
  facet normal -9.964054e-01 -6.775247e-05 8.471367e-02
    outer loop
      vertex -5.060599e-01 4.675696e-01 -6.178185e-01
      vertex -5.065459e-01 2.967656e-01 -6.236685e-01
      vertex -5.068049e-01 6.800006e-01 -6.264085e-01
    endloop
  endfacet
  facet normal 9.964054e-01 6.775247e-05 -8.471367e-02
    outer loop
      vertex -5.060599e-01 4.675696e-01 -6.178185e-01
      vertex -5.068049e-01 6.800006e-01 -6.264085e-01
      vertex -5.065459e-01 2.967656e-01 -6.236685e-01
    endloop
  endfacet
  facet normal -4.804302e-03 9.999081e-01 -1.267752e-02
    outer loop
      vertex -3.721509e-01 1.501704e+00 -1.111138e+00
      vertex -3.453479e-01 1.505711e+00 -8.052385e-01
      vertex -5.095179e-01 1.501773e+00 -1.053628e+00
    endloop
  endfacet
  facet normal 0.000000e+00 1.000000e+00 0.000000e+00
    outer loop
      vertex 9.361908e-02 1.505711e+00 -6.163785e-01
      vertex -3.036092e-02 1.505711e+00 -5.873085e-01
      vertex -4.338292e-02 1.505711e+00 -8.060585e-01
    endloop
  endfacet
  facet normal -3.136358e-01 7.581687e-04 9.495431e-01
    outer loop
      vertex -2.249792e-02 4.666996e-01 -1.231485e-01
      vertex -2.356059e-01 2.836506e-01 -1.933985e-01
      vertex -2.370929e-01 6.719026e-01 -1.941985e-01
    endloop
  endfacet
  facet normal -3.565401e-02 9.993626e-01 1.815659e-03
    outer loop
      vertex -5.094799e-01 -1.499678e+00 8.193715e-01
      vertex -5.094729e-01 -1.499201e+00 5.571915e-01
      vertex -3.722619e-01 -1.494289e+00 5.479915e-01
    endloop
  endfacet
  facet normal 0.000000e+00 1.000000e+00 0.000000e+00
    outer loop
      vertex -3.279969e-01 -1.504289e+00 -3.829585e-01
      vertex -3.434809e-01 -1.504289e+00 -1.423585e-01
      vertex -3.395489e-01 -1.504289e+00 -5.558785e-01
    endloop
  endfacet
  facet normal -0.000000e+00 -1.000000e+00 0.000000e+00
    outer loop
      vertex -3.279969e-01 -1.504289e+00 -3.829585e-01
      vertex -3.395489e-01 -1.504289e+00 -5.558785e-01
      vertex -3.434809e-01 -1.504289e+00 -1.423585e-01
    endloop
  endfacet
  facet normal 4.766211e-01 -4.409367e-01 7.605308e-01
    outer loop
      vertex 4.431771e-01 -6.368362e-03 -3.316185e-01
      vertex 1.221561e-01 -2.009836e-02 -1.383985e-01
      vertex 2.853651e-01 6.300664e-02 -1.924985e-01
    endloop
  endfacet
  facet normal 9.368671e-01 -1.634402e-02 3.493036e-01
    outer loop
      vertex 4.552351e-01 1.209329e+00 -3.484485e-01
      vertex 4.621561e-01 1.457988e+00 -3.553785e-01
      vertex 5.571351e-01 1.209294e+00 -6.217585e-01
    endloop
  endfacet
  facet normal -9.368671e-01 1.634402e-02 -3.493036e-01
    outer loop
      vertex 4.552351e-01 1.209329e+00 -3.484485e-01
      vertex 5.571351e-01 1.209294e+00 -6.217585e-01
      vertex 4.621561e-01 1.457988e+00 -3.553785e-01
    endloop
  endfacet
  facet normal 9.396389e-01 1.304507e-02 -3.419191e-01
    outer loop
      vertex 4.917001e-01 6.539096e-01 -9.065685e-01
      vertex 5.532771e-01 9.534316e-01 -7.259185e-01
      vertex 4.811161e-01 9.273736e-01 -9.252185e-01
    endloop
  endfacet
  facet normal 2.253112e-07 1.000000e+00 7.696770e-08
    outer loop
      vertex -3.626019e-01 -1.494289e+00 1.075202e+00
      vertex -4.218292e-02 -1.494289e+00 1.068942e+00
      vertex -1.099269e-01 -1.494289e+00 1.279352e+00
    endloop
  endfacet
  facet normal 9.991534e-01 -9.895323e-04 -4.112931e-02
    outer loop
      vertex 5.576001e-01 -2.895864e-01 -6.267385e-01
      vertex 5.533611e-01 -4.724914e-01 -7.253185e-01
      vertex 5.573891e-01 -5.964269e-01 -6.244885e-01
    endloop
  endfacet
  facet normal -7.356274e-01 6.627023e-01 -1.402782e-01
    outer loop
      vertex -4.731419e-01 -1.487802e+00 -9.199585e-01
      vertex -5.079299e-01 -1.485920e+00 -7.286385e-01
      vertex -5.095139e-01 -1.501274e+00 -7.928685e-01
    endloop
  endfacet
  facet normal 0.000000e+00 -1.000000e+00 0.000000e+00
    outer loop
      vertex 1.330431e-01 1.495711e+00 3.298415e-01
      vertex 9.887208e-02 1.495711e+00 5.212815e-01
      vertex 3.139691e-01 1.495711e+00 5.232315e-01
    endloop
  endfacet
  facet normal 0.000000e+00 1.000000e+00 -0.000000e+00
    outer loop
      vertex 1.330431e-01 1.495711e+00 3.298415e-01
      vertex 3.139691e-01 1.495711e+00 5.232315e-01
      vertex 9.887208e-02 1.495711e+00 5.212815e-01
    endloop
  endfacet
  facet normal -4.085767e-02 -9.974298e-01 5.886008e-02
    outer loop
      vertex -3.822109e-01 1.495711e+00 1.547715e-01
      vertex -3.627679e-01 1.477480e+00 -1.406685e-01
      vertex -5.094669e-01 1.500609e+00 1.494415e-01
    endloop
  endfacet
  facet normal -9.442945e-01 3.989403e-04 -3.291015e-01
    outer loop
      vertex -4.394109e-01 -9.586388e-01 -9.064785e-01
      vertex -5.023689e-01 -9.621019e-01 -7.258385e-01
      vertex -5.022829e-01 -1.193213e+00 -7.263585e-01
    endloop
  endfacet
  facet normal 3.205467e-01 -3.069777e-03 9.472277e-01
    outer loop
      vertex 7.771008e-02 4.668556e-01 -1.236185e-01
      vertex 8.008408e-02 6.488006e-01 -1.238285e-01
      vertex 2.885651e-01 6.777056e-01 -1.942885e-01
    endloop
  endfacet
  facet normal 7.416002e-01 -3.234755e-03 -6.708342e-01
    outer loop
      vertex 4.829111e-01 2.851336e-01 -9.219685e-01
      vertex 3.481961e-01 2.850666e-01 -1.070898e+00
      vertex 3.448121e-01 -1.294936e-02 -1.073198e+00
    endloop
  endfacet
  facet normal 9.303897e-01 -6.427756e-03 3.665155e-01
    outer loop
      vertex 5.566161e-01 -8.340643e-01 -6.162185e-01
      vertex 4.453021e-01 -9.413560e-01 -3.355285e-01
      vertex 4.474301e-01 -6.581156e-01 -3.359685e-01
    endloop
  endfacet
  facet normal -4.020980e-02 9.991908e-01 -1.005326e-03
    outer loop
      vertex 4.747831e-01 -1.497503e+00 3.439015e-01
      vertex 4.017651e-01 -1.500259e+00 5.255015e-01
      vertex 3.739381e-01 -1.501741e+00 1.657615e-01
    endloop
  endfacet
  facet normal 4.020980e-02 -9.991908e-01 1.005326e-03
    outer loop
      vertex 4.747831e-01 -1.497503e+00 3.439015e-01
      vertex 3.739381e-01 -1.501741e+00 1.657615e-01
      vertex 4.017651e-01 -1.500259e+00 5.255015e-01
    endloop
  endfacet
  facet normal 0.000000e+00 -9.976597e-01 6.837562e-02
    outer loop
      vertex -3.931992e-02 1.495711e+00 1.798102e+00
      vertex -2.476529e-01 1.495711e+00 1.798102e+00
      vertex -3.497909e-01 1.501423e+00 1.881442e+00
    endloop
  endfacet
  facet normal -7.608101e-01 3.181451e-03 -6.489667e-01
    outer loop
      vertex -4.360909e-01 6.665716e-01 -9.125685e-01
      vertex -3.072959e-01 6.709256e-01 -1.063538e+00
      vertex -3.036219e-01 9.628146e-01 -1.066408e+00
    endloop
  endfacet
  facet normal -4.003082e-01 7.459214e-02 9.133396e-01
    outer loop
      vertex 2.804408e-02 1.451594e+00 -1.188378e+00
      vertex -9.748915e-03 1.209163e+00 -1.185138e+00
      vertex 2.182908e-02 1.417586e+00 -1.188318e+00
    endloop
  endfacet
  facet normal 4.003082e-01 -7.459214e-02 -9.133396e-01
    outer loop
      vertex 2.804408e-02 1.451594e+00 -1.188378e+00
      vertex 2.182908e-02 1.417586e+00 -1.188318e+00
      vertex -9.748915e-03 1.209163e+00 -1.185138e+00
    endloop
  endfacet
  facet normal -3.970593e-02 -9.992114e-01 -2.414190e-04
    outer loop
      vertex -5.094799e-01 1.501098e+00 8.193515e-01
      vertex -3.738729e-01 1.495711e+00 8.127615e-01
      vertex -3.722629e-01 1.495711e+00 5.480015e-01
    endloop
  endfacet
  facet normal -2.662989e-02 -9.995300e-01 1.518551e-02
    outer loop
      vertex -3.279969e-01 -1.504289e+00 -3.829585e-01
      vertex -5.095349e-01 -1.502494e+00 -5.831685e-01
      vertex -5.094699e-01 -1.499392e+00 -3.788485e-01
    endloop
  endfacet
  facet normal -6.685239e-01 3.532599e-02 7.428512e-01
    outer loop
      vertex -2.270799e-01 1.213988e+00 -1.887385e-01
      vertex -2.519399e-01 1.028781e+00 -2.023085e-01
      vertex -4.007929e-01 1.209536e+00 -3.448585e-01
    endloop
  endfacet
  facet normal -9.955733e-01 -3.274617e-05 -9.398891e-02
    outer loop
      vertex 5.566161e-01 -8.340643e-01 -6.162185e-01
      vertex 5.573891e-01 -5.964269e-01 -6.244885e-01
      vertex 5.553311e-01 -4.726474e-01 -6.027385e-01
    endloop
  endfacet
  facet normal 9.955733e-01 3.274617e-05 9.398891e-02
    outer loop
      vertex 5.566161e-01 -8.340643e-01 -6.162185e-01
      vertex 5.553311e-01 -4.726474e-01 -6.027385e-01
      vertex 5.573891e-01 -5.964269e-01 -6.244885e-01
    endloop
  endfacet
  facet normal 4.470355e-09 1.000000e+00 1.972721e-07
    outer loop
      vertex -4.241819e-01 -1.494289e+00 1.537722e+00
      vertex -3.931992e-02 -1.494289e+00 1.798102e+00
      vertex -2.476529e-01 -1.494289e+00 1.798102e+00
    endloop
  endfacet
  facet normal -6.648158e-01 -2.079317e-03 7.470044e-01
    outer loop
      vertex -3.927979e-01 -2.761594e-01 -3.333385e-01
      vertex -3.910449e-01 -6.104362e-03 -3.310285e-01
      vertex -2.354119e-01 -2.821864e-01 -1.932885e-01
    endloop
  endfacet
  facet normal -3.730275e-01 5.969142e-03 -9.278011e-01
    outer loop
      vertex -1.151592e-02 -3.012804e-01 -1.184958e+00
      vertex -3.004699e-01 -2.803494e-01 -1.068648e+00
      vertex -1.527792e-02 -4.770704e-01 -1.184578e+00
    endloop
  endfacet
  facet normal 3.352777e-02 -9.994373e-01 -9.518996e-04
    outer loop
      vertex 4.216191e-01 1.503150e+00 1.797352e+00
      vertex 4.025031e-01 1.502772e+00 1.520812e+00
      vertex 1.974511e-01 1.495711e+00 1.712112e+00
    endloop
  endfacet
  facet normal 7.596324e-04 9.974948e-01 7.073603e-02
    outer loop
      vertex -3.399659e-01 -1.499971e+00 1.881442e+00
      vertex -3.931992e-02 -1.494289e+00 1.798102e+00
      vertex -4.077592e-02 -1.500198e+00 1.881442e+00
    endloop
  endfacet
  facet normal 1.192646e-08 1.000000e+00 4.411579e-06
    outer loop
      vertex -3.212879e-01 1.505710e+00 -5.891285e-01
      vertex -3.453479e-01 1.505711e+00 -8.052385e-01
      vertex -4.338292e-02 1.505711e+00 -8.060585e-01
    endloop
  endfacet
  facet normal 6.796741e-01 -3.980534e-03 7.335034e-01
    outer loop
      vertex 4.453021e-01 -9.413560e-01 -3.355285e-01
      vertex 2.997891e-01 -8.977834e-01 -2.004585e-01
      vertex 4.474301e-01 -6.581156e-01 -3.359685e-01
    endloop
  endfacet
  facet normal 8.693976e-01 5.006968e-05 -4.941132e-01
    outer loop
      vertex 4.732581e-01 -6.514014e-01 -9.390685e-01
      vertex 4.832811e-01 -4.675104e-01 -9.214185e-01
      vertex 4.808291e-01 -2.820804e-01 -9.257085e-01
    endloop
  endfacet
  facet normal -8.693976e-01 -5.006968e-05 4.941132e-01
    outer loop
      vertex 4.732581e-01 -6.514014e-01 -9.390685e-01
      vertex 4.808291e-01 -2.820804e-01 -9.257085e-01
      vertex 4.832811e-01 -4.675104e-01 -9.214185e-01
    endloop
  endfacet
  facet normal 1.375246e-02 9.999050e-01 -8.675939e-04
    outer loop
      vertex 4.032381e-01 1.502184e+00 1.062022e+00
      vertex 1.299911e-01 1.505712e+00 7.966115e-01
      vertex 4.068301e-01 1.501942e+00 8.400615e-01
    endloop
  endfacet
  facet normal -1.375246e-02 -9.999050e-01 8.675939e-04
    outer loop
      vertex 4.032381e-01 1.502184e+00 1.062022e+00
      vertex 4.068301e-01 1.501942e+00 8.400615e-01
      vertex 1.299911e-01 1.505712e+00 7.966115e-01
    endloop
  endfacet
  facet normal -2.833494e-02 9.995981e-01 7.633141e-04
    outer loop
      vertex -5.094699e-01 1.500814e+00 -3.788685e-01
      vertex -3.302459e-01 1.505712e+00 -1.398585e-01
      vertex -5.094669e-01 1.500615e+00 -1.180585e-01
    endloop
  endfacet
  facet normal 9.964136e-01 1.615570e-05 -8.461592e-02
    outer loop
      vertex -5.061619e-01 -4.661584e-01 -6.188285e-01
      vertex -5.067529e-01 -2.710574e-01 -6.257485e-01
      vertex -5.066479e-01 -6.672998e-01 -6.245885e-01
    endloop
  endfacet
  facet normal -9.964136e-01 -1.615570e-05 8.461592e-02
    outer loop
      vertex -5.061619e-01 -4.661584e-01 -6.188285e-01
      vertex -5.066479e-01 -6.672998e-01 -6.245885e-01
      vertex -5.067529e-01 -2.710574e-01 -6.257485e-01
    endloop
  endfacet
  facet normal -8.839817e-04 -9.994527e-01 3.306893e-02
    outer loop
      vertex 9.412208e-02 1.501405e+00 1.881442e+00
      vertex 3.766231e-01 1.501155e+00 1.881442e+00
      vertex 1.974511e-01 1.495711e+00 1.712112e+00
    endloop
  endfacet
  facet normal -9.998254e-01 1.868626e-02 -1.669590e-05
    outer loop
      vertex -5.094929e-01 -1.500071e+00 1.276832e+00
      vertex -5.094779e-01 -1.499446e+00 1.091212e+00
      vertex -5.094869e-01 -1.499550e+00 1.517702e+00
    endloop
  endfacet
  facet normal 9.998254e-01 -1.868626e-02 1.669590e-05
    outer loop
      vertex -5.094929e-01 -1.500071e+00 1.276832e+00
      vertex -5.094869e-01 -1.499550e+00 1.517702e+00
      vertex -5.094779e-01 -1.499446e+00 1.091212e+00
    endloop
  endfacet
  facet normal 9.412840e-01 6.803579e-05 -3.376158e-01
    outer loop
      vertex 5.532741e-01 6.813726e-01 -7.261585e-01
      vertex 4.832141e-01 4.666616e-01 -9.215285e-01
      vertex 5.532291e-01 2.858896e-01 -7.263585e-01
    endloop
  endfacet
  facet normal 8.382919e-03 -9.999526e-01 -4.940772e-03
    outer loop
      vertex 4.115821e-01 -1.500182e+00 1.514502e+00
      vertex 9.880508e-02 -1.504289e+00 1.815152e+00
      vertex 4.007081e-01 -1.501718e+00 1.806912e+00
    endloop
  endfacet
  facet normal 9.835624e-02 9.921685e-01 7.699196e-02
    outer loop
      vertex 3.982961e-01 -1.494289e+00 1.455542e+00
      vertex 4.115821e-01 -1.500182e+00 1.514502e+00
      vertex 1.974511e-01 -1.494289e+00 1.712112e+00
    endloop
  endfacet
  facet normal -1.670743e-10 1.000000e+00 -1.034405e-08
    outer loop
      vertex 1.207441e-01 -1.494289e+00 1.499715e-01
      vertex 1.330431e-01 -1.494289e+00 3.298415e-01
      vertex -7.103292e-02 -1.494289e+00 1.530715e-01
    endloop
  endfacet
  facet normal -3.873872e-01 -2.300792e-02 -9.216300e-01
    outer loop
      vertex -4.083915e-03 6.989166e-01 -1.185728e+00
      vertex -2.583592e-02 9.771396e-01 -1.183528e+00
      vertex -3.036219e-01 9.628146e-01 -1.066408e+00
    endloop
  endfacet
  facet normal -2.589080e-02 -9.996645e-01 6.788416e-04
    outer loop
      vertex -3.314789e-01 -1.504289e+00 8.172515e-01
      vertex -3.389349e-01 -1.504289e+00 5.328815e-01
      vertex -5.094799e-01 -1.499678e+00 8.193715e-01
    endloop
  endfacet
  facet normal 0.000000e+00 -1.000000e+00 0.000000e+00
    outer loop
      vertex -3.549192e-02 1.495711e+00 5.376915e-01
      vertex -3.738729e-01 1.495711e+00 8.127615e-01
      vertex -3.780792e-02 1.495711e+00 8.189415e-01
    endloop
  endfacet
  facet normal -9.438649e-01 8.053477e-05 -3.303319e-01
    outer loop
      vertex -5.022859e-01 2.974156e-01 -7.263585e-01
      vertex -4.388959e-01 4.673316e-01 -9.074485e-01
      vertex -5.023249e-01 6.840876e-01 -7.261585e-01
    endloop
  endfacet
  facet normal -2.601831e-02 9.996605e-01 -1.426500e-03
    outer loop
      vertex -3.243829e-01 1.505710e+00 3.482815e-01
      vertex -5.094709e-01 1.500896e+00 3.505015e-01
      vertex -5.094669e-01 1.500609e+00 1.494415e-01
    endloop
  endfacet
  facet normal -3.708532e-06 1.000000e+00 6.283173e-06
    outer loop
      vertex -3.302459e-01 1.505712e+00 -1.398585e-01
      vertex -4.733792e-02 1.505711e+00 1.789015e-01
      vertex -3.213889e-01 1.505710e+00 1.689315e-01
    endloop
  endfacet
  facet normal 3.672987e-01 7.422278e-03 -9.300734e-01
    outer loop
      vertex 3.481961e-01 2.850666e-01 -1.070898e+00
      vertex 5.850108e-02 2.795356e-01 -1.185348e+00
      vertex 6.572408e-02 8.156638e-03 -1.184658e+00
    endloop
  endfacet
  facet normal 7.551743e-01 -2.260973e-02 -6.551339e-01
    outer loop
      vertex 3.481961e-01 2.850666e-01 -1.070898e+00
      vertex 4.832141e-01 4.666616e-01 -9.215285e-01
      vertex 3.628331e-01 4.668856e-01 -1.060298e+00
    endloop
  endfacet
  facet normal -9.993590e-01 2.955573e-03 -3.567839e-02
    outer loop
      vertex -5.023719e-01 3.107638e-03 -7.257485e-01
      vertex -5.062049e-01 -1.028136e-02 -6.194885e-01
      vertex -5.067529e-01 -2.710574e-01 -6.257485e-01
    endloop
  endfacet
  facet normal 7.623884e-01 -4.734662e-03 6.471024e-01
    outer loop
      vertex 4.362811e-01 -4.669364e-01 -3.214285e-01
      vertex 4.474301e-01 -6.581156e-01 -3.359685e-01
      vertex 4.453021e-01 -9.413560e-01 -3.355285e-01
    endloop
  endfacet
  facet normal -7.623884e-01 4.734662e-03 -6.471024e-01
    outer loop
      vertex 4.362811e-01 -4.669364e-01 -3.214285e-01
      vertex 4.453021e-01 -9.413560e-01 -3.355285e-01
      vertex 4.474301e-01 -6.581156e-01 -3.359685e-01
    endloop
  endfacet
  facet normal 0.000000e+00 1.000000e+00 0.000000e+00
    outer loop
      vertex 9.668508e-02 -1.504289e+00 5.230515e-01
      vertex 9.470208e-02 -1.504289e+00 1.497715e-01
      vertex 1.791681e-01 -1.504289e+00 3.440915e-01
    endloop
  endfacet
  facet normal 0.000000e+00 -1.000000e+00 -0.000000e+00
    outer loop
      vertex 9.668508e-02 -1.504289e+00 5.230515e-01
      vertex 1.791681e-01 -1.504289e+00 3.440915e-01
      vertex 9.470208e-02 -1.504289e+00 1.497715e-01
    endloop
  endfacet
  facet normal -9.408809e-01 -7.845169e-03 -3.386468e-01
    outer loop
      vertex -4.394109e-01 -9.586388e-01 -9.064785e-01
      vertex -5.022829e-01 -1.193213e+00 -7.263585e-01
      vertex -4.330239e-01 -1.220130e+00 -9.181685e-01
    endloop
  endfacet
  facet normal -8.179421e-01 -8.287651e-04 5.752999e-01
    outer loop
      vertex -3.817009e-01 -4.666024e-01 -3.178385e-01
      vertex -3.907779e-01 -6.649574e-01 -3.310285e-01
      vertex -3.927979e-01 -2.761594e-01 -3.333385e-01
    endloop
  endfacet
  facet normal 8.179421e-01 8.287651e-04 -5.752999e-01
    outer loop
      vertex -3.817009e-01 -4.666024e-01 -3.178385e-01
      vertex -3.927979e-01 -2.761594e-01 -3.333385e-01
      vertex -3.907779e-01 -6.649574e-01 -3.310285e-01
    endloop
  endfacet
  facet normal 9.448568e-01 -1.720125e-04 -3.274837e-01
    outer loop
      vertex 5.532701e-01 -8.324144e-01 -7.261785e-01
      vertex 4.892341e-01 -9.253945e-01 -9.108885e-01
      vertex 5.532811e-01 -1.149825e+00 -7.259785e-01
    endloop
  endfacet
  facet normal -9.885644e-01 -1.110600e-04 1.507994e-01
    outer loop
      vertex 5.532701e-01 -8.324144e-01 -7.261785e-01
      vertex 5.532101e-01 -5.980394e-01 -7.263985e-01
      vertex 5.533611e-01 -4.724914e-01 -7.253185e-01
    endloop
  endfacet
  facet normal 9.885644e-01 1.110600e-04 -1.507994e-01
    outer loop
      vertex 5.532701e-01 -8.324144e-01 -7.261785e-01
      vertex 5.533611e-01 -4.724914e-01 -7.253185e-01
      vertex 5.532101e-01 -5.980394e-01 -7.263985e-01
    endloop
  endfacet
  facet normal 9.408197e-01 -1.610837e-03 -3.389037e-01
    outer loop
      vertex 4.811161e-01 9.273736e-01 -9.252185e-01
      vertex 5.532361e-01 1.211485e+00 -7.263585e-01
      vertex 4.824571e-01 1.206778e+00 -9.228285e-01
    endloop
  endfacet
  facet normal -7.358798e-01 -1.049014e-02 -6.770309e-01
    outer loop
      vertex -4.303989e-01 2.751376e-01 -9.230085e-01
      vertex -4.362499e-01 -7.203362e-03 -9.122785e-01
      vertex -2.892259e-01 2.868566e-01 -1.076638e+00
    endloop
  endfacet
  facet normal 7.358798e-01 1.049014e-02 6.770309e-01
    outer loop
      vertex -4.303989e-01 2.751376e-01 -9.230085e-01
      vertex -2.892259e-01 2.868566e-01 -1.076638e+00
      vertex -4.362499e-01 -7.203362e-03 -9.122785e-01
    endloop
  endfacet
  facet normal -4.164320e-06 1.000000e+00 4.185159e-06
    outer loop
      vertex -3.298689e-01 1.505711e+00 1.039452e+00
      vertex -3.649129e-01 1.505710e+00 1.232452e+00
      vertex -3.349489e-01 1.505712e+00 8.065315e-01
    endloop
  endfacet
  facet normal 4.164320e-06 -1.000000e+00 -4.185159e-06
    outer loop
      vertex -3.298689e-01 1.505711e+00 1.039452e+00
      vertex -3.349489e-01 1.505712e+00 8.065315e-01
      vertex -3.649129e-01 1.505710e+00 1.232452e+00
    endloop
  endfacet
  facet normal -2.882665e-02 -9.995841e-01 8.512842e-04
    outer loop
      vertex -3.426679e-01 -1.504289e+00 1.053102e+00
      vertex -5.094799e-01 -1.499678e+00 8.193715e-01
      vertex -5.094779e-01 -1.499446e+00 1.091212e+00
    endloop
  endfacet
  facet normal -3.155671e-05 -1.000000e+00 -8.996657e-07
    outer loop
      vertex -3.212879e-01 1.505710e+00 -5.891285e-01
      vertex -3.453479e-01 1.505711e+00 -8.052385e-01
      vertex -3.266059e-01 1.505710e+00 -4.026085e-01
    endloop
  endfacet
  facet normal 3.155671e-05 1.000000e+00 8.996657e-07
    outer loop
      vertex -3.212879e-01 1.505710e+00 -5.891285e-01
      vertex -3.266059e-01 1.505710e+00 -4.026085e-01
      vertex -3.453479e-01 1.505711e+00 -8.052385e-01
    endloop
  endfacet
  facet normal -9.990776e-01 4.294129e-02 -3.349208e-04
    outer loop
      vertex -5.095349e-01 -1.502494e+00 -5.831685e-01
      vertex -5.080569e-01 -1.468228e+00 -5.978785e-01
      vertex -5.094699e-01 -1.499392e+00 -3.788485e-01
    endloop
  endfacet
  facet normal -7.566178e-01 -2.664576e-03 -6.538520e-01
    outer loop
      vertex -4.338669e-01 1.201744e+00 -9.166685e-01
      vertex -4.352409e-01 9.741556e-01 -9.141485e-01
      vertex -3.036219e-01 9.628146e-01 -1.066408e+00
    endloop
  endfacet
  facet normal 2.606580e-01 -9.652718e-01 1.754241e-02
    outer loop
      vertex 3.857011e-01 1.502770e+00 1.671715e-01
      vertex 4.045841e-01 1.502638e+00 -1.206685e-01
      vertex 2.955681e-01 1.473186e+00 -1.214385e-01
    endloop
  endfacet
  facet normal -9.425370e-01 -4.179928e-04 -3.341013e-01
    outer loop
      vertex -4.362499e-01 -7.203362e-03 -9.122785e-01
      vertex -5.022859e-01 2.974156e-01 -7.263585e-01
      vertex -5.023719e-01 3.107638e-03 -7.257485e-01
    endloop
  endfacet
  facet normal -9.989930e-01 3.505143e-06 -4.486724e-02
    outer loop
      vertex -5.023349e-01 9.552376e-01 -7.259085e-01
      vertex -5.068049e-01 6.800006e-01 -6.264085e-01
      vertex -5.023249e-01 6.840876e-01 -7.261585e-01
    endloop
  endfacet
  facet normal -3.000196e-01 -3.185485e-01 8.991747e-01
    outer loop
      vertex -2.390592e-02 1.207451e+00 -1.232685e-01
      vertex -2.270799e-01 1.213988e+00 -1.887385e-01
      vertex -3.627679e-01 1.477480e+00 -1.406685e-01
    endloop
  endfacet
  facet normal 3.000196e-01 3.185485e-01 -8.991747e-01
    outer loop
      vertex -2.390592e-02 1.207451e+00 -1.232685e-01
      vertex -3.627679e-01 1.477480e+00 -1.406685e-01
      vertex -2.270799e-01 1.213988e+00 -1.887385e-01
    endloop
  endfacet
  facet normal 9.424529e-01 -4.163754e-04 -3.343387e-01
    outer loop
      vertex 4.849441e-01 -4.911362e-03 -9.184885e-01
      vertex 5.533161e-01 -6.693362e-03 -7.257485e-01
      vertex 5.532291e-01 2.858896e-01 -7.263585e-01
    endloop
  endfacet
  facet normal -3.130448e-01 1.013330e-03 9.497378e-01
    outer loop
      vertex -2.141392e-02 -1.515536e-02 -1.230385e-01
      vertex -2.240692e-02 -2.862444e-01 -1.230785e-01
      vertex -2.354119e-01 -2.821864e-01 -1.932885e-01
    endloop
  endfacet
  facet normal 0.000000e+00 1.000000e+00 0.000000e+00
    outer loop
      vertex 9.729008e-02 1.505711e+00 -8.867385e-01
      vertex 9.361908e-02 1.505711e+00 -6.163785e-01
      vertex -4.338292e-02 1.505711e+00 -8.060585e-01
    endloop
  endfacet
  facet normal -5.601052e-01 -8.284212e-01 -6.262002e-04
    outer loop
      vertex -4.710559e-01 1.474844e+00 -3.814185e-01
      vertex -5.094699e-01 1.500814e+00 -3.788685e-01
      vertex -5.094669e-01 1.500615e+00 -1.180585e-01
    endloop
  endfacet
  facet normal 3.710735e-01 2.965641e-03 -9.285988e-01
    outer loop
      vertex 3.481961e-01 2.850666e-01 -1.070898e+00
      vertex 6.572408e-02 8.156638e-03 -1.184658e+00
      vertex 3.448121e-01 -1.294936e-02 -1.073198e+00
    endloop
  endfacet
  facet normal 0.000000e+00 1.000000e+00 -0.000000e+00
    outer loop
      vertex -3.600592e-02 1.505711e+00 8.098215e-01
      vertex 9.210708e-02 1.505711e+00 1.215602e+00
      vertex -4.077792e-02 1.505711e+00 1.037692e+00
    endloop
  endfacet
  facet normal -5.479796e-06 1.000000e+00 3.333138e-06
    outer loop
      vertex -3.600592e-02 1.505711e+00 8.098215e-01
      vertex 1.299911e-01 1.505712e+00 7.966115e-01
      vertex 9.880508e-02 1.505711e+00 1.031462e+00
    endloop
  endfacet
  facet normal -0.000000e+00 -1.000000e+00 0.000000e+00
    outer loop
      vertex 3.062311e-01 1.495711e+00 3.466015e-01
      vertex 1.330431e-01 1.495711e+00 3.298415e-01
      vertex 3.139691e-01 1.495711e+00 5.232315e-01
    endloop
  endfacet
  facet normal 0.000000e+00 -1.000000e+00 0.000000e+00
    outer loop
      vertex 3.982971e-01 1.495711e+00 1.455552e+00
      vertex 3.891041e-01 1.495711e+00 1.282772e+00
      vertex 1.488391e-01 1.495711e+00 1.279852e+00
    endloop
  endfacet
  facet normal -0.000000e+00 1.000000e+00 0.000000e+00
    outer loop
      vertex -3.243829e-01 1.505710e+00 3.482815e-01
      vertex -3.213889e-01 1.505710e+00 1.689315e-01
      vertex -3.195349e-01 1.505710e+00 5.366515e-01
    endloop
  endfacet
  facet normal 0.000000e+00 -1.000000e+00 0.000000e+00
    outer loop
      vertex -3.243829e-01 1.505710e+00 3.482815e-01
      vertex -3.195349e-01 1.505710e+00 5.366515e-01
      vertex -3.213889e-01 1.505710e+00 1.689315e-01
    endloop
  endfacet
  facet normal 0.000000e+00 -1.000000e+00 0.000000e+00
    outer loop
      vertex -4.077792e-02 -1.504289e+00 1.266142e+00
      vertex 9.463708e-02 -1.504289e+00 1.266142e+00
      vertex 8.937608e-02 -1.504289e+00 1.078342e+00
    endloop
  endfacet
  facet normal 0.000000e+00 -1.000000e+00 0.000000e+00
    outer loop
      vertex -4.518592e-02 -1.504289e+00 1.079492e+00
      vertex -3.548949e-01 -1.504289e+00 1.247192e+00
      vertex -4.077792e-02 -1.504289e+00 1.266142e+00
    endloop
  endfacet
  facet normal 7.660194e-02 -9.940084e-01 7.797009e-02
    outer loop
      vertex 3.857011e-01 1.502770e+00 1.671715e-01
      vertex 2.955681e-01 1.473186e+00 -1.214385e-01
      vertex 2.997771e-01 1.495711e+00 1.615915e-01
    endloop
  endfacet
  facet normal -2.557670e-02 9.996725e-01 8.922545e-04
    outer loop
      vertex 4.768231e-01 1.500075e+00 3.472615e-01
      vertex 3.062311e-01 1.495711e+00 3.466015e-01
      vertex 2.997771e-01 1.495711e+00 1.615915e-01
    endloop
  endfacet
  facet normal 2.557670e-02 -9.996725e-01 -8.922545e-04
    outer loop
      vertex 4.768231e-01 1.500075e+00 3.472615e-01
      vertex 2.997771e-01 1.495711e+00 1.615915e-01
      vertex 3.062311e-01 1.495711e+00 3.466015e-01
    endloop
  endfacet
  facet normal 1.295891e-02 -9.999160e-01 -1.923401e-04
    outer loop
      vertex 4.115821e-01 -1.500182e+00 1.514502e+00
      vertex 4.120371e-01 -1.500129e+00 1.268782e+00
      vertex 9.463708e-02 -1.504289e+00 1.514612e+00
    endloop
  endfacet
  facet normal -3.013879e-01 4.101891e-02 -9.526189e-01
    outer loop
      vertex -4.910592e-02 1.491404e+00 -1.160538e+00
      vertex -2.870249e-01 1.480401e+00 -1.085738e+00
      vertex -9.748915e-03 1.209163e+00 -1.185138e+00
    endloop
  endfacet
  facet normal -3.397454e-08 1.000000e+00 2.233369e-07
    outer loop
      vertex -4.241819e-01 -1.494289e+00 1.537722e+00
      vertex -2.476529e-01 -1.494289e+00 1.798102e+00
      vertex -4.804069e-01 -1.494289e+00 1.783542e+00
    endloop
  endfacet
  facet normal 6.525077e-01 2.515647e-02 7.573644e-01
    outer loop
      vertex 4.552351e-01 1.209329e+00 -3.484485e-01
      vertex 4.373181e-01 8.997726e-01 -3.227285e-01
      vertex 2.819491e-01 9.553686e-01 -1.907185e-01
    endloop
  endfacet
  facet normal -6.263195e-01 -2.413915e-01 -7.412518e-01
    outer loop
      vertex -1.116469e-01 -1.503907e+00 -1.076208e+00
      vertex 2.109708e-02 -1.504289e+00 -1.188248e+00
      vertex -1.825592e-02 -1.414388e+00 -1.184268e+00
    endloop
  endfacet
  facet normal 1.260489e-01 -9.871042e-01 9.867577e-02
    outer loop
      vertex 3.982971e-01 1.495711e+00 1.455552e+00
      vertex 1.974511e-01 1.495711e+00 1.712112e+00
      vertex 4.025031e-01 1.502772e+00 1.520812e+00
    endloop
  endfacet
  facet normal -9.999931e-01 -3.527094e-03 -1.193974e-03
    outer loop
      vertex -5.076219e-01 1.466905e+00 -5.956885e-01
      vertex -5.067009e-01 1.215917e+00 -6.254285e-01
      vertex -5.075289e-01 1.485995e+00 -7.299585e-01
    endloop
  endfacet
  facet normal 8.661667e-03 2.612208e-01 9.652402e-01
    outer loop
      vertex 1.749441e-01 -1.207070e+00 -1.553985e-01
      vertex 9.596108e-02 -1.462206e+00 -8.564848e-02
      vertex -4.551792e-02 -1.462899e+00 -8.418848e-02
    endloop
  endfacet
  facet normal 9.955415e-01 -1.209113e-05 9.432375e-02
    outer loop
      vertex 5.572331e-01 6.762456e-01 -6.227585e-01
      vertex 5.574371e-01 2.794606e-01 -6.249685e-01
      vertex 5.547091e-01 4.640226e-01 -5.961485e-01
    endloop
  endfacet
  facet normal -9.955415e-01 1.209113e-05 -9.432375e-02
    outer loop
      vertex 5.572331e-01 6.762456e-01 -6.227585e-01
      vertex 5.547091e-01 4.640226e-01 -5.961485e-01
      vertex 5.574371e-01 2.794606e-01 -6.249685e-01
    endloop
  endfacet
  facet normal 1.093218e-03 -9.999992e-01 -6.408427e-04
    outer loop
      vertex 1.945251e-01 -1.504027e+00 -1.118868e+00
      vertex 1.057831e-01 -1.504289e+00 -8.601385e-01
      vertex 3.938451e-01 -1.503969e+00 -8.685485e-01
    endloop
  endfacet
  facet normal 3.133176e-01 -7.574277e-03 9.496182e-01
    outer loop
      vertex 7.138908e-02 2.914706e-01 -1.229285e-01
      vertex 7.771008e-02 4.668556e-01 -1.236185e-01
      vertex 2.899351e-01 2.916906e-01 -1.950385e-01
    endloop
  endfacet
  facet normal 0.000000e+00 1.000000e+00 -0.000000e+00
    outer loop
      vertex 9.171008e-02 1.505711e+00 -1.201185e-01
      vertex 9.404108e-02 1.505711e+00 1.725115e-01
      vertex -3.532292e-02 1.505711e+00 -1.379085e-01
    endloop
  endfacet
  facet normal 9.990392e-01 -2.106503e-04 -4.382581e-02
    outer loop
      vertex 5.576001e-01 -2.895864e-01 -6.267385e-01
      vertex 5.533161e-01 -6.693362e-03 -7.257485e-01
      vertex 5.532311e-01 -2.822504e-01 -7.263585e-01
    endloop
  endfacet
  facet normal -4.148781e-02 9.991379e-01 1.502559e-03
    outer loop
      vertex 4.216191e-01 1.503150e+00 1.797352e+00
      vertex 3.766231e-01 1.501155e+00 1.881442e+00
      vertex 4.025031e-01 1.502772e+00 1.520812e+00
    endloop
  endfacet
  facet normal 4.148781e-02 -9.991379e-01 -1.502559e-03
    outer loop
      vertex 4.216191e-01 1.503150e+00 1.797352e+00
      vertex 4.025031e-01 1.502772e+00 1.520812e+00
      vertex 3.766231e-01 1.501155e+00 1.881442e+00
    endloop
  endfacet
  facet normal -7.382746e-01 6.024281e-02 -6.718045e-01
    outer loop
      vertex -2.871379e-01 -1.212005e+00 -1.077758e+00
      vertex -4.330239e-01 -1.220130e+00 -9.181685e-01
      vertex -3.034889e-01 -1.474157e+00 -1.083298e+00
    endloop
  endfacet
  facet normal -5.950028e-08 1.000000e+00 1.109827e-07
    outer loop
      vertex 3.982961e-01 -1.494289e+00 1.455542e+00
      vertex 1.488391e-01 -1.494289e+00 1.279842e+00
      vertex 3.891041e-01 -1.494289e+00 1.282782e+00
    endloop
  endfacet
  facet normal 2.381617e-07 1.000000e+00 5.266505e-06
    outer loop
      vertex 1.692701e-01 1.505710e+00 3.501915e-01
      vertex -4.733792e-02 1.505711e+00 1.789015e-01
      vertex 9.404108e-02 1.505711e+00 1.725115e-01
    endloop
  endfacet
  facet normal -2.381617e-07 -1.000000e+00 -5.266505e-06
    outer loop
      vertex 1.692701e-01 1.505710e+00 3.501915e-01
      vertex 9.404108e-02 1.505711e+00 1.725115e-01
      vertex -4.733792e-02 1.505711e+00 1.789015e-01
    endloop
  endfacet
  facet normal 7.380807e-01 2.241675e-03 -6.747087e-01
    outer loop
      vertex 4.811161e-01 9.273736e-01 -9.252185e-01
      vertex 4.824571e-01 1.206778e+00 -9.228285e-01
      vertex 3.474451e-01 9.643776e-01 -1.071328e+00
    endloop
  endfacet
  facet normal 1.619994e-01 -9.830238e-01 8.614165e-02
    outer loop
      vertex -3.034889e-01 -1.474157e+00 -1.083298e+00
      vertex -4.393519e-01 -1.498579e+00 -1.106478e+00
      vertex -4.731419e-01 -1.487802e+00 -9.199585e-01
    endloop
  endfacet
  facet normal -1.619994e-01 9.830238e-01 -8.614165e-02
    outer loop
      vertex -3.034889e-01 -1.474157e+00 -1.083298e+00
      vertex -4.731419e-01 -1.487802e+00 -9.199585e-01
      vertex -4.393519e-01 -1.498579e+00 -1.106478e+00
    endloop
  endfacet
  facet normal -7.340873e-01 -4.176505e-02 -6.777695e-01
    outer loop
      vertex -4.303989e-01 2.751376e-01 -9.230085e-01
      vertex -2.892259e-01 2.868566e-01 -1.076638e+00
      vertex -3.171009e-01 4.675236e-01 -1.057578e+00
    endloop
  endfacet
  facet normal 0.000000e+00 -1.000000e+00 0.000000e+00
    outer loop
      vertex -5.352692e-02 -1.504289e+00 -5.937285e-01
      vertex -3.395489e-01 -1.504289e+00 -5.558785e-01
      vertex -4.177792e-02 -1.504289e+00 -3.888185e-01
    endloop
  endfacet
  facet normal 0.000000e+00 -1.000000e+00 0.000000e+00
    outer loop
      vertex -3.647239e-01 -1.504289e+00 1.801532e+00
      vertex -4.077792e-02 -1.504289e+00 1.514602e+00
      vertex -3.604219e-01 -1.504289e+00 1.526702e+00
    endloop
  endfacet
  facet normal -8.177903e-03 -9.999659e-01 -1.090027e-03
    outer loop
      vertex 9.880508e-02 1.505711e+00 1.031462e+00
      vertex 3.736581e-01 1.503223e+00 1.251722e+00
      vertex 1.299911e-01 1.505712e+00 7.966115e-01
    endloop
  endfacet
  facet normal 8.177903e-03 9.999659e-01 1.090027e-03
    outer loop
      vertex 9.880508e-02 1.505711e+00 1.031462e+00
      vertex 1.299911e-01 1.505712e+00 7.966115e-01
      vertex 3.736581e-01 1.503223e+00 1.251722e+00
    endloop
  endfacet
  facet normal 0.000000e+00 -1.000000e+00 0.000000e+00
    outer loop
      vertex -4.518592e-02 -1.504289e+00 1.079492e+00
      vertex -4.077792e-02 -1.504289e+00 1.266142e+00
      vertex 8.937608e-02 -1.504289e+00 1.078342e+00
    endloop
  endfacet
  facet normal 9.992412e-01 7.303440e-04 -3.893979e-02
    outer loop
      vertex 5.533911e-01 4.639126e-01 -7.253285e-01
      vertex 5.574371e-01 2.794606e-01 -6.249685e-01
      vertex 5.572331e-01 6.762456e-01 -6.227585e-01
    endloop
  endfacet
  facet normal 3.189417e-06 1.000000e+00 6.679548e-08
    outer loop
      vertex -3.600592e-02 1.505711e+00 8.098215e-01
      vertex -4.077792e-02 1.505711e+00 1.037692e+00
      vertex -3.349489e-01 1.505712e+00 8.065315e-01
    endloop
  endfacet
  facet normal 3.495289e-01 5.402748e-02 -9.353665e-01
    outer loop
      vertex 4.889508e-02 1.161258e+00 -1.186308e+00
      vertex 3.451871e-01 1.207469e+00 -1.072918e+00
      vertex 8.758708e-02 1.488818e+00 -1.152928e+00
    endloop
  endfacet
  facet normal -9.389809e-01 1.354730e-02 -3.437026e-01
    outer loop
      vertex -4.310169e-01 -2.904004e-01 -9.218385e-01
      vertex -5.022859e-01 -2.707034e-01 -7.263585e-01
      vertex -4.387179e-01 -4.660714e-01 -9.077285e-01
    endloop
  endfacet
  facet normal -3.033491e-01 -2.495143e-02 -9.525528e-01
    outer loop
      vertex 5.574361e-01 -1.150129e+00 -6.250885e-01
      vertex 4.290481e-01 -1.504289e+00 -5.749285e-01
      vertex 5.567671e-01 -1.410539e+00 -6.180585e-01
    endloop
  endfacet
  facet normal 3.033491e-01 2.495143e-02 9.525528e-01
    outer loop
      vertex 5.574361e-01 -1.150129e+00 -6.250885e-01
      vertex 5.567671e-01 -1.410539e+00 -6.180585e-01
      vertex 4.290481e-01 -1.504289e+00 -5.749285e-01
    endloop
  endfacet
  facet normal -3.388499e-02 -9.994256e-01 5.943039e-04
    outer loop
      vertex -5.095339e-01 -1.499332e+00 1.881442e+00
      vertex -3.647239e-01 -1.504289e+00 1.801532e+00
      vertex -5.094869e-01 -1.499550e+00 1.517702e+00
    endloop
  endfacet
  facet normal 0.000000e+00 1.000000e+00 0.000000e+00
    outer loop
      vertex -3.822109e-01 1.495711e+00 1.547715e-01
      vertex -3.589539e-01 1.495711e+00 3.448315e-01
      vertex -3.722629e-01 1.495711e+00 5.480015e-01
    endloop
  endfacet
  facet normal 0.000000e+00 -1.000000e+00 0.000000e+00
    outer loop
      vertex -3.822109e-01 1.495711e+00 1.547715e-01
      vertex -3.722629e-01 1.495711e+00 5.480015e-01
      vertex -3.589539e-01 1.495711e+00 3.448315e-01
    endloop
  endfacet
  facet normal 7.606702e-01 5.968447e-03 6.491112e-01
    outer loop
      vertex -4.388959e-01 4.673316e-01 -9.074485e-01
      vertex -4.360909e-01 6.665716e-01 -9.125685e-01
      vertex -3.072959e-01 6.709256e-01 -1.063538e+00
    endloop
  endfacet
  facet normal -7.606702e-01 -5.968447e-03 -6.491112e-01
    outer loop
      vertex -4.388959e-01 4.673316e-01 -9.074485e-01
      vertex -3.072959e-01 6.709256e-01 -1.063538e+00
      vertex -4.360909e-01 6.665716e-01 -9.125685e-01
    endloop
  endfacet
  facet normal -6.200176e-02 9.980742e-01 1.922603e-03
    outer loop
      vertex -4.241819e-01 -1.494289e+00 1.537722e+00
      vertex -5.095209e-01 -1.500097e+00 1.800462e+00
      vertex -5.094869e-01 -1.499550e+00 1.517702e+00
    endloop
  endfacet
  facet normal -2.909630e-02 9.995749e-01 1.826201e-03
    outer loop
      vertex -5.095349e-01 1.500306e+00 1.881442e+00
      vertex -5.094869e-01 1.500972e+00 1.517722e+00
      vertex -3.296139e-01 1.505711e+00 1.789652e+00
    endloop
  endfacet
  facet normal -8.711905e-01 2.563976e-04 4.909450e-01
    outer loop
      vertex 4.917001e-01 6.539096e-01 -9.065685e-01
      vertex 4.829111e-01 2.851336e-01 -9.219685e-01
      vertex 4.832141e-01 4.666616e-01 -9.215285e-01
    endloop
  endfacet
  facet normal 8.711905e-01 -2.563976e-04 -4.909450e-01
    outer loop
      vertex 4.917001e-01 6.539096e-01 -9.065685e-01
      vertex 4.832141e-01 4.666616e-01 -9.215285e-01
      vertex 4.829111e-01 2.851336e-01 -9.219685e-01
    endloop
  endfacet
  facet normal 0.000000e+00 -1.000000e+00 0.000000e+00
    outer loop
      vertex 8.338908e-02 1.495711e+00 1.063262e+00
      vertex -4.218292e-02 1.495711e+00 1.068932e+00
      vertex 1.488391e-01 1.495711e+00 1.279852e+00
    endloop
  endfacet
  facet normal -9.855226e-01 2.470612e-02 1.677341e-01
    outer loop
      vertex -4.724139e-01 -1.472825e+00 -3.877785e-01
      vertex -5.080569e-01 -1.468228e+00 -5.978785e-01
      vertex -5.071519e-01 -1.207637e+00 -6.309385e-01
    endloop
  endfacet
  facet normal -2.773348e-05 1.000000e+00 8.316122e-06
    outer loop
      vertex -3.036292e-02 1.505710e+00 3.501915e-01
      vertex -4.733792e-02 1.505711e+00 1.789015e-01
      vertex 9.463708e-02 1.505712e+00 5.377015e-01
    endloop
  endfacet
  facet normal 2.773348e-05 -1.000000e+00 -8.316122e-06
    outer loop
      vertex -3.036292e-02 1.505710e+00 3.501915e-01
      vertex 9.463708e-02 1.505712e+00 5.377015e-01
      vertex -4.733792e-02 1.505711e+00 1.789015e-01
    endloop
  endfacet
  facet normal -2.706479e-02 9.996336e-01 -4.517419e-04
    outer loop
      vertex -3.243829e-01 1.505710e+00 3.482815e-01
      vertex -5.094669e-01 1.500609e+00 1.494415e-01
      vertex -3.213889e-01 1.505710e+00 1.689315e-01
    endloop
  endfacet
  facet normal 9.992685e-01 3.919370e-04 -3.824027e-02
    outer loop
      vertex 5.533911e-01 4.639126e-01 -7.253285e-01
      vertex 5.572331e-01 6.762456e-01 -6.227585e-01
      vertex 5.532741e-01 6.813726e-01 -7.261585e-01
    endloop
  endfacet
  facet normal 2.763218e-04 -9.999993e-01 -1.126018e-03
    outer loop
      vertex -2.860992e-02 -1.504289e+00 -7.164985e-01
      vertex -1.116469e-01 -1.503907e+00 -1.076208e+00
      vertex -3.483699e-01 -1.504289e+00 -7.949685e-01
    endloop
  endfacet
  facet normal -2.263140e-02 9.996895e-01 -1.043073e-02
    outer loop
      vertex 3.739381e-01 -1.501741e+00 1.657615e-01
      vertex 9.668508e-02 -1.504289e+00 5.230515e-01
      vertex 1.791681e-01 -1.504289e+00 3.440915e-01
    endloop
  endfacet
  facet normal 2.263140e-02 -9.996895e-01 1.043073e-02
    outer loop
      vertex 3.739381e-01 -1.501741e+00 1.657615e-01
      vertex 1.791681e-01 -1.504289e+00 3.440915e-01
      vertex 9.668508e-02 -1.504289e+00 5.230515e-01
    endloop
  endfacet
  facet normal 3.319820e-01 -6.897193e-03 9.432604e-01
    outer loop
      vertex 1.821951e-01 -6.376826e-01 -1.571685e-01
      vertex 2.836411e-01 -4.657414e-01 -1.916185e-01
      vertex 2.997891e-01 -8.977834e-01 -2.004585e-01
    endloop
  endfacet
  facet normal -3.319820e-01 6.897193e-03 -9.432604e-01
    outer loop
      vertex 1.821951e-01 -6.376826e-01 -1.571685e-01
      vertex 2.997891e-01 -8.977834e-01 -2.004585e-01
      vertex 2.836411e-01 -4.657414e-01 -1.916185e-01
    endloop
  endfacet
  facet normal -9.987677e-01 -4.903347e-02 -7.663042e-03
    outer loop
      vertex -5.076219e-01 1.466905e+00 -5.956885e-01
      vertex -5.075289e-01 1.485995e+00 -7.299585e-01
      vertex -5.095349e-01 1.503916e+00 -5.831685e-01
    endloop
  endfacet
  facet normal 0.000000e+00 -1.000000e+00 0.000000e+00
    outer loop
      vertex -3.548949e-01 -1.504289e+00 1.247192e+00
      vertex -3.426679e-01 -1.504289e+00 1.053102e+00
      vertex -3.314789e-01 -1.504289e+00 8.172515e-01
    endloop
  endfacet
  facet normal 0.000000e+00 1.000000e+00 0.000000e+00
    outer loop
      vertex -3.548949e-01 -1.504289e+00 1.247192e+00
      vertex -3.314789e-01 -1.504289e+00 8.172515e-01
      vertex -3.426679e-01 -1.504289e+00 1.053102e+00
    endloop
  endfacet
  facet normal 4.628279e-01 8.860822e-01 -2.546783e-02
    outer loop
      vertex 3.739381e-01 -1.501741e+00 1.657615e-01
      vertex 2.915001e-01 -1.467204e+00 -1.307685e-01
      vertex 3.597751e-01 -1.502578e+00 -1.207485e-01
    endloop
  endfacet
  facet normal 3.317726e-01 -7.003985e-03 9.433334e-01
    outer loop
      vertex 1.821951e-01 -6.376826e-01 -1.571685e-01
      vertex 2.997891e-01 -8.977834e-01 -2.004585e-01
      vertex 8.232508e-02 -9.149717e-01 -1.241085e-01
    endloop
  endfacet
  facet normal -3.426852e-02 -9.994039e-01 4.193461e-03
    outer loop
      vertex -3.822109e-01 1.495711e+00 1.547715e-01
      vertex -5.094709e-01 1.500896e+00 3.505015e-01
      vertex -3.589539e-01 1.495711e+00 3.448315e-01
    endloop
  endfacet
  facet normal 3.426852e-02 9.994039e-01 -4.193461e-03
    outer loop
      vertex -3.822109e-01 1.495711e+00 1.547715e-01
      vertex -3.589539e-01 1.495711e+00 3.448315e-01
      vertex -5.094709e-01 1.500896e+00 3.505015e-01
    endloop
  endfacet
  facet normal 5.570760e-01 -3.060441e-02 8.298973e-01
    outer loop
      vertex 1.821951e-01 -6.376826e-01 -1.571685e-01
      vertex 4.362811e-01 -4.669364e-01 -3.214285e-01
      vertex 4.474301e-01 -6.581156e-01 -3.359685e-01
    endloop
  endfacet
  facet normal 9.448404e-01 -6.698501e-05 -3.275310e-01
    outer loop
      vertex 5.532701e-01 -8.324144e-01 -7.261785e-01
      vertex 5.532101e-01 -5.980394e-01 -7.263985e-01
      vertex 4.892341e-01 -9.253945e-01 -9.108885e-01
    endloop
  endfacet
  facet normal 5.272318e-09 1.000000e+00 -1.662356e-08
    outer loop
      vertex -7.103292e-02 -1.494289e+00 1.530715e-01
      vertex 1.330431e-01 -1.494289e+00 3.298415e-01
      vertex -6.390392e-02 -1.494289e+00 3.234015e-01
    endloop
  endfacet
  facet normal -3.169388e-01 -7.637297e-03 -9.484153e-01
    outer loop
      vertex 1.821951e-01 -6.376826e-01 -1.571685e-01
      vertex 7.092008e-02 -2.757674e-01 -1.228985e-01
      vertex 7.747908e-02 -4.664744e-01 -1.235585e-01
    endloop
  endfacet
  facet normal 3.169388e-01 7.637297e-03 9.484153e-01
    outer loop
      vertex 1.821951e-01 -6.376826e-01 -1.571685e-01
      vertex 7.747908e-02 -4.664744e-01 -1.235585e-01
      vertex 7.092008e-02 -2.757674e-01 -1.228985e-01
    endloop
  endfacet
  facet normal 1.567159e-02 -9.989454e-01 4.315466e-02
    outer loop
      vertex -3.931992e-02 1.495711e+00 1.798102e+00
      vertex 9.412208e-02 1.501405e+00 1.881442e+00
      vertex 1.974511e-01 1.495711e+00 1.712112e+00
    endloop
  endfacet
  facet normal -5.660622e-01 3.501266e-03 -8.243551e-01
    outer loop
      vertex -3.004699e-01 -2.803494e-01 -1.068648e+00
      vertex -3.117519e-01 -4.661184e-01 -1.061688e+00
      vertex -2.981379e-01 -6.578163e-01 -1.071848e+00
    endloop
  endfacet
  facet normal 5.660622e-01 -3.501266e-03 8.243551e-01
    outer loop
      vertex -3.004699e-01 -2.803494e-01 -1.068648e+00
      vertex -2.981379e-01 -6.578163e-01 -1.071848e+00
      vertex -3.117519e-01 -4.661184e-01 -1.061688e+00
    endloop
  endfacet
  facet normal -7.410738e-01 -3.798533e-03 6.714129e-01
    outer loop
      vertex 4.849441e-01 -4.911362e-03 -9.184885e-01
      vertex 3.488781e-01 -2.829714e-01 -1.070238e+00
      vertex 3.448121e-01 -1.294936e-02 -1.073198e+00
    endloop
  endfacet
  facet normal 7.410738e-01 3.798533e-03 -6.714129e-01
    outer loop
      vertex 4.849441e-01 -4.911362e-03 -9.184885e-01
      vertex 3.448121e-01 -1.294936e-02 -1.073198e+00
      vertex 3.488781e-01 -2.829714e-01 -1.070238e+00
    endloop
  endfacet
  facet normal 7.412485e-01 -2.873815e-03 -6.712245e-01
    outer loop
      vertex 4.849441e-01 -4.911362e-03 -9.184885e-01
      vertex 4.829111e-01 2.851336e-01 -9.219685e-01
      vertex 3.448121e-01 -1.294936e-02 -1.073198e+00
    endloop
  endfacet
  facet normal 3.705776e-01 -4.602008e-03 -9.287900e-01
    outer loop
      vertex 3.448121e-01 -1.294936e-02 -1.073198e+00
      vertex 6.572408e-02 8.156638e-03 -1.184658e+00
      vertex 3.488781e-01 -2.829714e-01 -1.070238e+00
    endloop
  endfacet
  facet normal 0.000000e+00 -1.000000e+00 0.000000e+00
    outer loop
      vertex -4.241809e-01 1.495711e+00 1.537742e+00
      vertex -1.211829e-01 1.495711e+00 1.470962e+00
      vertex -4.148739e-01 1.495711e+00 1.276962e+00
    endloop
  endfacet
  facet normal 0.000000e+00 1.000000e+00 0.000000e+00
    outer loop
      vertex 9.668508e-02 -1.504289e+00 5.230515e-01
      vertex 9.463708e-02 -1.504289e+00 8.096815e-01
      vertex -4.178992e-02 -1.504289e+00 8.054815e-01
    endloop
  endfacet
  facet normal 0.000000e+00 -1.000000e+00 0.000000e+00
    outer loop
      vertex 9.668508e-02 -1.504289e+00 5.230515e-01
      vertex -4.178992e-02 -1.504289e+00 8.054815e-01
      vertex 9.463708e-02 -1.504289e+00 8.096815e-01
    endloop
  endfacet
  facet normal 9.993061e-01 9.493389e-05 -3.724605e-02
    outer loop
      vertex 5.532771e-01 9.534316e-01 -7.259185e-01
      vertex 5.571351e-01 1.209294e+00 -6.217585e-01
      vertex 5.532361e-01 1.211485e+00 -7.263585e-01
    endloop
  endfacet
  facet normal -3.080852e-06 1.000000e+00 0.000000e+00
    outer loop
      vertex -4.077792e-02 1.505711e+00 1.506442e+00
      vertex -4.077792e-02 1.505711e+00 1.787692e+00
      vertex -3.503269e-01 1.505710e+00 1.516332e+00
    endloop
  endfacet
  facet normal 1.448850e-02 -9.998950e-01 2.837145e-04
    outer loop
      vertex 8.937608e-02 -1.504289e+00 1.078342e+00
      vertex 4.172591e-01 -1.499612e+00 8.179315e-01
      vertex 9.463708e-02 -1.504289e+00 8.096815e-01
    endloop
  endfacet
  facet normal 7.552760e-01 1.811755e-02 -6.551564e-01
    outer loop
      vertex 4.917001e-01 6.539096e-01 -9.065685e-01
      vertex 3.628331e-01 4.668856e-01 -1.060298e+00
      vertex 4.832141e-01 4.666616e-01 -9.215285e-01
    endloop
  endfacet
  facet normal -3.629857e-01 7.800821e-05 9.317947e-01
    outer loop
      vertex -1.451949e-01 -6.446266e-01 -1.610685e-01
      vertex -2.536329e-01 -9.020200e-01 -2.032885e-01
      vertex -2.539699e-01 -4.657934e-01 -2.034585e-01
    endloop
  endfacet
  facet normal 3.629857e-01 -7.800821e-05 -9.317947e-01
    outer loop
      vertex -1.451949e-01 -6.446266e-01 -1.610685e-01
      vertex -2.539699e-01 -4.657934e-01 -2.034585e-01
      vertex -2.536329e-01 -9.020200e-01 -2.032885e-01
    endloop
  endfacet
  facet normal 6.104279e-02 -9.981328e-01 2.179061e-03
    outer loop
      vertex -4.241819e-01 -1.494289e+00 1.537722e+00
      vertex -4.148729e-01 -1.494289e+00 1.276962e+00
      vertex -5.094869e-01 -1.499550e+00 1.517702e+00
    endloop
  endfacet
  facet normal -6.104279e-02 9.981328e-01 -2.179061e-03
    outer loop
      vertex -4.241819e-01 -1.494289e+00 1.537722e+00
      vertex -5.094869e-01 -1.499550e+00 1.517702e+00
      vertex -4.148729e-01 -1.494289e+00 1.276962e+00
    endloop
  endfacet
  facet normal 1.113114e-04 -9.999939e-01 3.510216e-03
    outer loop
      vertex 1.945251e-01 -1.504027e+00 -1.118868e+00
      vertex 2.711208e-02 -1.504289e+00 -1.188438e+00
      vertex 2.109708e-02 -1.504289e+00 -1.188248e+00
    endloop
  endfacet
  facet normal 3.674063e-01 1.650749e-02 -9.299141e-01
    outer loop
      vertex 5.761808e-02 -2.897524e-01 -1.185438e+00
      vertex 6.842208e-02 -4.687504e-01 -1.184348e+00
      vertex 3.488781e-01 -2.829714e-01 -1.070238e+00
    endloop
  endfacet
  facet normal 5.625733e-07 1.000000e+00 -4.016778e-06
    outer loop
      vertex 9.171008e-02 1.505711e+00 -1.201185e-01
      vertex -3.532292e-02 1.505711e+00 -1.379085e-01
      vertex -4.788092e-02 1.505710e+00 -3.770885e-01
    endloop
  endfacet
  facet normal -5.625733e-07 -1.000000e+00 4.016778e-06
    outer loop
      vertex 9.171008e-02 1.505711e+00 -1.201185e-01
      vertex -4.788092e-02 1.505710e+00 -3.770885e-01
      vertex -3.532292e-02 1.505711e+00 -1.379085e-01
    endloop
  endfacet
  facet normal -3.098530e-02 -9.995179e-01 -1.994123e-03
    outer loop
      vertex -3.279969e-01 -1.504289e+00 -3.829585e-01
      vertex -5.094669e-01 -1.499192e+00 -1.180585e-01
      vertex -3.434809e-01 -1.504289e+00 -1.423585e-01
    endloop
  endfacet
  facet normal 6.915985e-01 6.301397e-03 -7.222546e-01
    outer loop
      vertex -3.891509e-01 9.234826e-01 -3.289185e-01
      vertex -3.960869e-01 6.380016e-01 -3.380485e-01
      vertex -2.538669e-01 4.676166e-01 -2.033485e-01
    endloop
  endfacet
  facet normal -6.915985e-01 -6.301397e-03 7.222546e-01
    outer loop
      vertex -3.891509e-01 9.234826e-01 -3.289185e-01
      vertex -2.538669e-01 4.676166e-01 -2.033485e-01
      vertex -3.960869e-01 6.380016e-01 -3.380485e-01
    endloop
  endfacet
  facet normal 1.905437e-02 9.998183e-01 -6.648193e-04
    outer loop
      vertex 4.747831e-01 -1.497503e+00 3.439015e-01
      vertex 3.062311e-01 -1.494289e+00 3.466015e-01
      vertex 2.997761e-01 -1.494289e+00 1.615915e-01
    endloop
  endfacet
  facet normal -1.905437e-02 -9.998183e-01 6.648193e-04
    outer loop
      vertex 4.747831e-01 -1.497503e+00 3.439015e-01
      vertex 2.997761e-01 -1.494289e+00 1.615915e-01
      vertex 3.062311e-01 -1.494289e+00 3.466015e-01
    endloop
  endfacet
  facet normal -7.378737e-01 -7.664653e-03 -6.748953e-01
    outer loop
      vertex -2.871379e-01 -1.212005e+00 -1.077758e+00
      vertex -2.944189e-01 -9.450591e-01 -1.072828e+00
      vertex -4.330239e-01 -1.220130e+00 -9.181685e-01
    endloop
  endfacet
  facet normal 3.588557e-09 1.000000e+00 5.581582e-09
    outer loop
      vertex -1.099269e-01 -1.494289e+00 1.279352e+00
      vertex -4.218292e-02 -1.494289e+00 1.068942e+00
      vertex 1.488391e-01 -1.494289e+00 1.279842e+00
    endloop
  endfacet
  facet normal 4.975944e-01 2.956155e-02 -8.669060e-01
    outer loop
      vertex 4.889508e-02 1.161258e+00 -1.186308e+00
      vertex 8.758708e-02 1.488818e+00 -1.152928e+00
      vertex 2.804408e-02 1.451594e+00 -1.188378e+00
    endloop
  endfacet
  facet normal 9.399137e-01 -5.054502e-03 -3.413746e-01
    outer loop
      vertex 4.849441e-01 -4.911362e-03 -9.184885e-01
      vertex 4.808291e-01 -2.820804e-01 -9.257085e-01
      vertex 5.532311e-01 -2.822504e-01 -7.263585e-01
    endloop
  endfacet
  facet normal 0.000000e+00 -1.000000e+00 0.000000e+00
    outer loop
      vertex -2.860992e-02 -1.504289e+00 -7.164985e-01
      vertex -5.352692e-02 -1.504289e+00 -5.937285e-01
      vertex 9.647108e-02 -1.504289e+00 -5.800685e-01
    endloop
  endfacet
  facet normal 0.000000e+00 -1.000000e+00 0.000000e+00
    outer loop
      vertex -3.822109e-01 1.495711e+00 1.547715e-01
      vertex -3.589539e-01 1.495711e+00 3.448315e-01
      vertex -7.103292e-02 1.495711e+00 1.530715e-01
    endloop
  endfacet
  facet normal -0.000000e+00 1.000000e+00 0.000000e+00
    outer loop
      vertex -3.822109e-01 1.495711e+00 1.547715e-01
      vertex -7.103292e-02 1.495711e+00 1.530715e-01
      vertex -3.589539e-01 1.495711e+00 3.448315e-01
    endloop
  endfacet
  facet normal -4.229506e-02 9.991028e-01 -2.161624e-03
    outer loop
      vertex -3.626019e-01 -1.494289e+00 1.075202e+00
      vertex -5.094869e-01 -1.499550e+00 1.517702e+00
      vertex -5.094929e-01 -1.500071e+00 1.276832e+00
    endloop
  endfacet
  facet normal 4.569751e-03 -9.974533e-01 7.117534e-02
    outer loop
      vertex -4.077592e-02 -1.500198e+00 1.881442e+00
      vertex 9.422708e-02 -1.499580e+00 1.881442e+00
      vertex 9.880508e-02 -1.504289e+00 1.815152e+00
    endloop
  endfacet
  facet normal -9.337999e-01 -5.374297e-03 3.577553e-01
    outer loop
      vertex -3.960869e-01 6.380016e-01 -3.380485e-01
      vertex -5.068049e-01 6.800006e-01 -6.264085e-01
      vertex -5.063129e-01 9.611806e-01 -6.208985e-01
    endloop
  endfacet
  facet normal 1.532827e-01 1.401968e-01 9.781867e-01
    outer loop
      vertex 1.749441e-01 -1.207070e+00 -1.553985e-01
      vertex -4.551792e-02 -1.462899e+00 -8.418848e-02
      vertex -2.236492e-02 -1.216729e+00 -1.230985e-01
    endloop
  endfacet
  facet normal -1.361482e-01 9.876255e-01 7.784352e-02
    outer loop
      vertex -5.094669e-01 -1.499192e+00 -1.180585e-01
      vertex -4.724139e-01 -1.472825e+00 -3.877785e-01
      vertex -3.683409e-01 -1.478216e+00 -1.373585e-01
    endloop
  endfacet
  facet normal -9.955586e-01 -5.173734e-06 -9.414443e-02
    outer loop
      vertex 5.576001e-01 -2.895864e-01 -6.267385e-01
      vertex 5.553311e-01 -4.726474e-01 -6.027385e-01
      vertex 5.573891e-01 -5.964269e-01 -6.244885e-01
    endloop
  endfacet
  facet normal 9.955586e-01 5.173734e-06 9.414443e-02
    outer loop
      vertex 5.576001e-01 -2.895864e-01 -6.267385e-01
      vertex 5.573891e-01 -5.964269e-01 -6.244885e-01
      vertex 5.553311e-01 -4.726474e-01 -6.027385e-01
    endloop
  endfacet
  facet normal 9.912037e-01 -5.136457e-05 -1.323449e-01
    outer loop
      vertex 5.532101e-01 -5.980394e-01 -7.263985e-01
      vertex 5.533611e-01 -4.724914e-01 -7.253185e-01
      vertex 5.532311e-01 -2.822504e-01 -7.263585e-01
    endloop
  endfacet
  facet normal -9.912037e-01 5.136457e-05 1.323449e-01
    outer loop
      vertex 5.532101e-01 -5.980394e-01 -7.263985e-01
      vertex 5.532311e-01 -2.822504e-01 -7.263585e-01
      vertex 5.533611e-01 -4.724914e-01 -7.253185e-01
    endloop
  endfacet
  facet normal 1.366010e-02 -9.999066e-01 -3.826728e-04
    outer loop
      vertex 8.937608e-02 -1.504289e+00 1.078342e+00
      vertex 9.463708e-02 -1.504289e+00 1.266142e+00
      vertex 4.181841e-01 -1.499800e+00 1.086012e+00
    endloop
  endfacet
  facet normal 1.463366e-01 9.754719e-01 1.644387e-01
    outer loop
      vertex 5.265871e-01 1.488355e+00 -5.928585e-01
      vertex 4.621561e-01 1.457988e+00 -3.553785e-01
      vertex 4.112821e-01 1.504751e+00 -5.875085e-01
    endloop
  endfacet
  facet normal -6.790451e-01 -2.954087e-02 7.335019e-01
    outer loop
      vertex -2.289709e-01 -1.209491e+00 -1.897785e-01
      vertex -4.069819e-01 -1.211572e+00 -3.546585e-01
      vertex -3.880649e-01 -9.598876e-01 -3.270085e-01
    endloop
  endfacet
  facet normal -9.287235e-01 -2.993052e-04 3.707728e-01
    outer loop
      vertex -3.912539e-01 2.922656e-01 -3.313085e-01
      vertex -3.910449e-01 -6.104362e-03 -3.310285e-01
      vertex -5.062049e-01 -1.028136e-02 -6.194885e-01
    endloop
  endfacet
  facet normal -5.938051e-01 7.930632e-01 -1.358175e-01
    outer loop
      vertex -4.241819e-01 -1.494289e+00 1.537722e+00
      vertex -4.804069e-01 -1.494289e+00 1.783542e+00
      vertex -5.095339e-01 -1.499332e+00 1.881442e+00
    endloop
  endfacet
  facet normal 5.938051e-01 -7.930632e-01 1.358175e-01
    outer loop
      vertex -4.241819e-01 -1.494289e+00 1.537722e+00
      vertex -5.095339e-01 -1.499332e+00 1.881442e+00
      vertex -4.804069e-01 -1.494289e+00 1.783542e+00
    endloop
  endfacet
  facet normal 8.775315e-01 -3.446541e-05 4.795190e-01
    outer loop
      vertex -4.303989e-01 2.751376e-01 -9.230085e-01
      vertex -4.388959e-01 4.673316e-01 -9.074485e-01
      vertex -4.360909e-01 6.665716e-01 -9.125685e-01
    endloop
  endfacet
  facet normal -8.775315e-01 3.446541e-05 -4.795190e-01
    outer loop
      vertex -4.303989e-01 2.751376e-01 -9.230085e-01
      vertex -4.360909e-01 6.665716e-01 -9.125685e-01
      vertex -4.388959e-01 4.673316e-01 -9.074485e-01
    endloop
  endfacet
  facet normal 3.137712e-02 9.995074e-01 -5.819402e-04
    outer loop
      vertex 4.032381e-01 1.502184e+00 1.062022e+00
      vertex 3.736581e-01 1.503223e+00 1.251722e+00
      vertex 4.068301e-01 1.501942e+00 8.400615e-01
    endloop
  endfacet
  facet normal -3.137712e-02 -9.995074e-01 5.819402e-04
    outer loop
      vertex 4.032381e-01 1.502184e+00 1.062022e+00
      vertex 4.068301e-01 1.501942e+00 8.400615e-01
      vertex 3.736581e-01 1.503223e+00 1.251722e+00
    endloop
  endfacet
  facet normal -8.540514e-01 -4.635048e-01 2.361347e-01
    outer loop
      vertex -1.451949e-01 -6.446266e-01 -1.610685e-01
      vertex -3.927979e-01 -2.761594e-01 -3.333385e-01
      vertex -2.539699e-01 -4.657934e-01 -2.034585e-01
    endloop
  endfacet
  facet normal -3.593319e-02 9.993514e-01 -2.353453e-03
    outer loop
      vertex -3.589529e-01 -1.494289e+00 3.447915e-01
      vertex -3.722619e-01 -1.494289e+00 5.479915e-01
      vertex -5.094729e-01 -1.499201e+00 5.571915e-01
    endloop
  endfacet
  facet normal -9.992749e-01 2.493141e-03 -3.799324e-02
    outer loop
      vertex -5.023349e-01 9.552376e-01 -7.259085e-01
      vertex -5.063129e-01 9.611806e-01 -6.208985e-01
      vertex -5.068049e-01 6.800006e-01 -6.264085e-01
    endloop
  endfacet
  facet normal -8.129629e-01 -1.826079e-05 5.823154e-01
    outer loop
      vertex -3.960869e-01 6.380016e-01 -3.380485e-01
      vertex -3.813009e-01 4.667656e-01 -3.174085e-01
      vertex -3.912539e-01 2.922656e-01 -3.313085e-01
    endloop
  endfacet
  facet normal 8.129629e-01 1.826079e-05 -5.823154e-01
    outer loop
      vertex -3.960869e-01 6.380016e-01 -3.380485e-01
      vertex -3.912539e-01 2.922656e-01 -3.313085e-01
      vertex -3.813009e-01 4.667656e-01 -3.174085e-01
    endloop
  endfacet
  facet normal 0.000000e+00 -1.000000e+00 0.000000e+00
    outer loop
      vertex 4.290481e-01 -1.504289e+00 -5.749285e-01
      vertex 5.601701e-01 -1.504289e+00 -6.531085e-01
      vertex 5.320411e-01 -1.504289e+00 -7.297585e-01
    endloop
  endfacet
  facet normal -1.008130e-02 -9.999491e-01 8.029839e-05
    outer loop
      vertex 3.857011e-01 1.502770e+00 1.671715e-01
      vertex 9.171008e-02 1.505711e+00 -1.201185e-01
      vertex 9.404108e-02 1.505711e+00 1.725115e-01
    endloop
  endfacet
  facet normal 1.008130e-02 9.999491e-01 -8.029839e-05
    outer loop
      vertex 3.857011e-01 1.502770e+00 1.671715e-01
      vertex 9.404108e-02 1.505711e+00 1.725115e-01
      vertex 9.171008e-02 1.505711e+00 -1.201185e-01
    endloop
  endfacet
  facet normal 9.463856e-01 2.708666e-04 -3.230388e-01
    outer loop
      vertex 4.917001e-01 6.539096e-01 -9.065685e-01
      vertex 5.532741e-01 6.813726e-01 -7.261585e-01
      vertex 5.532771e-01 9.534316e-01 -7.259185e-01
    endloop
  endfacet
  facet normal 9.998025e-01 1.987548e-02 -1.559851e-05
    outer loop
      vertex -5.095349e-01 1.503916e+00 -5.831685e-01
      vertex -5.095139e-01 1.502696e+00 -7.928785e-01
      vertex -5.094699e-01 1.500814e+00 -3.788685e-01
    endloop
  endfacet
  facet normal -9.998025e-01 -1.987548e-02 1.559851e-05
    outer loop
      vertex -5.095349e-01 1.503916e+00 -5.831685e-01
      vertex -5.094699e-01 1.500814e+00 -3.788685e-01
      vertex -5.095139e-01 1.502696e+00 -7.928785e-01
    endloop
  endfacet
  facet normal -3.075804e-06 1.000000e+00 1.580402e-07
    outer loop
      vertex -4.077792e-02 1.505711e+00 1.506442e+00
      vertex -3.503269e-01 1.505710e+00 1.516332e+00
      vertex -3.649129e-01 1.505710e+00 1.232452e+00
    endloop
  endfacet
  facet normal -9.949260e-01 1.006082e-01 4.858206e-04
    outer loop
      vertex -5.095349e-01 -1.502494e+00 -5.831685e-01
      vertex -5.095139e-01 -1.501274e+00 -7.928685e-01
      vertex -5.079299e-01 -1.485920e+00 -7.286385e-01
    endloop
  endfacet
  facet normal -5.875419e-02 9.982696e-01 -2.412466e-03
    outer loop
      vertex 3.031841e-01 1.495711e+00 7.859015e-01
      vertex 3.139691e-01 1.495711e+00 5.232315e-01
      vertex 4.068301e-01 1.501942e+00 8.400615e-01
    endloop
  endfacet
  facet normal 5.875419e-02 -9.982696e-01 2.412466e-03
    outer loop
      vertex 3.031841e-01 1.495711e+00 7.859015e-01
      vertex 4.068301e-01 1.501942e+00 8.400615e-01
      vertex 3.139691e-01 1.495711e+00 5.232315e-01
    endloop
  endfacet
  facet normal 4.460005e-09 9.976847e-01 6.800877e-02
    outer loop
      vertex -2.476529e-01 -1.494289e+00 1.798102e+00
      vertex -3.931992e-02 -1.494289e+00 1.798102e+00
      vertex -3.399659e-01 -1.499971e+00 1.881442e+00
    endloop
  endfacet
  facet normal -9.287356e-01 2.854655e-03 3.707319e-01
    outer loop
      vertex -3.927979e-01 -2.761594e-01 -3.333385e-01
      vertex -5.062049e-01 -1.028136e-02 -6.194885e-01
      vertex -3.910449e-01 -6.104362e-03 -3.310285e-01
    endloop
  endfacet
  facet normal -5.234799e-01 -8.502812e-01 5.468725e-02
    outer loop
      vertex 3.891041e-01 1.495711e+00 1.282772e+00
      vertex 3.736581e-01 1.503223e+00 1.251722e+00
      vertex 4.025031e-01 1.502772e+00 1.520812e+00
    endloop
  endfacet
  facet normal 5.234799e-01 8.502812e-01 -5.468725e-02
    outer loop
      vertex 3.891041e-01 1.495711e+00 1.282772e+00
      vertex 4.025031e-01 1.502772e+00 1.520812e+00
      vertex 3.736581e-01 1.503223e+00 1.251722e+00
    endloop
  endfacet
  facet normal 7.295301e-01 -4.089727e-02 -6.827249e-01
    outer loop
      vertex 3.321791e-01 -1.215487e+00 -1.082108e+00
      vertex 4.848781e-01 -1.222150e+00 -9.185385e-01
      vertex 3.721551e-01 -9.803800e-01 -1.053468e+00
    endloop
  endfacet
  facet normal -3.741185e-01 4.265697e-03 -9.273711e-01
    outer loop
      vertex -4.083915e-03 6.989166e-01 -1.185728e+00
      vertex -3.072959e-01 6.709256e-01 -1.063538e+00
      vertex -7.806915e-03 4.586736e-01 -1.185328e+00
    endloop
  endfacet
  facet normal -9.350754e-01 -1.325423e-01 -3.287347e-01
    outer loop
      vertex -4.338669e-01 1.201744e+00 -9.166685e-01
      vertex -4.722139e-01 1.489349e+00 -9.235485e-01
      vertex -5.022909e-01 1.212428e+00 -7.263485e-01
    endloop
  endfacet
  facet normal -8.421895e-01 -3.427840e-03 -5.391709e-01
    outer loop
      vertex 4.525741e-01 2.832006e-01 -3.453085e-01
      vertex 4.462061e-01 6.188416e-01 -3.374985e-01
      vertex 4.388051e-01 4.667316e-01 -3.249685e-01
    endloop
  endfacet
  facet normal 8.421895e-01 3.427840e-03 5.391709e-01
    outer loop
      vertex 4.525741e-01 2.832006e-01 -3.453085e-01
      vertex 4.388051e-01 4.667316e-01 -3.249685e-01
      vertex 4.462061e-01 6.188416e-01 -3.374985e-01
    endloop
  endfacet
  facet normal -1.389492e-03 -9.999986e-01 -9.242852e-04
    outer loop
      vertex 4.290481e-01 -1.504289e+00 -5.749285e-01
      vertex 5.320411e-01 -1.504289e+00 -7.297585e-01
      vertex 3.938451e-01 -1.503969e+00 -8.685485e-01
    endloop
  endfacet
  facet normal 9.257154e-01 5.401225e-03 3.781823e-01
    outer loop
      vertex 4.437781e-01 -2.832544e-01 -3.323785e-01
      vertex 5.553311e-01 -4.726474e-01 -6.027385e-01
      vertex 4.474301e-01 -6.581156e-01 -3.359685e-01
    endloop
  endfacet
  facet normal -9.989936e-01 3.679627e-04 -4.485234e-02
    outer loop
      vertex -5.023249e-01 6.840876e-01 -7.261585e-01
      vertex -5.068049e-01 6.800006e-01 -6.264085e-01
      vertex -5.024419e-01 4.673526e-01 -7.253285e-01
    endloop
  endfacet
  facet normal -6.870424e-01 2.553091e-02 7.261686e-01
    outer loop
      vertex 2.883311e-01 1.495711e+00 1.798102e+00
      vertex 1.974511e-01 1.495711e+00 1.712112e+00
      vertex 3.766231e-01 1.501155e+00 1.881442e+00
    endloop
  endfacet
  facet normal -3.865785e-02 9.992413e-01 4.731595e-03
    outer loop
      vertex -5.094669e-01 -1.499187e+00 1.494515e-01
      vertex -3.822109e-01 -1.494289e+00 1.547615e-01
      vertex -3.589529e-01 -1.494289e+00 3.447915e-01
    endloop
  endfacet
  facet normal 4.234467e-10 1.000000e+00 -5.799809e-09
    outer loop
      vertex 1.452851e-01 -1.494289e+00 1.490422e+00
      vertex -3.931992e-02 -1.494289e+00 1.798102e+00
      vertex -1.211829e-01 -1.494289e+00 1.470962e+00
    endloop
  endfacet
  facet normal 8.697839e-01 6.113010e-06 -4.934327e-01
    outer loop
      vertex 4.917001e-01 6.539096e-01 -9.065685e-01
      vertex 4.811161e-01 9.273736e-01 -9.252185e-01
      vertex 4.832141e-01 4.666616e-01 -9.215285e-01
    endloop
  endfacet
  facet normal -8.697839e-01 -6.113010e-06 4.934327e-01
    outer loop
      vertex 4.917001e-01 6.539096e-01 -9.065685e-01
      vertex 4.832141e-01 4.666616e-01 -9.215285e-01
      vertex 4.811161e-01 9.273736e-01 -9.252185e-01
    endloop
  endfacet
  facet normal 0.000000e+00 -1.000000e+00 0.000000e+00
    outer loop
      vertex 1.887371e-01 -1.504289e+00 -3.722285e-01
      vertex 9.647108e-02 -1.504289e+00 -5.800685e-01
      vertex -5.352692e-02 -1.504289e+00 -5.937285e-01
    endloop
  endfacet
  facet normal -3.816521e-02 -9.281161e-01 3.703294e-01
    outer loop
      vertex -4.910592e-02 1.491404e+00 -1.160538e+00
      vertex 9.429408e-02 1.504080e+00 -1.113988e+00
      vertex 8.758708e-02 1.488818e+00 -1.152928e+00
    endloop
  endfacet
  facet normal 3.816521e-02 9.281161e-01 -3.703294e-01
    outer loop
      vertex -4.910592e-02 1.491404e+00 -1.160538e+00
      vertex 8.758708e-02 1.488818e+00 -1.152928e+00
      vertex 9.429408e-02 1.504080e+00 -1.113988e+00
    endloop
  endfacet
  facet normal -6.169009e-01 4.145372e-02 7.859483e-01
    outer loop
      vertex -3.960869e-01 6.380016e-01 -3.380485e-01
      vertex -2.356059e-01 2.836506e-01 -1.933985e-01
      vertex -3.813009e-01 4.667656e-01 -3.174085e-01
    endloop
  endfacet
  facet normal -2.681311e-02 9.996404e-01 -3.787309e-04
    outer loop
      vertex -3.266059e-01 1.505710e+00 -4.026085e-01
      vertex -3.302459e-01 1.505712e+00 -1.398585e-01
      vertex -5.094699e-01 1.500814e+00 -3.788685e-01
    endloop
  endfacet
  facet normal -0.000000e+00 -1.000000e+00 0.000000e+00
    outer loop
      vertex 3.031841e-01 1.495711e+00 7.859015e-01
      vertex 9.887208e-02 1.495711e+00 5.212815e-01
      vertex 8.719208e-02 1.495711e+00 8.189415e-01
    endloop
  endfacet
  facet normal 8.028059e-03 9.999659e-01 -1.921436e-03
    outer loop
      vertex 9.880508e-02 1.505711e+00 1.781442e+00
      vertex 4.025031e-01 1.502772e+00 1.520812e+00
      vertex 4.216191e-01 1.503150e+00 1.797352e+00
    endloop
  endfacet
  facet normal 9.324545e-01 -1.641645e-02 3.609143e-01
    outer loop
      vertex 4.437781e-01 -2.832544e-01 -3.323785e-01
      vertex 5.559831e-01 -5.543362e-03 -6.096385e-01
      vertex 5.576001e-01 -2.895864e-01 -6.267385e-01
    endloop
  endfacet
  facet normal 0.000000e+00 1.000000e+00 0.000000e+00
    outer loop
      vertex 3.031841e-01 1.495711e+00 7.859015e-01
      vertex 9.887208e-02 1.495711e+00 5.212815e-01
      vertex 3.139691e-01 1.495711e+00 5.232315e-01
    endloop
  endfacet
  facet normal 0.000000e+00 -1.000000e+00 -0.000000e+00
    outer loop
      vertex 3.031841e-01 1.495711e+00 7.859015e-01
      vertex 3.139691e-01 1.495711e+00 5.232315e-01
      vertex 9.887208e-02 1.495711e+00 5.212815e-01
    endloop
  endfacet
  facet normal -6.985096e-03 9.989566e-01 4.513107e-02
    outer loop
      vertex -5.095349e-01 1.500306e+00 1.881442e+00
      vertex -3.296139e-01 1.505711e+00 1.789652e+00
      vertex -3.497909e-01 1.501423e+00 1.881442e+00
    endloop
  endfacet
  facet normal 1.420078e-02 9.301180e-01 -3.669863e-01
    outer loop
      vertex 8.758708e-02 1.488818e+00 -1.152928e+00
      vertex 3.970881e-01 1.502127e+00 -1.107218e+00
      vertex 9.429408e-02 1.504080e+00 -1.113988e+00
    endloop
  endfacet
  facet normal 9.369327e-01 1.137812e-02 3.493246e-01
    outer loop
      vertex 4.552351e-01 1.209329e+00 -3.484485e-01
      vertex 5.571351e-01 1.209294e+00 -6.217585e-01
      vertex 5.561051e-01 9.598556e-01 -6.108685e-01
    endloop
  endfacet
  facet normal -7.369850e-01 -2.467733e-02 6.754584e-01
    outer loop
      vertex 4.732581e-01 -6.514014e-01 -9.390685e-01
      vertex 3.588751e-01 -6.601560e-01 -1.064188e+00
      vertex 4.832811e-01 -4.675104e-01 -9.214185e-01
    endloop
  endfacet
  facet normal 7.369850e-01 2.467733e-02 -6.754584e-01
    outer loop
      vertex 4.732581e-01 -6.514014e-01 -9.390685e-01
      vertex 4.832811e-01 -4.675104e-01 -9.214185e-01
      vertex 3.588751e-01 -6.601560e-01 -1.064188e+00
    endloop
  endfacet
  facet normal 8.741218e-03 9.999615e-01 7.392574e-04
    outer loop
      vertex 9.210708e-02 1.505711e+00 1.215602e+00
      vertex 3.736581e-01 1.503223e+00 1.251722e+00
      vertex 4.025031e-01 1.502772e+00 1.520812e+00
    endloop
  endfacet
  facet normal -8.741218e-03 -9.999615e-01 -7.392574e-04
    outer loop
      vertex 9.210708e-02 1.505711e+00 1.215602e+00
      vertex 4.025031e-01 1.502772e+00 1.520812e+00
      vertex 3.736581e-01 1.503223e+00 1.251722e+00
    endloop
  endfacet
  facet normal -3.495104e-06 1.000000e+00 8.995222e-08
    outer loop
      vertex -3.243829e-01 1.505710e+00 3.482815e-01
      vertex -4.649192e-02 1.505711e+00 5.437515e-01
      vertex -3.195349e-01 1.505710e+00 5.366515e-01
    endloop
  endfacet
  facet normal -0.000000e+00 1.000000e+00 0.000000e+00
    outer loop
      vertex -4.077792e-02 1.505711e+00 1.506442e+00
      vertex 9.570608e-02 1.505711e+00 1.488572e+00
      vertex 9.880508e-02 1.505711e+00 1.781442e+00
    endloop
  endfacet
  facet normal -9.990466e-01 9.658965e-05 -4.365687e-02
    outer loop
      vertex -5.023349e-01 9.552376e-01 -7.259085e-01
      vertex -5.022909e-01 1.212428e+00 -7.263485e-01
      vertex -5.067009e-01 1.215917e+00 -6.254285e-01
    endloop
  endfacet
  facet normal -9.991458e-01 3.678686e-03 4.116051e-02
    outer loop
      vertex 5.574361e-01 -1.150129e+00 -6.250885e-01
      vertex 5.567671e-01 -1.410539e+00 -6.180585e-01
      vertex 5.532811e-01 -1.149825e+00 -7.259785e-01
    endloop
  endfacet
  facet normal 9.991458e-01 -3.678686e-03 -4.116051e-02
    outer loop
      vertex 5.574361e-01 -1.150129e+00 -6.250885e-01
      vertex 5.532811e-01 -1.149825e+00 -7.259785e-01
      vertex 5.567671e-01 -1.410539e+00 -6.180585e-01
    endloop
  endfacet
  facet normal -1.315553e-02 -9.999133e-01 5.049592e-04
    outer loop
      vertex 3.857011e-01 1.502770e+00 1.671715e-01
      vertex 1.692701e-01 1.505710e+00 3.501915e-01
      vertex 3.734911e-01 1.503119e+00 5.397615e-01
    endloop
  endfacet
  facet normal 1.315553e-02 9.999133e-01 -5.049592e-04
    outer loop
      vertex 3.857011e-01 1.502770e+00 1.671715e-01
      vertex 3.734911e-01 1.503119e+00 5.397615e-01
      vertex 1.692701e-01 1.505710e+00 3.501915e-01
    endloop
  endfacet
  facet normal 9.592429e-03 9.999540e-01 -1.264772e-04
    outer loop
      vertex 9.210708e-02 1.505711e+00 1.215602e+00
      vertex 4.025031e-01 1.502772e+00 1.520812e+00
      vertex 9.570608e-02 1.505711e+00 1.488572e+00
    endloop
  endfacet
  facet normal 7.718780e-01 5.063815e-03 -6.357505e-01
    outer loop
      vertex 4.892341e-01 -9.253945e-01 -9.108885e-01
      vertex 3.721551e-01 -9.803800e-01 -1.053468e+00
      vertex 4.848781e-01 -1.222150e+00 -9.185385e-01
    endloop
  endfacet
  facet normal -6.215238e-07 1.000000e+00 3.214098e-08
    outer loop
      vertex 1.207441e-01 -1.494289e+00 1.499715e-01
      vertex 3.062311e-01 -1.494289e+00 3.466015e-01
      vertex 1.330431e-01 -1.494289e+00 3.298415e-01
    endloop
  endfacet
  facet normal -7.764881e-01 1.668058e-02 -6.299109e-01
    outer loop
      vertex -4.303989e-01 2.751376e-01 -9.230085e-01
      vertex -3.171009e-01 4.675236e-01 -1.057578e+00
      vertex -4.388959e-01 4.673316e-01 -9.074485e-01
    endloop
  endfacet
  facet normal -9.714362e-03 9.999359e-01 -5.818123e-03
    outer loop
      vertex -3.212879e-01 1.505710e+00 -5.891285e-01
      vertex -5.095349e-01 1.503916e+00 -5.831685e-01
      vertex -5.095139e-01 1.502696e+00 -7.928785e-01
    endloop
  endfacet
  facet normal -7.470304e-01 -6.650021e-03 -6.647565e-01
    outer loop
      vertex -4.310169e-01 -2.904004e-01 -9.218385e-01
      vertex -3.004699e-01 -2.803494e-01 -1.068648e+00
      vertex -3.067429e-01 -1.569536e-02 -1.064248e+00
    endloop
  endfacet
  facet normal -7.384796e-01 -6.612808e-03 6.742435e-01
    outer loop
      vertex 4.849441e-01 -4.911362e-03 -9.184885e-01
      vertex 4.808291e-01 -2.820804e-01 -9.257085e-01
      vertex 3.488781e-01 -2.829714e-01 -1.070238e+00
    endloop
  endfacet
  facet normal 7.384796e-01 6.612808e-03 -6.742435e-01
    outer loop
      vertex 4.849441e-01 -4.911362e-03 -9.184885e-01
      vertex 3.488781e-01 -2.829714e-01 -1.070238e+00
      vertex 4.808291e-01 -2.820804e-01 -9.257085e-01
    endloop
  endfacet
  facet normal 1.860498e-08 1.000000e+00 5.163433e-08
    outer loop
      vertex -3.822109e-01 -1.494289e+00 1.547615e-01
      vertex -3.589529e-01 -1.494289e+00 3.447915e-01
      vertex -3.722619e-01 -1.494289e+00 5.479915e-01
    endloop
  endfacet
  facet normal -1.860498e-08 -1.000000e+00 -5.163433e-08
    outer loop
      vertex -3.822109e-01 -1.494289e+00 1.547615e-01
      vertex -3.722619e-01 -1.494289e+00 5.479915e-01
      vertex -3.589529e-01 -1.494289e+00 3.447915e-01
    endloop
  endfacet
  facet normal -9.419826e-01 8.705343e-04 -3.356606e-01
    outer loop
      vertex -5.023349e-01 9.552376e-01 -7.259085e-01
      vertex -4.360909e-01 6.665716e-01 -9.125685e-01
      vertex -4.352409e-01 9.741556e-01 -9.141485e-01
    endloop
  endfacet
  facet normal 0.000000e+00 -1.000000e+00 -0.000000e+00
    outer loop
      vertex -3.626019e-01 1.495711e+00 1.075222e+00
      vertex -3.780792e-02 1.495711e+00 8.189415e-01
      vertex -3.738729e-01 1.495711e+00 8.127615e-01
    endloop
  endfacet
  facet normal -3.355486e-01 9.420151e-01 3.827728e-03
    outer loop
      vertex -5.095169e-01 -1.500226e+00 -1.051288e+00
      vertex -4.731419e-01 -1.487802e+00 -9.199585e-01
      vertex -5.095139e-01 -1.501274e+00 -7.928685e-01
    endloop
  endfacet
  facet normal 3.266018e-06 1.000000e+00 -6.880995e-06
    outer loop
      vertex -3.600592e-02 1.505711e+00 8.098215e-01
      vertex -3.349489e-01 1.505712e+00 8.065315e-01
      vertex -3.195349e-01 1.505710e+00 5.366515e-01
    endloop
  endfacet
  facet normal -3.266018e-06 -1.000000e+00 6.880995e-06
    outer loop
      vertex -3.600592e-02 1.505711e+00 8.098215e-01
      vertex -3.195349e-01 1.505710e+00 5.366515e-01
      vertex -3.349489e-01 1.505712e+00 8.065315e-01
    endloop
  endfacet
  facet normal 1.706823e-07 1.000000e+00 -4.840598e-08
    outer loop
      vertex -4.241819e-01 -1.494289e+00 1.537722e+00
      vertex -1.211829e-01 -1.494289e+00 1.470962e+00
      vertex -3.931992e-02 -1.494289e+00 1.798102e+00
    endloop
  endfacet
  facet normal 7.379293e-01 2.427075e-03 -6.748737e-01
    outer loop
      vertex 4.824571e-01 1.206778e+00 -9.228285e-01
      vertex 3.451871e-01 1.207469e+00 -1.072918e+00
      vertex 3.474451e-01 9.643776e-01 -1.071328e+00
    endloop
  endfacet
  facet normal 9.323648e-01 3.561467e-02 3.597604e-01
    outer loop
      vertex 4.437781e-01 -2.832544e-01 -3.323785e-01
      vertex 5.576001e-01 -2.895864e-01 -6.267385e-01
      vertex 5.553311e-01 -4.726474e-01 -6.027385e-01
    endloop
  endfacet
  facet normal 9.353690e-01 -4.102188e-02 3.512864e-01
    outer loop
      vertex 4.525741e-01 2.832006e-01 -3.453085e-01
      vertex 5.547091e-01 4.640226e-01 -5.961485e-01
      vertex 5.574371e-01 2.794606e-01 -6.249685e-01
    endloop
  endfacet
  facet normal -3.130739e-01 -6.720460e-04 9.497286e-01
    outer loop
      vertex -2.240692e-02 -2.862444e-01 -1.230785e-01
      vertex -2.201992e-02 -4.666184e-01 -1.230785e-01
      vertex -2.354119e-01 -2.821864e-01 -1.932885e-01
    endloop
  endfacet
  facet normal -3.790606e-01 6.745864e-03 -9.253472e-01
    outer loop
      vertex -2.871379e-01 -1.212005e+00 -1.077758e+00
      vertex -2.282692e-02 -9.100607e-01 -1.183828e+00
      vertex -2.944189e-01 -9.450591e-01 -1.072828e+00
    endloop
  endfacet
  facet normal 7.464077e-01 2.072274e-02 6.651663e-01
    outer loop
      vertex -4.310169e-01 -2.904004e-01 -9.218385e-01
      vertex -3.004699e-01 -2.803494e-01 -1.068648e+00
      vertex -4.387179e-01 -4.660714e-01 -9.077285e-01
    endloop
  endfacet
  facet normal -7.464077e-01 -2.072274e-02 -6.651663e-01
    outer loop
      vertex -4.310169e-01 -2.904004e-01 -9.218385e-01
      vertex -4.387179e-01 -4.660714e-01 -9.077285e-01
      vertex -3.004699e-01 -2.803494e-01 -1.068648e+00
    endloop
  endfacet
  facet normal 6.104470e-02 9.981326e-01 2.178606e-03
    outer loop
      vertex -5.094869e-01 1.500972e+00 1.517722e+00
      vertex -4.148739e-01 1.495711e+00 1.276962e+00
      vertex -4.241809e-01 1.495711e+00 1.537742e+00
    endloop
  endfacet
  facet normal -6.104470e-02 -9.981326e-01 -2.178606e-03
    outer loop
      vertex -5.094869e-01 1.500972e+00 1.517722e+00
      vertex -4.241809e-01 1.495711e+00 1.537742e+00
      vertex -4.148739e-01 1.495711e+00 1.276962e+00
    endloop
  endfacet
  facet normal -7.469127e-01 -1.467949e-02 -6.647600e-01
    outer loop
      vertex -4.308579e-01 -6.817597e-01 -9.221985e-01
      vertex -4.394109e-01 -9.586388e-01 -9.064785e-01
      vertex -2.981379e-01 -6.578163e-01 -1.071848e+00
    endloop
  endfacet
  facet normal 9.399188e-01 4.520768e-03 -3.413682e-01
    outer loop
      vertex 5.532311e-01 -2.822504e-01 -7.263585e-01
      vertex 4.808291e-01 -2.820804e-01 -9.257085e-01
      vertex 4.832811e-01 -4.675104e-01 -9.214185e-01
    endloop
  endfacet
  facet normal 6.318811e-04 -9.932990e-01 1.155712e-01
    outer loop
      vertex -3.822109e-01 1.495711e+00 1.547715e-01
      vertex -7.103292e-02 1.495711e+00 1.530715e-01
      vertex -4.394692e-02 1.468913e+00 -7.739848e-02
    endloop
  endfacet
  facet normal -7.401811e-01 1.777731e-02 -6.721725e-01
    outer loop
      vertex -4.338669e-01 1.201744e+00 -9.166685e-01
      vertex -3.036219e-01 9.628146e-01 -1.066408e+00
      vertex -2.874589e-01 1.212299e+00 -1.077608e+00
    endloop
  endfacet
  facet normal 9.134988e-01 -6.830683e-02 -4.010661e-01
    outer loop
      vertex 5.571351e-01 1.209294e+00 -6.217585e-01
      vertex 5.601411e-01 1.438893e+00 -6.540085e-01
      vertex 5.309721e-01 1.491478e+00 -7.294085e-01
    endloop
  endfacet
  facet normal -4.318315e-07 -1.000000e+00 -7.869932e-08
    outer loop
      vertex -6.390392e-02 -1.494289e+00 3.234015e-01
      vertex -3.589529e-01 -1.494289e+00 3.447915e-01
      vertex -3.722619e-01 -1.494289e+00 5.479915e-01
    endloop
  endfacet
  facet normal 4.318315e-07 1.000000e+00 7.869932e-08
    outer loop
      vertex -6.390392e-02 -1.494289e+00 3.234015e-01
      vertex -3.722619e-01 -1.494289e+00 5.479915e-01
      vertex -3.589529e-01 -1.494289e+00 3.447915e-01
    endloop
  endfacet
  facet normal 1.311911e-02 -9.999130e-01 -1.354547e-03
    outer loop
      vertex 9.463708e-02 -1.504289e+00 1.266142e+00
      vertex 4.120371e-01 -1.500129e+00 1.268782e+00
      vertex 4.181841e-01 -1.499800e+00 1.086012e+00
    endloop
  endfacet
  facet normal 3.580350e-09 1.000000e+00 9.931227e-09
    outer loop
      vertex -1.211829e-01 -1.494289e+00 1.470962e+00
      vertex -1.099269e-01 -1.494289e+00 1.279352e+00
      vertex 1.488391e-01 -1.494289e+00 1.279842e+00
    endloop
  endfacet
  facet normal 9.983461e-01 4.804564e-02 -3.156912e-02
    outer loop
      vertex 5.567671e-01 -1.410539e+00 -6.180585e-01
      vertex 5.533771e-01 -1.410539e+00 -7.252585e-01
      vertex 5.601701e-01 -1.504289e+00 -6.531085e-01
    endloop
  endfacet
  facet normal 8.593611e-01 3.026653e-04 5.113693e-01
    outer loop
      vertex 4.373181e-01 8.997726e-01 -3.227285e-01
      vertex 4.462061e-01 6.188416e-01 -3.374985e-01
      vertex 4.388051e-01 4.667316e-01 -3.249685e-01
    endloop
  endfacet
  facet normal -8.593611e-01 -3.026653e-04 -5.113693e-01
    outer loop
      vertex 4.373181e-01 8.997726e-01 -3.227285e-01
      vertex 4.388051e-01 4.667316e-01 -3.249685e-01
      vertex 4.462061e-01 6.188416e-01 -3.374985e-01
    endloop
  endfacet
  facet normal -2.939216e-01 -6.309335e-04 9.558293e-01
    outer loop
      vertex -2.240692e-02 -2.862444e-01 -1.230785e-01
      vertex -2.201992e-02 -4.666184e-01 -1.230785e-01
      vertex -1.451949e-01 -6.446266e-01 -1.610685e-01
    endloop
  endfacet
  facet normal 2.939216e-01 6.309335e-04 -9.558293e-01
    outer loop
      vertex -2.240692e-02 -2.862444e-01 -1.230785e-01
      vertex -1.451949e-01 -6.446266e-01 -1.610685e-01
      vertex -2.201992e-02 -4.666184e-01 -1.230785e-01
    endloop
  endfacet
  facet normal 9.461387e-02 9.915115e-01 8.918072e-02
    outer loop
      vertex 3.739381e-01 -1.501741e+00 1.657615e-01
      vertex 2.997761e-01 -1.494289e+00 1.615915e-01
      vertex 2.915001e-01 -1.467204e+00 -1.307685e-01
    endloop
  endfacet
  facet normal 0.000000e+00 1.000000e+00 0.000000e+00
    outer loop
      vertex 8.339108e-02 -1.494289e+00 1.063262e+00
      vertex -3.780792e-02 -1.494289e+00 8.189515e-01
      vertex 8.719208e-02 -1.494289e+00 8.189415e-01
    endloop
  endfacet
  facet normal 9.378490e-01 6.963226e-03 3.469736e-01
    outer loop
      vertex 5.574361e-01 -1.150129e+00 -6.250885e-01
      vertex 5.567671e-01 -1.410539e+00 -6.180585e-01
      vertex 4.561471e-01 -1.213398e+00 -3.500385e-01
    endloop
  endfacet
  facet normal 0.000000e+00 -1.000000e+00 0.000000e+00
    outer loop
      vertex -7.103292e-02 1.495711e+00 1.530715e-01
      vertex 1.330431e-01 1.495711e+00 3.298415e-01
      vertex 1.207471e-01 1.495711e+00 1.499715e-01
    endloop
  endfacet
  facet normal -7.990266e-02 9.942051e-01 -7.191522e-02
    outer loop
      vertex -4.393519e-01 -1.498579e+00 -1.106478e+00
      vertex -4.731419e-01 -1.487802e+00 -9.199585e-01
      vertex -5.095169e-01 -1.500226e+00 -1.051288e+00
    endloop
  endfacet
  facet normal 0.000000e+00 -1.000000e+00 0.000000e+00
    outer loop
      vertex 1.887371e-01 -1.504289e+00 -3.722285e-01
      vertex -5.352692e-02 -1.504289e+00 -5.937285e-01
      vertex -4.177792e-02 -1.504289e+00 -3.888185e-01
    endloop
  endfacet
  facet normal -2.471302e-01 -9.689820e-01 -6.671519e-04
    outer loop
      vertex 4.115821e-01 -1.500182e+00 1.514502e+00
      vertex 4.120371e-01 -1.500129e+00 1.268782e+00
      vertex 3.891041e-01 -1.494289e+00 1.282782e+00
    endloop
  endfacet
  facet normal 2.471302e-01 9.689820e-01 6.671519e-04
    outer loop
      vertex 4.115821e-01 -1.500182e+00 1.514502e+00
      vertex 3.891041e-01 -1.494289e+00 1.282782e+00
      vertex 4.120371e-01 -1.500129e+00 1.268782e+00
    endloop
  endfacet
  facet normal -8.782666e-01 8.178251e-05 -4.781715e-01
    outer loop
      vertex -4.308579e-01 -6.817597e-01 -9.221985e-01
      vertex -4.310169e-01 -2.904004e-01 -9.218385e-01
      vertex -4.387179e-01 -4.660714e-01 -9.077285e-01
    endloop
  endfacet
  facet normal 8.782666e-01 -8.178251e-05 4.781715e-01
    outer loop
      vertex -4.308579e-01 -6.817597e-01 -9.221985e-01
      vertex -4.387179e-01 -4.660714e-01 -9.077285e-01
      vertex -4.310169e-01 -2.904004e-01 -9.218385e-01
    endloop
  endfacet
  facet normal 0.000000e+00 -1.000000e+00 0.000000e+00
    outer loop
      vertex -3.279969e-01 -1.504289e+00 -3.829585e-01
      vertex -1.088189e-01 -1.504289e+00 -1.206985e-01
      vertex -4.177792e-02 -1.504289e+00 -3.888185e-01
    endloop
  endfacet
  facet normal 8.984857e-03 -9.999565e-01 2.477167e-03
    outer loop
      vertex 3.739381e-01 -1.501741e+00 1.657615e-01
      vertex 3.597751e-01 -1.502578e+00 -1.207485e-01
      vertex 9.470208e-02 -1.504289e+00 1.497715e-01
    endloop
  endfacet
  facet normal 0.000000e+00 -1.000000e+00 0.000000e+00
    outer loop
      vertex -3.510092e-02 -1.504289e+00 3.498315e-01
      vertex 1.791681e-01 -1.504289e+00 3.440915e-01
      vertex 9.470208e-02 -1.504289e+00 1.497715e-01
    endloop
  endfacet
  facet normal -9.286996e-01 -1.714765e-02 3.704362e-01
    outer loop
      vertex -3.891509e-01 9.234826e-01 -3.289185e-01
      vertex -5.063129e-01 9.611806e-01 -6.208985e-01
      vertex -4.007929e-01 1.209536e+00 -3.448585e-01
    endloop
  endfacet
  facet normal 0.000000e+00 -1.000000e+00 0.000000e+00
    outer loop
      vertex -4.077792e-02 -1.504289e+00 1.266142e+00
      vertex -4.077792e-02 -1.504289e+00 1.514602e+00
      vertex 9.463708e-02 -1.504289e+00 1.266142e+00
    endloop
  endfacet
  facet normal -5.594580e-01 -8.189175e-01 -1.279877e-01
    outer loop
      vertex -5.095349e-01 1.500306e+00 1.881442e+00
      vertex -4.804069e-01 1.495711e+00 1.783522e+00
      vertex -4.241809e-01 1.495711e+00 1.537742e+00
    endloop
  endfacet
  facet normal 5.594580e-01 8.189175e-01 1.279877e-01
    outer loop
      vertex -5.095349e-01 1.500306e+00 1.881442e+00
      vertex -4.241809e-01 1.495711e+00 1.537742e+00
      vertex -4.804069e-01 1.495711e+00 1.783522e+00
    endloop
  endfacet
  facet normal -8.098915e-01 -5.165815e-01 2.778836e-01
    outer loop
      vertex 3.891041e-01 1.495711e+00 1.282772e+00
      vertex 3.151031e-01 1.495711e+00 1.067092e+00
      vertex 3.736581e-01 1.503223e+00 1.251722e+00
    endloop
  endfacet
  facet normal 8.098915e-01 5.165815e-01 -2.778836e-01
    outer loop
      vertex 3.891041e-01 1.495711e+00 1.282772e+00
      vertex 3.736581e-01 1.503223e+00 1.251722e+00
      vertex 3.151031e-01 1.495711e+00 1.067092e+00
    endloop
  endfacet
  facet normal 2.716101e-07 1.000000e+00 2.567591e-08
    outer loop
      vertex -1.211829e-01 -1.494289e+00 1.470962e+00
      vertex -4.148729e-01 -1.494289e+00 1.276962e+00
      vertex -1.099269e-01 -1.494289e+00 1.279352e+00
    endloop
  endfacet
  facet normal -6.114088e-01 4.447715e-01 6.544903e-01
    outer loop
      vertex -3.683409e-01 -1.478216e+00 -1.373585e-01
      vertex -4.069819e-01 -1.211572e+00 -3.546585e-01
      vertex -2.289709e-01 -1.209491e+00 -1.897785e-01
    endloop
  endfacet
  facet normal 0.000000e+00 1.000000e+00 0.000000e+00
    outer loop
      vertex -3.589539e-01 1.495711e+00 3.448315e-01
      vertex -7.103292e-02 1.495711e+00 1.530715e-01
      vertex -6.390592e-02 1.495711e+00 3.234015e-01
    endloop
  endfacet
  facet normal 0.000000e+00 -1.000000e+00 0.000000e+00
    outer loop
      vertex -3.589539e-01 1.495711e+00 3.448315e-01
      vertex -6.390592e-02 1.495711e+00 3.234015e-01
      vertex -7.103292e-02 1.495711e+00 1.530715e-01
    endloop
  endfacet
  facet normal -0.000000e+00 -1.000000e+00 0.000000e+00
    outer loop
      vertex 9.463708e-02 -1.504289e+00 1.514612e+00
      vertex -4.077792e-02 -1.504289e+00 1.514602e+00
      vertex -4.077792e-02 -1.504289e+00 1.810422e+00
    endloop
  endfacet
  facet normal -6.763613e-01 1.731686e-02 -7.363665e-01
    outer loop
      vertex 4.373181e-01 8.997726e-01 -3.227285e-01
      vertex 2.834701e-01 4.676686e-01 -1.915785e-01
      vertex 4.462061e-01 6.188416e-01 -3.374985e-01
    endloop
  endfacet
  facet normal 6.763613e-01 -1.731686e-02 7.363665e-01
    outer loop
      vertex 4.373181e-01 8.997726e-01 -3.227285e-01
      vertex 4.462061e-01 6.188416e-01 -3.374985e-01
      vertex 2.834701e-01 4.676686e-01 -1.915785e-01
    endloop
  endfacet
  facet normal -9.298303e-01 2.959314e-02 3.667967e-01
    outer loop
      vertex -5.068589e-01 -9.725970e-01 -6.271285e-01
      vertex -3.880649e-01 -9.598876e-01 -3.270085e-01
      vertex -4.069819e-01 -1.211572e+00 -3.546585e-01
    endloop
  endfacet
  facet normal 1.133885e-01 9.931818e-01 -2.707556e-02
    outer loop
      vertex 5.309721e-01 1.491478e+00 -7.294085e-01
      vertex 3.944101e-01 1.504810e+00 -8.122685e-01
      vertex 4.911631e-01 1.490451e+00 -9.337985e-01
    endloop
  endfacet
  facet normal 1.076301e-03 -9.999987e-01 -1.219912e-03
    outer loop
      vertex 1.057831e-01 -1.504289e+00 -8.601385e-01
      vertex 4.290481e-01 -1.504289e+00 -5.749285e-01
      vertex 3.938451e-01 -1.503969e+00 -8.685485e-01
    endloop
  endfacet
  facet normal -9.990158e-01 -2.142901e-04 -4.435349e-02
    outer loop
      vertex -5.022859e-01 -2.707034e-01 -7.263585e-01
      vertex -5.023719e-01 3.107638e-03 -7.257485e-01
      vertex -5.067529e-01 -2.710574e-01 -6.257485e-01
    endloop
  endfacet
  facet normal 8.620254e-02 9.962419e-01 8.438591e-03
    outer loop
      vertex 4.115821e-01 -1.500182e+00 1.514502e+00
      vertex 4.007081e-01 -1.501718e+00 1.806912e+00
      vertex 3.723911e-01 -1.499899e+00 1.881442e+00
    endloop
  endfacet
  facet normal -8.620254e-02 -9.962419e-01 -8.438591e-03
    outer loop
      vertex 4.115821e-01 -1.500182e+00 1.514502e+00
      vertex 3.723911e-01 -1.499899e+00 1.881442e+00
      vertex 4.007081e-01 -1.501718e+00 1.806912e+00
    endloop
  endfacet
  facet normal 1.316077e-02 -9.998950e-01 6.065753e-03
    outer loop
      vertex 4.017651e-01 -1.500259e+00 5.255015e-01
      vertex 1.791681e-01 -1.504289e+00 3.440915e-01
      vertex 9.668508e-02 -1.504289e+00 5.230515e-01
    endloop
  endfacet
  facet normal -3.437635e-02 9.994079e-01 1.428336e-03
    outer loop
      vertex -5.094669e-01 -1.499187e+00 1.494515e-01
      vertex -3.589529e-01 -1.494289e+00 3.447915e-01
      vertex -5.094709e-01 -1.499475e+00 3.505015e-01
    endloop
  endfacet
  facet normal -9.275478e-01 1.058597e-02 3.735546e-01
    outer loop
      vertex -3.891509e-01 9.234826e-01 -3.289185e-01
      vertex -3.960869e-01 6.380016e-01 -3.380485e-01
      vertex -5.063129e-01 9.611806e-01 -6.208985e-01
    endloop
  endfacet
  facet normal -7.780973e-01 2.374436e-02 -6.276948e-01
    outer loop
      vertex -4.308579e-01 -6.817597e-01 -9.221985e-01
      vertex -3.117519e-01 -4.661184e-01 -1.061688e+00
      vertex -3.004699e-01 -2.803494e-01 -1.068648e+00
    endloop
  endfacet
  facet normal 7.780973e-01 -2.374436e-02 6.276948e-01
    outer loop
      vertex -4.308579e-01 -6.817597e-01 -9.221985e-01
      vertex -3.004699e-01 -2.803494e-01 -1.068648e+00
      vertex -3.117519e-01 -4.661184e-01 -1.061688e+00
    endloop
  endfacet
  facet normal 6.750774e-01 -2.430219e-03 7.377429e-01
    outer loop
      vertex 4.552351e-01 1.209329e+00 -3.484485e-01
      vertex 2.819491e-01 9.553686e-01 -1.907185e-01
      vertex 2.841741e-01 1.216745e+00 -1.918885e-01
    endloop
  endfacet
  facet normal -2.486666e-02 -9.905661e-01 1.347602e-01
    outer loop
      vertex 1.207471e-01 1.495711e+00 1.499715e-01
      vertex 9.543508e-02 1.464403e+00 -8.482848e-02
      vertex -4.394692e-02 1.468913e+00 -7.739848e-02
    endloop
  endfacet
  facet normal 1.026057e-04 -9.999937e-01 3.531973e-03
    outer loop
      vertex -1.116469e-01 -1.503907e+00 -1.076208e+00
      vertex 1.945251e-01 -1.504027e+00 -1.118868e+00
      vertex 2.109708e-02 -1.504289e+00 -1.188248e+00
    endloop
  endfacet
  facet normal -1.573959e-02 9.998719e-01 -2.900957e-03
    outer loop
      vertex 4.017651e-01 -1.500259e+00 5.255015e-01
      vertex 1.791681e-01 -1.504289e+00 3.440915e-01
      vertex 3.739381e-01 -1.501741e+00 1.657615e-01
    endloop
  endfacet
  facet normal 1.573959e-02 -9.998719e-01 2.900957e-03
    outer loop
      vertex 4.017651e-01 -1.500259e+00 5.255015e-01
      vertex 3.739381e-01 -1.501741e+00 1.657615e-01
      vertex 1.791681e-01 -1.504289e+00 3.440915e-01
    endloop
  endfacet
  facet normal -6.700849e-01 -7.422959e-03 7.422474e-01
    outer loop
      vertex -2.437999e-01 1.118164e-02 -1.979285e-01
      vertex -2.354119e-01 -2.821864e-01 -1.932885e-01
      vertex -3.910449e-01 -6.104362e-03 -3.310285e-01
    endloop
  endfacet
  facet normal 1.084823e-06 1.000000e+00 4.626957e-06
    outer loop
      vertex -4.788092e-02 1.505710e+00 -3.770885e-01
      vertex -3.036092e-02 1.505711e+00 -5.873085e-01
      vertex 9.361908e-02 1.505711e+00 -6.163785e-01
    endloop
  endfacet
  facet normal -2.950245e-02 -9.995647e-01 -3.108324e-05
    outer loop
      vertex 3.857011e-01 1.502770e+00 1.671715e-01
      vertex 3.734911e-01 1.503119e+00 5.397615e-01
      vertex 4.768231e-01 1.500075e+00 3.472615e-01
    endloop
  endfacet
  facet normal 2.950245e-02 9.995647e-01 3.108324e-05
    outer loop
      vertex 3.857011e-01 1.502770e+00 1.671715e-01
      vertex 4.768231e-01 1.500075e+00 3.472615e-01
      vertex 3.734911e-01 1.503119e+00 5.397615e-01
    endloop
  endfacet
  facet normal -9.401279e-01 -4.358092e-03 3.407937e-01
    outer loop
      vertex -5.068589e-01 -9.725970e-01 -6.271285e-01
      vertex -4.069819e-01 -1.211572e+00 -3.546585e-01
      vertex -5.071519e-01 -1.207637e+00 -6.309385e-01
    endloop
  endfacet
  facet normal 0.000000e+00 -1.000000e+00 0.000000e+00
    outer loop
      vertex -4.100892e-02 -1.504289e+00 1.210615e-01
      vertex 9.470208e-02 -1.504289e+00 1.497715e-01
      vertex 9.124508e-02 -1.504289e+00 -1.097285e-01
    endloop
  endfacet
  facet normal 9.999937e-01 -3.539758e-03 1.391250e-05
    outer loop
      vertex -5.094669e-01 -1.499187e+00 1.494515e-01
      vertex -5.094709e-01 -1.499475e+00 3.505015e-01
      vertex -5.094729e-01 -1.499201e+00 5.571915e-01
    endloop
  endfacet
  facet normal -9.999937e-01 3.539758e-03 -1.391250e-05
    outer loop
      vertex -5.094669e-01 -1.499187e+00 1.494515e-01
      vertex -5.094729e-01 -1.499201e+00 5.571915e-01
      vertex -5.094709e-01 -1.499475e+00 3.505015e-01
    endloop
  endfacet
  facet normal 7.384793e-01 6.648610e-03 -6.742435e-01
    outer loop
      vertex 4.808291e-01 -2.820804e-01 -9.257085e-01
      vertex 3.488781e-01 -2.829714e-01 -1.070238e+00
      vertex 3.532361e-01 -4.668614e-01 -1.067278e+00
    endloop
  endfacet
  facet normal 6.474326e-01 -1.525547e-01 7.466981e-01
    outer loop
      vertex 1.749441e-01 -1.207070e+00 -1.553985e-01
      vertex 2.997891e-01 -8.977834e-01 -2.004585e-01
      vertex 4.453021e-01 -9.413560e-01 -3.355285e-01
    endloop
  endfacet
  facet normal -9.918537e-01 -1.093543e-05 -1.273817e-01
    outer loop
      vertex -5.022859e-01 -2.707034e-01 -7.263585e-01
      vertex -5.024179e-01 -4.659314e-01 -7.253185e-01
      vertex -5.023059e-01 -6.760022e-01 -7.261685e-01
    endloop
  endfacet
  facet normal 9.918537e-01 1.093543e-05 1.273817e-01
    outer loop
      vertex -5.022859e-01 -2.707034e-01 -7.263585e-01
      vertex -5.023059e-01 -6.760022e-01 -7.261685e-01
      vertex -5.024179e-01 -4.659314e-01 -7.253185e-01
    endloop
  endfacet
  facet normal -2.693416e-02 9.996359e-01 -1.545444e-03
    outer loop
      vertex -5.094729e-01 1.500624e+00 5.571815e-01
      vertex -3.195349e-01 1.505710e+00 5.366515e-01
      vertex -3.349489e-01 1.505712e+00 8.065315e-01
    endloop
  endfacet
  facet normal -5.154234e-01 1.410937e-01 8.452404e-01
    outer loop
      vertex -8.321792e-02 9.288446e-01 -1.432585e-01
      vertex -2.370929e-01 6.719026e-01 -1.941985e-01
      vertex -3.891509e-01 9.234826e-01 -3.289185e-01
    endloop
  endfacet
  facet normal -7.602799e-04 -9.983449e-01 5.750528e-02
    outer loop
      vertex -3.399659e-01 -1.499971e+00 1.881442e+00
      vertex -4.077592e-02 -1.500198e+00 1.881442e+00
      vertex -4.077792e-02 -1.504289e+00 1.810422e+00
    endloop
  endfacet
  facet normal -2.967373e-01 1.762575e-01 9.385522e-01
    outer loop
      vertex -2.236492e-02 -1.216729e+00 -1.230985e-01
      vertex -4.551792e-02 -1.462899e+00 -8.418848e-02
      vertex -2.289709e-01 -1.209491e+00 -1.897785e-01
    endloop
  endfacet
  facet normal -6.705981e-01 2.324271e-04 7.418208e-01
    outer loop
      vertex -3.912539e-01 2.922656e-01 -3.313085e-01
      vertex -2.437999e-01 1.118164e-02 -1.979285e-01
      vertex -3.910449e-01 -6.104362e-03 -3.310285e-01
    endloop
  endfacet
  facet normal 0.000000e+00 -1.000000e+00 0.000000e+00
    outer loop
      vertex -4.902792e-02 -1.504289e+00 4.877915e-01
      vertex 1.791681e-01 -1.504289e+00 3.440915e-01
      vertex -3.510092e-02 -1.504289e+00 3.498315e-01
    endloop
  endfacet
  facet normal -7.535188e-01 -7.521891e-03 -6.573834e-01
    outer loop
      vertex -2.981379e-01 -6.578163e-01 -1.071848e+00
      vertex -4.394109e-01 -9.586388e-01 -9.064785e-01
      vertex -2.944189e-01 -9.450591e-01 -1.072828e+00
    endloop
  endfacet
  facet normal -3.973556e-02 -9.992098e-01 -8.523401e-04
    outer loop
      vertex -5.094779e-01 1.500866e+00 1.091222e+00
      vertex -3.738729e-01 1.495711e+00 8.127615e-01
      vertex -5.094799e-01 1.501098e+00 8.193515e-01
    endloop
  endfacet
  facet normal -9.422780e-01 2.666804e-04 -3.348316e-01
    outer loop
      vertex -5.023349e-01 9.552376e-01 -7.259085e-01
      vertex -5.023249e-01 6.840876e-01 -7.261585e-01
      vertex -4.360909e-01 6.665716e-01 -9.125685e-01
    endloop
  endfacet
  facet normal 9.470589e-01 -1.730607e-02 -3.205930e-01
    outer loop
      vertex 4.917001e-01 6.539096e-01 -9.065685e-01
      vertex 4.832141e-01 4.666616e-01 -9.215285e-01
      vertex 5.532741e-01 6.813726e-01 -7.261585e-01
    endloop
  endfacet
  facet normal 3.310140e-01 3.857978e-03 9.436181e-01
    outer loop
      vertex 8.232508e-02 -9.149717e-01 -1.241085e-01
      vertex 2.997891e-01 -8.977834e-01 -2.004585e-01
      vertex 1.749441e-01 -1.207070e+00 -1.553985e-01
    endloop
  endfacet
  facet normal -5.540892e-01 2.324126e-03 -8.324541e-01
    outer loop
      vertex -3.171009e-01 4.675236e-01 -1.057578e+00
      vertex -2.892259e-01 2.868566e-01 -1.076638e+00
      vertex -3.072959e-01 6.709256e-01 -1.063538e+00
    endloop
  endfacet
  facet normal 5.540892e-01 -2.324126e-03 8.324541e-01
    outer loop
      vertex -3.171009e-01 4.675236e-01 -1.057578e+00
      vertex -3.072959e-01 6.709256e-01 -1.063538e+00
      vertex -2.892259e-01 2.868566e-01 -1.076638e+00
    endloop
  endfacet
  facet normal 3.088666e-01 2.172455e-03 9.511028e-01
    outer loop
      vertex 1.821951e-01 -6.376826e-01 -1.571685e-01
      vertex 8.232508e-02 -9.149717e-01 -1.241085e-01
      vertex 7.747908e-02 -4.664744e-01 -1.235585e-01
    endloop
  endfacet
  facet normal -3.088666e-01 -2.172455e-03 -9.511028e-01
    outer loop
      vertex 1.821951e-01 -6.376826e-01 -1.571685e-01
      vertex 7.747908e-02 -4.664744e-01 -1.235585e-01
      vertex 8.232508e-02 -9.149717e-01 -1.241085e-01
    endloop
  endfacet
  facet normal 4.755590e-01 8.767003e-01 7.238910e-02
    outer loop
      vertex 4.621561e-01 1.457988e+00 -3.553785e-01
      vertex 3.800791e-01 1.505077e+00 -3.864685e-01
      vertex 4.112821e-01 1.504751e+00 -5.875085e-01
    endloop
  endfacet
  facet normal 7.931258e-01 -1.938747e-01 5.773769e-01
    outer loop
      vertex 2.955681e-01 1.473186e+00 -1.214385e-01
      vertex 4.621561e-01 1.457988e+00 -3.553785e-01
      vertex 2.841741e-01 1.216745e+00 -1.918885e-01
    endloop
  endfacet
  facet normal -9.302494e-01 3.963053e-03 3.669066e-01
    outer loop
      vertex -3.912539e-01 2.922656e-01 -3.313085e-01
      vertex -5.062049e-01 -1.028136e-02 -6.194885e-01
      vertex -5.065459e-01 2.967656e-01 -6.236685e-01
    endloop
  endfacet
  facet normal -6.495714e-01 -5.826122e-03 -7.602782e-01
    outer loop
      vertex -3.117519e-01 -4.661184e-01 -1.061688e+00
      vertex -2.944189e-01 -9.450591e-01 -1.072828e+00
      vertex -2.981379e-01 -6.578163e-01 -1.071848e+00
    endloop
  endfacet
  facet normal 6.495714e-01 5.826122e-03 7.602782e-01
    outer loop
      vertex -3.117519e-01 -4.661184e-01 -1.061688e+00
      vertex -2.981379e-01 -6.578163e-01 -1.071848e+00
      vertex -2.944189e-01 -9.450591e-01 -1.072828e+00
    endloop
  endfacet
  facet normal -0.000000e+00 1.000000e+00 -0.000000e+00
    outer loop
      vertex -3.589539e-01 1.495711e+00 3.448315e-01
      vertex -6.390592e-02 1.495711e+00 3.234015e-01
      vertex -3.722629e-01 1.495711e+00 5.480015e-01
    endloop
  endfacet
  facet normal 0.000000e+00 -1.000000e+00 0.000000e+00
    outer loop
      vertex -3.589539e-01 1.495711e+00 3.448315e-01
      vertex -3.722629e-01 1.495711e+00 5.480015e-01
      vertex -6.390592e-02 1.495711e+00 3.234015e-01
    endloop
  endfacet
  facet normal 9.271274e-03 9.999503e-01 3.680047e-03
    outer loop
      vertex 9.463708e-02 1.505712e+00 5.377015e-01
      vertex 1.692701e-01 1.505710e+00 3.501915e-01
      vertex 3.734911e-01 1.503119e+00 5.397615e-01
    endloop
  endfacet
  facet normal -9.271274e-03 -9.999503e-01 -3.680047e-03
    outer loop
      vertex 9.463708e-02 1.505712e+00 5.377015e-01
      vertex 3.734911e-01 1.503119e+00 5.397615e-01
      vertex 1.692701e-01 1.505710e+00 3.501915e-01
    endloop
  endfacet
  facet normal 0.000000e+00 -1.000000e+00 0.000000e+00
    outer loop
      vertex -4.902792e-02 -1.504289e+00 4.877915e-01
      vertex -3.314789e-01 -1.504289e+00 8.172515e-01
      vertex -4.178992e-02 -1.504289e+00 8.054815e-01
    endloop
  endfacet
  facet normal 9.403015e-01 -4.191936e-02 -3.377512e-01
    outer loop
      vertex 5.532361e-01 1.211485e+00 -7.263585e-01
      vertex 4.911631e-01 1.490451e+00 -9.337985e-01
      vertex 4.824571e-01 1.206778e+00 -9.228285e-01
    endloop
  endfacet
  facet normal 4.459372e-07 1.000000e+00 -6.691607e-10
    outer loop
      vertex -7.103292e-02 -1.494289e+00 1.530715e-01
      vertex -3.589529e-01 -1.494289e+00 3.447915e-01
      vertex -3.822109e-01 -1.494289e+00 1.547615e-01
    endloop
  endfacet
  facet normal -4.459372e-07 -1.000000e+00 6.691607e-10
    outer loop
      vertex -7.103292e-02 -1.494289e+00 1.530715e-01
      vertex -3.822109e-01 -1.494289e+00 1.547615e-01
      vertex -3.589529e-01 -1.494289e+00 3.447915e-01
    endloop
  endfacet
  facet normal -9.302838e-01 -9.916944e-03 3.667065e-01
    outer loop
      vertex -3.912539e-01 2.922656e-01 -3.313085e-01
      vertex -5.065459e-01 2.967656e-01 -6.236685e-01
      vertex -5.060599e-01 4.675696e-01 -6.178185e-01
    endloop
  endfacet
  facet normal 0.000000e+00 1.000000e+00 0.000000e+00
    outer loop
      vertex -4.518592e-02 -1.504289e+00 1.079492e+00
      vertex -4.178992e-02 -1.504289e+00 8.054815e-01
      vertex 9.463708e-02 -1.504289e+00 8.096815e-01
    endloop
  endfacet
  facet normal 0.000000e+00 -1.000000e+00 0.000000e+00
    outer loop
      vertex -4.518592e-02 -1.504289e+00 1.079492e+00
      vertex 9.463708e-02 -1.504289e+00 8.096815e-01
      vertex -4.178992e-02 -1.504289e+00 8.054815e-01
    endloop
  endfacet
  facet normal 0.000000e+00 1.000000e+00 0.000000e+00
    outer loop
      vertex -4.077792e-02 1.505711e+00 1.506442e+00
      vertex 9.880508e-02 1.505711e+00 1.781442e+00
      vertex -4.077792e-02 1.505711e+00 1.787692e+00
    endloop
  endfacet
  facet normal -2.963429e-02 -9.995600e-01 1.322513e-03
    outer loop
      vertex -5.094709e-01 -1.499475e+00 3.505015e-01
      vertex -5.094729e-01 -1.499201e+00 5.571915e-01
      vertex -3.389349e-01 -1.504289e+00 5.328815e-01
    endloop
  endfacet
  facet normal -1.978673e-01 -3.044492e-02 9.797559e-01
    outer loop
      vertex 3.321791e-01 -1.215487e+00 -1.082108e+00
      vertex 3.456191e-01 -1.475686e+00 -1.087478e+00
      vertex 1.945251e-01 -1.504027e+00 -1.118868e+00
    endloop
  endfacet
  facet normal 1.978673e-01 3.044492e-02 -9.797559e-01
    outer loop
      vertex 3.321791e-01 -1.215487e+00 -1.082108e+00
      vertex 1.945251e-01 -1.504027e+00 -1.118868e+00
      vertex 3.456191e-01 -1.475686e+00 -1.087478e+00
    endloop
  endfacet
  facet normal -6.834070e-01 1.287435e-02 7.299241e-01
    outer loop
      vertex -3.891509e-01 9.234826e-01 -3.289185e-01
      vertex -4.007929e-01 1.209536e+00 -3.448585e-01
      vertex -2.519399e-01 1.028781e+00 -2.023085e-01
    endloop
  endfacet
  facet normal 5.380202e-02 9.985490e-01 -2.279824e-03
    outer loop
      vertex 3.031841e-01 -1.494289e+00 7.859015e-01
      vertex 4.181841e-01 -1.499800e+00 1.086012e+00
      vertex 3.151001e-01 -1.494289e+00 1.067112e+00
    endloop
  endfacet
  facet normal -5.380202e-02 -9.985490e-01 2.279824e-03
    outer loop
      vertex 3.031841e-01 -1.494289e+00 7.859015e-01
      vertex 3.151001e-01 -1.494289e+00 1.067112e+00
      vertex 4.181841e-01 -1.499800e+00 1.086012e+00
    endloop
  endfacet
  facet normal 3.073889e-01 -3.467722e-03 9.515777e-01
    outer loop
      vertex 6.524608e-02 9.080036e-01 -1.222985e-01
      vertex 7.030708e-02 1.214233e+00 -1.228185e-01
      vertex 2.841741e-01 1.216745e+00 -1.918885e-01
    endloop
  endfacet
  facet normal -5.717809e-01 1.074730e-01 8.133364e-01
    outer loop
      vertex -1.451949e-01 -6.446266e-01 -1.610685e-01
      vertex -2.536329e-01 -9.020200e-01 -2.032885e-01
      vertex -3.907779e-01 -6.649574e-01 -3.310285e-01
    endloop
  endfacet
  facet normal -6.100147e-07 1.000000e+00 2.128377e-08
    outer loop
      vertex 1.207441e-01 -1.494289e+00 1.499715e-01
      vertex 2.997761e-01 -1.494289e+00 1.615915e-01
      vertex 3.062311e-01 -1.494289e+00 3.466015e-01
    endloop
  endfacet
  facet normal 6.100147e-07 -1.000000e+00 -2.128377e-08
    outer loop
      vertex 1.207441e-01 -1.494289e+00 1.499715e-01
      vertex 3.062311e-01 -1.494289e+00 3.466015e-01
      vertex 2.997761e-01 -1.494289e+00 1.615915e-01
    endloop
  endfacet
  facet normal -3.448068e-02 9.994045e-01 -1.322899e-03
    outer loop
      vertex -5.094709e-01 -1.499475e+00 3.505015e-01
      vertex -3.589529e-01 -1.494289e+00 3.447915e-01
      vertex -5.094729e-01 -1.499201e+00 5.571915e-01
    endloop
  endfacet
  facet normal 5.421931e-01 -8.209760e-01 -1.789558e-01
    outer loop
      vertex 5.567671e-01 -1.410539e+00 -6.180585e-01
      vertex 4.290481e-01 -1.504289e+00 -5.749285e-01
      vertex 4.953711e-01 -1.503042e+00 -3.797085e-01
    endloop
  endfacet
  facet normal -1.689356e-01 2.723979e-01 9.472382e-01
    outer loop
      vertex -4.551792e-02 -1.462899e+00 -8.418848e-02
      vertex -3.683409e-01 -1.478216e+00 -1.373585e-01
      vertex -2.289709e-01 -1.209491e+00 -1.897785e-01
    endloop
  endfacet
  facet normal -3.014618e-01 9.263323e-01 2.258967e-01
    outer loop
      vertex 3.970881e-01 1.502127e+00 -1.107218e+00
      vertex 4.911631e-01 1.490451e+00 -9.337985e-01
      vertex 3.522981e-01 1.480810e+00 -1.079578e+00
    endloop
  endfacet
  facet normal 3.014618e-01 -9.263323e-01 -2.258967e-01
    outer loop
      vertex 3.970881e-01 1.502127e+00 -1.107218e+00
      vertex 3.522981e-01 1.480810e+00 -1.079578e+00
      vertex 4.911631e-01 1.490451e+00 -9.337985e-01
    endloop
  endfacet
  facet normal -1.249996e-01 9.921417e-01 5.476019e-03
    outer loop
      vertex 3.734911e-01 1.503119e+00 5.397615e-01
      vertex 3.139691e-01 1.495711e+00 5.232315e-01
      vertex 3.062311e-01 1.495711e+00 3.466015e-01
    endloop
  endfacet
  facet normal 1.249996e-01 -9.921417e-01 -5.476019e-03
    outer loop
      vertex 3.734911e-01 1.503119e+00 5.397615e-01
      vertex 3.062311e-01 1.495711e+00 3.466015e-01
      vertex 3.139691e-01 1.495711e+00 5.232315e-01
    endloop
  endfacet
  facet normal -3.157612e-01 2.442940e-03 -9.488356e-01
    outer loop
      vertex 2.891251e-01 -2.747974e-01 -1.946185e-01
      vertex 2.853651e-01 6.300664e-02 -1.924985e-01
      vertex 1.221561e-01 -2.009836e-02 -1.383985e-01
    endloop
  endfacet
  facet normal 3.157612e-01 -2.442940e-03 9.488356e-01
    outer loop
      vertex 2.891251e-01 -2.747974e-01 -1.946185e-01
      vertex 1.221561e-01 -2.009836e-02 -1.383985e-01
      vertex 2.853651e-01 6.300664e-02 -1.924985e-01
    endloop
  endfacet
  facet normal 8.697905e-01 -3.777763e-05 -4.934213e-01
    outer loop
      vertex 4.892341e-01 -9.253945e-01 -9.108885e-01
      vertex 4.832811e-01 -4.675104e-01 -9.214185e-01
      vertex 4.732581e-01 -6.514014e-01 -9.390685e-01
    endloop
  endfacet
  facet normal -8.697905e-01 3.777763e-05 4.934213e-01
    outer loop
      vertex 4.892341e-01 -9.253945e-01 -9.108885e-01
      vertex 4.732581e-01 -6.514014e-01 -9.390685e-01
      vertex 4.832811e-01 -4.675104e-01 -9.214185e-01
    endloop
  endfacet
  facet normal 0.000000e+00 -1.000000e+00 0.000000e+00
    outer loop
      vertex -4.148739e-01 1.495711e+00 1.276962e+00
      vertex -1.211829e-01 1.495711e+00 1.470962e+00
      vertex -1.099279e-01 1.495711e+00 1.279352e+00
    endloop
  endfacet
  facet normal -2.250262e-07 1.000000e+00 -3.500664e-09
    outer loop
      vertex 8.339108e-02 -1.494289e+00 1.063262e+00
      vertex 8.719208e-02 -1.494289e+00 8.189415e-01
      vertex 3.151001e-01 -1.494289e+00 1.067112e+00
    endloop
  endfacet
  facet normal -3.594151e-02 -9.993511e-01 -2.354402e-03
    outer loop
      vertex -3.589539e-01 1.495711e+00 3.448315e-01
      vertex -5.094729e-01 1.500624e+00 5.571815e-01
      vertex -3.722629e-01 1.495711e+00 5.480015e-01
    endloop
  endfacet
  facet normal -0.000000e+00 -1.000000e+00 0.000000e+00
    outer loop
      vertex -4.518592e-02 -1.504289e+00 1.079492e+00
      vertex -3.426679e-01 -1.504289e+00 1.053102e+00
      vertex -3.548949e-01 -1.504289e+00 1.247192e+00
    endloop
  endfacet
  facet normal -3.318884e-01 3.589546e-02 -9.426355e-01
    outer loop
      vertex -4.910592e-02 1.491404e+00 -1.160538e+00
      vertex -9.748915e-03 1.209163e+00 -1.185138e+00
      vertex 2.182908e-02 1.417586e+00 -1.188318e+00
    endloop
  endfacet
  facet normal 0.000000e+00 -1.000000e+00 -0.000000e+00
    outer loop
      vertex 8.338908e-02 1.495711e+00 1.063262e+00
      vertex 8.719208e-02 1.495711e+00 8.189415e-01
      vertex -3.780792e-02 1.495711e+00 8.189415e-01
    endloop
  endfacet
  facet normal 5.333938e-09 1.000000e+00 -1.850826e-08
    outer loop
      vertex 1.330431e-01 -1.494289e+00 3.298415e-01
      vertex 9.887108e-02 -1.494289e+00 5.212715e-01
      vertex -6.390392e-02 -1.494289e+00 3.234015e-01
    endloop
  endfacet
  facet normal -2.479076e-02 9.995773e-01 1.518416e-02
    outer loop
      vertex -3.266059e-01 1.505710e+00 -4.026085e-01
      vertex -5.094699e-01 1.500814e+00 -3.788685e-01
      vertex -5.095349e-01 1.503916e+00 -5.831685e-01
    endloop
  endfacet
  facet normal 0.000000e+00 -1.000000e+00 0.000000e+00
    outer loop
      vertex -3.626019e-01 1.495711e+00 1.075222e+00
      vertex -4.148739e-01 1.495711e+00 1.276962e+00
      vertex -1.099279e-01 1.495711e+00 1.279352e+00
    endloop
  endfacet
  facet normal 3.451032e-02 9.994042e-01 5.402118e-04
    outer loop
      vertex -5.095339e-01 -1.499332e+00 1.881442e+00
      vertex -3.604219e-01 -1.504289e+00 1.526702e+00
      vertex -3.647239e-01 -1.504289e+00 1.801532e+00
    endloop
  endfacet
  facet normal -3.451032e-02 -9.994042e-01 -5.402118e-04
    outer loop
      vertex -5.095339e-01 -1.499332e+00 1.881442e+00
      vertex -3.647239e-01 -1.504289e+00 1.801532e+00
      vertex -3.604219e-01 -1.504289e+00 1.526702e+00
    endloop
  endfacet
  facet normal 9.265730e-01 -1.228908e-02 3.759142e-01
    outer loop
      vertex 4.525741e-01 2.832006e-01 -3.453085e-01
      vertex 5.559831e-01 -5.543362e-03 -6.096385e-01
      vertex 4.431771e-01 -6.368362e-03 -3.316185e-01
    endloop
  endfacet
  facet normal 3.022090e-03 9.999955e-01 4.103598e-05
    outer loop
      vertex 9.729008e-02 1.505711e+00 -8.867385e-01
      vertex 3.944101e-01 1.504810e+00 -8.122685e-01
      vertex 9.361908e-02 1.505711e+00 -6.163785e-01
    endloop
  endfacet
  facet normal 9.995375e-01 2.275210e-04 -3.041077e-02
    outer loop
      vertex 5.532701e-01 -8.324144e-01 -7.261785e-01
      vertex 5.566161e-01 -8.340643e-01 -6.162185e-01
      vertex 5.532101e-01 -5.980394e-01 -7.263985e-01
    endloop
  endfacet
  facet normal -9.991183e-01 -9.749918e-04 -4.197098e-02
    outer loop
      vertex -5.024419e-01 4.673526e-01 -7.253285e-01
      vertex -5.068049e-01 6.800006e-01 -6.264085e-01
      vertex -5.065459e-01 2.967656e-01 -6.236685e-01
    endloop
  endfacet
  facet normal -4.061412e-02 9.977698e-01 5.297109e-02
    outer loop
      vertex -5.094669e-01 -1.499187e+00 1.494515e-01
      vertex -3.683409e-01 -1.478216e+00 -1.373585e-01
      vertex -3.822109e-01 -1.494289e+00 1.547615e-01
    endloop
  endfacet
  facet normal -0.000000e+00 1.000000e+00 5.567681e-06
    outer loop
      vertex -3.036292e-02 1.505710e+00 3.501915e-01
      vertex -4.733792e-02 1.505711e+00 1.789015e-01
      vertex 1.692701e-01 1.505710e+00 3.501915e-01
    endloop
  endfacet
  facet normal -7.421239e-02 9.970969e-01 -1.703339e-02
    outer loop
      vertex 4.032381e-01 1.502184e+00 1.062022e+00
      vertex 3.736581e-01 1.503223e+00 1.251722e+00
      vertex 3.151031e-01 1.495711e+00 1.067092e+00
    endloop
  endfacet
  facet normal 7.421239e-02 -9.970969e-01 1.703339e-02
    outer loop
      vertex 4.032381e-01 1.502184e+00 1.062022e+00
      vertex 3.151031e-01 1.495711e+00 1.067092e+00
      vertex 3.736581e-01 1.503223e+00 1.251722e+00
    endloop
  endfacet
  facet normal 3.254429e-01 -9.421139e-01 8.067395e-02
    outer loop
      vertex 3.938451e-01 -1.503969e+00 -8.685485e-01
      vertex 4.926011e-01 -1.475003e+00 -9.286685e-01
      vertex 4.671191e-01 -1.498068e+00 -1.095238e+00
    endloop
  endfacet
  facet normal -8.073356e-01 -2.220872e-03 -5.900885e-01
    outer loop
      vertex 4.437781e-01 -2.832544e-01 -3.323785e-01
      vertex 4.362811e-01 -4.669364e-01 -3.214285e-01
      vertex 4.474301e-01 -6.581156e-01 -3.359685e-01
    endloop
  endfacet
  facet normal 8.073356e-01 2.220872e-03 5.900885e-01
    outer loop
      vertex 4.437781e-01 -2.832544e-01 -3.323785e-01
      vertex 4.474301e-01 -6.581156e-01 -3.359685e-01
      vertex 4.362811e-01 -4.669364e-01 -3.214285e-01
    endloop
  endfacet
  facet normal -8.961010e-01 -1.815034e-01 4.050426e-01
    outer loop
      vertex -4.007929e-01 1.209536e+00 -3.448585e-01
      vertex -4.710559e-01 1.474844e+00 -3.814185e-01
      vertex -3.627679e-01 1.477480e+00 -1.406685e-01
    endloop
  endfacet
  facet normal -3.608317e-01 1.854843e-02 -9.324464e-01
    outer loop
      vertex -2.874589e-01 1.212299e+00 -1.077608e+00
      vertex -2.583592e-02 9.771396e-01 -1.183528e+00
      vertex -9.748915e-03 1.209163e+00 -1.185138e+00
    endloop
  endfacet
  facet normal 9.294934e-01 -1.044873e-02 3.686909e-01
    outer loop
      vertex 5.566161e-01 -8.340643e-01 -6.162185e-01
      vertex 4.474301e-01 -6.581156e-01 -3.359685e-01
      vertex 5.553311e-01 -4.726474e-01 -6.027385e-01
    endloop
  endfacet
  facet normal 6.686351e-01 -1.792976e-02 7.433745e-01
    outer loop
      vertex 4.373181e-01 8.997726e-01 -3.227285e-01
      vertex 4.462061e-01 6.188416e-01 -3.374985e-01
      vertex 2.885651e-01 6.777056e-01 -1.942885e-01
    endloop
  endfacet
  facet normal 5.058061e-01 1.438319e-01 8.505719e-01
    outer loop
      vertex 2.891251e-01 -2.747974e-01 -1.946185e-01
      vertex 1.221561e-01 -2.009836e-02 -1.383985e-01
      vertex 4.431771e-01 -6.368362e-03 -3.316185e-01
    endloop
  endfacet
  facet normal 6.646254e-01 1.376351e-02 7.470500e-01
    outer loop
      vertex 4.525741e-01 2.832006e-01 -3.453085e-01
      vertex 4.431771e-01 -6.368362e-03 -3.316185e-01
      vertex 2.853651e-01 6.300664e-02 -1.924985e-01
    endloop
  endfacet
  facet normal -3.974668e-02 9.992095e-01 -8.504843e-04
    outer loop
      vertex -5.094799e-01 -1.499678e+00 8.193715e-01
      vertex -3.738739e-01 -1.494289e+00 8.127715e-01
      vertex -5.094779e-01 -1.499446e+00 1.091212e+00
    endloop
  endfacet
  facet normal -8.094179e-01 8.804443e-04 5.872324e-01
    outer loop
      vertex -3.891509e-01 9.234826e-01 -3.289185e-01
      vertex -3.813009e-01 4.667656e-01 -3.174085e-01
      vertex -3.960869e-01 6.380016e-01 -3.380485e-01
    endloop
  endfacet
  facet normal 8.094179e-01 -8.804443e-04 -5.872324e-01
    outer loop
      vertex -3.891509e-01 9.234826e-01 -3.289185e-01
      vertex -3.960869e-01 6.380016e-01 -3.380485e-01
      vertex -3.813009e-01 4.667656e-01 -3.174085e-01
    endloop
  endfacet
  facet normal -2.845087e-02 9.995818e-01 -5.161039e-03
    outer loop
      vertex -3.298689e-01 1.505711e+00 1.039452e+00
      vertex -3.649129e-01 1.505710e+00 1.232452e+00
      vertex -5.094779e-01 1.500866e+00 1.091222e+00
    endloop
  endfacet
  facet normal 2.660518e-01 -3.039792e-02 -9.634793e-01
    outer loop
      vertex 8.758708e-02 1.488818e+00 -1.152928e+00
      vertex 3.451871e-01 1.207469e+00 -1.072918e+00
      vertex 3.522981e-01 1.480810e+00 -1.079578e+00
    endloop
  endfacet
  facet normal -2.655934e-02 9.996457e-01 -1.807988e-03
    outer loop
      vertex -5.094729e-01 1.500624e+00 5.571815e-01
      vertex -3.349489e-01 1.505712e+00 8.065315e-01
      vertex -5.094799e-01 1.501098e+00 8.193515e-01
    endloop
  endfacet
  facet normal 9.368242e-01 1.871512e-02 3.492995e-01
    outer loop
      vertex 5.574361e-01 -1.150129e+00 -6.250885e-01
      vertex 4.561471e-01 -1.213398e+00 -3.500385e-01
      vertex 4.453021e-01 -9.413560e-01 -3.355285e-01
    endloop
  endfacet
  facet normal 4.796456e-07 -1.000000e+00 1.050809e-07
    outer loop
      vertex 1.330431e-01 -1.494289e+00 3.298415e-01
      vertex 9.887108e-02 -1.494289e+00 5.212715e-01
      vertex 3.139691e-01 -1.494289e+00 5.232315e-01
    endloop
  endfacet
  facet normal -4.796456e-07 1.000000e+00 -1.050809e-07
    outer loop
      vertex 1.330431e-01 -1.494289e+00 3.298415e-01
      vertex 3.139691e-01 -1.494289e+00 5.232315e-01
      vertex 9.887108e-02 -1.494289e+00 5.212715e-01
    endloop
  endfacet
  facet normal -2.981279e-01 2.558581e-03 9.545226e-01
    outer loop
      vertex -2.817292e-02 -9.274184e-01 -1.237585e-01
      vertex -1.451949e-01 -6.446266e-01 -1.610685e-01
      vertex -2.201992e-02 -4.666184e-01 -1.230785e-01
    endloop
  endfacet
  facet normal 2.981279e-01 -2.558581e-03 -9.545226e-01
    outer loop
      vertex -2.817292e-02 -9.274184e-01 -1.237585e-01
      vertex -2.201992e-02 -4.666184e-01 -1.230785e-01
      vertex -1.451949e-01 -6.446266e-01 -1.610685e-01
    endloop
  endfacet
  facet normal -6.906662e-06 1.000000e+00 4.060777e-08
    outer loop
      vertex 9.171008e-02 1.505711e+00 -1.201185e-01
      vertex -4.788092e-02 1.505710e+00 -3.770885e-01
      vertex 9.047008e-02 1.505711e+00 -3.310585e-01
    endloop
  endfacet
  facet normal -9.317623e-01 -6.751025e-03 3.630062e-01
    outer loop
      vertex -3.927979e-01 -2.761594e-01 -3.333385e-01
      vertex -5.067529e-01 -2.710574e-01 -6.257485e-01
      vertex -5.062049e-01 -1.028136e-02 -6.194885e-01
    endloop
  endfacet
  facet normal 3.281413e-06 1.000000e+00 -7.213750e-06
    outer loop
      vertex -3.266059e-01 1.505710e+00 -4.026085e-01
      vertex -3.532292e-02 1.505711e+00 -1.379085e-01
      vertex -3.302459e-01 1.505712e+00 -1.398585e-01
    endloop
  endfacet
  facet normal -3.281413e-06 -1.000000e+00 7.213750e-06
    outer loop
      vertex -3.266059e-01 1.505710e+00 -4.026085e-01
      vertex -3.302459e-01 1.505712e+00 -1.398585e-01
      vertex -3.532292e-02 1.505711e+00 -1.379085e-01
    endloop
  endfacet
  facet normal 9.991530e-01 2.547424e-04 -4.114893e-02
    outer loop
      vertex 5.574361e-01 -1.150129e+00 -6.250885e-01
      vertex 5.532811e-01 -1.149825e+00 -7.259785e-01
      vertex 5.533771e-01 -1.410539e+00 -7.252585e-01
    endloop
  endfacet
  facet normal -2.672596e-02 -9.996418e-01 -1.399093e-03
    outer loop
      vertex -3.193249e-01 -1.504289e+00 1.582915e-01
      vertex -5.094709e-01 -1.499475e+00 3.505015e-01
      vertex -3.389349e-01 -1.504289e+00 5.328815e-01
    endloop
  endfacet
  facet normal -1.891775e-05 -1.000000e+00 2.642334e-06
    outer loop
      vertex 9.463708e-02 1.505712e+00 5.377015e-01
      vertex 1.692701e-01 1.505710e+00 3.501915e-01
      vertex 9.404108e-02 1.505711e+00 1.725115e-01
    endloop
  endfacet
  facet normal 1.891775e-05 1.000000e+00 -2.642334e-06
    outer loop
      vertex 9.463708e-02 1.505712e+00 5.377015e-01
      vertex 9.404108e-02 1.505711e+00 1.725115e-01
      vertex 1.692701e-01 1.505710e+00 3.501915e-01
    endloop
  endfacet
  facet normal -5.894699e-02 9.982591e-01 -2.042294e-03
    outer loop
      vertex 3.031841e-01 1.495711e+00 7.859015e-01
      vertex 4.068301e-01 1.501942e+00 8.400615e-01
      vertex 4.032381e-01 1.502184e+00 1.062022e+00
    endloop
  endfacet
  facet normal 5.894699e-02 -9.982591e-01 2.042294e-03
    outer loop
      vertex 3.031841e-01 1.495711e+00 7.859015e-01
      vertex 4.032381e-01 1.502184e+00 1.062022e+00
      vertex 4.068301e-01 1.501942e+00 8.400615e-01
    endloop
  endfacet
  facet normal -2.737701e-02 -9.996250e-01 -5.413509e-04
    outer loop
      vertex -3.548949e-01 -1.504289e+00 1.247192e+00
      vertex -5.094929e-01 -1.500071e+00 1.276832e+00
      vertex -3.604219e-01 -1.504289e+00 1.526702e+00
    endloop
  endfacet
  facet normal 9.422666e-01 4.551042e-03 -3.348327e-01
    outer loop
      vertex 4.892341e-01 -9.253945e-01 -9.108885e-01
      vertex 5.532101e-01 -5.980394e-01 -7.263985e-01
      vertex 4.832811e-01 -4.675104e-01 -9.214185e-01
    endloop
  endfacet
  facet normal -3.566340e-02 -9.993622e-01 1.805778e-03
    outer loop
      vertex -5.094729e-01 1.500624e+00 5.571815e-01
      vertex -5.094799e-01 1.501098e+00 8.193515e-01
      vertex -3.722629e-01 1.495711e+00 5.480015e-01
    endloop
  endfacet
  facet normal 3.185689e-01 1.262856e-02 9.478156e-01
    outer loop
      vertex 6.524608e-02 9.080036e-01 -1.222985e-01
      vertex 2.885651e-01 6.777056e-01 -1.942885e-01
      vertex 8.008408e-02 6.488006e-01 -1.238285e-01
    endloop
  endfacet
  facet normal 0.000000e+00 -1.000000e+00 0.000000e+00
    outer loop
      vertex -3.549192e-02 1.495711e+00 5.376915e-01
      vertex 8.719208e-02 1.495711e+00 8.189415e-01
      vertex 9.887208e-02 1.495711e+00 5.212815e-01
    endloop
  endfacet
  facet normal 0.000000e+00 -1.000000e+00 0.000000e+00
    outer loop
      vertex 3.982971e-01 1.495711e+00 1.455552e+00
      vertex 1.452851e-01 1.495711e+00 1.490422e+00
      vertex 1.974511e-01 1.495711e+00 1.712112e+00
    endloop
  endfacet
  facet normal 6.798718e-02 9.976693e-01 -5.808781e-03
    outer loop
      vertex 4.017651e-01 -1.500259e+00 5.255015e-01
      vertex 4.172591e-01 -1.499612e+00 8.179315e-01
      vertex 3.139691e-01 -1.494289e+00 5.232315e-01
    endloop
  endfacet
  facet normal -5.936096e-01 8.828065e-04 8.047527e-01
    outer loop
      vertex 3.481961e-01 2.850666e-01 -1.070898e+00
      vertex 3.396071e-01 6.718476e-01 -1.077658e+00
      vertex 3.628331e-01 4.668856e-01 -1.060298e+00
    endloop
  endfacet
  facet normal 5.936096e-01 -8.828065e-04 -8.047527e-01
    outer loop
      vertex 3.481961e-01 2.850666e-01 -1.070898e+00
      vertex 3.628331e-01 4.668856e-01 -1.060298e+00
      vertex 3.396071e-01 6.718476e-01 -1.077658e+00
    endloop
  endfacet
  facet normal -6.200428e-02 -9.980740e-01 1.924159e-03
    outer loop
      vertex -5.094869e-01 1.500972e+00 1.517722e+00
      vertex -5.095209e-01 1.501519e+00 1.800452e+00
      vertex -4.241809e-01 1.495711e+00 1.537742e+00
    endloop
  endfacet
  facet normal -7.542408e-01 1.092157e-02 -6.565072e-01
    outer loop
      vertex -2.944189e-01 -9.450591e-01 -1.072828e+00
      vertex -4.394109e-01 -9.586388e-01 -9.064785e-01
      vertex -4.330239e-01 -1.220130e+00 -9.181685e-01
    endloop
  endfacet
  facet normal -9.301478e-01 -3.551389e-03 3.671683e-01
    outer loop
      vertex -5.066479e-01 -6.672998e-01 -6.245885e-01
      vertex -3.907779e-01 -6.649574e-01 -3.310285e-01
      vertex -3.880649e-01 -9.598876e-01 -3.270085e-01
    endloop
  endfacet
  facet normal -9.578773e-01 -2.299791e-01 1.719903e-01
    outer loop
      vertex -5.076219e-01 1.466905e+00 -5.956885e-01
      vertex -4.710559e-01 1.474844e+00 -3.814185e-01
      vertex -4.007929e-01 1.209536e+00 -3.448585e-01
    endloop
  endfacet
  facet normal 2.716577e-07 1.000000e+00 1.960438e-08
    outer loop
      vertex -4.148729e-01 -1.494289e+00 1.276962e+00
      vertex -3.626019e-01 -1.494289e+00 1.075202e+00
      vertex -1.099269e-01 -1.494289e+00 1.279352e+00
    endloop
  endfacet
  facet normal 1.310786e-02 -9.999141e-01 0.000000e+00
    outer loop
      vertex 9.463708e-02 -1.504289e+00 1.266142e+00
      vertex 9.463708e-02 -1.504289e+00 1.514612e+00
      vertex 4.120371e-01 -1.500129e+00 1.268782e+00
    endloop
  endfacet
  facet normal 0.000000e+00 -1.000000e+00 0.000000e+00
    outer loop
      vertex -3.483699e-01 -1.504289e+00 -7.949685e-01
      vertex -3.395489e-01 -1.504289e+00 -5.558785e-01
      vertex -5.352692e-02 -1.504289e+00 -5.937285e-01
    endloop
  endfacet
  facet normal -9.991407e-01 2.054299e-04 -4.144708e-02
    outer loop
      vertex -5.022859e-01 2.974156e-01 -7.263585e-01
      vertex -5.065459e-01 2.967656e-01 -6.236685e-01
      vertex -5.023719e-01 3.107638e-03 -7.257485e-01
    endloop
  endfacet
  facet normal 2.193630e-03 9.999976e-01 2.421105e-05
    outer loop
      vertex 9.047008e-02 1.505711e+00 -3.310585e-01
      vertex 9.361908e-02 1.505711e+00 -6.163785e-01
      vertex 3.800791e-01 1.505077e+00 -3.864685e-01
    endloop
  endfacet
  facet normal -1.045675e-02 -9.999452e-01 5.170600e-04
    outer loop
      vertex -3.279969e-01 -1.504289e+00 -3.829585e-01
      vertex -3.483699e-01 -1.504289e+00 -7.949685e-01
      vertex -5.095349e-01 -1.502494e+00 -5.831685e-01
    endloop
  endfacet
  facet normal 0.000000e+00 1.000000e+00 -0.000000e+00
    outer loop
      vertex -3.212879e-01 1.505710e+00 -5.891285e-01
      vertex -4.788092e-02 1.505710e+00 -3.770885e-01
      vertex -3.266059e-01 1.505710e+00 -4.026085e-01
    endloop
  endfacet
  facet normal -9.999937e-01 -3.554152e-03 -1.390237e-05
    outer loop
      vertex -5.094669e-01 1.500609e+00 1.494415e-01
      vertex -5.094709e-01 1.500896e+00 3.505015e-01
      vertex -5.094729e-01 1.500624e+00 5.571815e-01
    endloop
  endfacet
  facet normal 9.999937e-01 3.554152e-03 1.390237e-05
    outer loop
      vertex -5.094669e-01 1.500609e+00 1.494415e-01
      vertex -5.094729e-01 1.500624e+00 5.571815e-01
      vertex -5.094709e-01 1.500896e+00 3.505015e-01
    endloop
  endfacet
  facet normal -9.294549e-01 -5.805410e-03 3.688900e-01
    outer loop
      vertex -3.960869e-01 6.380016e-01 -3.380485e-01
      vertex -3.912539e-01 2.922656e-01 -3.313085e-01
      vertex -5.060599e-01 4.675696e-01 -6.178185e-01
    endloop
  endfacet
  facet normal 0.000000e+00 -1.000000e+00 0.000000e+00
    outer loop
      vertex 8.338908e-02 1.495711e+00 1.063262e+00
      vertex 3.151031e-01 1.495711e+00 1.067092e+00
      vertex 8.719208e-02 1.495711e+00 8.189415e-01
    endloop
  endfacet
  facet normal 7.248240e-01 -4.882163e-02 -6.872020e-01
    outer loop
      vertex 4.824571e-01 1.206778e+00 -9.228285e-01
      vertex 4.911631e-01 1.490451e+00 -9.337985e-01
      vertex 3.522981e-01 1.480810e+00 -1.079578e+00
    endloop
  endfacet
  facet normal -3.225502e-01 5.504820e-03 9.465363e-01
    outer loop
      vertex -3.186692e-02 6.449726e-01 -1.241085e-01
      vertex -2.370929e-01 6.719026e-01 -1.941985e-01
      vertex -8.321792e-02 9.288446e-01 -1.432585e-01
    endloop
  endfacet
  facet normal -4.706318e-01 3.874818e-05 -8.823297e-01
    outer loop
      vertex 2.885651e-01 6.777056e-01 -1.942885e-01
      vertex 2.834701e-01 4.676686e-01 -1.915785e-01
      vertex 2.899351e-01 2.916906e-01 -1.950385e-01
    endloop
  endfacet
  facet normal 4.706318e-01 -3.874818e-05 8.823297e-01
    outer loop
      vertex 2.885651e-01 6.777056e-01 -1.942885e-01
      vertex 2.899351e-01 2.916906e-01 -1.950385e-01
      vertex 2.834701e-01 4.676686e-01 -1.915785e-01
    endloop
  endfacet
  facet normal -5.581075e-01 -3.016391e-03 8.297632e-01
    outer loop
      vertex 2.713791e-01 -8.518412e-01 -1.123738e+00
      vertex 3.532361e-01 -4.668614e-01 -1.067278e+00
      vertex 3.588751e-01 -6.601560e-01 -1.064188e+00
    endloop
  endfacet
  facet normal 5.581075e-01 3.016391e-03 -8.297632e-01
    outer loop
      vertex 2.713791e-01 -8.518412e-01 -1.123738e+00
      vertex 3.588751e-01 -6.601560e-01 -1.064188e+00
      vertex 3.532361e-01 -4.668614e-01 -1.067278e+00
    endloop
  endfacet
  facet normal 9.991524e-01 -4.673189e-03 -4.089670e-02
    outer loop
      vertex 5.566161e-01 -8.340643e-01 -6.162185e-01
      vertex 5.573891e-01 -5.964269e-01 -6.244885e-01
      vertex 5.532101e-01 -5.980394e-01 -7.263985e-01
    endloop
  endfacet
  facet normal -3.971711e-02 9.992110e-01 -2.417949e-04
    outer loop
      vertex -5.094799e-01 -1.499678e+00 8.193715e-01
      vertex -3.722619e-01 -1.494289e+00 5.479915e-01
      vertex -3.738739e-01 -1.494289e+00 8.127715e-01
    endloop
  endfacet
  facet normal 0.000000e+00 1.000000e+00 -0.000000e+00
    outer loop
      vertex -3.193249e-01 -1.504289e+00 1.582915e-01
      vertex -2.969639e-01 -1.504289e+00 3.493715e-01
      vertex -3.389349e-01 -1.504289e+00 5.328815e-01
    endloop
  endfacet
  facet normal 0.000000e+00 -1.000000e+00 0.000000e+00
    outer loop
      vertex -3.193249e-01 -1.504289e+00 1.582915e-01
      vertex -3.389349e-01 -1.504289e+00 5.328815e-01
      vertex -2.969639e-01 -1.504289e+00 3.493715e-01
    endloop
  endfacet
  facet normal -4.085362e-03 9.999663e-01 -7.123138e-03
    outer loop
      vertex 9.729008e-02 1.505711e+00 -8.867385e-01
      vertex -4.338292e-02 1.505711e+00 -8.060585e-01
      vertex 9.429408e-02 1.504080e+00 -1.113988e+00
    endloop
  endfacet
  facet normal -9.932519e-01 1.032375e-01 5.284614e-02
    outer loop
      vertex 3.982971e-01 1.495711e+00 1.455552e+00
      vertex 3.891041e-01 1.495711e+00 1.282772e+00
      vertex 4.025031e-01 1.502772e+00 1.520812e+00
    endloop
  endfacet
  facet normal 9.932519e-01 -1.032375e-01 -5.284614e-02
    outer loop
      vertex 3.982971e-01 1.495711e+00 1.455552e+00
      vertex 4.025031e-01 1.502772e+00 1.520812e+00
      vertex 3.891041e-01 1.495711e+00 1.282772e+00
    endloop
  endfacet
  facet normal 3.771643e-01 9.941752e-03 -9.260929e-01
    outer loop
      vertex 7.101608e-02 9.480606e-01 -1.184078e+00
      vertex 3.396071e-01 6.718476e-01 -1.077658e+00
      vertex 3.474451e-01 9.643776e-01 -1.071328e+00
    endloop
  endfacet
  facet normal 0.000000e+00 -1.000000e+00 0.000000e+00
    outer loop
      vertex 9.463708e-02 -1.504289e+00 1.514612e+00
      vertex -4.077792e-02 -1.504289e+00 1.810422e+00
      vertex 9.880508e-02 -1.504289e+00 1.815152e+00
    endloop
  endfacet
  facet normal -0.000000e+00 -1.000000e+00 0.000000e+00
    outer loop
      vertex 4.290481e-01 -1.504289e+00 -5.749285e-01
      vertex 9.647108e-02 -1.504289e+00 -5.800685e-01
      vertex 1.887371e-01 -1.504289e+00 -3.722285e-01
    endloop
  endfacet
  facet normal 2.122103e-03 9.913291e-01 1.313855e-01
    outer loop
      vertex 1.207441e-01 -1.494289e+00 1.499715e-01
      vertex -7.103292e-02 -1.494289e+00 1.530715e-01
      vertex -4.551792e-02 -1.462899e+00 -8.418848e-02
    endloop
  endfacet
  facet normal 9.589800e-03 9.999539e-01 -1.014733e-04
    outer loop
      vertex 9.880508e-02 1.505711e+00 1.781442e+00
      vertex 9.570608e-02 1.505711e+00 1.488572e+00
      vertex 4.025031e-01 1.502772e+00 1.520812e+00
    endloop
  endfacet
  facet normal 0.000000e+00 -1.000000e+00 0.000000e+00
    outer loop
      vertex -3.549192e-02 1.495711e+00 5.376915e-01
      vertex -3.780792e-02 1.495711e+00 8.189415e-01
      vertex 8.719208e-02 1.495711e+00 8.189415e-01
    endloop
  endfacet
  facet normal 9.953339e-01 4.939472e-05 9.649057e-02
    outer loop
      vertex 5.574361e-01 -1.150129e+00 -6.250885e-01
      vertex 5.601701e-01 -1.504289e+00 -6.531085e-01
      vertex 5.567671e-01 -1.410539e+00 -6.180585e-01
    endloop
  endfacet
  facet normal -9.953339e-01 -4.939472e-05 -9.649057e-02
    outer loop
      vertex 5.574361e-01 -1.150129e+00 -6.250885e-01
      vertex 5.567671e-01 -1.410539e+00 -6.180585e-01
      vertex 5.601701e-01 -1.504289e+00 -6.531085e-01
    endloop
  endfacet
  facet normal 7.310433e-01 5.180509e-02 -6.803616e-01
    outer loop
      vertex 3.321791e-01 -1.215487e+00 -1.082108e+00
      vertex 3.456191e-01 -1.475686e+00 -1.087478e+00
      vertex 4.848781e-01 -1.222150e+00 -9.185385e-01
    endloop
  endfacet
  facet normal -0.000000e+00 -1.000000e+00 0.000000e+00
    outer loop
      vertex -4.077792e-02 -1.504289e+00 1.266142e+00
      vertex -3.548949e-01 -1.504289e+00 1.247192e+00
      vertex -3.604219e-01 -1.504289e+00 1.526702e+00
    endloop
  endfacet
  facet normal -3.264803e-01 -9.451981e-01 3.350882e-03
    outer loop
      vertex -5.095139e-01 1.502696e+00 -7.928785e-01
      vertex -4.722139e-01 1.489349e+00 -9.235485e-01
      vertex -5.095179e-01 1.501773e+00 -1.053628e+00
    endloop
  endfacet
  facet normal 7.416033e-01 3.982755e-04 -6.708387e-01
    outer loop
      vertex 4.829111e-01 2.851336e-01 -9.219685e-01
      vertex 4.832141e-01 4.666616e-01 -9.215285e-01
      vertex 3.481961e-01 2.850666e-01 -1.070898e+00
    endloop
  endfacet
  facet normal -7.416033e-01 -3.982755e-04 6.708387e-01
    outer loop
      vertex 4.829111e-01 2.851336e-01 -9.219685e-01
      vertex 3.481961e-01 2.850666e-01 -1.070898e+00
      vertex 4.832141e-01 4.666616e-01 -9.215285e-01
    endloop
  endfacet
  facet normal 4.847134e-03 9.999620e-01 -7.240869e-03
    outer loop
      vertex 9.729008e-02 1.505711e+00 -8.867385e-01
      vertex 9.429408e-02 1.504080e+00 -1.113988e+00
      vertex 3.944101e-01 1.504810e+00 -8.122685e-01
    endloop
  endfacet
  facet normal 1.929906e-03 9.990684e-01 4.311170e-02
    outer loop
      vertex 9.880508e-02 1.505711e+00 1.781442e+00
      vertex 9.412208e-02 1.501405e+00 1.881442e+00
      vertex -4.077792e-02 1.505711e+00 1.787692e+00
    endloop
  endfacet
  facet normal -3.008146e-02 -9.995458e-01 -1.817785e-03
    outer loop
      vertex -5.094799e-01 -1.499678e+00 8.193715e-01
      vertex -3.389349e-01 -1.504289e+00 5.328815e-01
      vertex -5.094729e-01 -1.499201e+00 5.571915e-01
    endloop
  endfacet
  facet normal -1.557816e-01 -9.877915e-01 -2.201056e-05
    outer loop
      vertex -5.094669e-01 1.500609e+00 1.494415e-01
      vertex -3.627679e-01 1.477480e+00 -1.406685e-01
      vertex -5.094669e-01 1.500615e+00 -1.180585e-01
    endloop
  endfacet
  facet normal -3.734267e-01 -4.440706e-03 -9.276491e-01
    outer loop
      vertex -4.083915e-03 6.989166e-01 -1.185728e+00
      vertex -3.036219e-01 9.628146e-01 -1.066408e+00
      vertex -3.072959e-01 6.709256e-01 -1.063538e+00
    endloop
  endfacet
  facet normal 3.124783e-01 5.941484e-03 9.499063e-01
    outer loop
      vertex 1.821951e-01 -6.376826e-01 -1.571685e-01
      vertex 2.891251e-01 -2.747974e-01 -1.946185e-01
      vertex 2.836411e-01 -4.657414e-01 -1.916185e-01
    endloop
  endfacet
  facet normal -3.124783e-01 -5.941484e-03 -9.499063e-01
    outer loop
      vertex 1.821951e-01 -6.376826e-01 -1.571685e-01
      vertex 2.836411e-01 -4.657414e-01 -1.916185e-01
      vertex 2.891251e-01 -2.747974e-01 -1.946185e-01
    endloop
  endfacet
  facet normal -3.732653e-01 5.569615e-03 -9.277079e-01
    outer loop
      vertex -1.527792e-02 -4.770704e-01 -1.184578e+00
      vertex -3.004699e-01 -2.803494e-01 -1.068648e+00
      vertex -2.981379e-01 -6.578163e-01 -1.071848e+00
    endloop
  endfacet
  facet normal 1.295891e-02 -9.999160e-01 -1.797222e-04
    outer loop
      vertex 4.115821e-01 -1.500182e+00 1.514502e+00
      vertex 9.463708e-02 -1.504289e+00 1.514612e+00
      vertex 9.880508e-02 -1.504289e+00 1.815152e+00
    endloop
  endfacet
  facet normal -4.230658e-02 -9.991024e-01 -2.164979e-03
    outer loop
      vertex -3.626019e-01 1.495711e+00 1.075222e+00
      vertex -5.094909e-01 1.501494e+00 1.276832e+00
      vertex -5.094869e-01 1.500972e+00 1.517722e+00
    endloop
  endfacet
  facet normal 5.445080e-01 3.174953e-01 7.763426e-01
    outer loop
      vertex 2.915001e-01 -1.467204e+00 -1.307685e-01
      vertex 1.749441e-01 -1.207070e+00 -1.553985e-01
      vertex 4.561471e-01 -1.213398e+00 -3.500385e-01
    endloop
  endfacet
  facet normal 0.000000e+00 -1.000000e+00 -0.000000e+00
    outer loop
      vertex -4.100892e-02 -1.504289e+00 1.210615e-01
      vertex 9.124508e-02 -1.504289e+00 -1.097285e-01
      vertex -1.088189e-01 -1.504289e+00 -1.206985e-01
    endloop
  endfacet
  facet normal 7.373761e-01 -3.561830e-02 -6.745427e-01
    outer loop
      vertex 4.824571e-01 1.206778e+00 -9.228285e-01
      vertex 3.522981e-01 1.480810e+00 -1.079578e+00
      vertex 3.451871e-01 1.207469e+00 -1.072918e+00
    endloop
  endfacet
  facet normal -9.106323e-04 -9.999992e-01 -8.520158e-04
    outer loop
      vertex -2.860992e-02 -1.504289e+00 -7.164985e-01
      vertex 1.057831e-01 -1.504289e+00 -8.601385e-01
      vertex -1.116469e-01 -1.503907e+00 -1.076208e+00
    endloop
  endfacet
  facet normal 9.996917e-01 -5.187804e-03 -2.428415e-02
    outer loop
      vertex 5.532771e-01 9.534316e-01 -7.259185e-01
      vertex 5.561051e-01 9.598556e-01 -6.108685e-01
      vertex 5.571351e-01 1.209294e+00 -6.217585e-01
    endloop
  endfacet
  facet normal 3.020847e-01 -5.060339e-03 9.532677e-01
    outer loop
      vertex 2.819491e-01 9.553686e-01 -1.907185e-01
      vertex 2.885651e-01 6.777056e-01 -1.942885e-01
      vertex 6.524608e-02 9.080036e-01 -1.222985e-01
    endloop
  endfacet
  facet normal 5.702383e-02 5.889858e-01 -8.061291e-01
    outer loop
      vertex 1.945251e-01 -1.504027e+00 -1.118868e+00
      vertex 4.671191e-01 -1.498068e+00 -1.095238e+00
      vertex 3.456191e-01 -1.475686e+00 -1.087478e+00
    endloop
  endfacet
  facet normal 1.284434e-01 -9.915508e-01 -1.814539e-02
    outer loop
      vertex 3.734911e-01 1.503119e+00 5.397615e-01
      vertex 3.139691e-01 1.495711e+00 5.232315e-01
      vertex 4.068301e-01 1.501942e+00 8.400615e-01
    endloop
  endfacet
  facet normal 7.741475e-01 -1.320678e-02 -6.328676e-01
    outer loop
      vertex 4.917001e-01 6.539096e-01 -9.065685e-01
      vertex 4.811161e-01 9.273736e-01 -9.252185e-01
      vertex 3.628331e-01 4.668856e-01 -1.060298e+00
    endloop
  endfacet
  facet normal 1.536934e-08 1.000000e+00 4.682060e-09
    outer loop
      vertex 3.982961e-01 -1.494289e+00 1.455542e+00
      vertex 1.452851e-01 -1.494289e+00 1.490422e+00
      vertex 1.488391e-01 -1.494289e+00 1.279842e+00
    endloop
  endfacet
  facet normal -7.303263e-03 9.998957e-01 -1.245839e-02
    outer loop
      vertex -4.013292e-02 1.504075e+00 -1.115468e+00
      vertex -3.453479e-01 1.505711e+00 -8.052385e-01
      vertex -3.721509e-01 1.501704e+00 -1.111138e+00
    endloop
  endfacet
  facet normal 0.000000e+00 -1.000000e+00 0.000000e+00
    outer loop
      vertex -4.518592e-02 -1.504289e+00 1.079492e+00
      vertex 8.937608e-02 -1.504289e+00 1.078342e+00
      vertex 9.463708e-02 -1.504289e+00 8.096815e-01
    endloop
  endfacet
  facet normal 0.000000e+00 1.000000e+00 0.000000e+00
    outer loop
      vertex -4.518592e-02 -1.504289e+00 1.079492e+00
      vertex 9.463708e-02 -1.504289e+00 8.096815e-01
      vertex 8.937608e-02 -1.504289e+00 1.078342e+00
    endloop
  endfacet
  facet normal -4.211673e-05 1.000000e+00 -1.531979e-06
    outer loop
      vertex 9.880508e-02 1.505711e+00 1.031462e+00
      vertex 1.299911e-01 1.505712e+00 7.966115e-01
      vertex 9.210708e-02 1.505711e+00 1.215602e+00
    endloop
  endfacet
  facet normal 4.211673e-05 -1.000000e+00 1.531979e-06
    outer loop
      vertex 9.880508e-02 1.505711e+00 1.031462e+00
      vertex 9.210708e-02 1.505711e+00 1.215602e+00
      vertex 1.299911e-01 1.505712e+00 7.966115e-01
    endloop
  endfacet
  facet normal -9.989747e-01 1.980464e-03 -4.522895e-02
    outer loop
      vertex -5.068589e-01 -9.725970e-01 -6.271285e-01
      vertex -5.071519e-01 -1.207637e+00 -6.309385e-01
      vertex -5.023689e-01 -9.621019e-01 -7.258385e-01
    endloop
  endfacet
  facet normal -6.700196e-01 -7.467115e-03 7.423059e-01
    outer loop
      vertex -3.891509e-01 9.234826e-01 -3.289185e-01
      vertex -2.370929e-01 6.719026e-01 -1.941985e-01
      vertex -3.960869e-01 6.380016e-01 -3.380485e-01
    endloop
  endfacet
  facet normal 1.366863e-02 -9.999062e-01 -7.487963e-04
    outer loop
      vertex 8.937608e-02 -1.504289e+00 1.078342e+00
      vertex 4.181841e-01 -1.499800e+00 1.086012e+00
      vertex 4.172591e-01 -1.499612e+00 8.179315e-01
    endloop
  endfacet
  facet normal -2.973647e-02 9.995553e-01 2.249990e-03
    outer loop
      vertex -5.094869e-01 1.500972e+00 1.517722e+00
      vertex -3.503269e-01 1.505710e+00 1.516332e+00
      vertex -3.296139e-01 1.505711e+00 1.789652e+00
    endloop
  endfacet
  facet normal 9.276443e-03 -9.995672e-01 2.791814e-02
    outer loop
      vertex 3.723911e-01 -1.499899e+00 1.881442e+00
      vertex 4.007081e-01 -1.501718e+00 1.806912e+00
      vertex 9.880508e-02 -1.504289e+00 1.815152e+00
    endloop
  endfacet
  facet normal -9.986548e-01 1.963815e-02 -4.798918e-02
    outer loop
      vertex -5.071519e-01 -1.207637e+00 -6.309385e-01
      vertex -5.079299e-01 -1.485920e+00 -7.286385e-01
      vertex -5.022829e-01 -1.193213e+00 -7.263585e-01
    endloop
  endfacet
  facet normal 9.986548e-01 -1.963815e-02 4.798918e-02
    outer loop
      vertex -5.071519e-01 -1.207637e+00 -6.309385e-01
      vertex -5.022829e-01 -1.193213e+00 -7.263585e-01
      vertex -5.079299e-01 -1.485920e+00 -7.286385e-01
    endloop
  endfacet
  facet normal -2.054934e-01 -9.761150e-01 7.051232e-02
    outer loop
      vertex 3.891041e-01 -1.494289e+00 1.282782e+00
      vertex 4.120371e-01 -1.500129e+00 1.268782e+00
      vertex 3.151001e-01 -1.494289e+00 1.067112e+00
    endloop
  endfacet
  facet normal 2.054934e-01 9.761150e-01 -7.051232e-02
    outer loop
      vertex 3.891041e-01 -1.494289e+00 1.282782e+00
      vertex 3.151001e-01 -1.494289e+00 1.067112e+00
      vertex 4.120371e-01 -1.500129e+00 1.268782e+00
    endloop
  endfacet
  facet normal 0.000000e+00 -1.000000e+00 0.000000e+00
    outer loop
      vertex -4.241809e-01 1.495711e+00 1.537742e+00
      vertex -4.804069e-01 1.495711e+00 1.783522e+00
      vertex -2.476529e-01 1.495711e+00 1.798102e+00
    endloop
  endfacet
  facet normal 5.575737e-02 -9.984254e-01 6.149746e-03
    outer loop
      vertex 2.883311e-01 1.495711e+00 1.798102e+00
      vertex 3.766231e-01 1.501155e+00 1.881442e+00
      vertex 4.216191e-01 1.503150e+00 1.797352e+00
    endloop
  endfacet
  facet normal 9.210518e-01 -1.933871e-01 -3.380311e-01
    outer loop
      vertex 5.320411e-01 -1.504289e+00 -7.297585e-01
      vertex 5.601701e-01 -1.504289e+00 -6.531085e-01
      vertex 5.533771e-01 -1.410539e+00 -7.252585e-01
    endloop
  endfacet
  facet normal -3.504298e-01 -2.217342e-02 -9.363264e-01
    outer loop
      vertex -2.871379e-01 -1.212005e+00 -1.077758e+00
      vertex -1.141915e-03 -1.160311e+00 -1.186018e+00
      vertex -2.282692e-02 -9.100607e-01 -1.183828e+00
    endloop
  endfacet
  facet normal 0.000000e+00 1.000000e+00 0.000000e+00
    outer loop
      vertex -4.077792e-02 1.505711e+00 1.506442e+00
      vertex -4.226592e-02 1.505711e+00 1.216272e+00
      vertex 9.570608e-02 1.505711e+00 1.488572e+00
    endloop
  endfacet
  facet normal -9.990864e-01 -3.895728e-04 -4.273372e-02
    outer loop
      vertex -5.066479e-01 -6.672998e-01 -6.245885e-01
      vertex -5.024179e-01 -4.659314e-01 -7.253185e-01
      vertex -5.067529e-01 -2.710574e-01 -6.257485e-01
    endloop
  endfacet
  facet normal 0.000000e+00 -1.000000e+00 0.000000e+00
    outer loop
      vertex -4.902792e-02 -1.504289e+00 4.877915e-01
      vertex -3.389349e-01 -1.504289e+00 5.328815e-01
      vertex -3.314789e-01 -1.504289e+00 8.172515e-01
    endloop
  endfacet
  facet normal -3.728974e-01 4.899338e-03 -9.278597e-01
    outer loop
      vertex -1.527792e-02 -4.770704e-01 -1.184578e+00
      vertex -2.981379e-01 -6.578163e-01 -1.071848e+00
      vertex -2.282692e-02 -9.100607e-01 -1.183828e+00
    endloop
  endfacet
  facet normal 2.344598e-02 -9.995551e-01 -1.843952e-02
    outer loop
      vertex 1.945251e-01 -1.504027e+00 -1.118868e+00
      vertex 3.938451e-01 -1.503969e+00 -8.685485e-01
      vertex 4.671191e-01 -1.498068e+00 -1.095238e+00
    endloop
  endfacet
  facet normal 0.000000e+00 -1.000000e+00 0.000000e+00
    outer loop
      vertex -6.390592e-02 1.495711e+00 3.234015e-01
      vertex 9.887208e-02 1.495711e+00 5.212815e-01
      vertex 1.330431e-01 1.495711e+00 3.298415e-01
    endloop
  endfacet
  facet normal -9.992856e-01 -2.192704e-03 -3.772846e-02
    outer loop
      vertex -5.023349e-01 9.552376e-01 -7.259085e-01
      vertex -5.067009e-01 1.215917e+00 -6.254285e-01
      vertex -5.063129e-01 9.611806e-01 -6.208985e-01
    endloop
  endfacet
  facet normal -0.000000e+00 -1.000000e+00 0.000000e+00
    outer loop
      vertex -2.860992e-02 -1.504289e+00 -7.164985e-01
      vertex -3.483699e-01 -1.504289e+00 -7.949685e-01
      vertex -5.352692e-02 -1.504289e+00 -5.937285e-01
    endloop
  endfacet
  facet normal -3.137148e-01 -1.301821e-03 9.495164e-01
    outer loop
      vertex -2.141392e-02 -1.515536e-02 -1.230385e-01
      vertex -2.356059e-01 2.836506e-01 -1.933985e-01
      vertex -2.307792e-02 2.801476e-01 -1.231785e-01
    endloop
  endfacet
  facet normal -9.991530e-01 -8.807155e-06 4.114968e-02
    outer loop
      vertex 5.574361e-01 -1.150129e+00 -6.250885e-01
      vertex 5.532811e-01 -1.149825e+00 -7.259785e-01
      vertex 5.532701e-01 -8.324144e-01 -7.261785e-01
    endloop
  endfacet
  facet normal 9.991530e-01 8.807155e-06 -4.114968e-02
    outer loop
      vertex 5.574361e-01 -1.150129e+00 -6.250885e-01
      vertex 5.532701e-01 -8.324144e-01 -7.261785e-01
      vertex 5.532811e-01 -1.149825e+00 -7.259785e-01
    endloop
  endfacet
  facet normal 3.811046e-01 1.268492e-02 -9.244449e-01
    outer loop
      vertex -1.451949e-01 -6.446266e-01 -1.610685e-01
      vertex -2.354119e-01 -2.821864e-01 -1.932885e-01
      vertex -2.539699e-01 -4.657934e-01 -2.034585e-01
    endloop
  endfacet
  facet normal -3.811046e-01 -1.268492e-02 9.244449e-01
    outer loop
      vertex -1.451949e-01 -6.446266e-01 -1.610685e-01
      vertex -2.539699e-01 -4.657934e-01 -2.034585e-01
      vertex -2.354119e-01 -2.821864e-01 -1.932885e-01
    endloop
  endfacet
  facet normal 0.000000e+00 -1.000000e+00 -0.000000e+00
    outer loop
      vertex -3.931992e-02 1.495711e+00 1.798102e+00
      vertex 1.452851e-01 1.495711e+00 1.490422e+00
      vertex -1.211829e-01 1.495711e+00 1.470962e+00
    endloop
  endfacet
  facet normal -2.263622e-07 1.000000e+00 7.700570e-08
    outer loop
      vertex 8.339108e-02 -1.494289e+00 1.063262e+00
      vertex 3.151001e-01 -1.494289e+00 1.067112e+00
      vertex 1.488391e-01 -1.494289e+00 1.279842e+00
    endloop
  endfacet
  facet normal 0.000000e+00 1.000000e+00 -1.017211e-05
    outer loop
      vertex -3.036292e-02 1.505710e+00 3.501915e-01
      vertex 1.692701e-01 1.505710e+00 3.501915e-01
      vertex 9.463708e-02 1.505712e+00 5.377015e-01
    endloop
  endfacet
  facet normal -3.261561e-01 7.912821e-03 9.452828e-01
    outer loop
      vertex -8.321792e-02 9.288446e-01 -1.432585e-01
      vertex -2.370929e-01 6.719026e-01 -1.941985e-01
      vertex -2.519399e-01 1.028781e+00 -2.023085e-01
    endloop
  endfacet
  facet normal 3.261561e-01 -7.912821e-03 -9.452828e-01
    outer loop
      vertex -8.321792e-02 9.288446e-01 -1.432585e-01
      vertex -2.519399e-01 1.028781e+00 -2.023085e-01
      vertex -2.370929e-01 6.719026e-01 -1.941985e-01
    endloop
  endfacet
  facet normal -2.944433e-02 -9.995648e-01 -1.854883e-03
    outer loop
      vertex -3.548949e-01 -1.504289e+00 1.247192e+00
      vertex -3.426679e-01 -1.504289e+00 1.053102e+00
      vertex -5.094779e-01 -1.499446e+00 1.091212e+00
    endloop
  endfacet
  facet normal 9.311525e-01 1.029681e-02 3.644844e-01
    outer loop
      vertex 4.373181e-01 8.997726e-01 -3.227285e-01
      vertex 5.572331e-01 6.762456e-01 -6.227585e-01
      vertex 4.462061e-01 6.188416e-01 -3.374985e-01
    endloop
  endfacet
  facet normal 9.991404e-01 2.115137e-04 -4.145299e-02
    outer loop
      vertex 5.533161e-01 -6.693362e-03 -7.257485e-01
      vertex 5.574371e-01 2.794606e-01 -6.249685e-01
      vertex 5.532291e-01 2.858896e-01 -7.263585e-01
    endloop
  endfacet
  facet normal 6.774601e-01 -3.062454e-02 7.349216e-01
    outer loop
      vertex 4.525741e-01 2.832006e-01 -3.453085e-01
      vertex 2.899351e-01 2.916906e-01 -1.950385e-01
      vertex 4.388051e-01 4.667316e-01 -3.249685e-01
    endloop
  endfacet
  facet normal -5.010216e-01 -8.314606e-02 -8.614314e-01
    outer loop
      vertex 1.821951e-01 -6.376826e-01 -1.571685e-01
      vertex 2.997891e-01 -8.977834e-01 -2.004585e-01
      vertex 4.362811e-01 -4.669364e-01 -3.214285e-01
    endloop
  endfacet
  facet normal 5.010216e-01 8.314606e-02 8.614314e-01
    outer loop
      vertex 1.821951e-01 -6.376826e-01 -1.571685e-01
      vertex 4.362811e-01 -4.669364e-01 -3.214285e-01
      vertex 2.997891e-01 -8.977834e-01 -2.004585e-01
    endloop
  endfacet
  facet normal -2.869579e-02 9.995872e-01 1.474440e-03
    outer loop
      vertex -3.503269e-01 1.505710e+00 1.516332e+00
      vertex -5.094909e-01 1.501494e+00 1.276832e+00
      vertex -3.649129e-01 1.505710e+00 1.232452e+00
    endloop
  endfacet
  facet normal 9.266288e-01 9.747161e-04 3.759762e-01
    outer loop
      vertex 4.437781e-01 -2.832544e-01 -3.323785e-01
      vertex 4.431771e-01 -6.368362e-03 -3.316185e-01
      vertex 5.559831e-01 -5.543362e-03 -6.096385e-01
    endloop
  endfacet
  facet normal 1.372486e-01 9.905062e-01 -7.763669e-03
    outer loop
      vertex 3.970881e-01 1.502127e+00 -1.107218e+00
      vertex 4.911631e-01 1.490451e+00 -9.337985e-01
      vertex 3.944101e-01 1.504810e+00 -8.122685e-01
    endloop
  endfacet
  facet normal -1.372486e-01 -9.905062e-01 7.763669e-03
    outer loop
      vertex 3.970881e-01 1.502127e+00 -1.107218e+00
      vertex 3.944101e-01 1.504810e+00 -8.122685e-01
      vertex 4.911631e-01 1.490451e+00 -9.337985e-01
    endloop
  endfacet
  facet normal 5.111634e-01 -7.490204e-02 -8.562136e-01
    outer loop
      vertex -3.817009e-01 -4.666024e-01 -3.178385e-01
      vertex -2.536329e-01 -9.020200e-01 -2.032885e-01
      vertex -1.451949e-01 -6.446266e-01 -1.610685e-01
    endloop
  endfacet
  facet normal -5.111634e-01 7.490204e-02 8.562136e-01
    outer loop
      vertex -3.817009e-01 -4.666024e-01 -3.178385e-01
      vertex -1.451949e-01 -6.446266e-01 -1.610685e-01
      vertex -2.536329e-01 -9.020200e-01 -2.032885e-01
    endloop
  endfacet
  facet normal -6.366043e-04 9.989170e-01 4.652473e-02
    outer loop
      vertex -3.497909e-01 1.501423e+00 1.881442e+00
      vertex -3.296139e-01 1.505711e+00 1.789652e+00
      vertex -4.077592e-02 1.501620e+00 1.881442e+00
    endloop
  endfacet
  facet normal 5.738135e-01 2.174330e-03 -8.189831e-01
    outer loop
      vertex 3.321791e-01 -1.215487e+00 -1.082108e+00
      vertex 3.721551e-01 -9.803800e-01 -1.053468e+00
      vertex 2.713791e-01 -8.518412e-01 -1.123738e+00
    endloop
  endfacet
  facet normal -5.738135e-01 -2.174330e-03 8.189831e-01
    outer loop
      vertex 3.321791e-01 -1.215487e+00 -1.082108e+00
      vertex 2.713791e-01 -8.518412e-01 -1.123738e+00
      vertex 3.721551e-01 -9.803800e-01 -1.053468e+00
    endloop
  endfacet
  facet normal -3.978966e-03 -9.979725e-01 6.352082e-02
    outer loop
      vertex -3.497909e-01 1.501423e+00 1.881442e+00
      vertex -2.476529e-01 1.495711e+00 1.798102e+00
      vertex -4.804069e-01 1.495711e+00 1.783522e+00
    endloop
  endfacet
  facet normal 3.137975e-01 5.508142e-03 9.494740e-01
    outer loop
      vertex 1.821951e-01 -6.376826e-01 -1.571685e-01
      vertex 7.747908e-02 -4.664744e-01 -1.235585e-01
      vertex 2.891251e-01 -2.747974e-01 -1.946185e-01
    endloop
  endfacet
  facet normal -2.599321e-02 9.996619e-01 6.689777e-04
    outer loop
      vertex -3.243829e-01 1.505710e+00 3.482815e-01
      vertex -3.195349e-01 1.505710e+00 5.366515e-01
      vertex -5.094709e-01 1.500896e+00 3.505015e-01
    endloop
  endfacet
  facet normal 0.000000e+00 -1.000000e+00 0.000000e+00
    outer loop
      vertex -4.100892e-02 -1.504289e+00 1.210615e-01
      vertex -3.510092e-02 -1.504289e+00 3.498315e-01
      vertex 9.470208e-02 -1.504289e+00 1.497715e-01
    endloop
  endfacet
  facet normal -3.133117e-01 5.577022e-02 -9.480114e-01
    outer loop
      vertex -4.910592e-02 1.491404e+00 -1.160538e+00
      vertex 2.182908e-02 1.417586e+00 -1.188318e+00
      vertex 2.804408e-02 1.451594e+00 -1.188378e+00
    endloop
  endfacet
  facet normal 3.557538e-01 -4.738134e-02 -9.333779e-01
    outer loop
      vertex 7.043708e-02 -1.170703e+00 -1.184138e+00
      vertex 3.321791e-01 -1.215487e+00 -1.082108e+00
      vertex 2.713791e-01 -8.518412e-01 -1.123738e+00
    endloop
  endfacet
  facet normal 7.377677e-01 8.001401e-03 -6.750072e-01
    outer loop
      vertex 3.721551e-01 -9.803800e-01 -1.053468e+00
      vertex 4.732581e-01 -6.514014e-01 -9.390685e-01
      vertex 3.588751e-01 -6.601560e-01 -1.064188e+00
    endloop
  endfacet
  facet normal -9.349489e-01 -4.512643e-02 3.519010e-01
    outer loop
      vertex -5.076219e-01 1.466905e+00 -5.956885e-01
      vertex -4.007929e-01 1.209536e+00 -3.448585e-01
      vertex -5.067009e-01 1.215917e+00 -6.254285e-01
    endloop
  endfacet
  facet normal -0.000000e+00 -1.000000e+00 0.000000e+00
    outer loop
      vertex 1.488391e-01 1.495711e+00 1.279852e+00
      vertex -1.099279e-01 1.495711e+00 1.279352e+00
      vertex -1.211829e-01 1.495711e+00 1.470962e+00
    endloop
  endfacet
  facet normal 9.994946e-01 -3.421476e-03 -3.160543e-02
    outer loop
      vertex 5.574361e-01 -1.150129e+00 -6.250885e-01
      vertex 5.533771e-01 -1.410539e+00 -7.252585e-01
      vertex 5.567671e-01 -1.410539e+00 -6.180585e-01
    endloop
  endfacet
  facet normal -7.307009e-02 9.973220e-01 3.097207e-03
    outer loop
      vertex 3.031841e-01 1.495711e+00 7.859015e-01
      vertex 4.032381e-01 1.502184e+00 1.062022e+00
      vertex 3.151031e-01 1.495711e+00 1.067092e+00
    endloop
  endfacet
  facet normal 7.307009e-02 -9.973220e-01 -3.097207e-03
    outer loop
      vertex 3.031841e-01 1.495711e+00 7.859015e-01
      vertex 3.151031e-01 1.495711e+00 1.067092e+00
      vertex 4.032381e-01 1.502184e+00 1.062022e+00
    endloop
  endfacet
  facet normal -6.629385e-01 7.484834e-03 7.486365e-01
    outer loop
      vertex -3.912539e-01 2.922656e-01 -3.313085e-01
      vertex -2.356059e-01 2.836506e-01 -1.933985e-01
      vertex -2.437999e-01 1.118164e-02 -1.979285e-01
    endloop
  endfacet
  facet normal 2.796512e-01 3.096406e-03 -9.600967e-01
    outer loop
      vertex 2.713791e-01 -8.518412e-01 -1.123738e+00
      vertex 5.627308e-02 -5.980394e-01 -1.185578e+00
      vertex 6.063908e-02 -8.598710e-01 -1.185148e+00
    endloop
  endfacet
  facet normal -6.580383e-01 -1.055774e-01 -7.455462e-01
    outer loop
      vertex -2.870249e-01 1.480401e+00 -1.085738e+00
      vertex -4.722139e-01 1.489349e+00 -9.235485e-01
      vertex -4.338669e-01 1.201744e+00 -9.166685e-01
    endloop
  endfacet
  facet normal -5.727161e-06 1.000000e+00 2.257097e-07
    outer loop
      vertex -3.600592e-02 1.505711e+00 8.098215e-01
      vertex -4.649192e-02 1.505711e+00 5.437515e-01
      vertex 1.299911e-01 1.505712e+00 7.966115e-01
    endloop
  endfacet
  facet normal 5.727161e-06 -1.000000e+00 -2.257097e-07
    outer loop
      vertex -3.600592e-02 1.505711e+00 8.098215e-01
      vertex 1.299911e-01 1.505712e+00 7.966115e-01
      vertex -4.649192e-02 1.505711e+00 5.437515e-01
    endloop
  endfacet
  facet normal 2.218312e-09 1.000000e+00 -4.722899e-09
    outer loop
      vertex 1.452851e-01 -1.494289e+00 1.490422e+00
      vertex 1.974511e-01 -1.494289e+00 1.712112e+00
      vertex -3.931992e-02 -1.494289e+00 1.798102e+00
    endloop
  endfacet
  facet normal 2.717732e-02 9.996299e-01 -1.237490e-03
    outer loop
      vertex 4.032381e-01 1.502184e+00 1.062022e+00
      vertex 4.025031e-01 1.502772e+00 1.520812e+00
      vertex 3.736581e-01 1.503223e+00 1.251722e+00
    endloop
  endfacet
  facet normal -2.717732e-02 -9.996299e-01 1.237490e-03
    outer loop
      vertex 4.032381e-01 1.502184e+00 1.062022e+00
      vertex 3.736581e-01 1.503223e+00 1.251722e+00
      vertex 4.025031e-01 1.502772e+00 1.520812e+00
    endloop
  endfacet
  facet normal -0.000000e+00 1.000000e+00 0.000000e+00
    outer loop
      vertex -3.243829e-01 1.505710e+00 3.482815e-01
      vertex -3.213889e-01 1.505710e+00 1.689315e-01
      vertex -3.036292e-02 1.505710e+00 3.501915e-01
    endloop
  endfacet
  facet normal -3.422909e-01 -2.285316e-02 9.393161e-01
    outer loop
      vertex -8.321792e-02 9.288446e-01 -1.432585e-01
      vertex -2.519399e-01 1.028781e+00 -2.023085e-01
      vertex -2.270799e-01 1.213988e+00 -1.887385e-01
    endloop
  endfacet
  facet normal 3.422909e-01 2.285316e-02 -9.393161e-01
    outer loop
      vertex -8.321792e-02 9.288446e-01 -1.432585e-01
      vertex -2.270799e-01 1.213988e+00 -1.887385e-01
      vertex -2.519399e-01 1.028781e+00 -2.023085e-01
    endloop
  endfacet
  facet normal 8.924705e-01 5.128187e-02 4.481812e-01
    outer loop
      vertex 5.571351e-01 1.209294e+00 -6.217585e-01
      vertex 5.265871e-01 1.488355e+00 -5.928585e-01
      vertex 5.601411e-01 1.438893e+00 -6.540085e-01
    endloop
  endfacet
  facet normal -1.429498e-05 9.999860e-01 -5.287649e-03
    outer loop
      vertex -4.013292e-02 1.504075e+00 -1.115468e+00
      vertex -4.338292e-02 1.505711e+00 -8.060585e-01
      vertex -3.453479e-01 1.505711e+00 -8.052385e-01
    endloop
  endfacet
  facet normal -9.999955e-01 3.014770e-03 -1.255787e-04
    outer loop
      vertex -5.095349e-01 1.500306e+00 1.881442e+00
      vertex -5.094869e-01 1.500972e+00 1.517722e+00
      vertex -5.095209e-01 1.501519e+00 1.800452e+00
    endloop
  endfacet
  facet normal 9.999955e-01 -3.014770e-03 1.255787e-04
    outer loop
      vertex -5.095349e-01 1.500306e+00 1.881442e+00
      vertex -5.095209e-01 1.501519e+00 1.800452e+00
      vertex -5.094869e-01 1.500972e+00 1.517722e+00
    endloop
  endfacet
  facet normal 0.000000e+00 -1.000000e+00 0.000000e+00
    outer loop
      vertex 1.207471e-01 1.495711e+00 1.499715e-01
      vertex 3.062311e-01 1.495711e+00 3.466015e-01
      vertex 2.997771e-01 1.495711e+00 1.615915e-01
    endloop
  endfacet
  facet normal 0.000000e+00 1.000000e+00 0.000000e+00
    outer loop
      vertex 1.207471e-01 1.495711e+00 1.499715e-01
      vertex 2.997771e-01 1.495711e+00 1.615915e-01
      vertex 3.062311e-01 1.495711e+00 3.466015e-01
    endloop
  endfacet
  facet normal -3.174770e-02 -9.994958e-01 -4.969666e-04
    outer loop
      vertex -3.647239e-01 -1.504289e+00 1.801532e+00
      vertex -3.604219e-01 -1.504289e+00 1.526702e+00
      vertex -5.094869e-01 -1.499550e+00 1.517702e+00
    endloop
  endfacet
  facet normal -9.143804e-02 -3.693084e-01 9.247975e-01
    outer loop
      vertex -1.116469e-01 -1.503907e+00 -1.076208e+00
      vertex -4.393519e-01 -1.498579e+00 -1.106478e+00
      vertex -3.034889e-01 -1.474157e+00 -1.083298e+00
    endloop
  endfacet
  facet normal 9.143804e-02 3.693084e-01 -9.247975e-01
    outer loop
      vertex -1.116469e-01 -1.503907e+00 -1.076208e+00
      vertex -3.034889e-01 -1.474157e+00 -1.083298e+00
      vertex -4.393519e-01 -1.498579e+00 -1.106478e+00
    endloop
  endfacet
  facet normal 9.405395e-01 -4.244368e-04 3.396840e-01
    outer loop
      vertex -5.022829e-01 -1.193213e+00 -7.263585e-01
      vertex -5.023689e-01 -9.621019e-01 -7.258385e-01
      vertex -4.330239e-01 -1.220130e+00 -9.181685e-01
    endloop
  endfacet
  facet normal -9.405395e-01 4.244368e-04 -3.396840e-01
    outer loop
      vertex -5.022829e-01 -1.193213e+00 -7.263585e-01
      vertex -4.330239e-01 -1.220130e+00 -9.181685e-01
      vertex -5.023689e-01 -9.621019e-01 -7.258385e-01
    endloop
  endfacet
  facet normal 5.273299e-02 9.986023e-01 3.566930e-03
    outer loop
      vertex 4.181841e-01 -1.499800e+00 1.086012e+00
      vertex 4.120371e-01 -1.500129e+00 1.268782e+00
      vertex 3.151001e-01 -1.494289e+00 1.067112e+00
    endloop
  endfacet
  facet normal -5.273299e-02 -9.986023e-01 -3.566930e-03
    outer loop
      vertex 4.181841e-01 -1.499800e+00 1.086012e+00
      vertex 3.151001e-01 -1.494289e+00 1.067112e+00
      vertex 4.120371e-01 -1.500129e+00 1.268782e+00
    endloop
  endfacet
  facet normal -4.835814e-01 -3.397795e-01 8.066591e-01
    outer loop
      vertex -8.321792e-02 9.288446e-01 -1.432585e-01
      vertex -3.891509e-01 9.234826e-01 -3.289185e-01
      vertex -2.519399e-01 1.028781e+00 -2.023085e-01
    endloop
  endfacet
  facet normal 3.349593e-02 9.994178e-01 6.495295e-03
    outer loop
      vertex 1.974511e-01 -1.494289e+00 1.712112e+00
      vertex 4.115821e-01 -1.500182e+00 1.514502e+00
      vertex 4.007081e-01 -1.501718e+00 1.806912e+00
    endloop
  endfacet
  facet normal 5.511025e-01 -5.130376e-01 6.580870e-01
    outer loop
      vertex 5.532811e-01 -1.149825e+00 -7.259785e-01
      vertex 4.926011e-01 -1.475003e+00 -9.286685e-01
      vertex 3.938451e-01 -1.503969e+00 -8.685485e-01
    endloop
  endfacet
  facet normal -5.511025e-01 5.130376e-01 -6.580870e-01
    outer loop
      vertex 5.532811e-01 -1.149825e+00 -7.259785e-01
      vertex 3.938451e-01 -1.503969e+00 -8.685485e-01
      vertex 4.926011e-01 -1.475003e+00 -9.286685e-01
    endloop
  endfacet
  facet normal 2.097043e-05 9.999861e-01 -5.287278e-03
    outer loop
      vertex 9.429408e-02 1.504080e+00 -1.113988e+00
      vertex -4.338292e-02 1.505711e+00 -8.060585e-01
      vertex -4.013292e-02 1.504075e+00 -1.115468e+00
    endloop
  endfacet
  facet normal -1.391444e-02 -9.999014e-01 1.900007e-03
    outer loop
      vertex 9.463708e-02 1.505712e+00 5.377015e-01
      vertex 1.299911e-01 1.505712e+00 7.966115e-01
      vertex 4.068301e-01 1.501942e+00 8.400615e-01
    endloop
  endfacet
  facet normal 1.391444e-02 9.999014e-01 -1.900007e-03
    outer loop
      vertex 9.463708e-02 1.505712e+00 5.377015e-01
      vertex 4.068301e-01 1.501942e+00 8.400615e-01
      vertex 1.299911e-01 1.505712e+00 7.966115e-01
    endloop
  endfacet
  facet normal -2.671915e-02 9.996426e-01 8.531756e-04
    outer loop
      vertex -3.298689e-01 1.505711e+00 1.039452e+00
      vertex -5.094779e-01 1.500866e+00 1.091222e+00
      vertex -5.094799e-01 1.501098e+00 8.193515e-01
    endloop
  endfacet
  facet normal -3.633314e-01 1.805815e-04 -9.316599e-01
    outer loop
      vertex -1.150692e-02 4.957638e-03 -1.184998e+00
      vertex -1.147292e-02 2.698836e-01 -1.184958e+00
      vertex -2.892259e-01 2.868566e-01 -1.076638e+00
    endloop
  endfacet
  facet normal -8.786854e-02 -7.284790e-01 -6.794096e-01
    outer loop
      vertex -1.116469e-01 -1.503907e+00 -1.076208e+00
      vertex -1.825592e-02 -1.414388e+00 -1.184268e+00
      vertex -3.034889e-01 -1.474157e+00 -1.083298e+00
    endloop
  endfacet
  facet normal 1.000522e-02 9.999410e-01 -4.230788e-03
    outer loop
      vertex 3.857011e-01 1.502770e+00 1.671715e-01
      vertex 1.692701e-01 1.505710e+00 3.501915e-01
      vertex 9.404108e-02 1.505711e+00 1.725115e-01
    endloop
  endfacet
  facet normal -9.986987e-01 -2.547334e-04 -5.099853e-02
    outer loop
      vertex -5.071519e-01 -1.207637e+00 -6.309385e-01
      vertex -5.022829e-01 -1.193213e+00 -7.263585e-01
      vertex -5.023689e-01 -9.621019e-01 -7.258385e-01
    endloop
  endfacet
  facet normal 9.410441e-01 -7.450554e-04 -3.382829e-01
    outer loop
      vertex 4.829111e-01 2.851336e-01 -9.219685e-01
      vertex 5.532291e-01 2.858896e-01 -7.263585e-01
      vertex 4.832141e-01 4.666616e-01 -9.215285e-01
    endloop
  endfacet
  facet normal -3.410781e-01 4.111682e-02 -9.391354e-01
    outer loop
      vertex -2.871379e-01 -1.212005e+00 -1.077758e+00
      vertex -3.034889e-01 -1.474157e+00 -1.083298e+00
      vertex -1.825592e-02 -1.414388e+00 -1.184268e+00
    endloop
  endfacet
  facet normal -3.877345e-01 -1.625468e-02 -9.216278e-01
    outer loop
      vertex -3.036219e-01 9.628146e-01 -1.066408e+00
      vertex -2.583592e-02 9.771396e-01 -1.183528e+00
      vertex -2.874589e-01 1.212299e+00 -1.077608e+00
    endloop
  endfacet
  facet normal 3.126633e-01 4.304261e-03 9.498543e-01
    outer loop
      vertex 2.899351e-01 2.916906e-01 -1.950385e-01
      vertex 2.853651e-01 6.300664e-02 -1.924985e-01
      vertex 1.221561e-01 -2.009836e-02 -1.383985e-01
    endloop
  endfacet
  facet normal 2.088958e-02 9.997427e-01 -8.839170e-03
    outer loop
      vertex 3.734911e-01 1.503119e+00 5.397615e-01
      vertex 1.692701e-01 1.505710e+00 3.501915e-01
      vertex 9.404108e-02 1.505711e+00 1.725115e-01
    endloop
  endfacet
  facet normal -2.088958e-02 -9.997427e-01 8.839170e-03
    outer loop
      vertex 3.734911e-01 1.503119e+00 5.397615e-01
      vertex 9.404108e-02 1.505711e+00 1.725115e-01
      vertex 1.692701e-01 1.505710e+00 3.501915e-01
    endloop
  endfacet
  facet normal -8.637126e-03 -9.910679e-01 1.330776e-01
    outer loop
      vertex 1.207471e-01 1.495711e+00 1.499715e-01
      vertex 2.997771e-01 1.495711e+00 1.615915e-01
      vertex 9.543508e-02 1.464403e+00 -8.482848e-02
    endloop
  endfacet
  facet normal -4.788722e-01 -2.244775e-05 8.778846e-01
    outer loop
      vertex -2.356059e-01 2.836506e-01 -1.933985e-01
      vertex -2.538669e-01 4.676166e-01 -2.033485e-01
      vertex -2.370929e-01 6.719026e-01 -1.941985e-01
    endloop
  endfacet
  facet normal 4.788722e-01 2.244775e-05 -8.778846e-01
    outer loop
      vertex -2.356059e-01 2.836506e-01 -1.933985e-01
      vertex -2.370929e-01 6.719026e-01 -1.941985e-01
      vertex -2.538669e-01 4.676166e-01 -2.033485e-01
    endloop
  endfacet
  facet normal -9.991657e-01 4.032899e-02 -6.429171e-03
    outer loop
      vertex -5.095349e-01 -1.502494e+00 -5.831685e-01
      vertex -5.079299e-01 -1.485920e+00 -7.286385e-01
      vertex -5.080569e-01 -1.468228e+00 -5.978785e-01
    endloop
  endfacet
  facet normal 0.000000e+00 -1.000000e+00 0.000000e+00
    outer loop
      vertex -4.902792e-02 -1.504289e+00 4.877915e-01
      vertex 9.668508e-02 -1.504289e+00 5.230515e-01
      vertex 1.791681e-01 -1.504289e+00 3.440915e-01
    endloop
  endfacet
  facet normal 3.496347e-06 -1.000000e+00 -1.377924e-07
    outer loop
      vertex -3.600592e-02 1.505711e+00 8.098215e-01
      vertex -4.649192e-02 1.505711e+00 5.437515e-01
      vertex -3.195349e-01 1.505710e+00 5.366515e-01
    endloop
  endfacet
  facet normal -3.496347e-06 1.000000e+00 1.377924e-07
    outer loop
      vertex -3.600592e-02 1.505711e+00 8.098215e-01
      vertex -3.195349e-01 1.505710e+00 5.366515e-01
      vertex -4.649192e-02 1.505711e+00 5.437515e-01
    endloop
  endfacet
  facet normal -2.662528e-02 9.996446e-01 1.314348e-03
    outer loop
      vertex -5.094709e-01 1.500896e+00 3.505015e-01
      vertex -3.195349e-01 1.505710e+00 5.366515e-01
      vertex -5.094729e-01 1.500624e+00 5.571815e-01
    endloop
  endfacet
  facet normal 9.998025e-01 -1.987243e-02 -1.559156e-05
    outer loop
      vertex -5.095349e-01 -1.502494e+00 -5.831685e-01
      vertex -5.094699e-01 -1.499392e+00 -3.788485e-01
      vertex -5.095139e-01 -1.501274e+00 -7.928685e-01
    endloop
  endfacet
  facet normal -9.998025e-01 1.987243e-02 1.559156e-05
    outer loop
      vertex -5.095349e-01 -1.502494e+00 -5.831685e-01
      vertex -5.095139e-01 -1.501274e+00 -7.928685e-01
      vertex -5.094699e-01 -1.499392e+00 -3.788485e-01
    endloop
  endfacet
  facet normal -0.000000e+00 -1.000000e+00 0.000000e+00
    outer loop
      vertex -3.549192e-02 1.495711e+00 5.376915e-01
      vertex -6.390592e-02 1.495711e+00 3.234015e-01
      vertex -3.722629e-01 1.495711e+00 5.480015e-01
    endloop
  endfacet
  facet normal 1.689012e-01 9.724765e-01 -1.605050e-01
    outer loop
      vertex 4.671191e-01 -1.498068e+00 -1.095238e+00
      vertex 4.926011e-01 -1.475003e+00 -9.286685e-01
      vertex 3.456191e-01 -1.475686e+00 -1.087478e+00
    endloop
  endfacet
  facet normal -1.689012e-01 -9.724765e-01 1.605050e-01
    outer loop
      vertex 4.671191e-01 -1.498068e+00 -1.095238e+00
      vertex 3.456191e-01 -1.475686e+00 -1.087478e+00
      vertex 4.926011e-01 -1.475003e+00 -9.286685e-01
    endloop
  endfacet
  facet normal -6.939825e-01 1.087801e-01 -7.117270e-01
    outer loop
      vertex -3.034889e-01 -1.474157e+00 -1.083298e+00
      vertex -4.330239e-01 -1.220130e+00 -9.181685e-01
      vertex -4.731419e-01 -1.487802e+00 -9.199585e-01
    endloop
  endfacet
  facet normal 0.000000e+00 1.000000e+00 0.000000e+00
    outer loop
      vertex -4.518592e-02 -1.504289e+00 1.079492e+00
      vertex -3.426679e-01 -1.504289e+00 1.053102e+00
      vertex -4.178992e-02 -1.504289e+00 8.054815e-01
    endloop
  endfacet
  facet normal 0.000000e+00 -1.000000e+00 -0.000000e+00
    outer loop
      vertex -4.518592e-02 -1.504289e+00 1.079492e+00
      vertex -4.178992e-02 -1.504289e+00 8.054815e-01
      vertex -3.426679e-01 -1.504289e+00 1.053102e+00
    endloop
  endfacet
  facet normal 0.000000e+00 -1.000000e+00 0.000000e+00
    outer loop
      vertex 1.057831e-01 -1.504289e+00 -8.601385e-01
      vertex 9.647108e-02 -1.504289e+00 -5.800685e-01
      vertex 4.290481e-01 -1.504289e+00 -5.749285e-01
    endloop
  endfacet
  facet normal -3.392009e-06 1.000000e+00 -5.661645e-08
    outer loop
      vertex -3.243829e-01 1.505710e+00 3.482815e-01
      vertex -3.213889e-01 1.505710e+00 1.689315e-01
      vertex -4.649192e-02 1.505711e+00 5.437515e-01
    endloop
  endfacet
  facet normal 3.392009e-06 -1.000000e+00 5.661645e-08
    outer loop
      vertex -3.243829e-01 1.505710e+00 3.482815e-01
      vertex -4.649192e-02 1.505711e+00 5.437515e-01
      vertex -3.213889e-01 1.505710e+00 1.689315e-01
    endloop
  endfacet
  facet normal 7.812226e-01 3.183449e-02 6.234404e-01
    outer loop
      vertex 2.915001e-01 -1.467204e+00 -1.307685e-01
      vertex 4.561471e-01 -1.213398e+00 -3.500385e-01
      vertex 4.592321e-01 -1.454795e+00 -3.415785e-01
    endloop
  endfacet
  facet normal -7.750114e-01 4.787025e-02 -6.301315e-01
    outer loop
      vertex -1.116469e-01 -1.503907e+00 -1.076208e+00
      vertex -1.825592e-02 -1.414388e+00 -1.184268e+00
      vertex -1.141915e-03 -1.160311e+00 -1.186018e+00
    endloop
  endfacet
  facet normal 7.750114e-01 -4.787025e-02 6.301315e-01
    outer loop
      vertex -1.116469e-01 -1.503907e+00 -1.076208e+00
      vertex -1.141915e-03 -1.160311e+00 -1.186018e+00
      vertex -1.825592e-02 -1.414388e+00 -1.184268e+00
    endloop
  endfacet
  facet normal -9.288020e-01 -2.621988e-03 3.705671e-01
    outer loop
      vertex -5.061619e-01 -4.661584e-01 -6.188285e-01
      vertex -3.927979e-01 -2.761594e-01 -3.333385e-01
      vertex -3.907779e-01 -6.649574e-01 -3.310285e-01
    endloop
  endfacet
  facet normal 4.638980e-02 9.947836e-01 9.084898e-02
    outer loop
      vertex 2.915001e-01 -1.467204e+00 -1.307685e-01
      vertex 2.997761e-01 -1.494289e+00 1.615915e-01
      vertex 9.596108e-02 -1.462206e+00 -8.564848e-02
    endloop
  endfacet
  facet normal 9.305668e-01 -7.861152e-03 3.660379e-01
    outer loop
      vertex 5.574361e-01 -1.150129e+00 -6.250885e-01
      vertex 4.453021e-01 -9.413560e-01 -3.355285e-01
      vertex 5.566161e-01 -8.340643e-01 -6.162185e-01
    endloop
  endfacet
  facet normal -7.818033e-01 2.662890e-02 6.229564e-01
    outer loop
      vertex 4.917001e-01 6.539096e-01 -9.065685e-01
      vertex 3.481961e-01 2.850666e-01 -1.070898e+00
      vertex 3.628331e-01 4.668856e-01 -1.060298e+00
    endloop
  endfacet
  facet normal 7.818033e-01 -2.662890e-02 -6.229564e-01
    outer loop
      vertex 4.917001e-01 6.539096e-01 -9.065685e-01
      vertex 3.628331e-01 4.668856e-01 -1.060298e+00
      vertex 3.481961e-01 2.850666e-01 -1.070898e+00
    endloop
  endfacet
  facet normal -9.301090e-01 -8.268570e-03 3.671907e-01
    outer loop
      vertex -5.061619e-01 -4.661584e-01 -6.188285e-01
      vertex -3.907779e-01 -6.649574e-01 -3.310285e-01
      vertex -5.066479e-01 -6.672998e-01 -6.245885e-01
    endloop
  endfacet
  facet normal -3.311213e-01 1.490136e-02 9.434705e-01
    outer loop
      vertex -2.817292e-02 -9.274184e-01 -1.237585e-01
      vertex -2.289709e-01 -1.209491e+00 -1.897785e-01
      vertex -2.536329e-01 -9.020200e-01 -2.032885e-01
    endloop
  endfacet
  facet normal 6.651080e-03 9.999371e-01 -9.035167e-03
    outer loop
      vertex 3.970881e-01 1.502127e+00 -1.107218e+00
      vertex 3.944101e-01 1.504810e+00 -8.122685e-01
      vertex 9.429408e-02 1.504080e+00 -1.113988e+00
    endloop
  endfacet
  facet normal -7.389579e-07 -1.000000e+00 -1.406715e-07
    outer loop
      vertex -4.241819e-01 -1.494289e+00 1.537722e+00
      vertex -3.626019e-01 -1.494289e+00 1.075202e+00
      vertex -4.148729e-01 -1.494289e+00 1.276962e+00
    endloop
  endfacet
  facet normal 7.389579e-07 1.000000e+00 1.406715e-07
    outer loop
      vertex -4.241819e-01 -1.494289e+00 1.537722e+00
      vertex -4.148729e-01 -1.494289e+00 1.276962e+00
      vertex -3.626019e-01 -1.494289e+00 1.075202e+00
    endloop
  endfacet
  facet normal 0.000000e+00 -1.000000e+00 0.000000e+00
    outer loop
      vertex -4.177792e-02 -1.504289e+00 -3.888185e-01
      vertex -1.088189e-01 -1.504289e+00 -1.206985e-01
      vertex 9.124508e-02 -1.504289e+00 -1.097285e-01
    endloop
  endfacet
  facet normal 1.145722e-03 9.994895e-01 3.192731e-02
    outer loop
      vertex 1.974511e-01 -1.494289e+00 1.712112e+00
      vertex 3.723911e-01 -1.499899e+00 1.881442e+00
      vertex 9.422708e-02 -1.499580e+00 1.881442e+00
    endloop
  endfacet
  facet normal 0.000000e+00 1.000000e+00 0.000000e+00
    outer loop
      vertex -3.626019e-01 1.495711e+00 1.075222e+00
      vertex -4.241809e-01 1.495711e+00 1.537742e+00
      vertex -4.148739e-01 1.495711e+00 1.276962e+00
    endloop
  endfacet
  facet normal 0.000000e+00 -1.000000e+00 0.000000e+00
    outer loop
      vertex -3.626019e-01 1.495711e+00 1.075222e+00
      vertex -4.148739e-01 1.495711e+00 1.276962e+00
      vertex -4.241809e-01 1.495711e+00 1.537742e+00
    endloop
  endfacet
  facet normal 3.644545e-01 8.471360e-03 -9.311827e-01
    outer loop
      vertex 7.043708e-02 -1.170703e+00 -1.184138e+00
      vertex 3.321791e-01 -1.215487e+00 -1.082108e+00
      vertex 6.063908e-02 -8.598710e-01 -1.185148e+00
    endloop
  endfacet
  facet normal -3.644545e-01 -8.471360e-03 9.311827e-01
    outer loop
      vertex 7.043708e-02 -1.170703e+00 -1.184138e+00
      vertex 6.063908e-02 -8.598710e-01 -1.185148e+00
      vertex 3.321791e-01 -1.215487e+00 -1.082108e+00
    endloop
  endfacet
  facet normal -4.964116e-02 9.987671e-01 1.241814e-04
    outer loop
      vertex 4.115821e-01 -1.500182e+00 1.514502e+00
      vertex 4.120371e-01 -1.500129e+00 1.268782e+00
      vertex 4.181841e-01 -1.499800e+00 1.086012e+00
    endloop
  endfacet
  facet normal 4.964116e-02 -9.987671e-01 -1.241814e-04
    outer loop
      vertex 4.115821e-01 -1.500182e+00 1.514502e+00
      vertex 4.181841e-01 -1.499800e+00 1.086012e+00
      vertex 4.120371e-01 -1.500129e+00 1.268782e+00
    endloop
  endfacet
  facet normal 3.875063e-01 8.493847e-01 3.583078e-01
    outer loop
      vertex 2.915001e-01 -1.467204e+00 -1.307685e-01
      vertex 4.592321e-01 -1.454795e+00 -3.415785e-01
      vertex 3.597751e-01 -1.502578e+00 -1.207485e-01
    endloop
  endfacet
  facet normal -6.867934e-06 1.000000e+00 -7.580126e-08
    outer loop
      vertex -4.788092e-02 1.505710e+00 -3.770885e-01
      vertex 9.361908e-02 1.505711e+00 -6.163785e-01
      vertex 9.047008e-02 1.505711e+00 -3.310585e-01
    endloop
  endfacet
  facet normal -9.998822e-01 -1.534668e-02 -1.743095e-05
    outer loop
      vertex -5.094869e-01 1.500972e+00 1.517722e+00
      vertex -5.094779e-01 1.500866e+00 1.091222e+00
      vertex -5.094909e-01 1.501494e+00 1.276832e+00
    endloop
  endfacet
  facet normal 9.998822e-01 1.534668e-02 1.743095e-05
    outer loop
      vertex -5.094869e-01 1.500972e+00 1.517722e+00
      vertex -5.094909e-01 1.501494e+00 1.276832e+00
      vertex -5.094779e-01 1.500866e+00 1.091222e+00
    endloop
  endfacet
  facet normal 2.081654e-07 1.000000e+00 1.217227e-07
    outer loop
      vertex -4.241819e-01 -1.494289e+00 1.537722e+00
      vertex -4.148729e-01 -1.494289e+00 1.276962e+00
      vertex -1.211829e-01 -1.494289e+00 1.470962e+00
    endloop
  endfacet
  facet normal 3.299849e-07 1.000000e+00 -6.113664e-08
    outer loop
      vertex -6.390392e-02 -1.494289e+00 3.234015e-01
      vertex -3.549192e-02 -1.494289e+00 5.376915e-01
      vertex -3.722619e-01 -1.494289e+00 5.479915e-01
    endloop
  endfacet
  facet normal -4.608032e-02 -9.989359e-01 -1.892264e-03
    outer loop
      vertex 3.031841e-01 -1.494289e+00 7.859015e-01
      vertex 4.172591e-01 -1.499612e+00 8.179315e-01
      vertex 3.139691e-01 -1.494289e+00 5.232315e-01
    endloop
  endfacet
  facet normal 4.608032e-02 9.989359e-01 1.892264e-03
    outer loop
      vertex 3.031841e-01 -1.494289e+00 7.859015e-01
      vertex 3.139691e-01 -1.494289e+00 5.232315e-01
      vertex 4.172591e-01 -1.499612e+00 8.179315e-01
    endloop
  endfacet
  facet normal 0.000000e+00 -1.000000e+00 0.000000e+00
    outer loop
      vertex -3.626019e-01 1.495711e+00 1.075222e+00
      vertex -1.099279e-01 1.495711e+00 1.279352e+00
      vertex -4.218292e-02 1.495711e+00 1.068932e+00
    endloop
  endfacet
  facet normal 1.868961e-03 -9.932807e-01 1.157145e-01
    outer loop
      vertex -7.103292e-02 1.495711e+00 1.530715e-01
      vertex 1.207471e-01 1.495711e+00 1.499715e-01
      vertex -4.394692e-02 1.468913e+00 -7.739848e-02
    endloop
  endfacet
  facet normal -9.989679e-01 1.664799e-04 -4.542152e-02
    outer loop
      vertex -5.068589e-01 -9.725970e-01 -6.271285e-01
      vertex -5.023689e-01 -9.621019e-01 -7.258385e-01
      vertex -5.023059e-01 -6.760022e-01 -7.261685e-01
    endloop
  endfacet
  facet normal 4.730438e-09 1.000000e+00 -1.801180e-08
    outer loop
      vertex -6.390392e-02 -1.494289e+00 3.234015e-01
      vertex 9.887108e-02 -1.494289e+00 5.212715e-01
      vertex -3.549192e-02 -1.494289e+00 5.376915e-01
    endloop
  endfacet
  facet normal -3.775465e-01 -1.605647e-02 -9.258515e-01
    outer loop
      vertex -1.150692e-02 4.957638e-03 -1.184998e+00
      vertex -2.892259e-01 2.868566e-01 -1.076638e+00
      vertex -3.067429e-01 -1.569536e-02 -1.064248e+00
    endloop
  endfacet
  facet normal 0.000000e+00 1.000000e+00 -0.000000e+00
    outer loop
      vertex 9.210708e-02 1.505711e+00 1.215602e+00
      vertex 9.570608e-02 1.505711e+00 1.488572e+00
      vertex -4.226592e-02 1.505711e+00 1.216272e+00
    endloop
  endfacet
  facet normal -7.764578e-01 1.897782e-02 -6.298835e-01
    outer loop
      vertex -4.388959e-01 4.673316e-01 -9.074485e-01
      vertex -3.171009e-01 4.675236e-01 -1.057578e+00
      vertex -3.072959e-01 6.709256e-01 -1.063538e+00
    endloop
  endfacet
  facet normal 8.184668e-01 -4.003321e-01 4.121240e-01
    outer loop
      vertex 1.821951e-01 -6.376826e-01 -1.571685e-01
      vertex 2.836411e-01 -4.657414e-01 -1.916185e-01
      vertex 4.437781e-01 -2.832544e-01 -3.323785e-01
    endloop
  endfacet
  facet normal -6.637056e-01 -2.170445e-02 7.476789e-01
    outer loop
      vertex -3.912539e-01 2.922656e-01 -3.313085e-01
      vertex -3.813009e-01 4.667656e-01 -3.174085e-01
      vertex -2.356059e-01 2.836506e-01 -1.933985e-01
    endloop
  endfacet
  facet normal 0.000000e+00 -1.000000e+00 0.000000e+00
    outer loop
      vertex 3.031841e-01 1.495711e+00 7.859015e-01
      vertex 8.719208e-02 1.495711e+00 8.189415e-01
      vertex 3.151031e-01 1.495711e+00 1.067092e+00
    endloop
  endfacet
  facet normal 0.000000e+00 -1.000000e+00 0.000000e+00
    outer loop
      vertex -3.434809e-01 -1.504289e+00 -1.423585e-01
      vertex -3.193249e-01 -1.504289e+00 1.582915e-01
      vertex -1.088189e-01 -1.504289e+00 -1.206985e-01
    endloop
  endfacet
  facet normal 0.000000e+00 1.000000e+00 0.000000e+00
    outer loop
      vertex -3.434809e-01 -1.504289e+00 -1.423585e-01
      vertex -1.088189e-01 -1.504289e+00 -1.206985e-01
      vertex -3.193249e-01 -1.504289e+00 1.582915e-01
    endloop
  endfacet
  facet normal 9.359454e-03 -9.999480e-01 -4.068462e-03
    outer loop
      vertex 3.739381e-01 -1.501741e+00 1.657615e-01
      vertex 9.470208e-02 -1.504289e+00 1.497715e-01
      vertex 1.791681e-01 -1.504289e+00 3.440915e-01
    endloop
  endfacet
  facet normal 5.612971e-01 1.174186e-01 8.192427e-01
    outer loop
      vertex 1.821951e-01 -6.376826e-01 -1.571685e-01
      vertex 4.474301e-01 -6.581156e-01 -3.359685e-01
      vertex 2.997891e-01 -8.977834e-01 -2.004585e-01
    endloop
  endfacet
  facet normal -1.820967e-02 9.998322e-01 2.031713e-03
    outer loop
      vertex -3.212879e-01 1.505710e+00 -5.891285e-01
      vertex -5.095139e-01 1.502696e+00 -7.928785e-01
      vertex -3.453479e-01 1.505711e+00 -8.052385e-01
    endloop
  endfacet
  facet normal -1.134731e-01 -9.934294e-01 -1.489836e-02
    outer loop
      vertex -5.095349e-01 1.500306e+00 1.881442e+00
      vertex -4.241809e-01 1.495711e+00 1.537742e+00
      vertex -5.095209e-01 1.501519e+00 1.800452e+00
    endloop
  endfacet
  facet normal -3.630599e-01 5.205769e-03 -9.317512e-01
    outer loop
      vertex -7.806915e-03 4.586736e-01 -1.185328e+00
      vertex -2.892259e-01 2.868566e-01 -1.076638e+00
      vertex -1.147292e-02 2.698836e-01 -1.184958e+00
    endloop
  endfacet
  facet normal -2.955022e-06 1.000000e+00 1.515077e-08
    outer loop
      vertex -4.077792e-02 1.505711e+00 1.506442e+00
      vertex -3.649129e-01 1.505710e+00 1.232452e+00
      vertex -4.226592e-02 1.505711e+00 1.216272e+00
    endloop
  endfacet
  facet normal 3.329924e-07 1.000000e+00 3.720121e-08
    outer loop
      vertex -3.549192e-02 -1.494289e+00 5.376915e-01
      vertex -3.738739e-01 -1.494289e+00 8.127715e-01
      vertex -3.722619e-01 -1.494289e+00 5.479915e-01
    endloop
  endfacet
  facet normal 9.363065e-01 1.409503e-02 3.509009e-01
    outer loop
      vertex 4.525741e-01 2.832006e-01 -3.453085e-01
      vertex 5.574371e-01 2.794606e-01 -6.249685e-01
      vertex 5.559831e-01 -5.543362e-03 -6.096385e-01
    endloop
  endfacet
  facet normal -3.033692e-02 -9.995368e-01 2.437444e-03
    outer loop
      vertex -3.434809e-01 -1.504289e+00 -1.423585e-01
      vertex -5.094669e-01 -1.499192e+00 -1.180585e-01
      vertex -3.193249e-01 -1.504289e+00 1.582915e-01
    endloop
  endfacet
  facet normal -5.672287e-01 -2.877850e-02 8.230573e-01
    outer loop
      vertex -3.817009e-01 -4.666024e-01 -3.178385e-01
      vertex -1.451949e-01 -6.446266e-01 -1.610685e-01
      vertex -3.907779e-01 -6.649574e-01 -3.310285e-01
    endloop
  endfacet
  facet normal -3.279278e-06 1.000000e+00 1.952118e-07
    outer loop
      vertex -3.212879e-01 1.505710e+00 -5.891285e-01
      vertex -4.338292e-02 1.505711e+00 -8.060585e-01
      vertex -3.036092e-02 1.505711e+00 -5.873085e-01
    endloop
  endfacet
  facet normal 0.000000e+00 -1.000000e+00 0.000000e+00
    outer loop
      vertex 8.338908e-02 1.495711e+00 1.063262e+00
      vertex 1.488391e-01 1.495711e+00 1.279852e+00
      vertex 3.151031e-01 1.495711e+00 1.067092e+00
    endloop
  endfacet
  facet normal -3.072680e-01 -3.985104e-03 9.516147e-01
    outer loop
      vertex -2.817292e-02 -9.274184e-01 -1.237585e-01
      vertex -2.236492e-02 -1.216729e+00 -1.230985e-01
      vertex -2.289709e-01 -1.209491e+00 -1.897785e-01
    endloop
  endfacet
  facet normal 8.795010e-03 9.999613e-01 3.199150e-04
    outer loop
      vertex 9.880508e-02 1.505711e+00 1.031462e+00
      vertex 3.736581e-01 1.503223e+00 1.251722e+00
      vertex 9.210708e-02 1.505711e+00 1.215602e+00
    endloop
  endfacet
  facet normal -9.892696e-01 -2.220274e-05 -1.461011e-01
    outer loop
      vertex -5.022859e-01 2.974156e-01 -7.263585e-01
      vertex -5.023249e-01 6.840876e-01 -7.261585e-01
      vertex -5.024419e-01 4.673526e-01 -7.253285e-01
    endloop
  endfacet
  facet normal 9.892696e-01 2.220274e-05 1.461011e-01
    outer loop
      vertex -5.022859e-01 2.974156e-01 -7.263585e-01
      vertex -5.024419e-01 4.673526e-01 -7.253285e-01
      vertex -5.023249e-01 6.840876e-01 -7.261585e-01
    endloop
  endfacet
  facet normal -2.399078e-07 1.000000e+00 1.016593e-08
    outer loop
      vertex 3.031841e-01 -1.494289e+00 7.859015e-01
      vertex 3.151001e-01 -1.494289e+00 1.067112e+00
      vertex 8.719208e-02 -1.494289e+00 8.189415e-01
    endloop
  endfacet
  facet normal -1.038581e-02 9.631585e-01 -2.687338e-01
    outer loop
      vertex -4.910592e-02 1.491404e+00 -1.160538e+00
      vertex -4.013292e-02 1.504075e+00 -1.115468e+00
      vertex -3.721509e-01 1.501704e+00 -1.111138e+00
    endloop
  endfacet
  facet normal 9.289145e-01 3.517512e-02 3.686197e-01
    outer loop
      vertex 5.572331e-01 6.762456e-01 -6.227585e-01
      vertex 5.547091e-01 4.640226e-01 -5.961485e-01
      vertex 4.462061e-01 6.188416e-01 -3.374985e-01
    endloop
  endfacet
  facet normal 9.424554e-01 4.502333e-04 -3.343316e-01
    outer loop
      vertex 4.849441e-01 -4.911362e-03 -9.184885e-01
      vertex 5.532311e-01 -2.822504e-01 -7.263585e-01
      vertex 5.533161e-01 -6.693362e-03 -7.257485e-01
    endloop
  endfacet
  facet normal 7.781326e-01 -1.911934e-02 6.278090e-01
    outer loop
      vertex -4.303989e-01 2.751376e-01 -9.230085e-01
      vertex -3.072959e-01 6.709256e-01 -1.063538e+00
      vertex -3.171009e-01 4.675236e-01 -1.057578e+00
    endloop
  endfacet
  facet normal -7.781326e-01 1.911934e-02 -6.278090e-01
    outer loop
      vertex -4.303989e-01 2.751376e-01 -9.230085e-01
      vertex -3.171009e-01 4.675236e-01 -1.057578e+00
      vertex -3.072959e-01 6.709256e-01 -1.063538e+00
    endloop
  endfacet
  facet normal 0.000000e+00 -1.000000e+00 0.000000e+00
    outer loop
      vertex 9.463708e-02 -1.504289e+00 1.266142e+00
      vertex -4.077792e-02 -1.504289e+00 1.514602e+00
      vertex 9.463708e-02 -1.504289e+00 1.514612e+00
    endloop
  endfacet
  facet normal -8.177620e-03 -9.999665e-01 3.518604e-04
    outer loop
      vertex 3.944101e-01 1.504810e+00 -8.122685e-01
      vertex 3.800791e-01 1.505077e+00 -3.864685e-01
      vertex 4.112821e-01 1.504751e+00 -5.875085e-01
    endloop
  endfacet
  facet normal 8.177620e-03 9.999665e-01 -3.518604e-04
    outer loop
      vertex 3.944101e-01 1.504810e+00 -8.122685e-01
      vertex 4.112821e-01 1.504751e+00 -5.875085e-01
      vertex 3.800791e-01 1.505077e+00 -3.864685e-01
    endloop
  endfacet
  facet normal 3.121947e-01 7.468719e-03 9.499888e-01
    outer loop
      vertex 2.891251e-01 -2.747974e-01 -1.946185e-01
      vertex 7.747908e-02 -4.664744e-01 -1.235585e-01
      vertex 7.092008e-02 -2.757674e-01 -1.228985e-01
    endloop
  endfacet
  facet normal 6.370298e-03 -9.999797e-01 -8.486336e-05
    outer loop
      vertex 3.597751e-01 -1.502578e+00 -1.207485e-01
      vertex 9.124508e-02 -1.504289e+00 -1.097285e-01
      vertex 9.470208e-02 -1.504289e+00 1.497715e-01
    endloop
  endfacet
  facet normal -6.370298e-03 9.999797e-01 8.486336e-05
    outer loop
      vertex 3.597751e-01 -1.502578e+00 -1.207485e-01
      vertex 9.470208e-02 -1.504289e+00 1.497715e-01
      vertex 9.124508e-02 -1.504289e+00 -1.097285e-01
    endloop
  endfacet
  facet normal 3.795692e-01 -4.779467e-03 -9.251510e-01
    outer loop
      vertex 6.842208e-02 -4.687504e-01 -1.184348e+00
      vertex 3.588751e-01 -6.601560e-01 -1.064188e+00
      vertex 3.488781e-01 -2.829714e-01 -1.070238e+00
    endloop
  endfacet
  facet normal 0.000000e+00 -1.000000e+00 0.000000e+00
    outer loop
      vertex -3.647239e-01 -1.504289e+00 1.801532e+00
      vertex -4.077792e-02 -1.504289e+00 1.810422e+00
      vertex -4.077792e-02 -1.504289e+00 1.514602e+00
    endloop
  endfacet
  facet normal 3.835228e-10 1.000000e+00 8.484539e-09
    outer loop
      vertex 8.339108e-02 -1.494289e+00 1.063262e+00
      vertex 1.488391e-01 -1.494289e+00 1.279842e+00
      vertex -4.218292e-02 -1.494289e+00 1.068942e+00
    endloop
  endfacet
  facet normal 3.778147e-01 -2.564136e-03 -9.258777e-01
    outer loop
      vertex 7.101608e-02 9.480606e-01 -1.184078e+00
      vertex 3.474451e-01 9.643776e-01 -1.071328e+00
      vertex 3.451871e-01 1.207469e+00 -1.072918e+00
    endloop
  endfacet
  facet normal -3.679029e-01 1.440247e-02 -9.297526e-01
    outer loop
      vertex -3.072959e-01 6.709256e-01 -1.063538e+00
      vertex -2.892259e-01 2.868566e-01 -1.076638e+00
      vertex -7.806915e-03 4.586736e-01 -1.185328e+00
    endloop
  endfacet
  facet normal 6.588305e-03 9.996073e-01 2.723841e-02
    outer loop
      vertex 9.880508e-02 1.505711e+00 1.781442e+00
      vertex 4.216191e-01 1.503150e+00 1.797352e+00
      vertex 3.766231e-01 1.501155e+00 1.881442e+00
    endloop
  endfacet
  facet normal 9.239459e-01 8.627351e-03 3.824258e-01
    outer loop
      vertex 4.525741e-01 2.832006e-01 -3.453085e-01
      vertex 4.462061e-01 6.188416e-01 -3.374985e-01
      vertex 5.547091e-01 4.640226e-01 -5.961485e-01
    endloop
  endfacet
  facet normal 9.887581e-01 -3.537269e-05 -1.495239e-01
    outer loop
      vertex 5.533911e-01 4.639126e-01 -7.253285e-01
      vertex 5.532741e-01 6.813726e-01 -7.261585e-01
      vertex 5.532291e-01 2.858896e-01 -7.263585e-01
    endloop
  endfacet
  facet normal -9.887581e-01 3.537269e-05 1.495239e-01
    outer loop
      vertex 5.533911e-01 4.639126e-01 -7.253285e-01
      vertex 5.532291e-01 2.858896e-01 -7.263585e-01
      vertex 5.532741e-01 6.813726e-01 -7.261585e-01
    endloop
  endfacet
  facet normal 9.990413e-01 4.405861e-04 -4.377794e-02
    outer loop
      vertex 5.576001e-01 -2.895864e-01 -6.267385e-01
      vertex 5.532311e-01 -2.822504e-01 -7.263585e-01
      vertex 5.533611e-01 -4.724914e-01 -7.253185e-01
    endloop
  endfacet
  facet normal 0.000000e+00 -1.000000e+00 0.000000e+00
    outer loop
      vertex -3.193249e-01 -1.504289e+00 1.582915e-01
      vertex -2.969639e-01 -1.504289e+00 3.493715e-01
      vertex -4.100892e-02 -1.504289e+00 1.210615e-01
    endloop
  endfacet
  facet normal -9.395870e-01 -1.128168e-02 -3.421243e-01
    outer loop
      vertex -4.308579e-01 -6.817597e-01 -9.221985e-01
      vertex -4.387179e-01 -4.660714e-01 -9.077285e-01
      vertex -5.023059e-01 -6.760022e-01 -7.261685e-01
    endloop
  endfacet
  facet normal -6.172500e-01 4.399156e-01 6.522858e-01
    outer loop
      vertex 1.974511e-01 -1.494289e+00 1.712112e+00
      vertex 2.883311e-01 -1.494289e+00 1.798112e+00
      vertex 3.723911e-01 -1.499899e+00 1.881442e+00
    endloop
  endfacet
  facet normal 6.472378e-03 -9.999762e-01 2.403850e-03
    outer loop
      vertex 1.887371e-01 -1.504289e+00 -3.722285e-01
      vertex 9.124508e-02 -1.504289e+00 -1.097285e-01
      vertex 3.597751e-01 -1.502578e+00 -1.207485e-01
    endloop
  endfacet
  facet normal 0.000000e+00 -1.000000e+00 -0.000000e+00
    outer loop
      vertex -3.279969e-01 -1.504289e+00 -3.829585e-01
      vertex -4.177792e-02 -1.504289e+00 -3.888185e-01
      vertex -3.395489e-01 -1.504289e+00 -5.558785e-01
    endloop
  endfacet
  facet normal -7.489758e-01 -6.458997e-01 -1.478138e-01
    outer loop
      vertex -5.075289e-01 1.485995e+00 -7.299585e-01
      vertex -4.722139e-01 1.489349e+00 -9.235485e-01
      vertex -5.095139e-01 1.502696e+00 -7.928785e-01
    endloop
  endfacet
  facet normal 0.000000e+00 -1.000000e+00 0.000000e+00
    outer loop
      vertex -2.860992e-02 -1.504289e+00 -7.164985e-01
      vertex 9.647108e-02 -1.504289e+00 -5.800685e-01
      vertex 1.057831e-01 -1.504289e+00 -8.601385e-01
    endloop
  endfacet
  facet normal 4.645914e-02 9.989201e-01 5.407237e-04
    outer loop
      vertex 3.031841e-01 -1.494289e+00 7.859015e-01
      vertex 4.172591e-01 -1.499612e+00 8.179315e-01
      vertex 4.181841e-01 -1.499800e+00 1.086012e+00
    endloop
  endfacet
  facet normal -4.645914e-02 -9.989201e-01 -5.407237e-04
    outer loop
      vertex 3.031841e-01 -1.494289e+00 7.859015e-01
      vertex 4.181841e-01 -1.499800e+00 1.086012e+00
      vertex 4.172591e-01 -1.499612e+00 8.179315e-01
    endloop
  endfacet
  facet normal -9.487835e-02 -8.960939e-01 -4.336056e-01
    outer loop
      vertex -4.910592e-02 1.491404e+00 -1.160538e+00
      vertex -3.721509e-01 1.501704e+00 -1.111138e+00
      vertex -2.870249e-01 1.480401e+00 -1.085738e+00
    endloop
  endfacet
  facet normal 0.000000e+00 -1.000000e+00 0.000000e+00
    outer loop
      vertex 1.488391e-01 1.495711e+00 1.279852e+00
      vertex 3.891041e-01 1.495711e+00 1.282772e+00
      vertex 3.151031e-01 1.495711e+00 1.067092e+00
    endloop
  endfacet
  facet normal -3.018569e-02 9.995385e-01 -3.383840e-03
    outer loop
      vertex -5.094779e-01 1.500866e+00 1.091222e+00
      vertex -3.649129e-01 1.505710e+00 1.232452e+00
      vertex -5.094909e-01 1.501494e+00 1.276832e+00
    endloop
  endfacet
  facet normal 3.047910e-07 1.000000e+00 2.509782e-09
    outer loop
      vertex -3.549192e-02 -1.494289e+00 5.376915e-01
      vertex -3.780792e-02 -1.494289e+00 8.189515e-01
      vertex -3.738739e-01 -1.494289e+00 8.127715e-01
    endloop
  endfacet
  facet normal -3.304762e-06 1.000000e+00 4.261125e-06
    outer loop
      vertex -3.212879e-01 1.505710e+00 -5.891285e-01
      vertex -3.036092e-02 1.505711e+00 -5.873085e-01
      vertex -4.788092e-02 1.505710e+00 -3.770885e-01
    endloop
  endfacet
  facet normal -7.389537e-01 -1.921508e-02 -6.734821e-01
    outer loop
      vertex -2.870249e-01 1.480401e+00 -1.085738e+00
      vertex -4.338669e-01 1.201744e+00 -9.166685e-01
      vertex -2.874589e-01 1.212299e+00 -1.077608e+00
    endloop
  endfacet
  facet normal 7.464042e-01 -5.545596e-03 -6.654698e-01
    outer loop
      vertex 4.808291e-01 -2.820804e-01 -9.257085e-01
      vertex 3.532361e-01 -4.668614e-01 -1.067278e+00
      vertex 4.832811e-01 -4.675104e-01 -9.214185e-01
    endloop
  endfacet
  facet normal 6.351557e-01 3.265127e-02 7.716936e-01
    outer loop
      vertex 4.388051e-01 4.667316e-01 -3.249685e-01
      vertex 2.899351e-01 2.916906e-01 -1.950385e-01
      vertex 4.462061e-01 6.188416e-01 -3.374985e-01
    endloop
  endfacet
  facet normal -5.827648e-01 8.126406e-01 -6.164369e-04
    outer loop
      vertex -5.094669e-01 -1.499192e+00 -1.180585e-01
      vertex -5.094699e-01 -1.499392e+00 -3.788485e-01
      vertex -4.724139e-01 -1.472825e+00 -3.877785e-01
    endloop
  endfacet
  facet normal -1.496762e-02 -9.997906e-01 -1.395662e-02
    outer loop
      vertex -1.116469e-01 -1.503907e+00 -1.076208e+00
      vertex -4.393519e-01 -1.498579e+00 -1.106478e+00
      vertex -3.483699e-01 -1.504289e+00 -7.949685e-01
    endloop
  endfacet
  facet normal -7.072198e-01 -3.197673e-02 7.062702e-01
    outer loop
      vertex -3.960869e-01 6.380016e-01 -3.380485e-01
      vertex -2.538669e-01 4.676166e-01 -2.033485e-01
      vertex -2.356059e-01 2.836506e-01 -1.933985e-01
    endloop
  endfacet
  facet normal 0.000000e+00 -1.000000e+00 0.000000e+00
    outer loop
      vertex -3.931992e-02 1.495711e+00 1.798102e+00
      vertex 1.974511e-01 1.495711e+00 1.712112e+00
      vertex 1.452851e-01 1.495711e+00 1.490422e+00
    endloop
  endfacet
  facet normal -2.638407e-02 9.996517e-01 5.795429e-04
    outer loop
      vertex -3.298689e-01 1.505711e+00 1.039452e+00
      vertex -5.094799e-01 1.501098e+00 8.193515e-01
      vertex -3.349489e-01 1.505712e+00 8.065315e-01
    endloop
  endfacet
  facet normal 1.323190e-02 9.999095e-01 2.449509e-03
    outer loop
      vertex 3.734911e-01 1.503119e+00 5.397615e-01
      vertex 4.068301e-01 1.501942e+00 8.400615e-01
      vertex 1.299911e-01 1.505712e+00 7.966115e-01
    endloop
  endfacet
  facet normal -1.323190e-02 -9.999095e-01 -2.449509e-03
    outer loop
      vertex 3.734911e-01 1.503119e+00 5.397615e-01
      vertex 1.299911e-01 1.505712e+00 7.966115e-01
      vertex 4.068301e-01 1.501942e+00 8.400615e-01
    endloop
  endfacet
  facet normal 1.194715e-02 9.999221e-01 -3.613941e-03
    outer loop
      vertex 9.880508e-02 1.505711e+00 1.031462e+00
      vertex 4.032381e-01 1.502184e+00 1.062022e+00
      vertex 3.736581e-01 1.503223e+00 1.251722e+00
    endloop
  endfacet
  facet normal 9.307900e-03 9.999559e-01 -1.270987e-03
    outer loop
      vertex 9.463708e-02 1.505712e+00 5.377015e-01
      vertex 3.734911e-01 1.503119e+00 5.397615e-01
      vertex 1.299911e-01 1.505712e+00 7.966115e-01
    endloop
  endfacet
  facet normal -3.599753e-02 -9.957487e-01 -8.478530e-02
    outer loop
      vertex -4.722139e-01 1.489349e+00 -9.235485e-01
      vertex -3.721509e-01 1.501704e+00 -1.111138e+00
      vertex -5.095179e-01 1.501773e+00 -1.053628e+00
    endloop
  endfacet
  facet normal -9.071563e-01 1.789197e-01 3.808610e-01
    outer loop
      vertex -3.683409e-01 -1.478216e+00 -1.373585e-01
      vertex -4.724139e-01 -1.472825e+00 -3.877785e-01
      vertex -4.069819e-01 -1.211572e+00 -3.546585e-01
    endloop
  endfacet
  facet normal -5.590674e-02 9.970702e-01 5.220650e-02
    outer loop
      vertex -4.551792e-02 -1.462899e+00 -8.418848e-02
      vertex -3.822109e-01 -1.494289e+00 1.547615e-01
      vertex -3.683409e-01 -1.478216e+00 -1.373585e-01
    endloop
  endfacet
  facet normal -1.470218e-01 9.891332e-01 -1.843200e-05
    outer loop
      vertex -5.094669e-01 -1.499187e+00 1.494515e-01
      vertex -5.094669e-01 -1.499192e+00 -1.180585e-01
      vertex -3.683409e-01 -1.478216e+00 -1.373585e-01
    endloop
  endfacet
  facet normal -9.419423e-01 -4.070846e-04 -3.357746e-01
    outer loop
      vertex -5.023349e-01 9.552376e-01 -7.259085e-01
      vertex -4.352409e-01 9.741556e-01 -9.141485e-01
      vertex -5.022909e-01 1.212428e+00 -7.263485e-01
    endloop
  endfacet
  facet normal -3.851684e-02 -9.975135e-01 5.901929e-02
    outer loop
      vertex -3.822109e-01 1.495711e+00 1.547715e-01
      vertex -4.394692e-02 1.468913e+00 -7.739848e-02
      vertex -3.627679e-01 1.477480e+00 -1.406685e-01
    endloop
  endfacet
  facet normal 3.029230e-07 1.000000e+00 1.040977e-07
    outer loop
      vertex -3.626019e-01 -1.494289e+00 1.075202e+00
      vertex -3.738739e-01 -1.494289e+00 8.127715e-01
      vertex -3.780792e-02 -1.494289e+00 8.189515e-01
    endloop
  endfacet
  facet normal -3.197935e-01 -6.141662e-03 9.474673e-01
    outer loop
      vertex -2.141392e-02 -1.515536e-02 -1.230385e-01
      vertex -2.437999e-01 1.118164e-02 -1.979285e-01
      vertex -2.356059e-01 2.836506e-01 -1.933985e-01
    endloop
  endfacet
  facet normal -6.720262e-01 -2.137420e-02 7.402189e-01
    outer loop
      vertex -2.536329e-01 -9.020200e-01 -2.032885e-01
      vertex -2.289709e-01 -1.209491e+00 -1.897785e-01
      vertex -3.880649e-01 -9.598876e-01 -3.270085e-01
    endloop
  endfacet
  facet normal -0.000000e+00 -1.000000e+00 -0.000000e+00
    outer loop
      vertex -4.902792e-02 -1.504289e+00 4.877915e-01
      vertex -3.510092e-02 -1.504289e+00 3.498315e-01
      vertex -3.389349e-01 -1.504289e+00 5.328815e-01
    endloop
  endfacet
  facet normal -9.538760e-03 9.999545e-01 -2.719452e-04
    outer loop
      vertex -3.212879e-01 1.505710e+00 -5.891285e-01
      vertex -3.266059e-01 1.505710e+00 -4.026085e-01
      vertex -5.095349e-01 1.503916e+00 -5.831685e-01
    endloop
  endfacet
  facet normal 0.000000e+00 1.000000e+00 0.000000e+00
    outer loop
      vertex -3.600592e-02 1.505711e+00 8.098215e-01
      vertex 9.880508e-02 1.505711e+00 1.031462e+00
      vertex 9.210708e-02 1.505711e+00 1.215602e+00
    endloop
  endfacet
  facet normal 5.019156e-01 8.645042e-01 -2.670518e-02
    outer loop
      vertex 3.982961e-01 -1.494289e+00 1.455542e+00
      vertex 3.891041e-01 -1.494289e+00 1.282782e+00
      vertex 4.115821e-01 -1.500182e+00 1.514502e+00
    endloop
  endfacet
  facet normal -5.019156e-01 -8.645042e-01 2.670518e-02
    outer loop
      vertex 3.982961e-01 -1.494289e+00 1.455542e+00
      vertex 4.115821e-01 -1.500182e+00 1.514502e+00
      vertex 3.891041e-01 -1.494289e+00 1.282782e+00
    endloop
  endfacet
  facet normal -3.612095e-01 -2.766355e-02 -9.320742e-01
    outer loop
      vertex -2.870249e-01 1.480401e+00 -1.085738e+00
      vertex -2.874589e-01 1.212299e+00 -1.077608e+00
      vertex -9.748915e-03 1.209163e+00 -1.185138e+00
    endloop
  endfacet
  facet normal 3.612095e-01 2.766355e-02 9.320742e-01
    outer loop
      vertex -2.870249e-01 1.480401e+00 -1.085738e+00
      vertex -9.748915e-03 1.209163e+00 -1.185138e+00
      vertex -2.874589e-01 1.212299e+00 -1.077608e+00
    endloop
  endfacet
  facet normal 8.605505e-01 3.592552e-01 3.610935e-01
    outer loop
      vertex 5.567671e-01 -1.410539e+00 -6.180585e-01
      vertex 4.953711e-01 -1.503042e+00 -3.797085e-01
      vertex 4.592321e-01 -1.454795e+00 -3.415785e-01
    endloop
  endfacet
  facet normal 0.000000e+00 -1.000000e+00 0.000000e+00
    outer loop
      vertex -4.902792e-02 -1.504289e+00 4.877915e-01
      vertex -4.178992e-02 -1.504289e+00 8.054815e-01
      vertex 9.668508e-02 -1.504289e+00 5.230515e-01
    endloop
  endfacet
  facet normal -9.990834e-01 1.045832e-03 -4.279356e-02
    outer loop
      vertex -5.066479e-01 -6.672998e-01 -6.245885e-01
      vertex -5.068589e-01 -9.725970e-01 -6.271285e-01
      vertex -5.023059e-01 -6.760022e-01 -7.261685e-01
    endloop
  endfacet
  facet normal -9.425219e-01 4.493824e-04 -3.341439e-01
    outer loop
      vertex -4.362499e-01 -7.203362e-03 -9.122785e-01
      vertex -5.023719e-01 3.107638e-03 -7.257485e-01
      vertex -5.022859e-01 -2.707034e-01 -7.263585e-01
    endloop
  endfacet
  facet normal 9.535233e-01 -2.064701e-01 -2.194614e-01
    outer loop
      vertex 5.320411e-01 -1.504289e+00 -7.297585e-01
      vertex 5.533771e-01 -1.410539e+00 -7.252585e-01
      vertex 4.926011e-01 -1.475003e+00 -9.286685e-01
    endloop
  endfacet
  facet normal -9.316370e-01 1.006265e-02 3.632508e-01
    outer loop
      vertex -5.061619e-01 -4.661584e-01 -6.188285e-01
      vertex -5.067529e-01 -2.710574e-01 -6.257485e-01
      vertex -3.927979e-01 -2.761594e-01 -3.333385e-01
    endloop
  endfacet
  facet normal 3.807136e-01 -1.284196e-01 -9.157322e-01
    outer loop
      vertex 1.945251e-01 -1.504027e+00 -1.118868e+00
      vertex 7.023508e-02 -1.406859e+00 -1.184168e+00
      vertex 2.711208e-02 -1.504289e+00 -1.188438e+00
    endloop
  endfacet
  facet normal 0.000000e+00 -1.000000e+00 -0.000000e+00
    outer loop
      vertex -3.549192e-02 1.495711e+00 5.376915e-01
      vertex 9.887208e-02 1.495711e+00 5.212815e-01
      vertex -6.390592e-02 1.495711e+00 3.234015e-01
    endloop
  endfacet
  facet normal 0.000000e+00 1.000000e+00 0.000000e+00
    outer loop
      vertex -3.279969e-01 -1.504289e+00 -3.829585e-01
      vertex -3.395489e-01 -1.504289e+00 -5.558785e-01
      vertex -3.483699e-01 -1.504289e+00 -7.949685e-01
    endloop
  endfacet
  facet normal 0.000000e+00 -1.000000e+00 0.000000e+00
    outer loop
      vertex -3.279969e-01 -1.504289e+00 -3.829585e-01
      vertex -3.483699e-01 -1.504289e+00 -7.949685e-01
      vertex -3.395489e-01 -1.504289e+00 -5.558785e-01
    endloop
  endfacet
  facet normal -3.340097e-01 -1.388006e-02 9.424674e-01
    outer loop
      vertex -2.817292e-02 -9.274184e-01 -1.237585e-01
      vertex -2.536329e-01 -9.020200e-01 -2.032885e-01
      vertex -1.451949e-01 -6.446266e-01 -1.610685e-01
    endloop
  endfacet
  facet normal -2.973720e-02 9.995553e-01 2.167103e-03
    outer loop
      vertex -5.094869e-01 1.500972e+00 1.517722e+00
      vertex -5.094909e-01 1.501494e+00 1.276832e+00
      vertex -3.503269e-01 1.505710e+00 1.516332e+00
    endloop
  endfacet
  facet normal 0.000000e+00 1.000000e+00 -0.000000e+00
    outer loop
      vertex -3.532292e-02 1.505711e+00 -1.379085e-01
      vertex 9.404108e-02 1.505711e+00 1.725115e-01
      vertex -4.733792e-02 1.505711e+00 1.789015e-01
    endloop
  endfacet
  facet normal -0.000000e+00 -1.000000e+00 0.000000e+00
    outer loop
      vertex 1.887371e-01 -1.504289e+00 -3.722285e-01
      vertex -4.177792e-02 -1.504289e+00 -3.888185e-01
      vertex 9.124508e-02 -1.504289e+00 -1.097285e-01
    endloop
  endfacet
  facet normal 0.000000e+00 -1.000000e+00 0.000000e+00
    outer loop
      vertex -3.279969e-01 -1.504289e+00 -3.829585e-01
      vertex -3.434809e-01 -1.504289e+00 -1.423585e-01
      vertex -1.088189e-01 -1.504289e+00 -1.206985e-01
    endloop
  endfacet
  facet normal 0.000000e+00 1.000000e+00 -0.000000e+00
    outer loop
      vertex -3.279969e-01 -1.504289e+00 -3.829585e-01
      vertex -1.088189e-01 -1.504289e+00 -1.206985e-01
      vertex -3.434809e-01 -1.504289e+00 -1.423585e-01
    endloop
  endfacet
  facet normal -1.942700e-02 -9.995471e-01 -2.297964e-02
    outer loop
      vertex 4.747831e-01 -1.497503e+00 3.439015e-01
      vertex 3.062311e-01 -1.494289e+00 3.466015e-01
      vertex 4.017651e-01 -1.500259e+00 5.255015e-01
    endloop
  endfacet
  facet normal 1.942700e-02 9.995471e-01 2.297964e-02
    outer loop
      vertex 4.747831e-01 -1.497503e+00 3.439015e-01
      vertex 4.017651e-01 -1.500259e+00 5.255015e-01
      vertex 3.062311e-01 -1.494289e+00 3.466015e-01
    endloop
  endfacet
  facet normal 7.358702e-03 -9.997633e-01 -2.047679e-02
    outer loop
      vertex -3.483699e-01 -1.504289e+00 -7.949685e-01
      vertex -4.393519e-01 -1.498579e+00 -1.106478e+00
      vertex -5.095169e-01 -1.500226e+00 -1.051288e+00
    endloop
  endfacet
  facet normal -5.237821e-01 1.812822e-02 -8.516593e-01
    outer loop
      vertex 3.938451e-01 -1.503969e+00 -8.685485e-01
      vertex 4.926011e-01 -1.475003e+00 -9.286685e-01
      vertex 4.848781e-01 -1.222150e+00 -9.185385e-01
    endloop
  endfacet
  facet normal 5.237821e-01 -1.812822e-02 8.516593e-01
    outer loop
      vertex 3.938451e-01 -1.503969e+00 -8.685485e-01
      vertex 4.848781e-01 -1.222150e+00 -9.185385e-01
      vertex 4.926011e-01 -1.475003e+00 -9.286685e-01
    endloop
  endfacet
  facet normal -2.544759e-02 9.992420e-01 -2.946085e-02
    outer loop
      vertex 4.768231e-01 1.500075e+00 3.472615e-01
      vertex 3.734911e-01 1.503119e+00 5.397615e-01
      vertex 3.062311e-01 1.495711e+00 3.466015e-01
    endloop
  endfacet
  facet normal 2.544759e-02 -9.992420e-01 2.946085e-02
    outer loop
      vertex 4.768231e-01 1.500075e+00 3.472615e-01
      vertex 3.062311e-01 1.495711e+00 3.466015e-01
      vertex 3.734911e-01 1.503119e+00 5.397615e-01
    endloop
  endfacet
  facet normal -3.865898e-02 -9.992412e-01 4.730724e-03
    outer loop
      vertex -3.822109e-01 1.495711e+00 1.547715e-01
      vertex -5.094669e-01 1.500609e+00 1.494415e-01
      vertex -3.589539e-01 1.495711e+00 3.448315e-01
    endloop
  endfacet
  facet normal 6.718138e-06 -1.000000e+00 -9.173571e-07
    outer loop
      vertex -4.649192e-02 1.505711e+00 5.437515e-01
      vertex 1.299911e-01 1.505712e+00 7.966115e-01
      vertex 9.463708e-02 1.505712e+00 5.377015e-01
    endloop
  endfacet
  facet normal -6.718138e-06 1.000000e+00 9.173571e-07
    outer loop
      vertex -4.649192e-02 1.505711e+00 5.437515e-01
      vertex 9.463708e-02 1.505712e+00 5.377015e-01
      vertex 1.299911e-01 1.505712e+00 7.966115e-01
    endloop
  endfacet
  facet normal -9.990159e-01 4.384456e-04 -4.435119e-02
    outer loop
      vertex -5.022859e-01 -2.707034e-01 -7.263585e-01
      vertex -5.067529e-01 -2.710574e-01 -6.257485e-01
      vertex -5.024179e-01 -4.659314e-01 -7.253185e-01
    endloop
  endfacet
  facet normal -8.816153e-03 9.906932e-01 1.358281e-01
    outer loop
      vertex 1.207441e-01 -1.494289e+00 1.499715e-01
      vertex 9.596108e-02 -1.462206e+00 -8.564848e-02
      vertex 2.997761e-01 -1.494289e+00 1.615915e-01
    endloop
  endfacet
  facet normal 3.695825e-06 -1.000000e+00 -5.933944e-06
    outer loop
      vertex -3.036292e-02 1.505710e+00 3.501915e-01
      vertex -4.733792e-02 1.505711e+00 1.789015e-01
      vertex -3.213889e-01 1.505710e+00 1.689315e-01
    endloop
  endfacet
  facet normal -3.695825e-06 1.000000e+00 5.933944e-06
    outer loop
      vertex -3.036292e-02 1.505710e+00 3.501915e-01
      vertex -3.213889e-01 1.505710e+00 1.689315e-01
      vertex -4.733792e-02 1.505711e+00 1.789015e-01
    endloop
  endfacet
  facet normal -1.143432e-03 -9.974911e-01 7.078346e-02
    outer loop
      vertex 3.723911e-01 -1.499899e+00 1.881442e+00
      vertex 9.880508e-02 -1.504289e+00 1.815152e+00
      vertex 9.422708e-02 -1.499580e+00 1.881442e+00
    endloop
  endfacet
  facet normal 5.800596e-02 -9.952374e-01 7.834445e-02
    outer loop
      vertex 2.955681e-01 1.473186e+00 -1.214385e-01
      vertex 9.543508e-02 1.464403e+00 -8.482848e-02
      vertex 2.997771e-01 1.495711e+00 1.615915e-01
    endloop
  endfacet
  facet normal 0.000000e+00 1.000000e+00 0.000000e+00
    outer loop
      vertex -4.077792e-02 1.505711e+00 1.037692e+00
      vertex -4.226592e-02 1.505711e+00 1.216272e+00
      vertex -3.298689e-01 1.505711e+00 1.039452e+00
    endloop
  endfacet
  facet normal 6.649153e-01 -7.368905e-03 7.468825e-01
    outer loop
      vertex 2.891251e-01 -2.747974e-01 -1.946185e-01
      vertex 4.437781e-01 -2.832544e-01 -3.323785e-01
      vertex 2.836411e-01 -4.657414e-01 -1.916185e-01
    endloop
  endfacet
  facet normal 3.133137e-01 3.915600e-03 9.496416e-01
    outer loop
      vertex 7.138908e-02 2.914706e-01 -1.229285e-01
      vertex 2.899351e-01 2.916906e-01 -1.950385e-01
      vertex 1.221561e-01 -2.009836e-02 -1.383985e-01
    endloop
  endfacet
  facet normal 8.548843e-02 -9.946414e-01 -5.813972e-02
    outer loop
      vertex 3.857011e-01 1.502770e+00 1.671715e-01
      vertex 2.997771e-01 1.495711e+00 1.615915e-01
      vertex 4.768231e-01 1.500075e+00 3.472615e-01
    endloop
  endfacet
  facet normal -8.548843e-02 9.946414e-01 5.813972e-02
    outer loop
      vertex 3.857011e-01 1.502770e+00 1.671715e-01
      vertex 4.768231e-01 1.500075e+00 3.472615e-01
      vertex 2.997771e-01 1.495711e+00 1.615915e-01
    endloop
  endfacet
  facet normal -3.185152e-01 5.880916e-03 9.478995e-01
    outer loop
      vertex -2.141392e-02 -1.515536e-02 -1.230385e-01
      vertex -2.354119e-01 -2.821864e-01 -1.932885e-01
      vertex -2.437999e-01 1.118164e-02 -1.979285e-01
    endloop
  endfacet
  facet normal -3.447627e-02 -9.994047e-01 -1.314596e-03
    outer loop
      vertex -3.589539e-01 1.495711e+00 3.448315e-01
      vertex -5.094709e-01 1.500896e+00 3.505015e-01
      vertex -5.094729e-01 1.500624e+00 5.571815e-01
    endloop
  endfacet
  facet normal -2.732844e-06 1.000000e+00 4.445080e-06
    outer loop
      vertex -3.298689e-01 1.505711e+00 1.039452e+00
      vertex -4.226592e-02 1.505711e+00 1.216272e+00
      vertex -3.649129e-01 1.505710e+00 1.232452e+00
    endloop
  endfacet
  facet normal -1.609424e-01 -9.860824e-01 -4.170052e-02
    outer loop
      vertex -3.626019e-01 1.495711e+00 1.075222e+00
      vertex -5.094869e-01 1.500972e+00 1.517722e+00
      vertex -4.148739e-01 1.495711e+00 1.276962e+00
    endloop
  endfacet
  facet normal 0.000000e+00 -1.000000e+00 0.000000e+00
    outer loop
      vertex -7.103292e-02 1.495711e+00 1.530715e-01
      vertex -6.390592e-02 1.495711e+00 3.234015e-01
      vertex 1.330431e-01 1.495711e+00 3.298415e-01
    endloop
  endfacet
  facet normal 6.580620e-09 1.000000e+00 -2.870531e-09
    outer loop
      vertex 9.887108e-02 -1.494289e+00 5.212715e-01
      vertex 8.719208e-02 -1.494289e+00 8.189415e-01
      vertex -3.549192e-02 -1.494289e+00 5.376915e-01
    endloop
  endfacet
  facet normal -4.821684e-07 1.000000e+00 1.716682e-07
    outer loop
      vertex 3.031841e-01 -1.494289e+00 7.859015e-01
      vertex 9.887108e-02 -1.494289e+00 5.212715e-01
      vertex 3.139691e-01 -1.494289e+00 5.232315e-01
    endloop
  endfacet
  facet normal 4.821684e-07 -1.000000e+00 -1.716682e-07
    outer loop
      vertex 3.031841e-01 -1.494289e+00 7.859015e-01
      vertex 3.139691e-01 -1.494289e+00 5.232315e-01
      vertex 9.887108e-02 -1.494289e+00 5.212715e-01
    endloop
  endfacet
  facet normal -3.462131e-03 9.908014e-01 1.352797e-01
    outer loop
      vertex 1.207441e-01 -1.494289e+00 1.499715e-01
      vertex -4.551792e-02 -1.462899e+00 -8.418848e-02
      vertex 9.596108e-02 -1.462206e+00 -8.564848e-02
    endloop
  endfacet
  facet normal 6.590424e-02 9.978257e-01 6.879534e-04
    outer loop
      vertex 3.723911e-01 -1.499899e+00 1.881442e+00
      vertex 2.883311e-01 -1.494289e+00 1.798112e+00
      vertex 4.007081e-01 -1.501718e+00 1.806912e+00
    endloop
  endfacet
  facet normal -3.245885e-01 -1.199885e-02 9.457792e-01
    outer loop
      vertex -3.186692e-02 6.449726e-01 -1.241085e-01
      vertex -2.249792e-02 4.666996e-01 -1.231485e-01
      vertex -2.370929e-01 6.719026e-01 -1.941985e-01
    endloop
  endfacet
  facet normal -1.948750e-03 -9.983433e-01 5.750522e-02
    outer loop
      vertex -4.077792e-02 -1.504289e+00 1.810422e+00
      vertex -4.077592e-02 -1.500198e+00 1.881442e+00
      vertex 9.880508e-02 -1.504289e+00 1.815152e+00
    endloop
  endfacet
  facet normal 1.455939e-02 9.990899e-01 4.009200e-02
    outer loop
      vertex 1.974511e-01 -1.494289e+00 1.712112e+00
      vertex 9.422708e-02 -1.499580e+00 1.881442e+00
      vertex -3.931992e-02 -1.494289e+00 1.798102e+00
    endloop
  endfacet
  facet normal -6.791523e-02 -9.976867e-01 2.975250e-03
    outer loop
      vertex 4.017651e-01 -1.500259e+00 5.255015e-01
      vertex 3.062311e-01 -1.494289e+00 3.466015e-01
      vertex 3.139691e-01 -1.494289e+00 5.232315e-01
    endloop
  endfacet
  facet normal 6.791523e-02 9.976867e-01 -2.975250e-03
    outer loop
      vertex 4.017651e-01 -1.500259e+00 5.255015e-01
      vertex 3.139691e-01 -1.494289e+00 5.232315e-01
      vertex 3.062311e-01 -1.494289e+00 3.466015e-01
    endloop
  endfacet
  facet normal -6.640030e-01 2.572170e-02 7.472874e-01
    outer loop
      vertex -2.539699e-01 -4.657934e-01 -2.034585e-01
      vertex -3.927979e-01 -2.761594e-01 -3.333385e-01
      vertex -2.354119e-01 -2.821864e-01 -1.932885e-01
    endloop
  endfacet
  facet normal 3.686133e-01 3.821261e-02 -9.287971e-01
    outer loop
      vertex 7.043708e-02 -1.170703e+00 -1.184138e+00
      vertex 3.456191e-01 -1.475686e+00 -1.087478e+00
      vertex 3.321791e-01 -1.215487e+00 -1.082108e+00
    endloop
  endfacet
  facet normal -3.686133e-01 -3.821261e-02 9.287971e-01
    outer loop
      vertex 7.043708e-02 -1.170703e+00 -1.184138e+00
      vertex 3.321791e-01 -1.215487e+00 -1.082108e+00
      vertex 3.456191e-01 -1.475686e+00 -1.087478e+00
    endloop
  endfacet
  facet normal -3.567521e-01 1.760737e-02 -9.340331e-01
    outer loop
      vertex -2.871379e-01 -1.212005e+00 -1.077758e+00
      vertex -1.825592e-02 -1.414388e+00 -1.184268e+00
      vertex -1.141915e-03 -1.160311e+00 -1.186018e+00
    endloop
  endfacet
  facet normal 3.889639e-01 1.067178e-01 -9.150510e-01
    outer loop
      vertex 2.713791e-01 -8.518412e-01 -1.123738e+00
      vertex 3.588751e-01 -6.601560e-01 -1.064188e+00
      vertex 5.627308e-02 -5.980394e-01 -1.185578e+00
    endloop
  endfacet
  facet normal 3.606282e-01 1.085276e-02 -9.326465e-01
    outer loop
      vertex 3.396071e-01 6.718476e-01 -1.077658e+00
      vertex 6.181308e-02 6.758686e-01 -1.185028e+00
      vertex 7.024508e-02 4.678036e-01 -1.184188e+00
    endloop
  endfacet
  facet normal -0.000000e+00 -1.000000e+00 0.000000e+00
    outer loop
      vertex 8.338908e-02 1.495711e+00 1.063262e+00
      vertex -3.780792e-02 1.495711e+00 8.189415e-01
      vertex -4.218292e-02 1.495711e+00 1.068932e+00
    endloop
  endfacet
  facet normal 0.000000e+00 1.000000e+00 -0.000000e+00
    outer loop
      vertex -4.100892e-02 -1.504289e+00 1.210615e-01
      vertex -3.510092e-02 -1.504289e+00 3.498315e-01
      vertex -3.389349e-01 -1.504289e+00 5.328815e-01
    endloop
  endfacet
  facet normal 0.000000e+00 -1.000000e+00 0.000000e+00
    outer loop
      vertex -4.100892e-02 -1.504289e+00 1.210615e-01
      vertex -3.389349e-01 -1.504289e+00 5.328815e-01
      vertex -3.510092e-02 -1.504289e+00 3.498315e-01
    endloop
  endfacet
  facet normal -2.791844e-02 -9.996045e-01 -3.368306e-03
    outer loop
      vertex -3.548949e-01 -1.504289e+00 1.247192e+00
      vertex -5.094779e-01 -1.499446e+00 1.091212e+00
      vertex -5.094929e-01 -1.500071e+00 1.276832e+00
    endloop
  endfacet
  facet normal 9.991605e-01 -8.495409e-04 -4.095753e-02
    outer loop
      vertex 5.532101e-01 -5.980394e-01 -7.263985e-01
      vertex 5.573891e-01 -5.964269e-01 -6.244885e-01
      vertex 5.533611e-01 -4.724914e-01 -7.253185e-01
    endloop
  endfacet
  facet normal 6.751772e-01 1.758680e-03 7.376534e-01
    outer loop
      vertex 4.552351e-01 1.209329e+00 -3.484485e-01
      vertex 2.841741e-01 1.216745e+00 -1.918885e-01
      vertex 4.621561e-01 1.457988e+00 -3.553785e-01
    endloop
  endfacet
  facet normal 6.486672e-01 5.669754e-03 7.610511e-01
    outer loop
      vertex 2.819491e-01 9.553686e-01 -1.907185e-01
      vertex 4.373181e-01 8.997726e-01 -3.227285e-01
      vertex 2.885651e-01 6.777056e-01 -1.942885e-01
    endloop
  endfacet
  facet normal -2.711389e-02 9.996324e-01 2.227440e-05
    outer loop
      vertex -5.094669e-01 1.500609e+00 1.494415e-01
      vertex -5.094669e-01 1.500615e+00 -1.180585e-01
      vertex -3.213889e-01 1.505710e+00 1.689315e-01
    endloop
  endfacet
  facet normal 3.045667e-01 -1.728215e-01 9.366813e-01
    outer loop
      vertex 2.841741e-01 1.216745e+00 -1.918885e-01
      vertex 7.030708e-02 1.214233e+00 -1.228185e-01
      vertex 9.543508e-02 1.464403e+00 -8.482848e-02
    endloop
  endfacet
  facet normal -1.608847e-01 9.860927e-01 -4.168169e-02
    outer loop
      vertex -4.148729e-01 -1.494289e+00 1.276962e+00
      vertex -5.094869e-01 -1.499550e+00 1.517702e+00
      vertex -3.626019e-01 -1.494289e+00 1.075202e+00
    endloop
  endfacet
  facet normal -7.333440e-03 -2.038784e-01 9.789687e-01
    outer loop
      vertex 1.821951e-01 -6.376826e-01 -1.571685e-01
      vertex -1.451949e-01 -6.446266e-01 -1.610685e-01
      vertex -2.201992e-02 -4.666184e-01 -1.230785e-01
    endloop
  endfacet
  facet normal 1.095094e-01 -8.650147e-01 -4.896503e-01
    outer loop
      vertex 8.758708e-02 1.488818e+00 -1.152928e+00
      vertex 3.522981e-01 1.480810e+00 -1.079578e+00
      vertex 3.970881e-01 1.502127e+00 -1.107218e+00
    endloop
  endfacet
  facet normal -3.978988e-03 9.979662e-01 6.362074e-02
    outer loop
      vertex -2.476529e-01 -1.494289e+00 1.798102e+00
      vertex -3.399659e-01 -1.499971e+00 1.881442e+00
      vertex -4.804069e-01 -1.494289e+00 1.783542e+00
    endloop
  endfacet
  facet normal -9.990890e-01 -3.593575e-04 -4.267342e-02
    outer loop
      vertex -5.066479e-01 -6.672998e-01 -6.245885e-01
      vertex -5.023059e-01 -6.760022e-01 -7.261685e-01
      vertex -5.024179e-01 -4.659314e-01 -7.253185e-01
    endloop
  endfacet
  facet normal -9.224389e-01 1.882919e-01 3.371241e-01
    outer loop
      vertex -4.724139e-01 -1.472825e+00 -3.877785e-01
      vertex -5.071519e-01 -1.207637e+00 -6.309385e-01
      vertex -4.069819e-01 -1.211572e+00 -3.546585e-01
    endloop
  endfacet
  facet normal 9.224389e-01 -1.882919e-01 -3.371241e-01
    outer loop
      vertex -4.724139e-01 -1.472825e+00 -3.877785e-01
      vertex -4.069819e-01 -1.211572e+00 -3.546585e-01
      vertex -5.071519e-01 -1.207637e+00 -6.309385e-01
    endloop
  endfacet
  facet normal 6.983840e-03 -9.987770e-01 4.894492e-02
    outer loop
      vertex -5.095349e-01 1.500306e+00 1.881442e+00
      vertex -3.497909e-01 1.501423e+00 1.881442e+00
      vertex -4.804069e-01 1.495711e+00 1.783522e+00
    endloop
  endfacet
  facet normal 2.478728e-01 -3.016376e-01 -9.206378e-01
    outer loop
      vertex 1.945251e-01 -1.504027e+00 -1.118868e+00
      vertex 3.456191e-01 -1.475686e+00 -1.087478e+00
      vertex 7.023508e-02 -1.406859e+00 -1.184168e+00
    endloop
  endfacet
  facet normal -3.491339e-02 -9.993892e-01 1.499316e-03
    outer loop
      vertex -3.626019e-01 1.495711e+00 1.075222e+00
      vertex -3.738729e-01 1.495711e+00 8.127615e-01
      vertex -5.094779e-01 1.500866e+00 1.091222e+00
    endloop
  endfacet
  facet normal 1.445876e-02 -9.998944e-01 1.445391e-03
    outer loop
      vertex 4.017651e-01 -1.500259e+00 5.255015e-01
      vertex 9.463708e-02 -1.504289e+00 8.096815e-01
      vertex 4.172591e-01 -1.499612e+00 8.179315e-01
    endloop
  endfacet
  facet normal 8.488232e-01 5.272129e-01 3.931570e-02
    outer loop
      vertex 5.265871e-01 1.488355e+00 -5.928585e-01
      vertex 5.309721e-01 1.491478e+00 -7.294085e-01
      vertex 5.601411e-01 1.438893e+00 -6.540085e-01
    endloop
  endfacet
  facet normal 5.472092e-02 6.412736e-01 -7.653586e-01
    outer loop
      vertex -4.910592e-02 1.491404e+00 -1.160538e+00
      vertex 2.804408e-02 1.451594e+00 -1.188378e+00
      vertex 8.758708e-02 1.488818e+00 -1.152928e+00
    endloop
  endfacet
  facet normal -9.834806e-01 -2.120061e-02 -1.797677e-01
    outer loop
      vertex -5.075289e-01 1.485995e+00 -7.299585e-01
      vertex -5.022909e-01 1.212428e+00 -7.263485e-01
      vertex -4.722139e-01 1.489349e+00 -9.235485e-01
    endloop
  endfacet
  facet normal 7.605190e-01 -1.745115e-02 6.490810e-01
    outer loop
      vertex -4.362499e-01 -7.203362e-03 -9.122785e-01
      vertex -2.892259e-01 2.868566e-01 -1.076638e+00
      vertex -3.067429e-01 -1.569536e-02 -1.064248e+00
    endloop
  endfacet
  facet normal -7.605190e-01 1.745115e-02 -6.490810e-01
    outer loop
      vertex -4.362499e-01 -7.203362e-03 -9.122785e-01
      vertex -3.067429e-01 -1.569536e-02 -1.064248e+00
      vertex -2.892259e-01 2.868566e-01 -1.076638e+00
    endloop
  endfacet
  facet normal 0.000000e+00 -1.000000e+00 0.000000e+00
    outer loop
      vertex 1.488391e-01 1.495711e+00 1.279852e+00
      vertex -1.211829e-01 1.495711e+00 1.470962e+00
      vertex 1.452851e-01 1.495711e+00 1.490422e+00
    endloop
  endfacet
  facet normal 3.184244e-01 -7.060209e-04 9.479479e-01
    outer loop
      vertex 7.771008e-02 4.668556e-01 -1.236185e-01
      vertex 2.885651e-01 6.777056e-01 -1.942885e-01
      vertex 2.899351e-01 2.916906e-01 -1.950385e-01
    endloop
  endfacet
  facet normal -9.442911e-01 -1.784057e-04 -3.291114e-01
    outer loop
      vertex -4.394109e-01 -9.586388e-01 -9.064785e-01
      vertex -5.023059e-01 -6.760022e-01 -7.261685e-01
      vertex -5.023689e-01 -9.621019e-01 -7.258385e-01
    endloop
  endfacet
  facet normal 1.042219e-01 9.911203e-01 -8.257306e-02
    outer loop
      vertex 4.747831e-01 -1.497503e+00 3.439015e-01
      vertex 2.997761e-01 -1.494289e+00 1.615915e-01
      vertex 3.739381e-01 -1.501741e+00 1.657615e-01
    endloop
  endfacet
  facet normal -1.042219e-01 -9.911203e-01 8.257306e-02
    outer loop
      vertex 4.747831e-01 -1.497503e+00 3.439015e-01
      vertex 3.739381e-01 -1.501741e+00 1.657615e-01
      vertex 2.997761e-01 -1.494289e+00 1.615915e-01
    endloop
  endfacet
  facet normal -9.394069e-01 9.558528e-03 -3.426708e-01
    outer loop
      vertex -4.308579e-01 -6.817597e-01 -9.221985e-01
      vertex -5.023059e-01 -6.760022e-01 -7.261685e-01
      vertex -4.394109e-01 -9.586388e-01 -9.064785e-01
    endloop
  endfacet
  facet normal 9.410374e-01 2.528559e-03 -3.382932e-01
    outer loop
      vertex 4.849441e-01 -4.911362e-03 -9.184885e-01
      vertex 5.532291e-01 2.858896e-01 -7.263585e-01
      vertex 4.829111e-01 2.851336e-01 -9.219685e-01
    endloop
  endfacet
  facet normal 3.018436e-03 9.999955e-01 3.542537e-05
    outer loop
      vertex 3.944101e-01 1.504810e+00 -8.122685e-01
      vertex 4.112821e-01 1.504751e+00 -5.875085e-01
      vertex 9.361908e-02 1.505711e+00 -6.163785e-01
    endloop
  endfacet
  facet normal 9.962561e-01 7.883280e-02 -3.548314e-02
    outer loop
      vertex 5.532361e-01 1.211485e+00 -7.263585e-01
      vertex 5.571351e-01 1.209294e+00 -6.217585e-01
      vertex 5.309721e-01 1.491478e+00 -7.294085e-01
    endloop
  endfacet
  facet normal 6.784794e-01 -5.397611e-03 7.345995e-01
    outer loop
      vertex 4.525741e-01 2.832006e-01 -3.453085e-01
      vertex 2.853651e-01 6.300664e-02 -1.924985e-01
      vertex 2.899351e-01 2.916906e-01 -1.950385e-01
    endloop
  endfacet
  facet normal -7.358375e-01 -1.064176e-02 6.770746e-01
    outer loop
      vertex 4.808291e-01 -2.820804e-01 -9.257085e-01
      vertex 3.588751e-01 -6.601560e-01 -1.064188e+00
      vertex 3.532361e-01 -4.668614e-01 -1.067278e+00
    endloop
  endfacet
  facet normal 7.358375e-01 1.064176e-02 -6.770746e-01
    outer loop
      vertex 4.808291e-01 -2.820804e-01 -9.257085e-01
      vertex 3.532361e-01 -4.668614e-01 -1.067278e+00
      vertex 3.588751e-01 -6.601560e-01 -1.064188e+00
    endloop
  endfacet
  facet normal -3.470875e-02 -9.993917e-01 3.378841e-03
    outer loop
      vertex -3.626019e-01 1.495711e+00 1.075222e+00
      vertex -5.094779e-01 1.500866e+00 1.091222e+00
      vertex -5.094909e-01 1.501494e+00 1.276832e+00
    endloop
  endfacet
  facet normal 1.143165e-02 9.999335e-01 1.522101e-03
    outer loop
      vertex 9.880508e-02 1.505711e+00 1.031462e+00
      vertex 1.299911e-01 1.505712e+00 7.966115e-01
      vertex 4.032381e-01 1.502184e+00 1.062022e+00
    endloop
  endfacet
  facet normal 0.000000e+00 -1.000000e+00 0.000000e+00
    outer loop
      vertex -4.241809e-01 1.495711e+00 1.537742e+00
      vertex -2.476529e-01 1.495711e+00 1.798102e+00
      vertex -3.931992e-02 1.495711e+00 1.798102e+00
    endloop
  endfacet
  facet normal 0.000000e+00 -1.000000e+00 0.000000e+00
    outer loop
      vertex -3.426679e-01 -1.504289e+00 1.053102e+00
      vertex -4.178992e-02 -1.504289e+00 8.054815e-01
      vertex -3.314789e-01 -1.504289e+00 8.172515e-01
    endloop
  endfacet
  facet normal 3.668395e-07 1.000000e+00 -4.006502e-06
    outer loop
      vertex -3.266059e-01 1.505710e+00 -4.026085e-01
      vertex -4.788092e-02 1.505710e+00 -3.770885e-01
      vertex -3.532292e-02 1.505711e+00 -1.379085e-01
    endloop
  endfacet
  facet normal -3.668395e-07 -1.000000e+00 4.006502e-06
    outer loop
      vertex -3.266059e-01 1.505710e+00 -4.026085e-01
      vertex -3.532292e-02 1.505711e+00 -1.379085e-01
      vertex -4.788092e-02 1.505710e+00 -3.770885e-01
    endloop
  endfacet
  facet normal -3.789341e-01 6.410672e-03 -9.254014e-01
    outer loop
      vertex -3.004699e-01 -2.803494e-01 -1.068648e+00
      vertex -1.150692e-02 4.957638e-03 -1.184998e+00
      vertex -3.067429e-01 -1.569536e-02 -1.064248e+00
    endloop
  endfacet
  facet normal -9.389585e-01 6.381367e-03 -3.439710e-01
    outer loop
      vertex -4.303989e-01 2.751376e-01 -9.230085e-01
      vertex -5.022859e-01 2.974156e-01 -7.263585e-01
      vertex -4.362499e-01 -7.203362e-03 -9.122785e-01
    endloop
  endfacet
  facet normal 9.997096e-01 7.077372e-03 -2.303225e-02
    outer loop
      vertex 5.576001e-01 -2.895864e-01 -6.267385e-01
      vertex 5.559831e-01 -5.543362e-03 -6.096385e-01
      vertex 5.533161e-01 -6.693362e-03 -7.257485e-01
    endloop
  endfacet
  facet normal -6.066808e-08 1.000000e+00 2.065053e-07
    outer loop
      vertex 3.891041e-01 -1.494289e+00 1.282782e+00
      vertex 1.488391e-01 -1.494289e+00 1.279842e+00
      vertex 3.151001e-01 -1.494289e+00 1.067112e+00
    endloop
  endfacet
  facet normal 2.795565e-01 5.701470e-03 -9.601123e-01
    outer loop
      vertex 7.043708e-02 -1.170703e+00 -1.184138e+00
      vertex 2.713791e-01 -8.518412e-01 -1.123738e+00
      vertex 6.063908e-02 -8.598710e-01 -1.185148e+00
    endloop
  endfacet
  facet normal 9.413075e-01 -2.318554e-05 -3.375504e-01
    outer loop
      vertex 5.532101e-01 -5.980394e-01 -7.263985e-01
      vertex 5.532311e-01 -2.822504e-01 -7.263585e-01
      vertex 4.832811e-01 -4.675104e-01 -9.214185e-01
    endloop
  endfacet
  facet normal 7.328920e-01 4.957357e-02 -6.785365e-01
    outer loop
      vertex 3.456191e-01 -1.475686e+00 -1.087478e+00
      vertex 4.926011e-01 -1.475003e+00 -9.286685e-01
      vertex 4.848781e-01 -1.222150e+00 -9.185385e-01
    endloop
  endfacet
  facet normal 9.997177e-01 -6.331347e-03 -2.289963e-02
    outer loop
      vertex 5.533161e-01 -6.693362e-03 -7.257485e-01
      vertex 5.559831e-01 -5.543362e-03 -6.096385e-01
      vertex 5.574371e-01 2.794606e-01 -6.249685e-01
    endloop
  endfacet
  facet normal 3.312617e-01 -1.616711e-04 -9.435390e-01
    outer loop
      vertex 7.043708e-02 -1.170703e+00 -1.184138e+00
      vertex 7.023508e-02 -1.406859e+00 -1.184168e+00
      vertex 3.456191e-01 -1.475686e+00 -1.087478e+00
    endloop
  endfacet
  facet normal 9.995331e-01 3.446068e-03 -3.036235e-02
    outer loop
      vertex 5.574361e-01 -1.150129e+00 -6.250885e-01
      vertex 5.566161e-01 -8.340643e-01 -6.162185e-01
      vertex 5.532701e-01 -8.324144e-01 -7.261785e-01
    endloop
  endfacet
  facet normal -9.995331e-01 -3.446068e-03 3.036235e-02
    outer loop
      vertex 5.574361e-01 -1.150129e+00 -6.250885e-01
      vertex 5.532701e-01 -8.324144e-01 -7.261785e-01
      vertex 5.566161e-01 -8.340643e-01 -6.162185e-01
    endloop
  endfacet
  facet normal -1.875918e-02 -9.998158e-01 -4.057750e-03
    outer loop
      vertex -3.483699e-01 -1.504289e+00 -7.949685e-01
      vertex -5.095169e-01 -1.500226e+00 -1.051288e+00
      vertex -5.095139e-01 -1.501274e+00 -7.928685e-01
    endloop
  endfacet
  facet normal -2.832821e-02 9.995983e-01 8.186840e-04
    outer loop
      vertex -5.094669e-01 1.500615e+00 -1.180585e-01
      vertex -3.302459e-01 1.505712e+00 -1.398585e-01
      vertex -3.213889e-01 1.505710e+00 1.689315e-01
    endloop
  endfacet
  facet normal 9.821201e-03 9.999518e-01 -5.774371e-05
    outer loop
      vertex 4.045841e-01 1.502638e+00 -1.206685e-01
      vertex 9.171008e-02 1.505711e+00 -1.201185e-01
      vertex 9.047008e-02 1.505711e+00 -3.310585e-01
    endloop
  endfacet
  facet normal -3.068140e-01 -2.968307e-03 9.517649e-01
    outer loop
      vertex -8.321792e-02 9.288446e-01 -1.432585e-01
      vertex -2.270799e-01 1.213988e+00 -1.887385e-01
      vertex -2.390592e-02 1.207451e+00 -1.232685e-01
    endloop
  endfacet
  facet normal -3.492648e-02 9.993888e-01 1.500317e-03
    outer loop
      vertex -3.626019e-01 -1.494289e+00 1.075202e+00
      vertex -5.094779e-01 -1.499446e+00 1.091212e+00
      vertex -3.738739e-01 -1.494289e+00 8.127715e-01
    endloop
  endfacet
  facet normal 0.000000e+00 -1.000000e+00 0.000000e+00
    outer loop
      vertex -2.969639e-01 -1.504289e+00 3.493715e-01
      vertex -3.510092e-02 -1.504289e+00 3.498315e-01
      vertex -4.100892e-02 -1.504289e+00 1.210615e-01
    endloop
  endfacet
  facet normal 7.464062e-01 1.113674e-02 -6.653974e-01
    outer loop
      vertex 4.832811e-01 -4.675104e-01 -9.214185e-01
      vertex 3.532361e-01 -4.668614e-01 -1.067278e+00
      vertex 3.588751e-01 -6.601560e-01 -1.064188e+00
    endloop
  endfacet
  facet normal 3.427118e-02 -9.994037e-01 -4.194686e-03
    outer loop
      vertex -5.094709e-01 -1.499475e+00 3.505015e-01
      vertex -3.589529e-01 -1.494289e+00 3.447915e-01
      vertex -3.822109e-01 -1.494289e+00 1.547615e-01
    endloop
  endfacet
  facet normal -3.427118e-02 9.994037e-01 4.194686e-03
    outer loop
      vertex -5.094709e-01 -1.499475e+00 3.505015e-01
      vertex -3.822109e-01 -1.494289e+00 1.547615e-01
      vertex -3.589529e-01 -1.494289e+00 3.447915e-01
    endloop
  endfacet
  facet normal -3.190818e-02 -9.994884e-01 2.164221e-03
    outer loop
      vertex -3.604219e-01 -1.504289e+00 1.526702e+00
      vertex -5.094929e-01 -1.500071e+00 1.276832e+00
      vertex -5.094869e-01 -1.499550e+00 1.517702e+00
    endloop
  endfacet
  facet normal 1.320894e-02 -9.999127e-01 9.437971e-05
    outer loop
      vertex 4.017651e-01 -1.500259e+00 5.255015e-01
      vertex 9.668508e-02 -1.504289e+00 5.230515e-01
      vertex 9.463708e-02 -1.504289e+00 8.096815e-01
    endloop
  endfacet
  facet normal 3.603857e-01 -8.942881e-03 -9.327605e-01
    outer loop
      vertex 7.101608e-02 9.480606e-01 -1.184078e+00
      vertex 6.181308e-02 6.758686e-01 -1.185028e+00
      vertex 3.396071e-01 6.718476e-01 -1.077658e+00
    endloop
  endfacet
  facet normal 0.000000e+00 -1.000000e+00 0.000000e+00
    outer loop
      vertex 1.207471e-01 1.495711e+00 1.499715e-01
      vertex 1.330431e-01 1.495711e+00 3.298415e-01
      vertex 3.062311e-01 1.495711e+00 3.466015e-01
    endloop
  endfacet
  facet normal -3.136835e-01 8.196482e-04 9.495273e-01
    outer loop
      vertex -2.249792e-02 4.666996e-01 -1.231485e-01
      vertex -2.307792e-02 2.801476e-01 -1.231785e-01
      vertex -2.356059e-01 2.836506e-01 -1.933985e-01
    endloop
  endfacet
  facet normal 4.649253e-01 -2.836233e-04 -8.853499e-01
    outer loop
      vertex 7.043708e-02 -1.170703e+00 -1.184138e+00
      vertex 7.023508e-02 -1.406859e+00 -1.184168e+00
      vertex 1.945251e-01 -1.504027e+00 -1.118868e+00
    endloop
  endfacet
  facet normal -4.649253e-01 2.836233e-04 8.853499e-01
    outer loop
      vertex 7.043708e-02 -1.170703e+00 -1.184138e+00
      vertex 1.945251e-01 -1.504027e+00 -1.118868e+00
      vertex 7.023508e-02 -1.406859e+00 -1.184168e+00
    endloop
  endfacet
  facet normal 9.992679e-01 2.275113e-05 -3.825855e-02
    outer loop
      vertex 5.532771e-01 9.534316e-01 -7.259185e-01
      vertex 5.532741e-01 6.813726e-01 -7.261585e-01
      vertex 5.572331e-01 6.762456e-01 -6.227585e-01
    endloop
  endfacet
  facet normal 3.232828e-06 1.000000e+00 1.226032e-07
    outer loop
      vertex -3.532292e-02 1.505711e+00 -1.379085e-01
      vertex -4.733792e-02 1.505711e+00 1.789015e-01
      vertex -3.302459e-01 1.505712e+00 -1.398585e-01
    endloop
  endfacet
  facet normal -9.932615e-01 -1.158931e-01 5.748381e-04
    outer loop
      vertex -5.075289e-01 1.485995e+00 -7.299585e-01
      vertex -5.095139e-01 1.502696e+00 -7.928785e-01
      vertex -5.095349e-01 1.503916e+00 -5.831685e-01
    endloop
  endfacet
  facet normal 0.000000e+00 -1.000000e+00 0.000000e+00
    outer loop
      vertex -4.077792e-02 -1.504289e+00 1.266142e+00
      vertex -3.604219e-01 -1.504289e+00 1.526702e+00
      vertex -4.077792e-02 -1.504289e+00 1.514602e+00
    endloop
  endfacet
  facet normal 9.999940e-01 3.450591e-03 1.264037e-04
    outer loop
      vertex -5.095339e-01 -1.499332e+00 1.881442e+00
      vertex -5.094869e-01 -1.499550e+00 1.517702e+00
      vertex -5.095209e-01 -1.500097e+00 1.800462e+00
    endloop
  endfacet
  facet normal -9.999940e-01 -3.450591e-03 -1.264037e-04
    outer loop
      vertex -5.095339e-01 -1.499332e+00 1.881442e+00
      vertex -5.095209e-01 -1.500097e+00 1.800462e+00
      vertex -5.094869e-01 -1.499550e+00 1.517702e+00
    endloop
  endfacet
  facet normal -7.457840e-01 -3.285152e-02 -6.653773e-01
    outer loop
      vertex 4.953711e-01 -1.503042e+00 -3.797085e-01
      vertex 4.561471e-01 -1.213398e+00 -3.500385e-01
      vertex 4.592321e-01 -1.454795e+00 -3.415785e-01
    endloop
  endfacet
  facet normal 7.457840e-01 3.285152e-02 6.653773e-01
    outer loop
      vertex 4.953711e-01 -1.503042e+00 -3.797085e-01
      vertex 4.592321e-01 -1.454795e+00 -3.415785e-01
      vertex 4.561471e-01 -1.213398e+00 -3.500385e-01
    endloop
  endfacet
  facet normal 5.686845e-01 -2.119064e-02 8.222827e-01
    outer loop
      vertex 1.749441e-01 -1.207070e+00 -1.553985e-01
      vertex 4.453021e-01 -9.413560e-01 -3.355285e-01
      vertex 4.561471e-01 -1.213398e+00 -3.500385e-01
    endloop
  endfacet
  facet normal -9.993414e-01 -1.603276e-03 -3.625217e-02
    outer loop
      vertex -5.065459e-01 2.967656e-01 -6.236685e-01
      vertex -5.062049e-01 -1.028136e-02 -6.194885e-01
      vertex -5.023719e-01 3.107638e-03 -7.257485e-01
    endloop
  endfacet
  facet normal -9.988825e-01 -1.969089e-02 -4.296562e-02
    outer loop
      vertex -5.075289e-01 1.485995e+00 -7.299585e-01
      vertex -5.067009e-01 1.215917e+00 -6.254285e-01
      vertex -5.022909e-01 1.212428e+00 -7.263485e-01
    endloop
  endfacet
  facet normal -5.500249e-01 -8.258216e-01 1.244641e-01
    outer loop
      vertex -5.076219e-01 1.466905e+00 -5.956885e-01
      vertex -5.094699e-01 1.500814e+00 -3.788685e-01
      vertex -4.710559e-01 1.474844e+00 -3.814185e-01
    endloop
  endfacet
  facet normal 0.000000e+00 1.000000e+00 0.000000e+00
    outer loop
      vertex -3.600592e-02 1.505711e+00 8.098215e-01
      vertex -4.226592e-02 1.505711e+00 1.216272e+00
      vertex -4.077792e-02 1.505711e+00 1.037692e+00
    endloop
  endfacet
  facet normal 0.000000e+00 -1.000000e+00 0.000000e+00
    outer loop
      vertex -3.600592e-02 1.505711e+00 8.098215e-01
      vertex -4.077792e-02 1.505711e+00 1.037692e+00
      vertex -4.226592e-02 1.505711e+00 1.216272e+00
    endloop
  endfacet
  facet normal 9.999936e-01 -3.292919e-03 1.419167e-03
    outer loop
      vertex -5.080569e-01 -1.468228e+00 -5.978785e-01
      vertex -5.071519e-01 -1.207637e+00 -6.309385e-01
      vertex -5.079299e-01 -1.485920e+00 -7.286385e-01
    endloop
  endfacet
  facet normal -9.999936e-01 3.292919e-03 -1.419167e-03
    outer loop
      vertex -5.080569e-01 -1.468228e+00 -5.978785e-01
      vertex -5.079299e-01 -1.485920e+00 -7.286385e-01
      vertex -5.071519e-01 -1.207637e+00 -6.309385e-01
    endloop
  endfacet
  facet normal 0.000000e+00 -1.000000e+00 0.000000e+00
    outer loop
      vertex -3.549192e-02 1.495711e+00 5.376915e-01
      vertex -3.722629e-01 1.495711e+00 5.480015e-01
      vertex -3.738729e-01 1.495711e+00 8.127615e-01
    endloop
  endfacet
  facet normal 3.676232e-01 -2.571231e-02 -9.296193e-01
    outer loop
      vertex 5.627308e-02 -5.980394e-01 -1.185578e+00
      vertex 3.588751e-01 -6.601560e-01 -1.064188e+00
      vertex 6.842208e-02 -4.687504e-01 -1.184348e+00
    endloop
  endfacet
  facet normal 1.015865e-01 9.947995e-01 -7.365025e-03
    outer loop
      vertex 5.309721e-01 1.491478e+00 -7.294085e-01
      vertex 4.112821e-01 1.504751e+00 -5.875085e-01
      vertex 3.944101e-01 1.504810e+00 -8.122685e-01
    endloop
  endfacet
  facet normal 9.253438e-01 -1.221246e-02 3.789324e-01
    outer loop
      vertex 4.373181e-01 8.997726e-01 -3.227285e-01
      vertex 5.561051e-01 9.598556e-01 -6.108685e-01
      vertex 5.572331e-01 6.762456e-01 -6.227585e-01
    endloop
  endfacet
  facet normal -9.437489e-01 -1.089815e-04 -3.306632e-01
    outer loop
      vertex -4.387179e-01 -4.660714e-01 -9.077285e-01
      vertex -5.022859e-01 -2.707034e-01 -7.263585e-01
      vertex -5.023059e-01 -6.760022e-01 -7.261685e-01
    endloop
  endfacet
  facet normal -3.225043e-10 1.000000e+00 4.417234e-09
    outer loop
      vertex 1.452851e-01 -1.494289e+00 1.490422e+00
      vertex -1.211829e-01 -1.494289e+00 1.470962e+00
      vertex 1.488391e-01 -1.494289e+00 1.279842e+00
    endloop
  endfacet
  facet normal 3.122495e-01 -4.999174e-03 9.499870e-01
    outer loop
      vertex 2.891251e-01 -2.747974e-01 -1.946185e-01
      vertex 7.092008e-02 -2.757674e-01 -1.228985e-01
      vertex 1.221561e-01 -2.009836e-02 -1.383985e-01
    endloop
  endfacet
  facet normal 9.402841e-01 -4.342721e-04 -3.403904e-01
    outer loop
      vertex 5.532771e-01 9.534316e-01 -7.259185e-01
      vertex 5.532361e-01 1.211485e+00 -7.263585e-01
      vertex 4.811161e-01 9.273736e-01 -9.252185e-01
    endloop
  endfacet
  facet normal -6.780542e-01 3.782294e-03 7.350022e-01
    outer loop
      vertex -2.536329e-01 -9.020200e-01 -2.032885e-01
      vertex -3.880649e-01 -9.598876e-01 -3.270085e-01
      vertex -3.907779e-01 -6.649574e-01 -3.310285e-01
    endloop
  endfacet
  facet normal -9.297715e-01 -2.421589e-03 3.681292e-01
    outer loop
      vertex -5.066479e-01 -6.672998e-01 -6.245885e-01
      vertex -3.880649e-01 -9.598876e-01 -3.270085e-01
      vertex -5.068589e-01 -9.725970e-01 -6.271285e-01
    endloop
  endfacet
  facet normal -9.329414e-01 1.128131e-02 3.598515e-01
    outer loop
      vertex -3.960869e-01 6.380016e-01 -3.380485e-01
      vertex -5.060599e-01 4.675696e-01 -6.178185e-01
      vertex -5.068049e-01 6.800006e-01 -6.264085e-01
    endloop
  endfacet
  facet normal -9.355158e-01 4.848460e-03 3.532516e-01
    outer loop
      vertex -4.007929e-01 1.209536e+00 -3.448585e-01
      vertex -5.063129e-01 9.611806e-01 -6.208985e-01
      vertex -5.067009e-01 1.215917e+00 -6.254285e-01
    endloop
  endfacet
  facet normal 3.875980e-03 9.999536e-01 8.818625e-03
    outer loop
      vertex 4.045841e-01 1.502638e+00 -1.206685e-01
      vertex 9.047008e-02 1.505711e+00 -3.310585e-01
      vertex 3.800791e-01 1.505077e+00 -3.864685e-01
    endloop
  endfacet
  facet normal 2.253248e-01 1.914282e-01 9.552925e-01
    outer loop
      vertex 2.915001e-01 -1.467204e+00 -1.307685e-01
      vertex 9.596108e-02 -1.462206e+00 -8.564848e-02
      vertex 1.749441e-01 -1.207070e+00 -1.553985e-01
    endloop
  endfacet
  facet normal -9.421378e-01 4.652430e-03 -3.351938e-01
    outer loop
      vertex -4.388959e-01 4.673316e-01 -9.074485e-01
      vertex -4.360909e-01 6.665716e-01 -9.125685e-01
      vertex -5.023249e-01 6.840876e-01 -7.261585e-01
    endloop
  endfacet
  facet normal -9.246839e-01 1.409590e-01 -3.536809e-01
    outer loop
      vertex -4.731419e-01 -1.487802e+00 -9.199585e-01
      vertex -4.330239e-01 -1.220130e+00 -9.181685e-01
      vertex -5.022829e-01 -1.193213e+00 -7.263585e-01
    endloop
  endfacet
  facet normal -1.439586e-01 -9.866952e-01 7.555491e-02
    outer loop
      vertex -3.627679e-01 1.477480e+00 -1.406685e-01
      vertex -4.710559e-01 1.474844e+00 -3.814185e-01
      vertex -5.094669e-01 1.500615e+00 -1.180585e-01
    endloop
  endfacet
  facet normal 3.194541e-08 1.000000e+00 -4.924417e-06
    outer loop
      vertex -3.243829e-01 1.505710e+00 3.482815e-01
      vertex -3.036292e-02 1.505710e+00 3.501915e-01
      vertex -4.649192e-02 1.505711e+00 5.437515e-01
    endloop
  endfacet
  facet normal 7.147576e-04 9.913508e-01 1.312370e-01
    outer loop
      vertex -7.103292e-02 -1.494289e+00 1.530715e-01
      vertex -3.822109e-01 -1.494289e+00 1.547615e-01
      vertex -4.551792e-02 -1.462899e+00 -8.418848e-02
    endloop
  endfacet
  facet normal 0.000000e+00 -1.000000e+00 0.000000e+00
    outer loop
      vertex -4.241809e-01 1.495711e+00 1.537742e+00
      vertex -3.931992e-02 1.495711e+00 1.798102e+00
      vertex -1.211829e-01 1.495711e+00 1.470962e+00
    endloop
  endfacet
  facet normal 3.679308e-01 -7.582082e-03 -9.298223e-01
    outer loop
      vertex 5.761808e-02 -2.897524e-01 -1.185438e+00
      vertex 3.488781e-01 -2.829714e-01 -1.070238e+00
      vertex 6.572408e-02 8.156638e-03 -1.184658e+00
    endloop
  endfacet
  facet normal -3.734128e-01 -1.045087e-04 -9.276653e-01
    outer loop
      vertex -1.151592e-02 -3.012804e-01 -1.184958e+00
      vertex -1.150692e-02 4.957638e-03 -1.184998e+00
      vertex -3.004699e-01 -2.803494e-01 -1.068648e+00
    endloop
  endfacet
  facet normal 9.991379e-01 -6.697571e-04 -4.150875e-02
    outer loop
      vertex 5.533911e-01 4.639126e-01 -7.253285e-01
      vertex 5.532291e-01 2.858896e-01 -7.263585e-01
      vertex 5.574371e-01 2.794606e-01 -6.249685e-01
    endloop
  endfacet
  facet normal -5.970623e-01 -4.309123e-01 6.766323e-01
    outer loop
      vertex -2.270799e-01 1.213988e+00 -1.887385e-01
      vertex -4.007929e-01 1.209536e+00 -3.448585e-01
      vertex -3.627679e-01 1.477480e+00 -1.406685e-01
    endloop
  endfacet
  facet normal -9.991401e-01 -6.655222e-04 -4.145257e-02
    outer loop
      vertex -5.022859e-01 2.974156e-01 -7.263585e-01
      vertex -5.024419e-01 4.673526e-01 -7.253285e-01
      vertex -5.065459e-01 2.967656e-01 -6.236685e-01
    endloop
  endfacet
  facet normal 4.188068e-03 -9.999789e-01 4.965222e-03
    outer loop
      vertex 4.290481e-01 -1.504289e+00 -5.749285e-01
      vertex 1.887371e-01 -1.504289e+00 -3.722285e-01
      vertex 4.953711e-01 -1.503042e+00 -3.797085e-01
    endloop
  endfacet
  facet normal -5.577627e-04 -9.999991e-01 -1.207103e-03
    outer loop
      vertex -1.116469e-01 -1.503907e+00 -1.076208e+00
      vertex 1.057831e-01 -1.504289e+00 -8.601385e-01
      vertex 1.945251e-01 -1.504027e+00 -1.118868e+00
    endloop
  endfacet
  facet normal -1.862908e-02 9.998202e-01 -3.538536e-03
    outer loop
      vertex -5.095139e-01 1.502696e+00 -7.928785e-01
      vertex -5.095179e-01 1.501773e+00 -1.053628e+00
      vertex -3.453479e-01 1.505711e+00 -8.052385e-01
    endloop
  endfacet
  facet normal 2.238831e-07 1.000000e+00 3.918063e-09
    outer loop
      vertex -3.626019e-01 -1.494289e+00 1.075202e+00
      vertex -3.780792e-02 -1.494289e+00 8.189515e-01
      vertex -4.218292e-02 -1.494289e+00 1.068942e+00
    endloop
  endfacet
  facet normal 0.000000e+00 -1.000000e+00 0.000000e+00
    outer loop
      vertex -4.218292e-02 1.495711e+00 1.068932e+00
      vertex -1.099279e-01 1.495711e+00 1.279352e+00
      vertex 1.488391e-01 1.495711e+00 1.279852e+00
    endloop
  endfacet
  facet normal -0.000000e+00 -1.000000e+00 0.000000e+00
    outer loop
      vertex 3.982971e-01 1.495711e+00 1.455552e+00
      vertex 1.488391e-01 1.495711e+00 1.279852e+00
      vertex 1.452851e-01 1.495711e+00 1.490422e+00
    endloop
  endfacet
  facet normal 5.530189e-02 -9.967573e-01 -5.845126e-02
    outer loop
      vertex 2.883311e-01 1.495711e+00 1.798102e+00
      vertex 4.216191e-01 1.503150e+00 1.797352e+00
      vertex 1.974511e-01 1.495711e+00 1.712112e+00
    endloop
  endfacet
  facet normal 9.415683e-01 2.380786e-02 3.359796e-01
    outer loop
      vertex 5.567671e-01 -1.410539e+00 -6.180585e-01
      vertex 4.592321e-01 -1.454795e+00 -3.415785e-01
      vertex 4.561471e-01 -1.213398e+00 -3.500385e-01
    endloop
  endfacet
  facet normal 1.759751e-01 -9.682685e-01 -1.774515e-01
    outer loop
      vertex 3.938451e-01 -1.503969e+00 -8.685485e-01
      vertex 5.320411e-01 -1.504289e+00 -7.297585e-01
      vertex 4.926011e-01 -1.475003e+00 -9.286685e-01
    endloop
  endfacet
  facet normal 4.901976e-01 -2.896185e-01 8.220873e-01
    outer loop
      vertex 5.567671e-01 -1.410539e+00 -6.180585e-01
      vertex 5.601701e-01 -1.504289e+00 -6.531085e-01
      vertex 4.290481e-01 -1.504289e+00 -5.749285e-01
    endloop
  endfacet
  facet normal 9.597049e-01 7.707037e-02 2.702345e-01
    outer loop
      vertex 5.571351e-01 1.209294e+00 -6.217585e-01
      vertex 4.621561e-01 1.457988e+00 -3.553785e-01
      vertex 5.265871e-01 1.488355e+00 -5.928585e-01
    endloop
  endfacet
  facet normal 6.710289e-01 -6.717199e-03 7.414008e-01
    outer loop
      vertex 2.885651e-01 6.777056e-01 -1.942885e-01
      vertex 4.462061e-01 6.188416e-01 -3.374985e-01
      vertex 2.834701e-01 4.676686e-01 -1.915785e-01
    endloop
  endfacet
  facet normal -4.701484e-02 1.691016e-01 -9.844766e-01
    outer loop
      vertex -2.390592e-02 1.207451e+00 -1.232685e-01
      vertex 9.543508e-02 1.464403e+00 -8.482848e-02
      vertex -4.394692e-02 1.468913e+00 -7.739848e-02
    endloop
  endfacet
  facet normal 4.701484e-02 -1.691016e-01 9.844766e-01
    outer loop
      vertex -2.390592e-02 1.207451e+00 -1.232685e-01
      vertex -4.394692e-02 1.468913e+00 -7.739848e-02
      vertex 9.543508e-02 1.464403e+00 -8.482848e-02
    endloop
  endfacet
  facet normal -1.960868e-01 -1.839978e-01 9.631692e-01
    outer loop
      vertex -2.390592e-02 1.207451e+00 -1.232685e-01
      vertex -3.627679e-01 1.477480e+00 -1.406685e-01
      vertex -4.394692e-02 1.468913e+00 -7.739848e-02
    endloop
  endfacet
  facet normal 7.143080e-01 2.170804e-02 -6.994947e-01
    outer loop
      vertex 4.811161e-01 9.273736e-01 -9.252185e-01
      vertex 3.396071e-01 6.718476e-01 -1.077658e+00
      vertex 3.628331e-01 4.668856e-01 -1.060298e+00
    endloop
  endfacet
  facet normal 9.363071e-01 4.256559e-02 -3.485934e-01
    outer loop
      vertex 5.532811e-01 -1.149825e+00 -7.259785e-01
      vertex 4.848781e-01 -1.222150e+00 -9.185385e-01
      vertex 4.926011e-01 -1.475003e+00 -9.286685e-01
    endloop
  endfacet
  facet normal -6.733446e-01 2.217028e-02 7.389964e-01
    outer loop
      vertex -3.960869e-01 6.380016e-01 -3.380485e-01
      vertex -2.370929e-01 6.719026e-01 -1.941985e-01
      vertex -2.538669e-01 4.676166e-01 -2.033485e-01
    endloop
  endfacet
  facet normal -5.321556e-01 3.784373e-02 8.458003e-01
    outer loop
      vertex -3.817009e-01 -4.666024e-01 -3.178385e-01
      vertex -3.927979e-01 -2.761594e-01 -3.333385e-01
      vertex -1.451949e-01 -6.446266e-01 -1.610685e-01
    endloop
  endfacet
  facet normal -9.836289e-01 2.036628e-02 -1.790511e-01
    outer loop
      vertex -4.731419e-01 -1.487802e+00 -9.199585e-01
      vertex -5.022829e-01 -1.193213e+00 -7.263585e-01
      vertex -5.079299e-01 -1.485920e+00 -7.286385e-01
    endloop
  endfacet
  facet normal -9.671249e-02 9.952679e-01 -9.413569e-03
    outer loop
      vertex -4.241819e-01 -1.494289e+00 1.537722e+00
      vertex -5.095339e-01 -1.499332e+00 1.881442e+00
      vertex -5.095209e-01 -1.500097e+00 1.800462e+00
    endloop
  endfacet
  facet normal 8.493253e-01 2.851662e-01 4.442148e-01
    outer loop
      vertex 4.953711e-01 -1.503042e+00 -3.797085e-01
      vertex 3.597751e-01 -1.502578e+00 -1.207485e-01
      vertex 4.592321e-01 -1.454795e+00 -3.415785e-01
    endloop
  endfacet
  facet normal 0.000000e+00 -1.000000e+00 0.000000e+00
    outer loop
      vertex -3.193249e-01 -1.504289e+00 1.582915e-01
      vertex -4.100892e-02 -1.504289e+00 1.210615e-01
      vertex -1.088189e-01 -1.504289e+00 -1.206985e-01
    endloop
  endfacet
  facet normal 4.163915e-03 -9.999835e-01 3.973946e-03
    outer loop
      vertex 1.887371e-01 -1.504289e+00 -3.722285e-01
      vertex 3.597751e-01 -1.502578e+00 -1.207485e-01
      vertex 4.953711e-01 -1.503042e+00 -3.797085e-01
    endloop
  endfacet
  facet normal 0.000000e+00 -1.000000e+00 0.000000e+00
    outer loop
      vertex -2.969639e-01 -1.504289e+00 3.493715e-01
      vertex -3.389349e-01 -1.504289e+00 5.328815e-01
      vertex -3.510092e-02 -1.504289e+00 3.498315e-01
    endloop
  endfacet
  facet normal -1.878194e-02 -9.998067e-01 -5.819004e-03
    outer loop
      vertex -3.483699e-01 -1.504289e+00 -7.949685e-01
      vertex -5.095139e-01 -1.501274e+00 -7.928685e-01
      vertex -5.095349e-01 -1.502494e+00 -5.831685e-01
    endloop
  endfacet
  facet normal -2.682428e-02 -9.996402e-01 1.862779e-05
    outer loop
      vertex -5.094669e-01 -1.499187e+00 1.494515e-01
      vertex -3.193249e-01 -1.504289e+00 1.582915e-01
      vertex -5.094669e-01 -1.499192e+00 -1.180585e-01
    endloop
  endfacet
  facet normal -2.675701e-02 -9.996409e-01 -1.429829e-03
    outer loop
      vertex -5.094669e-01 -1.499187e+00 1.494515e-01
      vertex -5.094709e-01 -1.499475e+00 3.505015e-01
      vertex -3.193249e-01 -1.504289e+00 1.582915e-01
    endloop
  endfacet
  facet normal -3.759455e-03 -9.984723e-01 5.512727e-02
    outer loop
      vertex -5.095339e-01 -1.499332e+00 1.881442e+00
      vertex -3.399659e-01 -1.499971e+00 1.881442e+00
      vertex -3.647239e-01 -1.504289e+00 1.801532e+00
    endloop
  endfacet
  facet normal -3.437307e-02 -9.994080e-01 1.424995e-03
    outer loop
      vertex -3.589539e-01 1.495711e+00 3.448315e-01
      vertex -5.094669e-01 1.500609e+00 1.494415e-01
      vertex -5.094709e-01 1.500896e+00 3.505015e-01
    endloop
  endfacet
  facet normal -6.993669e-06 1.000000e+00 -5.509856e-06
    outer loop
      vertex -4.649192e-02 1.505711e+00 5.437515e-01
      vertex -3.036292e-02 1.505710e+00 3.501915e-01
      vertex 9.463708e-02 1.505712e+00 5.377015e-01
    endloop
  endfacet
  facet normal 0.000000e+00 1.000000e+00 -0.000000e+00
    outer loop
      vertex -4.077792e-02 1.505711e+00 1.037692e+00
      vertex 9.210708e-02 1.505711e+00 1.215602e+00
      vertex -4.226592e-02 1.505711e+00 1.216272e+00
    endloop
  endfacet
  facet normal 0.000000e+00 1.000000e+00 -0.000000e+00
    outer loop
      vertex -3.549192e-02 -1.494289e+00 5.376915e-01
      vertex 8.719208e-02 -1.494289e+00 8.189415e-01
      vertex -3.780792e-02 -1.494289e+00 8.189515e-01
    endloop
  endfacet
  facet normal 8.836455e-04 9.990720e-01 4.306286e-02
    outer loop
      vertex 9.880508e-02 1.505711e+00 1.781442e+00
      vertex 3.766231e-01 1.501155e+00 1.881442e+00
      vertex 9.412208e-02 1.501405e+00 1.881442e+00
    endloop
  endfacet
  facet normal 1.592680e-03 9.990480e-01 4.359601e-02
    outer loop
      vertex -4.077792e-02 1.505711e+00 1.787692e+00
      vertex 9.412208e-02 1.501405e+00 1.881442e+00
      vertex -4.077592e-02 1.501620e+00 1.881442e+00
    endloop
  endfacet
  facet normal -2.367404e-08 1.000000e+00 -3.487389e-06
    outer loop
      vertex -3.503269e-01 1.505710e+00 1.516332e+00
      vertex -4.077792e-02 1.505711e+00 1.787692e+00
      vertex -3.296139e-01 1.505711e+00 1.789652e+00
    endloop
  endfacet
  facet normal 2.495707e-08 1.000000e+00 4.093789e-06
    outer loop
      vertex -4.077792e-02 1.505711e+00 1.037692e+00
      vertex -3.298689e-01 1.505711e+00 1.039452e+00
      vertex -3.349489e-01 1.505712e+00 8.065315e-01
    endloop
  endfacet
  facet normal 9.821634e-03 9.999518e-01 1.854558e-04
    outer loop
      vertex 3.857011e-01 1.502770e+00 1.671715e-01
      vertex 9.171008e-02 1.505711e+00 -1.201185e-01
      vertex 4.045841e-01 1.502638e+00 -1.206685e-01
    endloop
  endfacet
  facet normal 5.083228e-01 8.602843e-01 -3.897120e-02
    outer loop
      vertex 4.045841e-01 1.502638e+00 -1.206685e-01
      vertex 3.800791e-01 1.505077e+00 -3.864685e-01
      vertex 4.621561e-01 1.457988e+00 -3.553785e-01
    endloop
  endfacet
  facet normal 7.167014e-02 9.945487e-01 -7.573825e-02
    outer loop
      vertex 1.974511e-01 -1.494289e+00 1.712112e+00
      vertex 4.007081e-01 -1.501718e+00 1.806912e+00
      vertex 2.883311e-01 -1.494289e+00 1.798112e+00
    endloop
  endfacet
  facet normal 0.000000e+00 1.000000e+00 0.000000e+00
    outer loop
      vertex 8.339108e-02 -1.494289e+00 1.063262e+00
      vertex -4.218292e-02 -1.494289e+00 1.068942e+00
      vertex -3.780792e-02 -1.494289e+00 8.189515e-01
    endloop
  endfacet
  facet normal -2.434026e-07 1.000000e+00 -1.267875e-08
    outer loop
      vertex 3.031841e-01 -1.494289e+00 7.859015e-01
      vertex 8.719208e-02 -1.494289e+00 8.189415e-01
      vertex 9.887108e-02 -1.494289e+00 5.212715e-01
    endloop
  endfacet
  facet normal -4.569924e-03 9.974912e-01 7.064268e-02
    outer loop
      vertex -3.931992e-02 -1.494289e+00 1.798102e+00
      vertex 9.422708e-02 -1.499580e+00 1.881442e+00
      vertex -4.077592e-02 -1.500198e+00 1.881442e+00
    endloop
  endfacet
  facet normal 3.759976e-03 9.986109e-01 5.255638e-02
    outer loop
      vertex -5.095339e-01 -1.499332e+00 1.881442e+00
      vertex -4.804069e-01 -1.494289e+00 1.783542e+00
      vertex -3.399659e-01 -1.499971e+00 1.881442e+00
    endloop
  endfacet
  facet normal -6.210465e-07 1.000000e+00 2.720694e-08
    outer loop
      vertex 1.330431e-01 -1.494289e+00 3.298415e-01
      vertex 3.062311e-01 -1.494289e+00 3.466015e-01
      vertex 3.139691e-01 -1.494289e+00 5.232315e-01
    endloop
  endfacet
  facet normal 2.516180e-01 -9.375751e-01 2.400860e-01
    outer loop
      vertex 2.955681e-01 1.473186e+00 -1.214385e-01
      vertex 4.045841e-01 1.502638e+00 -1.206685e-01
      vertex 4.621561e-01 1.457988e+00 -3.553785e-01
    endloop
  endfacet
  facet normal 0.000000e+00 -1.000000e+00 0.000000e+00
    outer loop
      vertex -3.626019e-01 1.495711e+00 1.075222e+00
      vertex -4.218292e-02 1.495711e+00 1.068932e+00
      vertex -3.780792e-02 1.495711e+00 8.189415e-01
    endloop
  endfacet
  facet normal -1.590205e-03 -9.974967e-01 7.069369e-02
    outer loop
      vertex -3.931992e-02 1.495711e+00 1.798102e+00
      vertex -4.077592e-02 1.501620e+00 1.881442e+00
      vertex 9.412208e-02 1.501405e+00 1.881442e+00
    endloop
  endfacet
  facet normal 3.729492e-01 -7.933521e-03 -9.278178e-01
    outer loop
      vertex 3.481961e-01 2.850666e-01 -1.070898e+00
      vertex 3.396071e-01 6.718476e-01 -1.077658e+00
      vertex 7.024508e-02 4.678036e-01 -1.184188e+00
    endloop
  endfacet
  facet normal 9.259162e-01 -2.226408e-02 3.770724e-01
    outer loop
      vertex 4.552351e-01 1.209329e+00 -3.484485e-01
      vertex 5.561051e-01 9.598556e-01 -6.108685e-01
      vertex 4.373181e-01 8.997726e-01 -3.227285e-01
    endloop
  endfacet
  facet normal 2.174921e-01 -2.633114e-03 -9.760585e-01
    outer loop
      vertex 5.532811e-01 -1.149825e+00 -7.259785e-01
      vertex 5.320411e-01 -1.504289e+00 -7.297585e-01
      vertex 5.533771e-01 -1.410539e+00 -7.252585e-01
    endloop
  endfacet
  facet normal -2.174921e-01 2.633114e-03 9.760585e-01
    outer loop
      vertex 5.532811e-01 -1.149825e+00 -7.259785e-01
      vertex 5.533771e-01 -1.410539e+00 -7.252585e-01
      vertex 5.320411e-01 -1.504289e+00 -7.297585e-01
    endloop
  endfacet
  facet normal 9.581858e-01 -4.414919e-04 -2.861465e-01
    outer loop
      vertex 5.532811e-01 -1.149825e+00 -7.259785e-01
      vertex 4.926011e-01 -1.475003e+00 -9.286685e-01
      vertex 5.533771e-01 -1.410539e+00 -7.252585e-01
    endloop
  endfacet
  facet normal -9.396796e-01 -5.810602e-03 -3.420068e-01
    outer loop
      vertex -4.362499e-01 -7.203362e-03 -9.122785e-01
      vertex -5.022859e-01 -2.707034e-01 -7.263585e-01
      vertex -4.310169e-01 -2.904004e-01 -9.218385e-01
    endloop
  endfacet
  facet normal -9.396260e-01 -1.385347e-02 -3.419227e-01
    outer loop
      vertex -4.303989e-01 2.751376e-01 -9.230085e-01
      vertex -4.388959e-01 4.673316e-01 -9.074485e-01
      vertex -5.022859e-01 2.974156e-01 -7.263585e-01
    endloop
  endfacet
  facet normal 9.996786e-01 5.017358e-03 -2.485364e-02
    outer loop
      vertex 5.532771e-01 9.534316e-01 -7.259185e-01
      vertex 5.572331e-01 6.762456e-01 -6.227585e-01
      vertex 5.561051e-01 9.598556e-01 -6.108685e-01
    endloop
  endfacet
  facet normal -7.466292e-01 -1.776953e-02 -6.650031e-01
    outer loop
      vertex -4.308579e-01 -6.817597e-01 -9.221985e-01
      vertex -2.981379e-01 -6.578163e-01 -1.071848e+00
      vertex -3.117519e-01 -4.661184e-01 -1.061688e+00
    endloop
  endfacet
  facet normal 1.847090e-01 -2.679973e-01 9.455475e-01
    outer loop
      vertex 2.955681e-01 1.473186e+00 -1.214385e-01
      vertex 2.841741e-01 1.216745e+00 -1.918885e-01
      vertex 9.543508e-02 1.464403e+00 -8.482848e-02
    endloop
  endfacet
  facet normal -3.059164e-01 8.481944e-03 9.520206e-01
    outer loop
      vertex -1.451949e-01 -6.446266e-01 -1.610685e-01
      vertex -2.354119e-01 -2.821864e-01 -1.932885e-01
      vertex -2.201992e-02 -4.666184e-01 -1.230785e-01
    endloop
  endfacet
  facet normal 7.371437e-01 -5.123111e-03 -6.757166e-01
    outer loop
      vertex 4.811161e-01 9.273736e-01 -9.252185e-01
      vertex 3.474451e-01 9.643776e-01 -1.071328e+00
      vertex 3.396071e-01 6.718476e-01 -1.077658e+00
    endloop
  endfacet
  facet normal 7.763796e-01 -1.952909e-02 -6.299630e-01
    outer loop
      vertex 4.892341e-01 -9.253945e-01 -9.108885e-01
      vertex 4.732581e-01 -6.514014e-01 -9.390685e-01
      vertex 3.721551e-01 -9.803800e-01 -1.053468e+00
    endloop
  endfacet
  facet normal 9.786644e-01 7.574322e-02 -1.909946e-01
    outer loop
      vertex 5.532361e-01 1.211485e+00 -7.263585e-01
      vertex 5.309721e-01 1.491478e+00 -7.294085e-01
      vertex 4.911631e-01 1.490451e+00 -9.337985e-01
    endloop
  endfacet
  facet normal 9.429189e-01 -5.254176e-03 -3.329810e-01
    outer loop
      vertex 5.532811e-01 -1.149825e+00 -7.259785e-01
      vertex 4.892341e-01 -9.253945e-01 -9.108885e-01
      vertex 4.848781e-01 -1.222150e+00 -9.185385e-01
    endloop
  endfacet
endsolid dfki_pipe2_binary_solid_transformed_centered
