solid dfki_pipe2_binary_solid_transformed
  facet normal -7.712933e-01 2.301768e-02 -6.360636e-01
    outer loop
      vertex 6.139058e+00 1.223940e+00 -8.595009e+01
      vertex 6.000810e+00 1.038218e+00 -8.578917e+01
      vertex 6.127776e+00 1.038171e+00 -8.594313e+01
    endloop
  endfacet
  facet normal 6.651391e-01 -6.142540e-04 7.467192e-01
    outer loop
      vertex 6.728653e+00 1.229492e+00 -8.507606e+01
      vertex 6.882705e+00 1.497921e+00 -8.521306e+01
      vertex 6.883306e+00 1.221035e+00 -8.521382e+01
    endloop
  endfacet
  facet normal -5.607933e-01 8.201970e-01 1.130834e-01
    outer loop
      vertex 5.967114e+00 3.146422e-02 -8.526922e+01
      vertex 5.930058e+00 4.897233e-03 -8.526029e+01
      vertex 5.931471e+00 3.606093e-02 -8.547932e+01
    endloop
  endfacet
  facet normal -4.236533e-07 -1.000000e+00 3.413457e-08
    outer loop
      vertex 6.368495e+00 9.999991e-03 -8.472837e+01
      vertex 6.080575e+00 1.000012e-02 -8.453665e+01
      vertex 6.375624e+00 9.999994e-03 -8.455804e+01
    endloop
  endfacet
  facet normal 4.236533e-07 1.000000e+00 -3.413457e-08
    outer loop
      vertex 6.368495e+00 9.999991e-03 -8.472837e+01
      vertex 6.375624e+00 9.999994e-03 -8.455804e+01
      vertex 6.080575e+00 1.000012e-02 -8.453665e+01
    endloop
  endfacet
  facet normal 3.536174e-01 2.692050e-02 -9.350026e-01
    outer loop
      vertex 6.510544e+00 2.452350e+00 -8.606552e+01
      vertex 6.784715e+00 2.711758e+00 -8.595436e+01
      vertex 6.488423e+00 2.665547e+00 -8.606775e+01
    endloop
  endfacet
  facet normal -9.409959e-01 1.938317e-03 -3.384124e-01
    outer loop
      vertex 6.005661e+00 2.706033e+00 -8.579811e+01
      vertex 5.937237e+00 2.716717e+00 -8.560779e+01
      vertex 6.004287e+00 2.478445e+00 -8.579559e+01
    endloop
  endfacet
  facet normal 4.355407e-01 1.807476e-02 -8.999875e-01
    outer loop
      vertex 6.407661e+00 2.149262e+00 -8.500555e+01
      vertex 6.356310e+00 2.433134e+00 -8.502470e+01
      vertex 6.417030e+00 1.970989e+00 -8.500459e+01
    endloop
  endfacet
  facet normal -4.355407e-01 -1.807476e-02 8.999875e-01
    outer loop
      vertex 6.407661e+00 2.149262e+00 -8.500555e+01
      vertex 6.417030e+00 1.970989e+00 -8.500459e+01
      vertex 6.356310e+00 2.433134e+00 -8.502470e+01
    endloop
  endfacet
  facet normal -2.591351e-02 -9.996634e-01 -1.229339e-03
    outer loop
      vertex 6.096860e+00 0.000000e+00 -8.382834e+01
      vertex 6.108049e+00 0.000000e+00 -8.406419e+01
      vertex 5.930048e+00 4.611573e-03 -8.406207e+01
    endloop
  endfacet
  facet normal -7.565689e-01 -1.283644e-03 -6.539127e-01
    outer loop
      vertex 6.003437e+00 2.170861e+00 -8.579401e+01
      vertex 6.135906e+00 2.467104e+00 -8.594785e+01
      vertex 6.004287e+00 2.478445e+00 -8.579559e+01
    endloop
  endfacet
  facet normal 2.959507e-04 9.990492e-01 4.359610e-02
    outer loop
      vertex 6.398750e+00 3.010000e+00 -8.309375e+01
      vertex 6.398752e+00 3.005909e+00 -8.300000e+01
      vertex 6.109914e+00 3.010000e+00 -8.309179e+01
    endloop
  endfacet
  facet normal 1.370023e-08 1.000000e+00 -7.424656e-09
    outer loop
      vertex 6.837824e+00 9.999991e-03 -8.342590e+01
      vertex 6.636979e+00 9.999996e-03 -8.316933e+01
      vertex 6.584813e+00 9.999995e-03 -8.339102e+01
    endloop
  endfacet
  facet normal -3.472361e-02 9.993913e-01 3.362600e-03
    outer loop
      vertex 6.076926e+00 1.000007e-02 -8.380624e+01
      vertex 5.930035e+00 4.217960e-03 -8.360461e+01
      vertex 5.930050e+00 4.843030e-03 -8.379023e+01
    endloop
  endfacet
  facet normal -7.608762e-01 7.859642e-03 -6.488494e-01
    outer loop
      vertex 6.003278e+00 1.497086e+00 -8.579372e+01
      vertex 6.008511e+00 1.213889e+00 -8.580328e+01
      vertex 6.132785e+00 1.488594e+00 -8.594569e+01
    endloop
  endfacet
  facet normal 1.923975e-01 9.671184e-01 1.663284e-01
    outer loop
      vertex 6.152503e+00 2.984690e+00 -8.596718e+01
      vertex 5.967314e+00 2.993638e+00 -8.580499e+01
      vertex 6.067377e+00 3.005993e+00 -8.599258e+01
    endloop
  endfacet
  facet normal -1.923975e-01 -9.671184e-01 -1.663284e-01
    outer loop
      vertex 6.152503e+00 2.984690e+00 -8.596718e+01
      vertex 6.067377e+00 3.005993e+00 -8.599258e+01
      vertex 5.967314e+00 2.993638e+00 -8.580499e+01
    endloop
  endfacet
  facet normal 6.356987e-04 -9.974951e-01 7.073245e-02
    outer loop
      vertex 6.400208e+00 3.000000e+00 -8.308334e+01
      vertex 6.089737e+00 3.005712e+00 -8.300000e+01
      vertex 6.398752e+00 3.005909e+00 -8.300000e+01
    endloop
  endfacet
  facet normal 5.752724e-05 1.000000e+00 -1.333793e-07
    outer loop
      vertex 6.393036e+00 3.010000e+00 -8.433769e+01
      vertex 6.392190e+00 3.010000e+00 -8.470254e+01
      vertex 6.409165e+00 3.009999e+00 -8.453125e+01
    endloop
  endfacet
  facet normal -5.752724e-05 -1.000000e+00 1.333793e-07
    outer loop
      vertex 6.393036e+00 3.010000e+00 -8.433769e+01
      vertex 6.409165e+00 3.009999e+00 -8.453125e+01
      vertex 6.392190e+00 3.010000e+00 -8.470254e+01
    endloop
  endfacet
  facet normal 3.124905e-03 9.999945e-01 -1.136125e-03
    outer loop
      vertex 6.819607e+00 3.009366e+00 -8.526791e+01
      vertex 6.533147e+00 3.010000e+00 -8.549782e+01
      vertex 6.850810e+00 3.009040e+00 -8.546895e+01
    endloop
  endfacet
  facet normal 2.950277e-03 9.625161e-01 -2.712085e-01
    outer loop
      vertex 6.390422e+00 2.995693e+00 -8.604198e+01
      vertex 6.533822e+00 3.008369e+00 -8.599543e+01
      vertex 6.399395e+00 3.008364e+00 -8.599691e+01
    endloop
  endfacet
  facet normal -3.781308e-01 -1.748833e-03 -9.257506e-01
    outer loop
      vertex 6.141390e+00 8.464731e-01 -8.595329e+01
      vertex 6.145109e+00 5.592303e-01 -8.595427e+01
      vertex 6.416701e+00 5.942287e-01 -8.606527e+01
    endloop
  endfacet
  facet normal 1.419650e-01 9.894981e-01 2.718959e-02
    outer loop
      vertex 6.966115e+00 2.992644e+00 -8.547430e+01
      vertex 6.850810e+00 3.009040e+00 -8.546895e+01
      vertex 6.970500e+00 2.995767e+00 -8.561085e+01
    endloop
  endfacet
  facet normal 3.007392e-01 1.727059e-03 9.537048e-01
    outer loop
      vertex 6.721477e+00 2.459658e+00 -8.507216e+01
      vertex 6.504774e+00 2.412293e+00 -8.500374e+01
      vertex 6.723702e+00 2.721034e+00 -8.507333e+01
    endloop
  endfacet
  facet normal -9.986748e-01 -5.146379e-02 -4.643556e-04
    outer loop
      vertex 5.931906e+00 2.971194e+00 -8.547713e+01
      vertex 5.929993e+00 3.008205e+00 -8.546461e+01
      vertex 5.930058e+00 3.005103e+00 -8.526031e+01
    endloop
  endfacet
  facet normal -1.493352e-03 -9.985166e-01 5.442757e-02
    outer loop
      vertex 6.074804e+00 0.000000e+00 -8.307991e+01
      vertex 6.099562e+00 4.318756e-03 -8.300000e+01
      vertex 6.398750e+00 0.000000e+00 -8.307102e+01
    endloop
  endfacet
  facet normal -5.685433e-01 3.958753e-03 8.226438e-01
    outer loop
      vertex 6.811683e+00 5.239094e-01 -8.593491e+01
      vertex 6.710907e+00 6.524482e-01 -8.600518e+01
      vertex 6.798403e+00 8.441334e-01 -8.594563e+01
    endloop
  endfacet
  facet normal 5.685433e-01 -3.958753e-03 -8.226438e-01
    outer loop
      vertex 6.811683e+00 5.239094e-01 -8.593491e+01
      vertex 6.798403e+00 8.441334e-01 -8.594563e+01
      vertex 6.710907e+00 6.524482e-01 -8.600518e+01
    endloop
  endfacet
  facet normal -2.695890e-02 -9.996362e-01 7.664443e-04
    outer loop
      vertex 6.111531e+00 0.000000e+00 -8.526440e+01
      vertex 5.930058e+00 4.897233e-03 -8.526029e+01
      vertex 5.930061e+00 5.097114e-03 -8.499950e+01
    endloop
  endfacet
  facet normal 5.288765e-01 2.897069e-02 8.482043e-01
    outer loop
      vertex 6.621723e+00 8.666068e-01 -8.503861e+01
      vertex 6.883306e+00 1.221035e+00 -8.521382e+01
      vertex 6.875809e+00 1.037353e+00 -8.520287e+01
    endloop
  endfacet
  facet normal 3.676611e-01 -1.720625e-02 -9.298006e-01
    outer loop
      vertex 6.787724e+00 1.789356e+00 -8.595234e+01
      vertex 6.509773e+00 1.972093e+00 -8.606563e+01
      vertex 6.498029e+00 1.783825e+00 -8.606679e+01
    endloop
  endfacet
  facet normal -7.714170e-01 1.457683e-02 -6.361630e-01
    outer loop
      vertex 6.008670e+00 8.225297e-01 -8.580364e+01
      vertex 6.127776e+00 1.038171e+00 -8.594313e+01
      vertex 6.000810e+00 1.038218e+00 -8.578917e+01
    endloop
  endfacet
  facet normal 6.625860e-01 9.633156e-03 7.489238e-01
    outer loop
      vertex 6.885734e+00 2.123131e+00 -8.521894e+01
      vertex 6.729463e+00 1.795980e+00 -8.507648e+01
      vertex 6.722998e+00 1.971958e+00 -8.507302e+01
    endloop
  endfacet
  facet normal -9.964054e-01 -6.775247e-05 8.471367e-02
    outer loop
      vertex 5.933468e+00 1.971859e+00 -8.549926e+01
      vertex 5.932982e+00 1.801055e+00 -8.550511e+01
      vertex 5.932723e+00 2.184290e+00 -8.550785e+01
    endloop
  endfacet
  facet normal 9.964054e-01 6.775247e-05 -8.471367e-02
    outer loop
      vertex 5.933468e+00 1.971859e+00 -8.549926e+01
      vertex 5.932723e+00 2.184290e+00 -8.550785e+01
      vertex 5.932982e+00 1.801055e+00 -8.550511e+01
    endloop
  endfacet
  facet normal -4.804302e-03 9.999081e-01 -1.267752e-02
    outer loop
      vertex 6.067377e+00 3.005993e+00 -8.599258e+01
      vertex 6.094180e+00 3.010000e+00 -8.568668e+01
      vertex 5.930010e+00 3.006062e+00 -8.593507e+01
    endloop
  endfacet
  facet normal 0.000000e+00 1.000000e+00 0.000000e+00
    outer loop
      vertex 6.533147e+00 3.010000e+00 -8.549782e+01
      vertex 6.409167e+00 3.010000e+00 -8.546875e+01
      vertex 6.396145e+00 3.010000e+00 -8.568750e+01
    endloop
  endfacet
  facet normal -3.136358e-01 7.581687e-04 9.495431e-01
    outer loop
      vertex 6.417030e+00 1.970989e+00 -8.500459e+01
      vertex 6.203922e+00 1.787940e+00 -8.507484e+01
      vertex 6.202435e+00 2.176192e+00 -8.507564e+01
    endloop
  endfacet
  facet normal -3.565401e-02 9.993626e-01 1.815659e-03
    outer loop
      vertex 5.930048e+00 4.611573e-03 -8.406207e+01
      vertex 5.930055e+00 5.088155e-03 -8.432425e+01
      vertex 6.067266e+00 1.000011e-02 -8.433345e+01
    endloop
  endfacet
  facet normal 0.000000e+00 1.000000e+00 0.000000e+00
    outer loop
      vertex 6.111531e+00 0.000000e+00 -8.526440e+01
      vertex 6.096047e+00 0.000000e+00 -8.502380e+01
      vertex 6.099979e+00 0.000000e+00 -8.543732e+01
    endloop
  endfacet
  facet normal -0.000000e+00 -1.000000e+00 0.000000e+00
    outer loop
      vertex 6.111531e+00 0.000000e+00 -8.526440e+01
      vertex 6.099979e+00 0.000000e+00 -8.543732e+01
      vertex 6.096047e+00 0.000000e+00 -8.502380e+01
    endloop
  endfacet
  facet normal 4.766211e-01 -4.409367e-01 7.605308e-01
    outer loop
      vertex 6.882705e+00 1.497921e+00 -8.521306e+01
      vertex 6.561684e+00 1.484191e+00 -8.501984e+01
      vertex 6.724893e+00 1.567296e+00 -8.507394e+01
    endloop
  endfacet
  facet normal 9.368671e-01 -1.634402e-02 3.493036e-01
    outer loop
      vertex 6.894763e+00 2.713618e+00 -8.522989e+01
      vertex 6.901684e+00 2.962277e+00 -8.523682e+01
      vertex 6.996663e+00 2.713583e+00 -8.550320e+01
    endloop
  endfacet
  facet normal -9.368671e-01 1.634402e-02 -3.493036e-01
    outer loop
      vertex 6.894763e+00 2.713618e+00 -8.522989e+01
      vertex 6.996663e+00 2.713583e+00 -8.550320e+01
      vertex 6.901684e+00 2.962277e+00 -8.523682e+01
    endloop
  endfacet
  facet normal 9.396389e-01 1.304507e-02 -3.419191e-01
    outer loop
      vertex 6.931228e+00 2.158199e+00 -8.578801e+01
      vertex 6.992805e+00 2.457721e+00 -8.560736e+01
      vertex 6.920644e+00 2.431663e+00 -8.580666e+01
    endloop
  endfacet
  facet normal 2.253112e-07 1.000000e+00 7.696770e-08
    outer loop
      vertex 6.076926e+00 1.000007e-02 -8.380624e+01
      vertex 6.397345e+00 9.999998e-03 -8.381250e+01
      vertex 6.329601e+00 9.999997e-03 -8.360209e+01
    endloop
  endfacet
  facet normal 9.991534e-01 -9.895323e-04 -4.112931e-02
    outer loop
      vertex 6.997128e+00 1.214703e+00 -8.550818e+01
      vertex 6.992889e+00 1.031798e+00 -8.560676e+01
      vertex 6.996917e+00 9.078625e-01 -8.550593e+01
    endloop
  endfacet
  facet normal -7.356274e-01 6.627023e-01 -1.402782e-01
    outer loop
      vertex 5.966386e+00 1.648709e-02 -8.580140e+01
      vertex 5.931598e+00 1.836968e-02 -8.561008e+01
      vertex 5.930014e+00 3.014967e-03 -8.567431e+01
    endloop
  endfacet
  facet normal 0.000000e+00 -1.000000e+00 0.000000e+00
    outer loop
      vertex 6.572571e+00 3.000000e+00 -8.455160e+01
      vertex 6.538400e+00 3.000000e+00 -8.436016e+01
      vertex 6.753497e+00 3.000000e+00 -8.435821e+01
    endloop
  endfacet
  facet normal 0.000000e+00 1.000000e+00 -0.000000e+00
    outer loop
      vertex 6.572571e+00 3.000000e+00 -8.455160e+01
      vertex 6.753497e+00 3.000000e+00 -8.435821e+01
      vertex 6.538400e+00 3.000000e+00 -8.436016e+01
    endloop
  endfacet
  facet normal -4.085767e-02 -9.974298e-01 5.886008e-02
    outer loop
      vertex 6.057317e+00 3.000000e+00 -8.472667e+01
      vertex 6.076760e+00 2.981769e+00 -8.502211e+01
      vertex 5.930061e+00 3.004898e+00 -8.473200e+01
    endloop
  endfacet
  facet normal -9.442945e-01 3.989403e-04 -3.291015e-01
    outer loop
      vertex 6.000117e+00 5.456506e-01 -8.578792e+01
      vertex 5.937159e+00 5.421875e-01 -8.560728e+01
      vertex 5.937245e+00 3.110763e-01 -8.560780e+01
    endloop
  endfacet
  facet normal 3.205467e-01 -3.069777e-03 9.472277e-01
    outer loop
      vertex 6.517238e+00 1.971145e+00 -8.500506e+01
      vertex 6.519612e+00 2.153090e+00 -8.500527e+01
      vertex 6.728093e+00 2.181995e+00 -8.507573e+01
    endloop
  endfacet
  facet normal 7.416002e-01 -3.234755e-03 -6.708342e-01
    outer loop
      vertex 6.922439e+00 1.789423e+00 -8.580341e+01
      vertex 6.787724e+00 1.789356e+00 -8.595234e+01
      vertex 6.784340e+00 1.491340e+00 -8.595464e+01
    endloop
  endfacet
  facet normal 9.303897e-01 -6.427756e-03 3.665155e-01
    outer loop
      vertex 6.996144e+00 6.702251e-01 -8.549766e+01
      vertex 6.884830e+00 5.629334e-01 -8.521697e+01
      vertex 6.886958e+00 8.461738e-01 -8.521741e+01
    endloop
  endfacet
  facet normal -4.020980e-02 9.991908e-01 -1.005326e-03
    outer loop
      vertex 6.914311e+00 6.786075e-03 -8.453754e+01
      vertex 6.841293e+00 4.030365e-03 -8.435594e+01
      vertex 6.813466e+00 2.548599e-03 -8.471568e+01
    endloop
  endfacet
  facet normal 4.020980e-02 -9.991908e-01 1.005326e-03
    outer loop
      vertex 6.914311e+00 6.786075e-03 -8.453754e+01
      vertex 6.813466e+00 2.548599e-03 -8.471568e+01
      vertex 6.841293e+00 4.030365e-03 -8.435594e+01
    endloop
  endfacet
  facet normal 0.000000e+00 -9.976597e-01 6.837562e-02
    outer loop
      vertex 6.400208e+00 3.000000e+00 -8.308334e+01
      vertex 6.191875e+00 3.000000e+00 -8.308334e+01
      vertex 6.089737e+00 3.005712e+00 -8.300000e+01
    endloop
  endfacet
  facet normal -7.608101e-01 3.181451e-03 -6.489667e-01
    outer loop
      vertex 6.003437e+00 2.170861e+00 -8.579401e+01
      vertex 6.132232e+00 2.175215e+00 -8.594498e+01
      vertex 6.135906e+00 2.467104e+00 -8.594785e+01
    endloop
  endfacet
  facet normal -4.003082e-01 7.459214e-02 9.133396e-01
    outer loop
      vertex 6.467572e+00 2.955883e+00 -8.606982e+01
      vertex 6.429779e+00 2.713452e+00 -8.606658e+01
      vertex 6.461357e+00 2.921875e+00 -8.606976e+01
    endloop
  endfacet
  facet normal 4.003082e-01 -7.459214e-02 -9.133396e-01
    outer loop
      vertex 6.467572e+00 2.955883e+00 -8.606982e+01
      vertex 6.461357e+00 2.921875e+00 -8.606976e+01
      vertex 6.429779e+00 2.713452e+00 -8.606658e+01
    endloop
  endfacet
  facet normal -3.970593e-02 -9.992114e-01 -2.414190e-04
    outer loop
      vertex 5.930048e+00 3.005387e+00 -8.406209e+01
      vertex 6.065655e+00 3.000000e+00 -8.406868e+01
      vertex 6.067265e+00 3.000000e+00 -8.433344e+01
    endloop
  endfacet
  facet normal -2.662989e-02 -9.995300e-01 1.518551e-02
    outer loop
      vertex 6.111531e+00 0.000000e+00 -8.526440e+01
      vertex 5.929993e+00 1.794871e-03 -8.546461e+01
      vertex 5.930058e+00 4.897233e-03 -8.526029e+01
    endloop
  endfacet
  facet normal -6.685239e-01 3.532599e-02 7.428512e-01
    outer loop
      vertex 6.212448e+00 2.718277e+00 -8.507018e+01
      vertex 6.187588e+00 2.533070e+00 -8.508375e+01
      vertex 6.038735e+00 2.713825e+00 -8.522630e+01
    endloop
  endfacet
  facet normal -9.955733e-01 -3.274617e-05 -9.398891e-02
    outer loop
      vertex 6.996144e+00 6.702251e-01 -8.549766e+01
      vertex 6.996917e+00 9.078625e-01 -8.550593e+01
      vertex 6.994859e+00 1.031642e+00 -8.548418e+01
    endloop
  endfacet
  facet normal 9.955733e-01 3.274617e-05 9.398891e-02
    outer loop
      vertex 6.996144e+00 6.702251e-01 -8.549766e+01
      vertex 6.994859e+00 1.031642e+00 -8.548418e+01
      vertex 6.996917e+00 9.078625e-01 -8.550593e+01
    endloop
  endfacet
  facet normal 4.470355e-09 1.000000e+00 1.972721e-07
    outer loop
      vertex 6.015346e+00 1.000005e-02 -8.334372e+01
      vertex 6.400208e+00 9.999997e-03 -8.308334e+01
      vertex 6.191875e+00 9.999998e-03 -8.308334e+01
    endloop
  endfacet
  facet normal -6.648158e-01 -2.079317e-03 7.470044e-01
    outer loop
      vertex 6.046730e+00 1.228130e+00 -8.521478e+01
      vertex 6.048483e+00 1.498185e+00 -8.521247e+01
      vertex 6.204116e+00 1.222103e+00 -8.507473e+01
    endloop
  endfacet
  facet normal -3.730275e-01 5.969142e-03 -9.278011e-01
    outer loop
      vertex 6.428012e+00 1.203009e+00 -8.606640e+01
      vertex 6.139058e+00 1.223940e+00 -8.595009e+01
      vertex 6.424250e+00 1.027219e+00 -8.606602e+01
    endloop
  endfacet
  facet normal 3.352777e-02 -9.994373e-01 -9.518996e-04
    outer loop
      vertex 6.861147e+00 3.007439e+00 -8.308409e+01
      vertex 6.842031e+00 3.007061e+00 -8.336063e+01
      vertex 6.636979e+00 3.000000e+00 -8.316933e+01
    endloop
  endfacet
  facet normal 7.596324e-04 9.974948e-01 7.073603e-02
    outer loop
      vertex 6.099562e+00 4.318756e-03 -8.300000e+01
      vertex 6.400208e+00 9.999997e-03 -8.308334e+01
      vertex 6.398752e+00 4.090911e-03 -8.300000e+01
    endloop
  endfacet
  facet normal 1.192646e-08 1.000000e+00 4.411579e-06
    outer loop
      vertex 6.118240e+00 3.009999e+00 -8.547057e+01
      vertex 6.094180e+00 3.010000e+00 -8.568668e+01
      vertex 6.396145e+00 3.010000e+00 -8.568750e+01
    endloop
  endfacet
  facet normal 6.796741e-01 -3.980534e-03 7.335034e-01
    outer loop
      vertex 6.884830e+00 5.629334e-01 -8.521697e+01
      vertex 6.739317e+00 6.065060e-01 -8.508190e+01
      vertex 6.886958e+00 8.461738e-01 -8.521741e+01
    endloop
  endfacet
  facet normal 8.693976e-01 5.006968e-05 -4.941132e-01
    outer loop
      vertex 6.912786e+00 8.528880e-01 -8.582051e+01
      vertex 6.922809e+00 1.036779e+00 -8.580286e+01
      vertex 6.920357e+00 1.222209e+00 -8.580715e+01
    endloop
  endfacet
  facet normal -8.693976e-01 -5.006968e-05 4.941132e-01
    outer loop
      vertex 6.912786e+00 8.528880e-01 -8.582051e+01
      vertex 6.920357e+00 1.222209e+00 -8.580715e+01
      vertex 6.922809e+00 1.036779e+00 -8.580286e+01
    endloop
  endfacet
  facet normal 1.375246e-02 9.999050e-01 -8.675939e-04
    outer loop
      vertex 6.842766e+00 3.006473e+00 -8.381942e+01
      vertex 6.569519e+00 3.010001e+00 -8.408483e+01
      vertex 6.846358e+00 3.006231e+00 -8.404138e+01
    endloop
  endfacet
  facet normal -1.375246e-02 -9.999050e-01 8.675939e-04
    outer loop
      vertex 6.842766e+00 3.006473e+00 -8.381942e+01
      vertex 6.846358e+00 3.006231e+00 -8.404138e+01
      vertex 6.569519e+00 3.010001e+00 -8.408483e+01
    endloop
  endfacet
  facet normal -2.833494e-02 9.995981e-01 7.633141e-04
    outer loop
      vertex 5.930058e+00 3.005103e+00 -8.526031e+01
      vertex 6.109282e+00 3.010001e+00 -8.502130e+01
      vertex 5.930061e+00 3.004904e+00 -8.499950e+01
    endloop
  endfacet
  facet normal 9.964136e-01 1.615570e-05 -8.461592e-02
    outer loop
      vertex 5.933366e+00 1.038131e+00 -8.550027e+01
      vertex 5.932775e+00 1.233232e+00 -8.550719e+01
      vertex 5.932880e+00 8.369896e-01 -8.550603e+01
    endloop
  endfacet
  facet normal -9.964136e-01 -1.615570e-05 8.461592e-02
    outer loop
      vertex 5.933366e+00 1.038131e+00 -8.550027e+01
      vertex 5.932880e+00 8.369896e-01 -8.550603e+01
      vertex 5.932775e+00 1.233232e+00 -8.550719e+01
    endloop
  endfacet
  facet normal -8.839817e-04 -9.994527e-01 3.306893e-02
    outer loop
      vertex 6.533650e+00 3.005694e+00 -8.300000e+01
      vertex 6.816151e+00 3.005444e+00 -8.300000e+01
      vertex 6.636979e+00 3.000000e+00 -8.316933e+01
    endloop
  endfacet
  facet normal -9.998254e-01 1.868626e-02 -1.669590e-05
    outer loop
      vertex 5.930035e+00 4.217960e-03 -8.360461e+01
      vertex 5.930050e+00 4.843030e-03 -8.379023e+01
      vertex 5.930041e+00 4.739335e-03 -8.336374e+01
    endloop
  endfacet
  facet normal 9.998254e-01 -1.868626e-02 1.669590e-05
    outer loop
      vertex 5.930035e+00 4.217960e-03 -8.360461e+01
      vertex 5.930041e+00 4.739335e-03 -8.336374e+01
      vertex 5.930050e+00 4.843030e-03 -8.379023e+01
    endloop
  endfacet
  facet normal 9.412840e-01 6.803579e-05 -3.376158e-01
    outer loop
      vertex 6.992802e+00 2.185662e+00 -8.560760e+01
      vertex 6.922742e+00 1.970951e+00 -8.580297e+01
      vertex 6.992757e+00 1.790179e+00 -8.560780e+01
    endloop
  endfacet
  facet normal 8.382919e-03 -9.999526e-01 -4.940772e-03
    outer loop
      vertex 6.851110e+00 4.107630e-03 -8.336694e+01
      vertex 6.538333e+00 0.000000e+00 -8.306629e+01
      vertex 6.840236e+00 2.571663e-03 -8.307453e+01
    endloop
  endfacet
  facet normal 9.835624e-02 9.921685e-01 7.699196e-02
    outer loop
      vertex 6.837824e+00 9.999991e-03 -8.342590e+01
      vertex 6.851110e+00 4.107630e-03 -8.336694e+01
      vertex 6.636979e+00 9.999996e-03 -8.316933e+01
    endloop
  endfacet
  facet normal -1.670743e-10 1.000000e+00 -1.034405e-08
    outer loop
      vertex 6.560272e+00 9.999991e-03 -8.473147e+01
      vertex 6.572571e+00 9.999993e-03 -8.455160e+01
      vertex 6.368495e+00 9.999991e-03 -8.472837e+01
    endloop
  endfacet
  facet normal -3.873872e-01 -2.300792e-02 -9.216300e-01
    outer loop
      vertex 6.435444e+00 2.203206e+00 -8.606717e+01
      vertex 6.413692e+00 2.481429e+00 -8.606497e+01
      vertex 6.135906e+00 2.467104e+00 -8.594785e+01
    endloop
  endfacet
  facet normal -2.589080e-02 -9.996645e-01 6.788416e-04
    outer loop
      vertex 6.108049e+00 0.000000e+00 -8.406419e+01
      vertex 6.100593e+00 0.000000e+00 -8.434856e+01
      vertex 5.930048e+00 4.611573e-03 -8.406207e+01
    endloop
  endfacet
  facet normal 0.000000e+00 -1.000000e+00 0.000000e+00
    outer loop
      vertex 6.404036e+00 3.000000e+00 -8.434375e+01
      vertex 6.065655e+00 3.000000e+00 -8.406868e+01
      vertex 6.401720e+00 3.000000e+00 -8.406250e+01
    endloop
  endfacet
  facet normal -9.438649e-01 8.053477e-05 -3.303319e-01
    outer loop
      vertex 5.937242e+00 1.801705e+00 -8.560780e+01
      vertex 6.000632e+00 1.971621e+00 -8.578889e+01
      vertex 5.937203e+00 2.188377e+00 -8.560760e+01
    endloop
  endfacet
  facet normal -2.601831e-02 9.996605e-01 -1.426500e-03
    outer loop
      vertex 6.115145e+00 3.009999e+00 -8.453316e+01
      vertex 5.930057e+00 3.005185e+00 -8.453094e+01
      vertex 5.930061e+00 3.004898e+00 -8.473200e+01
    endloop
  endfacet
  facet normal -3.708532e-06 1.000000e+00 6.283173e-06
    outer loop
      vertex 6.109282e+00 3.010001e+00 -8.502130e+01
      vertex 6.392190e+00 3.010000e+00 -8.470254e+01
      vertex 6.118139e+00 3.009999e+00 -8.471251e+01
    endloop
  endfacet
  facet normal 3.672987e-01 7.422278e-03 -9.300734e-01
    outer loop
      vertex 6.787724e+00 1.789356e+00 -8.595234e+01
      vertex 6.498029e+00 1.783825e+00 -8.606679e+01
      vertex 6.505252e+00 1.512446e+00 -8.606610e+01
    endloop
  endfacet
  facet normal 7.551743e-01 -2.260973e-02 -6.551339e-01
    outer loop
      vertex 6.787724e+00 1.789356e+00 -8.595234e+01
      vertex 6.922742e+00 1.970951e+00 -8.580297e+01
      vertex 6.802361e+00 1.971175e+00 -8.594174e+01
    endloop
  endfacet
  facet normal -9.993590e-01 2.955573e-03 -3.567839e-02
    outer loop
      vertex 5.937156e+00 1.507397e+00 -8.560719e+01
      vertex 5.933323e+00 1.494008e+00 -8.550093e+01
      vertex 5.932775e+00 1.233232e+00 -8.550719e+01
    endloop
  endfacet
  facet normal 7.623884e-01 -4.734662e-03 6.471024e-01
    outer loop
      vertex 6.875809e+00 1.037353e+00 -8.520287e+01
      vertex 6.886958e+00 8.461738e-01 -8.521741e+01
      vertex 6.884830e+00 5.629334e-01 -8.521697e+01
    endloop
  endfacet
  facet normal -7.623884e-01 4.734662e-03 -6.471024e-01
    outer loop
      vertex 6.875809e+00 1.037353e+00 -8.520287e+01
      vertex 6.884830e+00 5.629334e-01 -8.521697e+01
      vertex 6.886958e+00 8.461738e-01 -8.521741e+01
    endloop
  endfacet
  facet normal 0.000000e+00 1.000000e+00 0.000000e+00
    outer loop
      vertex 6.536213e+00 0.000000e+00 -8.435839e+01
      vertex 6.534230e+00 0.000000e+00 -8.473167e+01
      vertex 6.618696e+00 0.000000e+00 -8.453735e+01
    endloop
  endfacet
  facet normal 0.000000e+00 -1.000000e+00 -0.000000e+00
    outer loop
      vertex 6.536213e+00 0.000000e+00 -8.435839e+01
      vertex 6.618696e+00 0.000000e+00 -8.453735e+01
      vertex 6.534230e+00 0.000000e+00 -8.473167e+01
    endloop
  endfacet
  facet normal -9.408809e-01 -7.845169e-03 -3.386468e-01
    outer loop
      vertex 6.000117e+00 5.456506e-01 -8.578792e+01
      vertex 5.937245e+00 3.110763e-01 -8.560780e+01
      vertex 6.006504e+00 2.841592e-01 -8.579961e+01
    endloop
  endfacet
  facet normal -8.179421e-01 -8.287651e-04 5.752999e-01
    outer loop
      vertex 6.057827e+00 1.037687e+00 -8.519928e+01
      vertex 6.048750e+00 8.393320e-01 -8.521247e+01
      vertex 6.046730e+00 1.228130e+00 -8.521478e+01
    endloop
  endfacet
  facet normal 8.179421e-01 8.287651e-04 -5.752999e-01
    outer loop
      vertex 6.057827e+00 1.037687e+00 -8.519928e+01
      vertex 6.046730e+00 1.228130e+00 -8.521478e+01
      vertex 6.048750e+00 8.393320e-01 -8.521247e+01
    endloop
  endfacet
  facet normal 9.448568e-01 -1.720125e-04 -3.274837e-01
    outer loop
      vertex 6.992798e+00 6.718750e-01 -8.560762e+01
      vertex 6.928762e+00 5.788949e-01 -8.579233e+01
      vertex 6.992809e+00 3.544644e-01 -8.560742e+01
    endloop
  endfacet
  facet normal -9.885644e-01 -1.110600e-04 1.507994e-01
    outer loop
      vertex 6.992798e+00 6.718750e-01 -8.560762e+01
      vertex 6.992738e+00 9.062500e-01 -8.560784e+01
      vertex 6.992889e+00 1.031798e+00 -8.560676e+01
    endloop
  endfacet
  facet normal 9.885644e-01 1.110600e-04 -1.507994e-01
    outer loop
      vertex 6.992798e+00 6.718750e-01 -8.560762e+01
      vertex 6.992889e+00 1.031798e+00 -8.560676e+01
      vertex 6.992738e+00 9.062500e-01 -8.560784e+01
    endloop
  endfacet
  facet normal 9.408197e-01 -1.610837e-03 -3.389037e-01
    outer loop
      vertex 6.920644e+00 2.431663e+00 -8.580666e+01
      vertex 6.992764e+00 2.715774e+00 -8.560780e+01
      vertex 6.921985e+00 2.711067e+00 -8.580427e+01
    endloop
  endfacet
  facet normal -7.358798e-01 -1.049014e-02 -6.770309e-01
    outer loop
      vertex 6.009129e+00 1.779427e+00 -8.580445e+01
      vertex 6.003278e+00 1.497086e+00 -8.579372e+01
      vertex 6.150302e+00 1.791146e+00 -8.595808e+01
    endloop
  endfacet
  facet normal 7.358798e-01 1.049014e-02 6.770309e-01
    outer loop
      vertex 6.009129e+00 1.779427e+00 -8.580445e+01
      vertex 6.150302e+00 1.791146e+00 -8.595808e+01
      vertex 6.003278e+00 1.497086e+00 -8.579372e+01
    endloop
  endfacet
  facet normal -4.164320e-06 1.000000e+00 4.185159e-06
    outer loop
      vertex 6.109659e+00 3.010000e+00 -8.384199e+01
      vertex 6.074615e+00 3.009999e+00 -8.364899e+01
      vertex 6.104579e+00 3.010001e+00 -8.407491e+01
    endloop
  endfacet
  facet normal 4.164320e-06 -1.000000e+00 -4.185159e-06
    outer loop
      vertex 6.109659e+00 3.010000e+00 -8.384199e+01
      vertex 6.104579e+00 3.010001e+00 -8.407491e+01
      vertex 6.074615e+00 3.009999e+00 -8.364899e+01
    endloop
  endfacet
  facet normal -2.882665e-02 -9.995841e-01 8.512842e-04
    outer loop
      vertex 6.096860e+00 0.000000e+00 -8.382834e+01
      vertex 5.930048e+00 4.611573e-03 -8.406207e+01
      vertex 5.930050e+00 4.843030e-03 -8.379023e+01
    endloop
  endfacet
  facet normal -3.155671e-05 -1.000000e+00 -8.996657e-07
    outer loop
      vertex 6.118240e+00 3.009999e+00 -8.547057e+01
      vertex 6.094180e+00 3.010000e+00 -8.568668e+01
      vertex 6.112922e+00 3.009999e+00 -8.528405e+01
    endloop
  endfacet
  facet normal 3.155671e-05 1.000000e+00 8.996657e-07
    outer loop
      vertex 6.118240e+00 3.009999e+00 -8.547057e+01
      vertex 6.112922e+00 3.009999e+00 -8.528405e+01
      vertex 6.094180e+00 3.010000e+00 -8.568668e+01
    endloop
  endfacet
  facet normal -9.990776e-01 4.294129e-02 -3.349208e-04
    outer loop
      vertex 5.929993e+00 1.794871e-03 -8.546461e+01
      vertex 5.931471e+00 3.606093e-02 -8.547932e+01
      vertex 5.930058e+00 4.897233e-03 -8.526029e+01
    endloop
  endfacet
  facet normal -7.566178e-01 -2.664576e-03 -6.538520e-01
    outer loop
      vertex 6.005661e+00 2.706033e+00 -8.579811e+01
      vertex 6.004287e+00 2.478445e+00 -8.579559e+01
      vertex 6.135906e+00 2.467104e+00 -8.594785e+01
    endloop
  endfacet
  facet normal 2.606580e-01 -9.652718e-01 1.754241e-02
    outer loop
      vertex 6.825229e+00 3.007059e+00 -8.471427e+01
      vertex 6.844112e+00 3.006927e+00 -8.500211e+01
      vertex 6.735096e+00 2.977475e+00 -8.500288e+01
    endloop
  endfacet
  facet normal -9.425370e-01 -4.179928e-04 -3.341013e-01
    outer loop
      vertex 6.003278e+00 1.497086e+00 -8.579372e+01
      vertex 5.937242e+00 1.801705e+00 -8.560780e+01
      vertex 5.937156e+00 1.507397e+00 -8.560719e+01
    endloop
  endfacet
  facet normal -9.989930e-01 3.505143e-06 -4.486724e-02
    outer loop
      vertex 5.937193e+00 2.459527e+00 -8.560735e+01
      vertex 5.932723e+00 2.184290e+00 -8.550785e+01
      vertex 5.937203e+00 2.188377e+00 -8.560760e+01
    endloop
  endfacet
  facet normal -3.000196e-01 -3.185485e-01 8.991747e-01
    outer loop
      vertex 6.415622e+00 2.711740e+00 -8.500471e+01
      vertex 6.212448e+00 2.718277e+00 -8.507018e+01
      vertex 6.076760e+00 2.981769e+00 -8.502211e+01
    endloop
  endfacet
  facet normal 3.000196e-01 3.185485e-01 -8.991747e-01
    outer loop
      vertex 6.415622e+00 2.711740e+00 -8.500471e+01
      vertex 6.076760e+00 2.981769e+00 -8.502211e+01
      vertex 6.212448e+00 2.718277e+00 -8.507018e+01
    endloop
  endfacet
  facet normal 9.424529e-01 -4.163754e-04 -3.343387e-01
    outer loop
      vertex 6.924472e+00 1.499378e+00 -8.579993e+01
      vertex 6.992844e+00 1.497596e+00 -8.560719e+01
      vertex 6.992757e+00 1.790179e+00 -8.560780e+01
    endloop
  endfacet
  facet normal -3.130448e-01 1.013330e-03 9.497378e-01
    outer loop
      vertex 6.418114e+00 1.489134e+00 -8.500448e+01
      vertex 6.417121e+00 1.218045e+00 -8.500452e+01
      vertex 6.204116e+00 1.222103e+00 -8.507473e+01
    endloop
  endfacet
  facet normal 0.000000e+00 1.000000e+00 0.000000e+00
    outer loop
      vertex 6.536818e+00 3.010000e+00 -8.576818e+01
      vertex 6.533147e+00 3.010000e+00 -8.549782e+01
      vertex 6.396145e+00 3.010000e+00 -8.568750e+01
    endloop
  endfacet
  facet normal -5.601052e-01 -8.284212e-01 -6.262002e-04
    outer loop
      vertex 5.968472e+00 2.979133e+00 -8.526286e+01
      vertex 5.930058e+00 3.005103e+00 -8.526031e+01
      vertex 5.930061e+00 3.004904e+00 -8.499950e+01
    endloop
  endfacet
  facet normal 3.710735e-01 2.965641e-03 -9.285988e-01
    outer loop
      vertex 6.787724e+00 1.789356e+00 -8.595234e+01
      vertex 6.505252e+00 1.512446e+00 -8.606610e+01
      vertex 6.784340e+00 1.491340e+00 -8.595464e+01
    endloop
  endfacet
  facet normal 0.000000e+00 1.000000e+00 -0.000000e+00
    outer loop
      vertex 6.403522e+00 3.010000e+00 -8.407162e+01
      vertex 6.531635e+00 3.010000e+00 -8.366584e+01
      vertex 6.398750e+00 3.010000e+00 -8.384375e+01
    endloop
  endfacet
  facet normal -5.479796e-06 1.000000e+00 3.333138e-06
    outer loop
      vertex 6.403522e+00 3.010000e+00 -8.407162e+01
      vertex 6.569519e+00 3.010001e+00 -8.408483e+01
      vertex 6.538333e+00 3.010000e+00 -8.384998e+01
    endloop
  endfacet
  facet normal -0.000000e+00 -1.000000e+00 0.000000e+00
    outer loop
      vertex 6.745759e+00 3.000000e+00 -8.453484e+01
      vertex 6.572571e+00 3.000000e+00 -8.455160e+01
      vertex 6.753497e+00 3.000000e+00 -8.435821e+01
    endloop
  endfacet
  facet normal 0.000000e+00 -1.000000e+00 0.000000e+00
    outer loop
      vertex 6.837825e+00 3.000000e+00 -8.342589e+01
      vertex 6.828632e+00 3.000000e+00 -8.359867e+01
      vertex 6.588367e+00 3.000000e+00 -8.360159e+01
    endloop
  endfacet
  facet normal -0.000000e+00 1.000000e+00 0.000000e+00
    outer loop
      vertex 6.115145e+00 3.009999e+00 -8.453316e+01
      vertex 6.118139e+00 3.009999e+00 -8.471251e+01
      vertex 6.119993e+00 3.009999e+00 -8.434479e+01
    endloop
  endfacet
  facet normal 0.000000e+00 -1.000000e+00 0.000000e+00
    outer loop
      vertex 6.115145e+00 3.009999e+00 -8.453316e+01
      vertex 6.119993e+00 3.009999e+00 -8.434479e+01
      vertex 6.118139e+00 3.009999e+00 -8.471251e+01
    endloop
  endfacet
  facet normal 0.000000e+00 -1.000000e+00 0.000000e+00
    outer loop
      vertex 6.398750e+00 0.000000e+00 -8.361530e+01
      vertex 6.534165e+00 0.000000e+00 -8.361530e+01
      vertex 6.528904e+00 0.000000e+00 -8.380310e+01
    endloop
  endfacet
  facet normal 0.000000e+00 -1.000000e+00 0.000000e+00
    outer loop
      vertex 6.394342e+00 0.000000e+00 -8.380195e+01
      vertex 6.084633e+00 0.000000e+00 -8.363425e+01
      vertex 6.398750e+00 0.000000e+00 -8.361530e+01
    endloop
  endfacet
  facet normal 7.660194e-02 -9.940084e-01 7.797009e-02
    outer loop
      vertex 6.825229e+00 3.007059e+00 -8.471427e+01
      vertex 6.735096e+00 2.977475e+00 -8.500288e+01
      vertex 6.739305e+00 3.000000e+00 -8.471985e+01
    endloop
  endfacet
  facet normal -2.557670e-02 9.996725e-01 8.922545e-04
    outer loop
      vertex 6.916351e+00 3.004364e+00 -8.453418e+01
      vertex 6.745759e+00 3.000000e+00 -8.453484e+01
      vertex 6.739305e+00 3.000000e+00 -8.471985e+01
    endloop
  endfacet
  facet normal 2.557670e-02 -9.996725e-01 -8.922545e-04
    outer loop
      vertex 6.916351e+00 3.004364e+00 -8.453418e+01
      vertex 6.739305e+00 3.000000e+00 -8.471985e+01
      vertex 6.745759e+00 3.000000e+00 -8.453484e+01
    endloop
  endfacet
  facet normal 1.295891e-02 -9.999160e-01 -1.923401e-04
    outer loop
      vertex 6.851110e+00 4.107630e-03 -8.336694e+01
      vertex 6.851565e+00 4.160791e-03 -8.361266e+01
      vertex 6.534165e+00 0.000000e+00 -8.336683e+01
    endloop
  endfacet
  facet normal -3.013879e-01 4.101891e-02 -9.526189e-01
    outer loop
      vertex 6.390422e+00 2.995693e+00 -8.604198e+01
      vertex 6.152503e+00 2.984690e+00 -8.596718e+01
      vertex 6.429779e+00 2.713452e+00 -8.606658e+01
    endloop
  endfacet
  facet normal -3.397454e-08 1.000000e+00 2.233369e-07
    outer loop
      vertex 6.015346e+00 1.000005e-02 -8.334372e+01
      vertex 6.191875e+00 9.999998e-03 -8.308334e+01
      vertex 5.959121e+00 9.999993e-03 -8.309790e+01
    endloop
  endfacet
  facet normal 6.525077e-01 2.515647e-02 7.573644e-01
    outer loop
      vertex 6.894763e+00 2.713618e+00 -8.522989e+01
      vertex 6.876846e+00 2.404062e+00 -8.520417e+01
      vertex 6.721477e+00 2.459658e+00 -8.507216e+01
    endloop
  endfacet
  facet normal -6.263195e-01 -2.413915e-01 -7.412518e-01
    outer loop
      vertex 6.327881e+00 3.820960e-04 -8.595765e+01
      vertex 6.460625e+00 0.000000e+00 -8.606969e+01
      vertex 6.421272e+00 8.990113e-02 -8.606571e+01
    endloop
  endfacet
  facet normal 1.260489e-01 -9.871042e-01 9.867577e-02
    outer loop
      vertex 6.837825e+00 3.000000e+00 -8.342589e+01
      vertex 6.636979e+00 3.000000e+00 -8.316933e+01
      vertex 6.842031e+00 3.007061e+00 -8.336063e+01
    endloop
  endfacet
  facet normal -9.999931e-01 -3.527094e-03 -1.193974e-03
    outer loop
      vertex 5.931906e+00 2.971194e+00 -8.547713e+01
      vertex 5.932827e+00 2.720206e+00 -8.550687e+01
      vertex 5.931999e+00 2.990284e+00 -8.561140e+01
    endloop
  endfacet
  facet normal 8.661667e-03 2.612208e-01 9.652402e-01
    outer loop
      vertex 6.614472e+00 2.972194e-01 -8.503684e+01
      vertex 6.535489e+00 4.208373e-02 -8.496709e+01
      vertex 6.394010e+00 4.139040e-02 -8.496563e+01
    endloop
  endfacet
  facet normal 9.955415e-01 -1.209113e-05 9.432375e-02
    outer loop
      vertex 6.996761e+00 2.180535e+00 -8.550420e+01
      vertex 6.996965e+00 1.783750e+00 -8.550641e+01
      vertex 6.994237e+00 1.968312e+00 -8.547759e+01
    endloop
  endfacet
  facet normal -9.955415e-01 1.209113e-05 -9.432375e-02
    outer loop
      vertex 6.996761e+00 2.180535e+00 -8.550420e+01
      vertex 6.994237e+00 1.968312e+00 -8.547759e+01
      vertex 6.996965e+00 1.783750e+00 -8.550641e+01
    endloop
  endfacet
  facet normal 1.093218e-03 -9.999992e-01 -6.408427e-04
    outer loop
      vertex 6.634053e+00 2.628237e-04 -8.600031e+01
      vertex 6.545311e+00 0.000000e+00 -8.574158e+01
      vertex 6.833373e+00 3.203078e-04 -8.574999e+01
    endloop
  endfacet
  facet normal 3.133176e-01 -7.574277e-03 9.496182e-01
    outer loop
      vertex 6.510917e+00 1.795760e+00 -8.500437e+01
      vertex 6.517238e+00 1.971145e+00 -8.500506e+01
      vertex 6.729463e+00 1.795980e+00 -8.507648e+01
    endloop
  endfacet
  facet normal 0.000000e+00 1.000000e+00 -0.000000e+00
    outer loop
      vertex 6.531238e+00 3.010000e+00 -8.500156e+01
      vertex 6.533569e+00 3.010000e+00 -8.470893e+01
      vertex 6.404205e+00 3.010000e+00 -8.501935e+01
    endloop
  endfacet
  facet normal 9.990392e-01 -2.106503e-04 -4.382581e-02
    outer loop
      vertex 6.997128e+00 1.214703e+00 -8.550818e+01
      vertex 6.992844e+00 1.497596e+00 -8.560719e+01
      vertex 6.992759e+00 1.222039e+00 -8.560780e+01
    endloop
  endfacet
  facet normal -4.148781e-02 9.991379e-01 1.502559e-03
    outer loop
      vertex 6.861147e+00 3.007439e+00 -8.308409e+01
      vertex 6.816151e+00 3.005444e+00 -8.300000e+01
      vertex 6.842031e+00 3.007061e+00 -8.336063e+01
    endloop
  endfacet
  facet normal 4.148781e-02 -9.991379e-01 -1.502559e-03
    outer loop
      vertex 6.861147e+00 3.007439e+00 -8.308409e+01
      vertex 6.842031e+00 3.007061e+00 -8.336063e+01
      vertex 6.816151e+00 3.005444e+00 -8.300000e+01
    endloop
  endfacet
  facet normal -7.382746e-01 6.024281e-02 -6.718045e-01
    outer loop
      vertex 6.152390e+00 2.922843e-01 -8.595920e+01
      vertex 6.006504e+00 2.841592e-01 -8.579961e+01
      vertex 6.136039e+00 3.013222e-02 -8.596474e+01
    endloop
  endfacet
  facet normal -5.950028e-08 1.000000e+00 1.109827e-07
    outer loop
      vertex 6.837824e+00 9.999991e-03 -8.342590e+01
      vertex 6.588367e+00 9.999996e-03 -8.360160e+01
      vertex 6.828632e+00 1.000001e-02 -8.359866e+01
    endloop
  endfacet
  facet normal 2.381617e-07 1.000000e+00 5.266505e-06
    outer loop
      vertex 6.608798e+00 3.009999e+00 -8.453125e+01
      vertex 6.392190e+00 3.010000e+00 -8.470254e+01
      vertex 6.533569e+00 3.010000e+00 -8.470893e+01
    endloop
  endfacet
  facet normal -2.381617e-07 -1.000000e+00 -5.266505e-06
    outer loop
      vertex 6.608798e+00 3.009999e+00 -8.453125e+01
      vertex 6.533569e+00 3.010000e+00 -8.470893e+01
      vertex 6.392190e+00 3.010000e+00 -8.470254e+01
    endloop
  endfacet
  facet normal 7.380807e-01 2.241675e-03 -6.747087e-01
    outer loop
      vertex 6.920644e+00 2.431663e+00 -8.580666e+01
      vertex 6.921985e+00 2.711067e+00 -8.580427e+01
      vertex 6.786973e+00 2.468667e+00 -8.595277e+01
    endloop
  endfacet
  facet normal 1.619994e-01 -9.830238e-01 8.614165e-02
    outer loop
      vertex 6.136039e+00 3.013222e-02 -8.596474e+01
      vertex 6.000176e+00 5.710688e-03 -8.598792e+01
      vertex 5.966386e+00 1.648709e-02 -8.580140e+01
    endloop
  endfacet
  facet normal -1.619994e-01 9.830238e-01 -8.614165e-02
    outer loop
      vertex 6.136039e+00 3.013222e-02 -8.596474e+01
      vertex 5.966386e+00 1.648709e-02 -8.580140e+01
      vertex 6.000176e+00 5.710688e-03 -8.598792e+01
    endloop
  endfacet
  facet normal -7.340873e-01 -4.176505e-02 -6.777695e-01
    outer loop
      vertex 6.009129e+00 1.779427e+00 -8.580445e+01
      vertex 6.150302e+00 1.791146e+00 -8.595808e+01
      vertex 6.122427e+00 1.971813e+00 -8.593902e+01
    endloop
  endfacet
  facet normal 0.000000e+00 -1.000000e+00 0.000000e+00
    outer loop
      vertex 6.386001e+00 0.000000e+00 -8.547517e+01
      vertex 6.099979e+00 0.000000e+00 -8.543732e+01
      vertex 6.397750e+00 0.000000e+00 -8.527026e+01
    endloop
  endfacet
  facet normal 0.000000e+00 -1.000000e+00 0.000000e+00
    outer loop
      vertex 6.074804e+00 0.000000e+00 -8.307991e+01
      vertex 6.398750e+00 0.000000e+00 -8.336684e+01
      vertex 6.079106e+00 0.000000e+00 -8.335474e+01
    endloop
  endfacet
  facet normal -8.177903e-03 -9.999659e-01 -1.090027e-03
    outer loop
      vertex 6.538333e+00 3.010000e+00 -8.384998e+01
      vertex 6.813186e+00 3.007512e+00 -8.362972e+01
      vertex 6.569519e+00 3.010001e+00 -8.408483e+01
    endloop
  endfacet
  facet normal 8.177903e-03 9.999659e-01 1.090027e-03
    outer loop
      vertex 6.538333e+00 3.010000e+00 -8.384998e+01
      vertex 6.569519e+00 3.010001e+00 -8.408483e+01
      vertex 6.813186e+00 3.007512e+00 -8.362972e+01
    endloop
  endfacet
  facet normal 0.000000e+00 -1.000000e+00 0.000000e+00
    outer loop
      vertex 6.394342e+00 0.000000e+00 -8.380195e+01
      vertex 6.398750e+00 0.000000e+00 -8.361530e+01
      vertex 6.528904e+00 0.000000e+00 -8.380310e+01
    endloop
  endfacet
  facet normal 9.992412e-01 7.303440e-04 -3.893979e-02
    outer loop
      vertex 6.992919e+00 1.968202e+00 -8.560677e+01
      vertex 6.996965e+00 1.783750e+00 -8.550641e+01
      vertex 6.996761e+00 2.180535e+00 -8.550420e+01
    endloop
  endfacet
  facet normal 3.189417e-06 1.000000e+00 6.679548e-08
    outer loop
      vertex 6.403522e+00 3.010000e+00 -8.407162e+01
      vertex 6.398750e+00 3.010000e+00 -8.384375e+01
      vertex 6.104579e+00 3.010001e+00 -8.407491e+01
    endloop
  endfacet
  facet normal 3.495289e-01 5.402748e-02 -9.353665e-01
    outer loop
      vertex 6.488423e+00 2.665547e+00 -8.606775e+01
      vertex 6.784715e+00 2.711758e+00 -8.595436e+01
      vertex 6.527115e+00 2.993107e+00 -8.603437e+01
    endloop
  endfacet
  facet normal -9.389809e-01 1.354730e-02 -3.437026e-01
    outer loop
      vertex 6.008511e+00 1.213889e+00 -8.580328e+01
      vertex 5.937242e+00 1.233586e+00 -8.560780e+01
      vertex 6.000810e+00 1.038218e+00 -8.578917e+01
    endloop
  endfacet
  facet normal -3.033491e-01 -2.495143e-02 -9.525528e-01
    outer loop
      vertex 6.996964e+00 3.541600e-01 -8.550653e+01
      vertex 6.868576e+00 0.000000e+00 -8.545637e+01
      vertex 6.996295e+00 9.375000e-02 -8.549950e+01
    endloop
  endfacet
  facet normal 3.033491e-01 2.495143e-02 9.525528e-01
    outer loop
      vertex 6.996964e+00 3.541600e-01 -8.550653e+01
      vertex 6.996295e+00 9.375000e-02 -8.549950e+01
      vertex 6.868576e+00 0.000000e+00 -8.545637e+01
    endloop
  endfacet
  facet normal -3.388499e-02 -9.994256e-01 5.943039e-04
    outer loop
      vertex 5.929994e+00 4.957215e-03 -8.300000e+01
      vertex 6.074804e+00 0.000000e+00 -8.307991e+01
      vertex 5.930041e+00 4.739335e-03 -8.336374e+01
    endloop
  endfacet
  facet normal 0.000000e+00 1.000000e+00 0.000000e+00
    outer loop
      vertex 6.057317e+00 3.000000e+00 -8.472667e+01
      vertex 6.080574e+00 3.000000e+00 -8.453661e+01
      vertex 6.067265e+00 3.000000e+00 -8.433344e+01
    endloop
  endfacet
  facet normal 0.000000e+00 -1.000000e+00 0.000000e+00
    outer loop
      vertex 6.057317e+00 3.000000e+00 -8.472667e+01
      vertex 6.067265e+00 3.000000e+00 -8.433344e+01
      vertex 6.080574e+00 3.000000e+00 -8.453661e+01
    endloop
  endfacet
  facet normal 7.606702e-01 5.968447e-03 6.491112e-01
    outer loop
      vertex 6.000632e+00 1.971621e+00 -8.578889e+01
      vertex 6.003437e+00 2.170861e+00 -8.579401e+01
      vertex 6.132232e+00 2.175215e+00 -8.594498e+01
    endloop
  endfacet
  facet normal -7.606702e-01 -5.968447e-03 -6.491112e-01
    outer loop
      vertex 6.000632e+00 1.971621e+00 -8.578889e+01
      vertex 6.132232e+00 2.175215e+00 -8.594498e+01
      vertex 6.003437e+00 2.170861e+00 -8.579401e+01
    endloop
  endfacet
  facet normal -6.200176e-02 9.980742e-01 1.922603e-03
    outer loop
      vertex 6.015346e+00 1.000005e-02 -8.334372e+01
      vertex 5.930007e+00 4.192546e-03 -8.308098e+01
      vertex 5.930041e+00 4.739335e-03 -8.336374e+01
    endloop
  endfacet
  facet normal -2.909630e-02 9.995749e-01 1.826201e-03
    outer loop
      vertex 5.929993e+00 3.004595e+00 -8.300000e+01
      vertex 5.930041e+00 3.005261e+00 -8.336372e+01
      vertex 6.109914e+00 3.010000e+00 -8.309179e+01
    endloop
  endfacet
  facet normal -8.711905e-01 2.563976e-04 4.909450e-01
    outer loop
      vertex 6.931228e+00 2.158199e+00 -8.578801e+01
      vertex 6.922439e+00 1.789423e+00 -8.580341e+01
      vertex 6.922742e+00 1.970951e+00 -8.580297e+01
    endloop
  endfacet
  facet normal 8.711905e-01 -2.563976e-04 -4.909450e-01
    outer loop
      vertex 6.931228e+00 2.158199e+00 -8.578801e+01
      vertex 6.922742e+00 1.970951e+00 -8.580297e+01
      vertex 6.922439e+00 1.789423e+00 -8.580341e+01
    endloop
  endfacet
  facet normal 0.000000e+00 -1.000000e+00 0.000000e+00
    outer loop
      vertex 6.522917e+00 3.000000e+00 -8.381818e+01
      vertex 6.397345e+00 3.000000e+00 -8.381251e+01
      vertex 6.588367e+00 3.000000e+00 -8.360159e+01
    endloop
  endfacet
  facet normal -9.855226e-01 2.470612e-02 1.677341e-01
    outer loop
      vertex 5.967114e+00 3.146422e-02 -8.526922e+01
      vertex 5.931471e+00 3.606093e-02 -8.547932e+01
      vertex 5.932376e+00 2.966520e-01 -8.551238e+01
    endloop
  endfacet
  facet normal -2.773348e-05 1.000000e+00 8.316122e-06
    outer loop
      vertex 6.409165e+00 3.009999e+00 -8.453125e+01
      vertex 6.392190e+00 3.010000e+00 -8.470254e+01
      vertex 6.534165e+00 3.010001e+00 -8.434374e+01
    endloop
  endfacet
  facet normal 2.773348e-05 -1.000000e+00 -8.316122e-06
    outer loop
      vertex 6.409165e+00 3.009999e+00 -8.453125e+01
      vertex 6.534165e+00 3.010001e+00 -8.434374e+01
      vertex 6.392190e+00 3.010000e+00 -8.470254e+01
    endloop
  endfacet
  facet normal -2.706479e-02 9.996336e-01 -4.517419e-04
    outer loop
      vertex 6.115145e+00 3.009999e+00 -8.453316e+01
      vertex 5.930061e+00 3.004898e+00 -8.473200e+01
      vertex 6.118139e+00 3.009999e+00 -8.471251e+01
    endloop
  endfacet
  facet normal 9.992685e-01 3.919370e-04 -3.824027e-02
    outer loop
      vertex 6.992919e+00 1.968202e+00 -8.560677e+01
      vertex 6.996761e+00 2.180535e+00 -8.550420e+01
      vertex 6.992802e+00 2.185662e+00 -8.560760e+01
    endloop
  endfacet
  facet normal 2.763218e-04 -9.999993e-01 -1.126018e-03
    outer loop
      vertex 6.410918e+00 0.000000e+00 -8.559794e+01
      vertex 6.327881e+00 3.820960e-04 -8.595765e+01
      vertex 6.091158e+00 0.000000e+00 -8.567641e+01
    endloop
  endfacet
  facet normal -2.263140e-02 9.996895e-01 -1.043073e-02
    outer loop
      vertex 6.813466e+00 2.548599e-03 -8.471568e+01
      vertex 6.536213e+00 0.000000e+00 -8.435839e+01
      vertex 6.618696e+00 0.000000e+00 -8.453735e+01
    endloop
  endfacet
  facet normal 2.263140e-02 -9.996895e-01 1.043073e-02
    outer loop
      vertex 6.813466e+00 2.548599e-03 -8.471568e+01
      vertex 6.618696e+00 0.000000e+00 -8.453735e+01
      vertex 6.536213e+00 0.000000e+00 -8.435839e+01
    endloop
  endfacet
  facet normal 3.319820e-01 -6.897193e-03 9.432604e-01
    outer loop
      vertex 6.621723e+00 8.666068e-01 -8.503861e+01
      vertex 6.723169e+00 1.038548e+00 -8.507306e+01
      vertex 6.739317e+00 6.065060e-01 -8.508190e+01
    endloop
  endfacet
  facet normal -3.319820e-01 6.897193e-03 -9.432604e-01
    outer loop
      vertex 6.621723e+00 8.666068e-01 -8.503861e+01
      vertex 6.739317e+00 6.065060e-01 -8.508190e+01
      vertex 6.723169e+00 1.038548e+00 -8.507306e+01
    endloop
  endfacet
  facet normal -9.987677e-01 -4.903347e-02 -7.663042e-03
    outer loop
      vertex 5.931906e+00 2.971194e+00 -8.547713e+01
      vertex 5.931999e+00 2.990284e+00 -8.561140e+01
      vertex 5.929993e+00 3.008205e+00 -8.546461e+01
    endloop
  endfacet
  facet normal 0.000000e+00 -1.000000e+00 0.000000e+00
    outer loop
      vertex 6.084633e+00 0.000000e+00 -8.363425e+01
      vertex 6.096860e+00 0.000000e+00 -8.382834e+01
      vertex 6.108049e+00 0.000000e+00 -8.406419e+01
    endloop
  endfacet
  facet normal 0.000000e+00 1.000000e+00 0.000000e+00
    outer loop
      vertex 6.084633e+00 0.000000e+00 -8.363425e+01
      vertex 6.108049e+00 0.000000e+00 -8.406419e+01
      vertex 6.096860e+00 0.000000e+00 -8.382834e+01
    endloop
  endfacet
  facet normal 4.628279e-01 8.860822e-01 -2.546783e-02
    outer loop
      vertex 6.813466e+00 2.548599e-03 -8.471568e+01
      vertex 6.731028e+00 3.708577e-02 -8.501221e+01
      vertex 6.799303e+00 1.711585e-03 -8.500219e+01
    endloop
  endfacet
  facet normal 3.317726e-01 -7.003985e-03 9.433334e-01
    outer loop
      vertex 6.621723e+00 8.666068e-01 -8.503861e+01
      vertex 6.739317e+00 6.065060e-01 -8.508190e+01
      vertex 6.521853e+00 5.893177e-01 -8.500555e+01
    endloop
  endfacet
  facet normal -3.426852e-02 -9.994039e-01 4.193461e-03
    outer loop
      vertex 6.057317e+00 3.000000e+00 -8.472667e+01
      vertex 5.930057e+00 3.005185e+00 -8.453094e+01
      vertex 6.080574e+00 3.000000e+00 -8.453661e+01
    endloop
  endfacet
  facet normal 3.426852e-02 9.994039e-01 -4.193461e-03
    outer loop
      vertex 6.057317e+00 3.000000e+00 -8.472667e+01
      vertex 6.080574e+00 3.000000e+00 -8.453661e+01
      vertex 5.930057e+00 3.005185e+00 -8.453094e+01
    endloop
  endfacet
  facet normal 5.570760e-01 -3.060441e-02 8.298973e-01
    outer loop
      vertex 6.621723e+00 8.666068e-01 -8.503861e+01
      vertex 6.875809e+00 1.037353e+00 -8.520287e+01
      vertex 6.886958e+00 8.461738e-01 -8.521741e+01
    endloop
  endfacet
  facet normal 9.448404e-01 -6.698501e-05 -3.275310e-01
    outer loop
      vertex 6.992798e+00 6.718750e-01 -8.560762e+01
      vertex 6.992738e+00 9.062500e-01 -8.560784e+01
      vertex 6.928762e+00 5.788949e-01 -8.579233e+01
    endloop
  endfacet
  facet normal 5.272318e-09 1.000000e+00 -1.662356e-08
    outer loop
      vertex 6.368495e+00 9.999991e-03 -8.472837e+01
      vertex 6.572571e+00 9.999993e-03 -8.455160e+01
      vertex 6.375624e+00 9.999994e-03 -8.455804e+01
    endloop
  endfacet
  facet normal -3.169388e-01 -7.637297e-03 -9.484153e-01
    outer loop
      vertex 6.621723e+00 8.666068e-01 -8.503861e+01
      vertex 6.510448e+00 1.228522e+00 -8.500434e+01
      vertex 6.517007e+00 1.037815e+00 -8.500500e+01
    endloop
  endfacet
  facet normal 3.169388e-01 7.637297e-03 9.484153e-01
    outer loop
      vertex 6.621723e+00 8.666068e-01 -8.503861e+01
      vertex 6.517007e+00 1.037815e+00 -8.500500e+01
      vertex 6.510448e+00 1.228522e+00 -8.500434e+01
    endloop
  endfacet
  facet normal 1.567159e-02 -9.989454e-01 4.315466e-02
    outer loop
      vertex 6.400208e+00 3.000000e+00 -8.308334e+01
      vertex 6.533650e+00 3.005694e+00 -8.300000e+01
      vertex 6.636979e+00 3.000000e+00 -8.316933e+01
    endloop
  endfacet
  facet normal -5.660622e-01 3.501266e-03 -8.243551e-01
    outer loop
      vertex 6.139058e+00 1.223940e+00 -8.595009e+01
      vertex 6.127776e+00 1.038171e+00 -8.594313e+01
      vertex 6.141390e+00 8.464731e-01 -8.595329e+01
    endloop
  endfacet
  facet normal 5.660622e-01 -3.501266e-03 8.243551e-01
    outer loop
      vertex 6.139058e+00 1.223940e+00 -8.595009e+01
      vertex 6.141390e+00 8.464731e-01 -8.595329e+01
      vertex 6.127776e+00 1.038171e+00 -8.594313e+01
    endloop
  endfacet
  facet normal -7.410738e-01 -3.798533e-03 6.714129e-01
    outer loop
      vertex 6.924472e+00 1.499378e+00 -8.579993e+01
      vertex 6.788406e+00 1.221318e+00 -8.595168e+01
      vertex 6.784340e+00 1.491340e+00 -8.595464e+01
    endloop
  endfacet
  facet normal 7.410738e-01 3.798533e-03 -6.714129e-01
    outer loop
      vertex 6.924472e+00 1.499378e+00 -8.579993e+01
      vertex 6.784340e+00 1.491340e+00 -8.595464e+01
      vertex 6.788406e+00 1.221318e+00 -8.595168e+01
    endloop
  endfacet
  facet normal 7.412485e-01 -2.873815e-03 -6.712245e-01
    outer loop
      vertex 6.924472e+00 1.499378e+00 -8.579993e+01
      vertex 6.922439e+00 1.789423e+00 -8.580341e+01
      vertex 6.784340e+00 1.491340e+00 -8.595464e+01
    endloop
  endfacet
  facet normal 3.705776e-01 -4.602008e-03 -9.287900e-01
    outer loop
      vertex 6.784340e+00 1.491340e+00 -8.595464e+01
      vertex 6.505252e+00 1.512446e+00 -8.606610e+01
      vertex 6.788406e+00 1.221318e+00 -8.595168e+01
    endloop
  endfacet
  facet normal 0.000000e+00 -1.000000e+00 0.000000e+00
    outer loop
      vertex 6.015347e+00 3.000000e+00 -8.334370e+01
      vertex 6.318345e+00 3.000000e+00 -8.341048e+01
      vertex 6.024654e+00 3.000000e+00 -8.360448e+01
    endloop
  endfacet
  facet normal 0.000000e+00 1.000000e+00 0.000000e+00
    outer loop
      vertex 6.536213e+00 0.000000e+00 -8.435839e+01
      vertex 6.534165e+00 0.000000e+00 -8.407176e+01
      vertex 6.397738e+00 0.000000e+00 -8.407596e+01
    endloop
  endfacet
  facet normal 0.000000e+00 -1.000000e+00 0.000000e+00
    outer loop
      vertex 6.536213e+00 0.000000e+00 -8.435839e+01
      vertex 6.397738e+00 0.000000e+00 -8.407596e+01
      vertex 6.534165e+00 0.000000e+00 -8.407176e+01
    endloop
  endfacet
  facet normal 9.993061e-01 9.493389e-05 -3.724605e-02
    outer loop
      vertex 6.992805e+00 2.457721e+00 -8.560736e+01
      vertex 6.996663e+00 2.713583e+00 -8.550320e+01
      vertex 6.992764e+00 2.715774e+00 -8.560780e+01
    endloop
  endfacet
  facet normal -3.080852e-06 1.000000e+00 0.000000e+00
    outer loop
      vertex 6.398750e+00 3.010000e+00 -8.337500e+01
      vertex 6.398750e+00 3.010000e+00 -8.309375e+01
      vertex 6.089201e+00 3.009999e+00 -8.336511e+01
    endloop
  endfacet
  facet normal 1.448850e-02 -9.998950e-01 2.837145e-04
    outer loop
      vertex 6.528904e+00 0.000000e+00 -8.380310e+01
      vertex 6.856787e+00 4.677145e-03 -8.406351e+01
      vertex 6.534165e+00 0.000000e+00 -8.407176e+01
    endloop
  endfacet
  facet normal 7.552760e-01 1.811755e-02 -6.551564e-01
    outer loop
      vertex 6.931228e+00 2.158199e+00 -8.578801e+01
      vertex 6.802361e+00 1.971175e+00 -8.594174e+01
      vertex 6.922742e+00 1.970951e+00 -8.580297e+01
    endloop
  endfacet
  facet normal -3.629857e-01 7.800821e-05 9.317947e-01
    outer loop
      vertex 6.294333e+00 8.596628e-01 -8.504251e+01
      vertex 6.185895e+00 6.022694e-01 -8.508473e+01
      vertex 6.185558e+00 1.038496e+00 -8.508490e+01
    endloop
  endfacet
  facet normal 3.629857e-01 -7.800821e-05 -9.317947e-01
    outer loop
      vertex 6.294333e+00 8.596628e-01 -8.504251e+01
      vertex 6.185558e+00 1.038496e+00 -8.508490e+01
      vertex 6.185895e+00 6.022694e-01 -8.508473e+01
    endloop
  endfacet
  facet normal 6.104279e-02 -9.981328e-01 2.179061e-03
    outer loop
      vertex 6.015346e+00 1.000005e-02 -8.334372e+01
      vertex 6.024655e+00 1.000008e-02 -8.360448e+01
      vertex 5.930041e+00 4.739335e-03 -8.336374e+01
    endloop
  endfacet
  facet normal -6.104279e-02 9.981328e-01 -2.179061e-03
    outer loop
      vertex 6.015346e+00 1.000005e-02 -8.334372e+01
      vertex 5.930041e+00 4.739335e-03 -8.336374e+01
      vertex 6.024655e+00 1.000008e-02 -8.360448e+01
    endloop
  endfacet
  facet normal 1.113114e-04 -9.999939e-01 3.510216e-03
    outer loop
      vertex 6.634053e+00 2.628237e-04 -8.600031e+01
      vertex 6.466640e+00 0.000000e+00 -8.606988e+01
      vertex 6.460625e+00 0.000000e+00 -8.606969e+01
    endloop
  endfacet
  facet normal 3.674063e-01 1.650749e-02 -9.299141e-01
    outer loop
      vertex 6.497146e+00 1.214537e+00 -8.606688e+01
      vertex 6.507950e+00 1.035539e+00 -8.606579e+01
      vertex 6.788406e+00 1.221318e+00 -8.595168e+01
    endloop
  endfacet
  facet normal 5.625733e-07 1.000000e+00 -4.016778e-06
    outer loop
      vertex 6.531238e+00 3.010000e+00 -8.500156e+01
      vertex 6.404205e+00 3.010000e+00 -8.501935e+01
      vertex 6.391647e+00 3.009999e+00 -8.525853e+01
    endloop
  endfacet
  facet normal -5.625733e-07 -1.000000e+00 4.016778e-06
    outer loop
      vertex 6.531238e+00 3.010000e+00 -8.500156e+01
      vertex 6.391647e+00 3.009999e+00 -8.525853e+01
      vertex 6.404205e+00 3.010000e+00 -8.501935e+01
    endloop
  endfacet
  facet normal -3.098530e-02 -9.995179e-01 -1.994123e-03
    outer loop
      vertex 6.111531e+00 0.000000e+00 -8.526440e+01
      vertex 5.930061e+00 5.097114e-03 -8.499950e+01
      vertex 6.096047e+00 0.000000e+00 -8.502380e+01
    endloop
  endfacet
  facet normal 6.915985e-01 6.301397e-03 -7.222546e-01
    outer loop
      vertex 6.050377e+00 2.427772e+00 -8.521036e+01
      vertex 6.043441e+00 2.142291e+00 -8.521949e+01
      vertex 6.185661e+00 1.971906e+00 -8.508479e+01
    endloop
  endfacet
  facet normal -6.915985e-01 -6.301397e-03 7.222546e-01
    outer loop
      vertex 6.050377e+00 2.427772e+00 -8.521036e+01
      vertex 6.185661e+00 1.971906e+00 -8.508479e+01
      vertex 6.043441e+00 2.142291e+00 -8.521949e+01
    endloop
  endfacet
  facet normal 1.905437e-02 9.998183e-01 -6.648193e-04
    outer loop
      vertex 6.914311e+00 6.786075e-03 -8.453754e+01
      vertex 6.745759e+00 1.000010e-02 -8.453484e+01
      vertex 6.739304e+00 1.000010e-02 -8.471985e+01
    endloop
  endfacet
  facet normal -1.905437e-02 -9.998183e-01 6.648193e-04
    outer loop
      vertex 6.914311e+00 6.786075e-03 -8.453754e+01
      vertex 6.739304e+00 1.000010e-02 -8.471985e+01
      vertex 6.745759e+00 1.000010e-02 -8.453484e+01
    endloop
  endfacet
  facet normal -7.378737e-01 -7.664653e-03 -6.748953e-01
    outer loop
      vertex 6.152390e+00 2.922843e-01 -8.595920e+01
      vertex 6.145109e+00 5.592303e-01 -8.595427e+01
      vertex 6.006504e+00 2.841592e-01 -8.579961e+01
    endloop
  endfacet
  facet normal 3.588557e-09 1.000000e+00 5.581582e-09
    outer loop
      vertex 6.329601e+00 9.999997e-03 -8.360209e+01
      vertex 6.397345e+00 9.999998e-03 -8.381250e+01
      vertex 6.588367e+00 9.999996e-03 -8.360160e+01
    endloop
  endfacet
  facet normal 4.975944e-01 2.956155e-02 -8.669060e-01
    outer loop
      vertex 6.488423e+00 2.665547e+00 -8.606775e+01
      vertex 6.527115e+00 2.993107e+00 -8.603437e+01
      vertex 6.467572e+00 2.955883e+00 -8.606982e+01
    endloop
  endfacet
  facet normal 9.399137e-01 -5.054502e-03 -3.413746e-01
    outer loop
      vertex 6.924472e+00 1.499378e+00 -8.579993e+01
      vertex 6.920357e+00 1.222209e+00 -8.580715e+01
      vertex 6.992759e+00 1.222039e+00 -8.560780e+01
    endloop
  endfacet
  facet normal 0.000000e+00 -1.000000e+00 0.000000e+00
    outer loop
      vertex 6.410918e+00 0.000000e+00 -8.559794e+01
      vertex 6.386001e+00 0.000000e+00 -8.547517e+01
      vertex 6.535999e+00 0.000000e+00 -8.546151e+01
    endloop
  endfacet
  facet normal 0.000000e+00 -1.000000e+00 0.000000e+00
    outer loop
      vertex 6.057317e+00 3.000000e+00 -8.472667e+01
      vertex 6.080574e+00 3.000000e+00 -8.453661e+01
      vertex 6.368495e+00 3.000000e+00 -8.472837e+01
    endloop
  endfacet
  facet normal -0.000000e+00 1.000000e+00 0.000000e+00
    outer loop
      vertex 6.057317e+00 3.000000e+00 -8.472667e+01
      vertex 6.368495e+00 3.000000e+00 -8.472837e+01
      vertex 6.080574e+00 3.000000e+00 -8.453661e+01
    endloop
  endfacet
  facet normal -4.229506e-02 9.991028e-01 -2.161624e-03
    outer loop
      vertex 6.076926e+00 1.000007e-02 -8.380624e+01
      vertex 5.930041e+00 4.739335e-03 -8.336374e+01
      vertex 5.930035e+00 4.217960e-03 -8.360461e+01
    endloop
  endfacet
  facet normal 4.569751e-03 -9.974533e-01 7.117534e-02
    outer loop
      vertex 6.398752e+00 4.090911e-03 -8.300000e+01
      vertex 6.533755e+00 4.709414e-03 -8.300000e+01
      vertex 6.538333e+00 0.000000e+00 -8.306629e+01
    endloop
  endfacet
  facet normal -9.337999e-01 -5.374297e-03 3.577553e-01
    outer loop
      vertex 6.043441e+00 2.142291e+00 -8.521949e+01
      vertex 5.932723e+00 2.184290e+00 -8.550785e+01
      vertex 5.933215e+00 2.465470e+00 -8.550234e+01
    endloop
  endfacet
  facet normal 1.532827e-01 1.401968e-01 9.781867e-01
    outer loop
      vertex 6.614472e+00 2.972194e-01 -8.503684e+01
      vertex 6.394010e+00 4.139040e-02 -8.496563e+01
      vertex 6.417163e+00 2.875603e-01 -8.500454e+01
    endloop
  endfacet
  facet normal -1.361482e-01 9.876255e-01 7.784352e-02
    outer loop
      vertex 5.930061e+00 5.097114e-03 -8.499950e+01
      vertex 5.967114e+00 3.146422e-02 -8.526922e+01
      vertex 6.071187e+00 2.607332e-02 -8.501880e+01
    endloop
  endfacet
  facet normal -9.955586e-01 -5.173734e-06 -9.414443e-02
    outer loop
      vertex 6.997128e+00 1.214703e+00 -8.550818e+01
      vertex 6.994859e+00 1.031642e+00 -8.548418e+01
      vertex 6.996917e+00 9.078625e-01 -8.550593e+01
    endloop
  endfacet
  facet normal 9.955586e-01 5.173734e-06 9.414443e-02
    outer loop
      vertex 6.997128e+00 1.214703e+00 -8.550818e+01
      vertex 6.996917e+00 9.078625e-01 -8.550593e+01
      vertex 6.994859e+00 1.031642e+00 -8.548418e+01
    endloop
  endfacet
  facet normal 9.912037e-01 -5.136457e-05 -1.323449e-01
    outer loop
      vertex 6.992738e+00 9.062500e-01 -8.560784e+01
      vertex 6.992889e+00 1.031798e+00 -8.560676e+01
      vertex 6.992759e+00 1.222039e+00 -8.560780e+01
    endloop
  endfacet
  facet normal -9.912037e-01 5.136457e-05 1.323449e-01
    outer loop
      vertex 6.992738e+00 9.062500e-01 -8.560784e+01
      vertex 6.992759e+00 1.222039e+00 -8.560780e+01
      vertex 6.992889e+00 1.031798e+00 -8.560676e+01
    endloop
  endfacet
  facet normal 1.366010e-02 -9.999066e-01 -3.826728e-04
    outer loop
      vertex 6.528904e+00 0.000000e+00 -8.380310e+01
      vertex 6.534165e+00 0.000000e+00 -8.361530e+01
      vertex 6.857712e+00 4.489032e-03 -8.379543e+01
    endloop
  endfacet
  facet normal 1.463366e-01 9.754719e-01 1.644387e-01
    outer loop
      vertex 6.966115e+00 2.992644e+00 -8.547430e+01
      vertex 6.901684e+00 2.962277e+00 -8.523682e+01
      vertex 6.850810e+00 3.009040e+00 -8.546895e+01
    endloop
  endfacet
  facet normal -6.790451e-01 -2.954087e-02 7.335019e-01
    outer loop
      vertex 6.210557e+00 2.947988e-01 -8.507122e+01
      vertex 6.032546e+00 2.927172e-01 -8.523610e+01
      vertex 6.051463e+00 5.444018e-01 -8.520845e+01
    endloop
  endfacet
  facet normal -9.287235e-01 -2.993052e-04 3.707728e-01
    outer loop
      vertex 6.048274e+00 1.796555e+00 -8.521275e+01
      vertex 6.048483e+00 1.498185e+00 -8.521247e+01
      vertex 5.933323e+00 1.494008e+00 -8.550093e+01
    endloop
  endfacet
  facet normal -5.938051e-01 7.930632e-01 -1.358175e-01
    outer loop
      vertex 6.015346e+00 1.000005e-02 -8.334372e+01
      vertex 5.959121e+00 9.999993e-03 -8.309790e+01
      vertex 5.929994e+00 4.957215e-03 -8.300000e+01
    endloop
  endfacet
  facet normal 5.938051e-01 -7.930632e-01 1.358175e-01
    outer loop
      vertex 6.015346e+00 1.000005e-02 -8.334372e+01
      vertex 5.929994e+00 4.957215e-03 -8.300000e+01
      vertex 5.959121e+00 9.999993e-03 -8.309790e+01
    endloop
  endfacet
  facet normal 8.775315e-01 -3.446541e-05 4.795190e-01
    outer loop
      vertex 6.009129e+00 1.779427e+00 -8.580445e+01
      vertex 6.000632e+00 1.971621e+00 -8.578889e+01
      vertex 6.003437e+00 2.170861e+00 -8.579401e+01
    endloop
  endfacet
  facet normal -8.775315e-01 3.446541e-05 -4.795190e-01
    outer loop
      vertex 6.009129e+00 1.779427e+00 -8.580445e+01
      vertex 6.003437e+00 2.170861e+00 -8.579401e+01
      vertex 6.000632e+00 1.971621e+00 -8.578889e+01
    endloop
  endfacet
  facet normal 3.137712e-02 9.995074e-01 -5.819402e-04
    outer loop
      vertex 6.842766e+00 3.006473e+00 -8.381942e+01
      vertex 6.813186e+00 3.007512e+00 -8.362972e+01
      vertex 6.846358e+00 3.006231e+00 -8.404138e+01
    endloop
  endfacet
  facet normal -3.137712e-02 -9.995074e-01 5.819402e-04
    outer loop
      vertex 6.842766e+00 3.006473e+00 -8.381942e+01
      vertex 6.846358e+00 3.006231e+00 -8.404138e+01
      vertex 6.813186e+00 3.007512e+00 -8.362972e+01
    endloop
  endfacet
  facet normal -8.540514e-01 -4.635048e-01 2.361347e-01
    outer loop
      vertex 6.294333e+00 8.596628e-01 -8.504251e+01
      vertex 6.046730e+00 1.228130e+00 -8.521478e+01
      vertex 6.185558e+00 1.038496e+00 -8.508490e+01
    endloop
  endfacet
  facet normal -3.593319e-02 9.993514e-01 -2.353453e-03
    outer loop
      vertex 6.080575e+00 1.000012e-02 -8.453665e+01
      vertex 6.067266e+00 1.000011e-02 -8.433345e+01
      vertex 5.930055e+00 5.088155e-03 -8.432425e+01
    endloop
  endfacet
  facet normal -9.992749e-01 2.493141e-03 -3.799324e-02
    outer loop
      vertex 5.937193e+00 2.459527e+00 -8.560735e+01
      vertex 5.933215e+00 2.465470e+00 -8.550234e+01
      vertex 5.932723e+00 2.184290e+00 -8.550785e+01
    endloop
  endfacet
  facet normal -8.129629e-01 -1.826079e-05 5.823154e-01
    outer loop
      vertex 6.043441e+00 2.142291e+00 -8.521949e+01
      vertex 6.058227e+00 1.971055e+00 -8.519885e+01
      vertex 6.048274e+00 1.796555e+00 -8.521275e+01
    endloop
  endfacet
  facet normal 8.129629e-01 1.826079e-05 -5.823154e-01
    outer loop
      vertex 6.043441e+00 2.142291e+00 -8.521949e+01
      vertex 6.048274e+00 1.796555e+00 -8.521275e+01
      vertex 6.058227e+00 1.971055e+00 -8.519885e+01
    endloop
  endfacet
  facet normal 0.000000e+00 -1.000000e+00 0.000000e+00
    outer loop
      vertex 6.868576e+00 0.000000e+00 -8.545637e+01
      vertex 6.999698e+00 0.000000e+00 -8.553455e+01
      vertex 6.971569e+00 0.000000e+00 -8.561120e+01
    endloop
  endfacet
  facet normal -1.008130e-02 -9.999491e-01 8.029839e-05
    outer loop
      vertex 6.825229e+00 3.007059e+00 -8.471427e+01
      vertex 6.531238e+00 3.010000e+00 -8.500156e+01
      vertex 6.533569e+00 3.010000e+00 -8.470893e+01
    endloop
  endfacet
  facet normal 1.008130e-02 9.999491e-01 -8.029839e-05
    outer loop
      vertex 6.825229e+00 3.007059e+00 -8.471427e+01
      vertex 6.533569e+00 3.010000e+00 -8.470893e+01
      vertex 6.531238e+00 3.010000e+00 -8.500156e+01
    endloop
  endfacet
  facet normal 9.463856e-01 2.708666e-04 -3.230388e-01
    outer loop
      vertex 6.931228e+00 2.158199e+00 -8.578801e+01
      vertex 6.992802e+00 2.185662e+00 -8.560760e+01
      vertex 6.992805e+00 2.457721e+00 -8.560736e+01
    endloop
  endfacet
  facet normal 9.998025e-01 1.987548e-02 -1.559851e-05
    outer loop
      vertex 5.929993e+00 3.008205e+00 -8.546461e+01
      vertex 5.930014e+00 3.006985e+00 -8.567432e+01
      vertex 5.930058e+00 3.005103e+00 -8.526031e+01
    endloop
  endfacet
  facet normal -9.998025e-01 -1.987548e-02 1.559851e-05
    outer loop
      vertex 5.929993e+00 3.008205e+00 -8.546461e+01
      vertex 5.930058e+00 3.005103e+00 -8.526031e+01
      vertex 5.930014e+00 3.006985e+00 -8.567432e+01
    endloop
  endfacet
  facet normal -3.075804e-06 1.000000e+00 1.580402e-07
    outer loop
      vertex 6.398750e+00 3.010000e+00 -8.337500e+01
      vertex 6.089201e+00 3.009999e+00 -8.336511e+01
      vertex 6.074615e+00 3.009999e+00 -8.364899e+01
    endloop
  endfacet
  facet normal -9.949260e-01 1.006082e-01 4.858206e-04
    outer loop
      vertex 5.929993e+00 1.794871e-03 -8.546461e+01
      vertex 5.930014e+00 3.014967e-03 -8.567431e+01
      vertex 5.931598e+00 1.836968e-02 -8.561008e+01
    endloop
  endfacet
  facet normal -5.875419e-02 9.982696e-01 -2.412466e-03
    outer loop
      vertex 6.742712e+00 3.000000e+00 -8.409554e+01
      vertex 6.753497e+00 3.000000e+00 -8.435821e+01
      vertex 6.846358e+00 3.006231e+00 -8.404138e+01
    endloop
  endfacet
  facet normal 5.875419e-02 -9.982696e-01 2.412466e-03
    outer loop
      vertex 6.742712e+00 3.000000e+00 -8.409554e+01
      vertex 6.846358e+00 3.006231e+00 -8.404138e+01
      vertex 6.753497e+00 3.000000e+00 -8.435821e+01
    endloop
  endfacet
  facet normal 4.460005e-09 9.976847e-01 6.800877e-02
    outer loop
      vertex 6.191875e+00 9.999998e-03 -8.308334e+01
      vertex 6.400208e+00 9.999997e-03 -8.308334e+01
      vertex 6.099562e+00 4.318756e-03 -8.300000e+01
    endloop
  endfacet
  facet normal -9.287356e-01 2.854655e-03 3.707319e-01
    outer loop
      vertex 6.046730e+00 1.228130e+00 -8.521478e+01
      vertex 5.933323e+00 1.494008e+00 -8.550093e+01
      vertex 6.048483e+00 1.498185e+00 -8.521247e+01
    endloop
  endfacet
  facet normal -5.234799e-01 -8.502812e-01 5.468725e-02
    outer loop
      vertex 6.828632e+00 3.000000e+00 -8.359867e+01
      vertex 6.813186e+00 3.007512e+00 -8.362972e+01
      vertex 6.842031e+00 3.007061e+00 -8.336063e+01
    endloop
  endfacet
  facet normal 5.234799e-01 8.502812e-01 -5.468725e-02
    outer loop
      vertex 6.828632e+00 3.000000e+00 -8.359867e+01
      vertex 6.842031e+00 3.007061e+00 -8.336063e+01
      vertex 6.813186e+00 3.007512e+00 -8.362972e+01
    endloop
  endfacet
  facet normal 7.295301e-01 -4.089727e-02 -6.827249e-01
    outer loop
      vertex 6.771707e+00 2.888023e-01 -8.596355e+01
      vertex 6.924406e+00 2.821397e-01 -8.579998e+01
      vertex 6.811683e+00 5.239094e-01 -8.593491e+01
    endloop
  endfacet
  facet normal -3.741185e-01 4.265697e-03 -9.273711e-01
    outer loop
      vertex 6.435444e+00 2.203206e+00 -8.606717e+01
      vertex 6.132232e+00 2.175215e+00 -8.594498e+01
      vertex 6.431721e+00 1.962963e+00 -8.606677e+01
    endloop
  endfacet
  facet normal -9.350754e-01 -1.325423e-01 -3.287347e-01
    outer loop
      vertex 6.005661e+00 2.706033e+00 -8.579811e+01
      vertex 5.967314e+00 2.993638e+00 -8.580499e+01
      vertex 5.937237e+00 2.716717e+00 -8.560779e+01
    endloop
  endfacet
  facet normal -8.421895e-01 -3.427840e-03 -5.391709e-01
    outer loop
      vertex 6.892102e+00 1.787490e+00 -8.522675e+01
      vertex 6.885734e+00 2.123131e+00 -8.521894e+01
      vertex 6.878333e+00 1.971021e+00 -8.520641e+01
    endloop
  endfacet
  facet normal 8.421895e-01 3.427840e-03 5.391709e-01
    outer loop
      vertex 6.892102e+00 1.787490e+00 -8.522675e+01
      vertex 6.878333e+00 1.971021e+00 -8.520641e+01
      vertex 6.885734e+00 2.123131e+00 -8.521894e+01
    endloop
  endfacet
  facet normal -1.389492e-03 -9.999986e-01 -9.242852e-04
    outer loop
      vertex 6.868576e+00 0.000000e+00 -8.545637e+01
      vertex 6.971569e+00 0.000000e+00 -8.561120e+01
      vertex 6.833373e+00 3.203078e-04 -8.574999e+01
    endloop
  endfacet
  facet normal 9.257154e-01 5.401225e-03 3.781823e-01
    outer loop
      vertex 6.883306e+00 1.221035e+00 -8.521382e+01
      vertex 6.994859e+00 1.031642e+00 -8.548418e+01
      vertex 6.886958e+00 8.461738e-01 -8.521741e+01
    endloop
  endfacet
  facet normal -9.989936e-01 3.679627e-04 -4.485234e-02
    outer loop
      vertex 5.937203e+00 2.188377e+00 -8.560760e+01
      vertex 5.932723e+00 2.184290e+00 -8.550785e+01
      vertex 5.937086e+00 1.971642e+00 -8.560677e+01
    endloop
  endfacet
  facet normal -6.870424e-01 2.553091e-02 7.261686e-01
    outer loop
      vertex 6.727859e+00 3.000000e+00 -8.308334e+01
      vertex 6.636979e+00 3.000000e+00 -8.316933e+01
      vertex 6.816151e+00 3.005444e+00 -8.300000e+01
    endloop
  endfacet
  facet normal -3.865785e-02 9.992413e-01 4.731595e-03
    outer loop
      vertex 5.930061e+00 5.102099e-03 -8.473199e+01
      vertex 6.057317e+00 1.000013e-02 -8.472668e+01
      vertex 6.080575e+00 1.000012e-02 -8.453665e+01
    endloop
  endfacet
  facet normal 4.234467e-10 1.000000e+00 -5.799809e-09
    outer loop
      vertex 6.584813e+00 9.999995e-03 -8.339102e+01
      vertex 6.400208e+00 9.999997e-03 -8.308334e+01
      vertex 6.318345e+00 9.999995e-03 -8.341048e+01
    endloop
  endfacet
  facet normal 8.697839e-01 6.113010e-06 -4.934327e-01
    outer loop
      vertex 6.931228e+00 2.158199e+00 -8.578801e+01
      vertex 6.920644e+00 2.431663e+00 -8.580666e+01
      vertex 6.922742e+00 1.970951e+00 -8.580297e+01
    endloop
  endfacet
  facet normal -8.697839e-01 -6.113010e-06 4.934327e-01
    outer loop
      vertex 6.931228e+00 2.158199e+00 -8.578801e+01
      vertex 6.922742e+00 1.970951e+00 -8.580297e+01
      vertex 6.920644e+00 2.431663e+00 -8.580666e+01
    endloop
  endfacet
  facet normal 0.000000e+00 -1.000000e+00 0.000000e+00
    outer loop
      vertex 6.628265e+00 0.000000e+00 -8.525367e+01
      vertex 6.535999e+00 0.000000e+00 -8.546151e+01
      vertex 6.386001e+00 0.000000e+00 -8.547517e+01
    endloop
  endfacet
  facet normal -3.816521e-02 -9.281161e-01 3.703294e-01
    outer loop
      vertex 6.390422e+00 2.995693e+00 -8.604198e+01
      vertex 6.533822e+00 3.008369e+00 -8.599543e+01
      vertex 6.527115e+00 2.993107e+00 -8.603437e+01
    endloop
  endfacet
  facet normal 3.816521e-02 9.281161e-01 -3.703294e-01
    outer loop
      vertex 6.390422e+00 2.995693e+00 -8.604198e+01
      vertex 6.527115e+00 2.993107e+00 -8.603437e+01
      vertex 6.533822e+00 3.008369e+00 -8.599543e+01
    endloop
  endfacet
  facet normal -6.169009e-01 4.145372e-02 7.859483e-01
    outer loop
      vertex 6.043441e+00 2.142291e+00 -8.521949e+01
      vertex 6.203922e+00 1.787940e+00 -8.507484e+01
      vertex 6.058227e+00 1.971055e+00 -8.519885e+01
    endloop
  endfacet
  facet normal -2.681311e-02 9.996404e-01 -3.787309e-04
    outer loop
      vertex 6.112922e+00 3.009999e+00 -8.528405e+01
      vertex 6.109282e+00 3.010001e+00 -8.502130e+01
      vertex 5.930058e+00 3.005103e+00 -8.526031e+01
    endloop
  endfacet
  facet normal -0.000000e+00 -1.000000e+00 0.000000e+00
    outer loop
      vertex 6.742712e+00 3.000000e+00 -8.409554e+01
      vertex 6.538400e+00 3.000000e+00 -8.436016e+01
      vertex 6.526720e+00 3.000000e+00 -8.406250e+01
    endloop
  endfacet
  facet normal 8.028059e-03 9.999659e-01 -1.921436e-03
    outer loop
      vertex 6.538333e+00 3.010000e+00 -8.310000e+01
      vertex 6.842031e+00 3.007061e+00 -8.336063e+01
      vertex 6.861147e+00 3.007439e+00 -8.308409e+01
    endloop
  endfacet
  facet normal 9.324545e-01 -1.641645e-02 3.609143e-01
    outer loop
      vertex 6.883306e+00 1.221035e+00 -8.521382e+01
      vertex 6.995511e+00 1.498746e+00 -8.549108e+01
      vertex 6.997128e+00 1.214703e+00 -8.550818e+01
    endloop
  endfacet
  facet normal 0.000000e+00 1.000000e+00 0.000000e+00
    outer loop
      vertex 6.742712e+00 3.000000e+00 -8.409554e+01
      vertex 6.538400e+00 3.000000e+00 -8.436016e+01
      vertex 6.753497e+00 3.000000e+00 -8.435821e+01
    endloop
  endfacet
  facet normal 0.000000e+00 -1.000000e+00 -0.000000e+00
    outer loop
      vertex 6.742712e+00 3.000000e+00 -8.409554e+01
      vertex 6.753497e+00 3.000000e+00 -8.435821e+01
      vertex 6.538400e+00 3.000000e+00 -8.436016e+01
    endloop
  endfacet
  facet normal -6.985096e-03 9.989566e-01 4.513107e-02
    outer loop
      vertex 5.929993e+00 3.004595e+00 -8.300000e+01
      vertex 6.109914e+00 3.010000e+00 -8.309179e+01
      vertex 6.089737e+00 3.005712e+00 -8.300000e+01
    endloop
  endfacet
  facet normal 1.420078e-02 9.301180e-01 -3.669863e-01
    outer loop
      vertex 6.527115e+00 2.993107e+00 -8.603437e+01
      vertex 6.836616e+00 3.006416e+00 -8.598866e+01
      vertex 6.533822e+00 3.008369e+00 -8.599543e+01
    endloop
  endfacet
  facet normal 9.369327e-01 1.137812e-02 3.493246e-01
    outer loop
      vertex 6.894763e+00 2.713618e+00 -8.522989e+01
      vertex 6.996663e+00 2.713583e+00 -8.550320e+01
      vertex 6.995633e+00 2.464145e+00 -8.549231e+01
    endloop
  endfacet
  facet normal -7.369850e-01 -2.467733e-02 6.754584e-01
    outer loop
      vertex 6.912786e+00 8.528880e-01 -8.582051e+01
      vertex 6.798403e+00 8.441334e-01 -8.594563e+01
      vertex 6.922809e+00 1.036779e+00 -8.580286e+01
    endloop
  endfacet
  facet normal 7.369850e-01 2.467733e-02 -6.754584e-01
    outer loop
      vertex 6.912786e+00 8.528880e-01 -8.582051e+01
      vertex 6.922809e+00 1.036779e+00 -8.580286e+01
      vertex 6.798403e+00 8.441334e-01 -8.594563e+01
    endloop
  endfacet
  facet normal 8.741218e-03 9.999615e-01 7.392574e-04
    outer loop
      vertex 6.531635e+00 3.010000e+00 -8.366584e+01
      vertex 6.813186e+00 3.007512e+00 -8.362972e+01
      vertex 6.842031e+00 3.007061e+00 -8.336063e+01
    endloop
  endfacet
  facet normal -8.741218e-03 -9.999615e-01 -7.392574e-04
    outer loop
      vertex 6.531635e+00 3.010000e+00 -8.366584e+01
      vertex 6.842031e+00 3.007061e+00 -8.336063e+01
      vertex 6.813186e+00 3.007512e+00 -8.362972e+01
    endloop
  endfacet
  facet normal -3.495104e-06 1.000000e+00 8.995222e-08
    outer loop
      vertex 6.115145e+00 3.009999e+00 -8.453316e+01
      vertex 6.393036e+00 3.010000e+00 -8.433769e+01
      vertex 6.119993e+00 3.009999e+00 -8.434479e+01
    endloop
  endfacet
  facet normal -0.000000e+00 1.000000e+00 0.000000e+00
    outer loop
      vertex 6.398750e+00 3.010000e+00 -8.337500e+01
      vertex 6.535234e+00 3.010000e+00 -8.339287e+01
      vertex 6.538333e+00 3.010000e+00 -8.310000e+01
    endloop
  endfacet
  facet normal -9.990466e-01 9.658965e-05 -4.365687e-02
    outer loop
      vertex 5.937193e+00 2.459527e+00 -8.560735e+01
      vertex 5.937237e+00 2.716717e+00 -8.560779e+01
      vertex 5.932827e+00 2.720206e+00 -8.550687e+01
    endloop
  endfacet
  facet normal -9.991458e-01 3.678686e-03 4.116051e-02
    outer loop
      vertex 6.996964e+00 3.541600e-01 -8.550653e+01
      vertex 6.996295e+00 9.375000e-02 -8.549950e+01
      vertex 6.992809e+00 3.544644e-01 -8.560742e+01
    endloop
  endfacet
  facet normal 9.991458e-01 -3.678686e-03 -4.116051e-02
    outer loop
      vertex 6.996964e+00 3.541600e-01 -8.550653e+01
      vertex 6.992809e+00 3.544644e-01 -8.560742e+01
      vertex 6.996295e+00 9.375000e-02 -8.549950e+01
    endloop
  endfacet
  facet normal -1.315553e-02 -9.999133e-01 5.049592e-04
    outer loop
      vertex 6.825229e+00 3.007059e+00 -8.471427e+01
      vertex 6.608798e+00 3.009999e+00 -8.453125e+01
      vertex 6.813019e+00 3.007408e+00 -8.434168e+01
    endloop
  endfacet
  facet normal 1.315553e-02 9.999133e-01 -5.049592e-04
    outer loop
      vertex 6.825229e+00 3.007059e+00 -8.471427e+01
      vertex 6.813019e+00 3.007408e+00 -8.434168e+01
      vertex 6.608798e+00 3.009999e+00 -8.453125e+01
    endloop
  endfacet
  facet normal 9.592429e-03 9.999540e-01 -1.264772e-04
    outer loop
      vertex 6.531635e+00 3.010000e+00 -8.366584e+01
      vertex 6.842031e+00 3.007061e+00 -8.336063e+01
      vertex 6.535234e+00 3.010000e+00 -8.339287e+01
    endloop
  endfacet
  facet normal 7.718780e-01 5.063815e-03 -6.357505e-01
    outer loop
      vertex 6.928762e+00 5.788949e-01 -8.579233e+01
      vertex 6.811683e+00 5.239094e-01 -8.593491e+01
      vertex 6.924406e+00 2.821397e-01 -8.579998e+01
    endloop
  endfacet
  facet normal -6.215238e-07 1.000000e+00 3.214098e-08
    outer loop
      vertex 6.560272e+00 9.999991e-03 -8.473147e+01
      vertex 6.745759e+00 1.000010e-02 -8.453484e+01
      vertex 6.572571e+00 9.999993e-03 -8.455160e+01
    endloop
  endfacet
  facet normal -7.764881e-01 1.668058e-02 -6.299109e-01
    outer loop
      vertex 6.009129e+00 1.779427e+00 -8.580445e+01
      vertex 6.122427e+00 1.971813e+00 -8.593902e+01
      vertex 6.000632e+00 1.971621e+00 -8.578889e+01
    endloop
  endfacet
  facet normal -9.714362e-03 9.999359e-01 -5.818123e-03
    outer loop
      vertex 6.118240e+00 3.009999e+00 -8.547057e+01
      vertex 5.929993e+00 3.008205e+00 -8.546461e+01
      vertex 5.930014e+00 3.006985e+00 -8.567432e+01
    endloop
  endfacet
  facet normal -7.470304e-01 -6.650021e-03 -6.647565e-01
    outer loop
      vertex 6.008511e+00 1.213889e+00 -8.580328e+01
      vertex 6.139058e+00 1.223940e+00 -8.595009e+01
      vertex 6.132785e+00 1.488594e+00 -8.594569e+01
    endloop
  endfacet
  facet normal -7.384796e-01 -6.612808e-03 6.742435e-01
    outer loop
      vertex 6.924472e+00 1.499378e+00 -8.579993e+01
      vertex 6.920357e+00 1.222209e+00 -8.580715e+01
      vertex 6.788406e+00 1.221318e+00 -8.595168e+01
    endloop
  endfacet
  facet normal 7.384796e-01 6.612808e-03 -6.742435e-01
    outer loop
      vertex 6.924472e+00 1.499378e+00 -8.579993e+01
      vertex 6.788406e+00 1.221318e+00 -8.595168e+01
      vertex 6.920357e+00 1.222209e+00 -8.580715e+01
    endloop
  endfacet
  facet normal 1.860498e-08 1.000000e+00 5.163433e-08
    outer loop
      vertex 6.057317e+00 1.000013e-02 -8.472668e+01
      vertex 6.080575e+00 1.000012e-02 -8.453665e+01
      vertex 6.067266e+00 1.000011e-02 -8.433345e+01
    endloop
  endfacet
  facet normal -1.860498e-08 -1.000000e+00 -5.163433e-08
    outer loop
      vertex 6.057317e+00 1.000013e-02 -8.472668e+01
      vertex 6.067266e+00 1.000011e-02 -8.433345e+01
      vertex 6.080575e+00 1.000012e-02 -8.453665e+01
    endloop
  endfacet
  facet normal -9.419826e-01 8.705343e-04 -3.356606e-01
    outer loop
      vertex 5.937193e+00 2.459527e+00 -8.560735e+01
      vertex 6.003437e+00 2.170861e+00 -8.579401e+01
      vertex 6.004287e+00 2.478445e+00 -8.579559e+01
    endloop
  endfacet
  facet normal 0.000000e+00 -1.000000e+00 -0.000000e+00
    outer loop
      vertex 6.076926e+00 3.000000e+00 -8.380622e+01
      vertex 6.401720e+00 3.000000e+00 -8.406250e+01
      vertex 6.065655e+00 3.000000e+00 -8.406868e+01
    endloop
  endfacet
  facet normal -3.355486e-01 9.420151e-01 3.827728e-03
    outer loop
      vertex 5.930011e+00 4.063838e-03 -8.593273e+01
      vertex 5.966386e+00 1.648709e-02 -8.580140e+01
      vertex 5.930014e+00 3.014967e-03 -8.567431e+01
    endloop
  endfacet
  facet normal 3.266018e-06 1.000000e+00 -6.880995e-06
    outer loop
      vertex 6.403522e+00 3.010000e+00 -8.407162e+01
      vertex 6.104579e+00 3.010001e+00 -8.407491e+01
      vertex 6.119993e+00 3.009999e+00 -8.434479e+01
    endloop
  endfacet
  facet normal -3.266018e-06 -1.000000e+00 6.880995e-06
    outer loop
      vertex 6.403522e+00 3.010000e+00 -8.407162e+01
      vertex 6.119993e+00 3.009999e+00 -8.434479e+01
      vertex 6.104579e+00 3.010001e+00 -8.407491e+01
    endloop
  endfacet
  facet normal 1.706823e-07 1.000000e+00 -4.840598e-08
    outer loop
      vertex 6.015346e+00 1.000005e-02 -8.334372e+01
      vertex 6.318345e+00 9.999995e-03 -8.341048e+01
      vertex 6.400208e+00 9.999997e-03 -8.308334e+01
    endloop
  endfacet
  facet normal 7.379293e-01 2.427075e-03 -6.748737e-01
    outer loop
      vertex 6.921985e+00 2.711067e+00 -8.580427e+01
      vertex 6.784715e+00 2.711758e+00 -8.595436e+01
      vertex 6.786973e+00 2.468667e+00 -8.595277e+01
    endloop
  endfacet
  facet normal 9.323648e-01 3.561467e-02 3.597604e-01
    outer loop
      vertex 6.883306e+00 1.221035e+00 -8.521382e+01
      vertex 6.997128e+00 1.214703e+00 -8.550818e+01
      vertex 6.994859e+00 1.031642e+00 -8.548418e+01
    endloop
  endfacet
  facet normal 9.353690e-01 -4.102188e-02 3.512864e-01
    outer loop
      vertex 6.892102e+00 1.787490e+00 -8.522675e+01
      vertex 6.994237e+00 1.968312e+00 -8.547759e+01
      vertex 6.996965e+00 1.783750e+00 -8.550641e+01
    endloop
  endfacet
  facet normal -3.130739e-01 -6.720460e-04 9.497286e-01
    outer loop
      vertex 6.417121e+00 1.218045e+00 -8.500452e+01
      vertex 6.417508e+00 1.037671e+00 -8.500452e+01
      vertex 6.204116e+00 1.222103e+00 -8.507473e+01
    endloop
  endfacet
  facet normal -3.790606e-01 6.745864e-03 -9.253472e-01
    outer loop
      vertex 6.152390e+00 2.922843e-01 -8.595920e+01
      vertex 6.416701e+00 5.942287e-01 -8.606527e+01
      vertex 6.145109e+00 5.592303e-01 -8.595427e+01
    endloop
  endfacet
  facet normal 7.464077e-01 2.072274e-02 6.651663e-01
    outer loop
      vertex 6.008511e+00 1.213889e+00 -8.580328e+01
      vertex 6.139058e+00 1.223940e+00 -8.595009e+01
      vertex 6.000810e+00 1.038218e+00 -8.578917e+01
    endloop
  endfacet
  facet normal -7.464077e-01 -2.072274e-02 -6.651663e-01
    outer loop
      vertex 6.008511e+00 1.213889e+00 -8.580328e+01
      vertex 6.000810e+00 1.038218e+00 -8.578917e+01
      vertex 6.139058e+00 1.223940e+00 -8.595009e+01
    endloop
  endfacet
  facet normal 6.104470e-02 9.981326e-01 2.178606e-03
    outer loop
      vertex 5.930041e+00 3.005261e+00 -8.336372e+01
      vertex 6.024654e+00 3.000000e+00 -8.360448e+01
      vertex 6.015347e+00 3.000000e+00 -8.334370e+01
    endloop
  endfacet
  facet normal -6.104470e-02 -9.981326e-01 -2.178606e-03
    outer loop
      vertex 5.930041e+00 3.005261e+00 -8.336372e+01
      vertex 6.015347e+00 3.000000e+00 -8.334370e+01
      vertex 6.024654e+00 3.000000e+00 -8.360448e+01
    endloop
  endfacet
  facet normal -7.469127e-01 -1.467949e-02 -6.647600e-01
    outer loop
      vertex 6.008670e+00 8.225297e-01 -8.580364e+01
      vertex 6.000117e+00 5.456506e-01 -8.578792e+01
      vertex 6.141390e+00 8.464731e-01 -8.595329e+01
    endloop
  endfacet
  facet normal 9.399188e-01 4.520768e-03 -3.413682e-01
    outer loop
      vertex 6.992759e+00 1.222039e+00 -8.560780e+01
      vertex 6.920357e+00 1.222209e+00 -8.580715e+01
      vertex 6.922809e+00 1.036779e+00 -8.580286e+01
    endloop
  endfacet
  facet normal 6.318811e-04 -9.932990e-01 1.155712e-01
    outer loop
      vertex 6.057317e+00 3.000000e+00 -8.472667e+01
      vertex 6.368495e+00 3.000000e+00 -8.472837e+01
      vertex 6.395581e+00 2.973202e+00 -8.495884e+01
    endloop
  endfacet
  facet normal -7.401811e-01 1.777731e-02 -6.721725e-01
    outer loop
      vertex 6.005661e+00 2.706033e+00 -8.579811e+01
      vertex 6.135906e+00 2.467104e+00 -8.594785e+01
      vertex 6.152069e+00 2.716588e+00 -8.595905e+01
    endloop
  endfacet
  facet normal 9.134988e-01 -6.830683e-02 -4.010661e-01
    outer loop
      vertex 6.996663e+00 2.713583e+00 -8.550320e+01
      vertex 6.999669e+00 2.943182e+00 -8.553545e+01
      vertex 6.970500e+00 2.995767e+00 -8.561085e+01
    endloop
  endfacet
  facet normal -4.318315e-07 -1.000000e+00 -7.869932e-08
    outer loop
      vertex 6.375624e+00 9.999994e-03 -8.455804e+01
      vertex 6.080575e+00 1.000012e-02 -8.453665e+01
      vertex 6.067266e+00 1.000011e-02 -8.433345e+01
    endloop
  endfacet
  facet normal 4.318315e-07 1.000000e+00 7.869932e-08
    outer loop
      vertex 6.375624e+00 9.999994e-03 -8.455804e+01
      vertex 6.067266e+00 1.000011e-02 -8.433345e+01
      vertex 6.080575e+00 1.000012e-02 -8.453665e+01
    endloop
  endfacet
  facet normal 1.311911e-02 -9.999130e-01 -1.354547e-03
    outer loop
      vertex 6.534165e+00 0.000000e+00 -8.361530e+01
      vertex 6.851565e+00 4.160791e-03 -8.361266e+01
      vertex 6.857712e+00 4.489032e-03 -8.379543e+01
    endloop
  endfacet
  facet normal 3.580350e-09 1.000000e+00 9.931227e-09
    outer loop
      vertex 6.318345e+00 9.999995e-03 -8.341048e+01
      vertex 6.329601e+00 9.999997e-03 -8.360209e+01
      vertex 6.588367e+00 9.999996e-03 -8.360160e+01
    endloop
  endfacet
  facet normal 9.983461e-01 4.804564e-02 -3.156912e-02
    outer loop
      vertex 6.996295e+00 9.375000e-02 -8.549950e+01
      vertex 6.992905e+00 9.375000e-02 -8.560670e+01
      vertex 6.999698e+00 0.000000e+00 -8.553455e+01
    endloop
  endfacet
  facet normal 8.593611e-01 3.026653e-04 5.113693e-01
    outer loop
      vertex 6.876846e+00 2.404062e+00 -8.520417e+01
      vertex 6.885734e+00 2.123131e+00 -8.521894e+01
      vertex 6.878333e+00 1.971021e+00 -8.520641e+01
    endloop
  endfacet
  facet normal -8.593611e-01 -3.026653e-04 -5.113693e-01
    outer loop
      vertex 6.876846e+00 2.404062e+00 -8.520417e+01
      vertex 6.878333e+00 1.971021e+00 -8.520641e+01
      vertex 6.885734e+00 2.123131e+00 -8.521894e+01
    endloop
  endfacet
  facet normal -2.939216e-01 -6.309335e-04 9.558293e-01
    outer loop
      vertex 6.417121e+00 1.218045e+00 -8.500452e+01
      vertex 6.417508e+00 1.037671e+00 -8.500452e+01
      vertex 6.294333e+00 8.596628e-01 -8.504251e+01
    endloop
  endfacet
  facet normal 2.939216e-01 6.309335e-04 -9.558293e-01
    outer loop
      vertex 6.417121e+00 1.218045e+00 -8.500452e+01
      vertex 6.294333e+00 8.596628e-01 -8.504251e+01
      vertex 6.417508e+00 1.037671e+00 -8.500452e+01
    endloop
  endfacet
  facet normal 9.461387e-02 9.915115e-01 8.918072e-02
    outer loop
      vertex 6.813466e+00 2.548599e-03 -8.471568e+01
      vertex 6.739304e+00 1.000010e-02 -8.471985e+01
      vertex 6.731028e+00 3.708577e-02 -8.501221e+01
    endloop
  endfacet
  facet normal 0.000000e+00 1.000000e+00 0.000000e+00
    outer loop
      vertex 6.522919e+00 9.999998e-03 -8.381818e+01
      vertex 6.401720e+00 9.999998e-03 -8.406249e+01
      vertex 6.526720e+00 9.999998e-03 -8.406250e+01
    endloop
  endfacet
  facet normal 9.378490e-01 6.963226e-03 3.469736e-01
    outer loop
      vertex 6.996964e+00 3.541600e-01 -8.550653e+01
      vertex 6.996295e+00 9.375000e-02 -8.549950e+01
      vertex 6.895675e+00 2.908910e-01 -8.523148e+01
    endloop
  endfacet
  facet normal 0.000000e+00 -1.000000e+00 0.000000e+00
    outer loop
      vertex 6.368495e+00 3.000000e+00 -8.472837e+01
      vertex 6.572571e+00 3.000000e+00 -8.455160e+01
      vertex 6.560275e+00 3.000000e+00 -8.473147e+01
    endloop
  endfacet
  facet normal -7.990266e-02 9.942051e-01 -7.191522e-02
    outer loop
      vertex 6.000176e+00 5.710688e-03 -8.598792e+01
      vertex 5.966386e+00 1.648709e-02 -8.580140e+01
      vertex 5.930011e+00 4.063838e-03 -8.593273e+01
    endloop
  endfacet
  facet normal 0.000000e+00 -1.000000e+00 0.000000e+00
    outer loop
      vertex 6.628265e+00 0.000000e+00 -8.525367e+01
      vertex 6.386001e+00 0.000000e+00 -8.547517e+01
      vertex 6.397750e+00 0.000000e+00 -8.527026e+01
    endloop
  endfacet
  facet normal -2.471302e-01 -9.689820e-01 -6.671519e-04
    outer loop
      vertex 6.851110e+00 4.107630e-03 -8.336694e+01
      vertex 6.851565e+00 4.160791e-03 -8.361266e+01
      vertex 6.828632e+00 1.000001e-02 -8.359866e+01
    endloop
  endfacet
  facet normal 2.471302e-01 9.689820e-01 6.671519e-04
    outer loop
      vertex 6.851110e+00 4.107630e-03 -8.336694e+01
      vertex 6.828632e+00 1.000001e-02 -8.359866e+01
      vertex 6.851565e+00 4.160791e-03 -8.361266e+01
    endloop
  endfacet
  facet normal -8.782666e-01 8.178251e-05 -4.781715e-01
    outer loop
      vertex 6.008670e+00 8.225297e-01 -8.580364e+01
      vertex 6.008511e+00 1.213889e+00 -8.580328e+01
      vertex 6.000810e+00 1.038218e+00 -8.578917e+01
    endloop
  endfacet
  facet normal 8.782666e-01 -8.178251e-05 4.781715e-01
    outer loop
      vertex 6.008670e+00 8.225297e-01 -8.580364e+01
      vertex 6.000810e+00 1.038218e+00 -8.578917e+01
      vertex 6.008511e+00 1.213889e+00 -8.580328e+01
    endloop
  endfacet
  facet normal 0.000000e+00 -1.000000e+00 0.000000e+00
    outer loop
      vertex 6.111531e+00 0.000000e+00 -8.526440e+01
      vertex 6.330709e+00 0.000000e+00 -8.500214e+01
      vertex 6.397750e+00 0.000000e+00 -8.527026e+01
    endloop
  endfacet
  facet normal 8.984857e-03 -9.999565e-01 2.477167e-03
    outer loop
      vertex 6.813466e+00 2.548599e-03 -8.471568e+01
      vertex 6.799303e+00 1.711585e-03 -8.500219e+01
      vertex 6.534230e+00 0.000000e+00 -8.473167e+01
    endloop
  endfacet
  facet normal 0.000000e+00 -1.000000e+00 0.000000e+00
    outer loop
      vertex 6.404427e+00 0.000000e+00 -8.453161e+01
      vertex 6.618696e+00 0.000000e+00 -8.453735e+01
      vertex 6.534230e+00 0.000000e+00 -8.473167e+01
    endloop
  endfacet
  facet normal -9.286996e-01 -1.714765e-02 3.704362e-01
    outer loop
      vertex 6.050377e+00 2.427772e+00 -8.521036e+01
      vertex 5.933215e+00 2.465470e+00 -8.550234e+01
      vertex 6.038735e+00 2.713825e+00 -8.522630e+01
    endloop
  endfacet
  facet normal 0.000000e+00 -1.000000e+00 0.000000e+00
    outer loop
      vertex 6.398750e+00 0.000000e+00 -8.361530e+01
      vertex 6.398750e+00 0.000000e+00 -8.336684e+01
      vertex 6.534165e+00 0.000000e+00 -8.361530e+01
    endloop
  endfacet
  facet normal -5.594580e-01 -8.189175e-01 -1.279877e-01
    outer loop
      vertex 5.929993e+00 3.004595e+00 -8.300000e+01
      vertex 5.959121e+00 3.000000e+00 -8.309792e+01
      vertex 6.015347e+00 3.000000e+00 -8.334370e+01
    endloop
  endfacet
  facet normal 5.594580e-01 8.189175e-01 1.279877e-01
    outer loop
      vertex 5.929993e+00 3.004595e+00 -8.300000e+01
      vertex 6.015347e+00 3.000000e+00 -8.334370e+01
      vertex 5.959121e+00 3.000000e+00 -8.309792e+01
    endloop
  endfacet
  facet normal -8.098915e-01 -5.165815e-01 2.778836e-01
    outer loop
      vertex 6.828632e+00 3.000000e+00 -8.359867e+01
      vertex 6.754631e+00 3.000000e+00 -8.381435e+01
      vertex 6.813186e+00 3.007512e+00 -8.362972e+01
    endloop
  endfacet
  facet normal 8.098915e-01 5.165815e-01 -2.778836e-01
    outer loop
      vertex 6.828632e+00 3.000000e+00 -8.359867e+01
      vertex 6.813186e+00 3.007512e+00 -8.362972e+01
      vertex 6.754631e+00 3.000000e+00 -8.381435e+01
    endloop
  endfacet
  facet normal 2.716101e-07 1.000000e+00 2.567591e-08
    outer loop
      vertex 6.318345e+00 9.999995e-03 -8.341048e+01
      vertex 6.024655e+00 1.000008e-02 -8.360448e+01
      vertex 6.329601e+00 9.999997e-03 -8.360209e+01
    endloop
  endfacet
  facet normal -6.114088e-01 4.447715e-01 6.544903e-01
    outer loop
      vertex 6.071187e+00 2.607332e-02 -8.501880e+01
      vertex 6.032546e+00 2.927172e-01 -8.523610e+01
      vertex 6.210557e+00 2.947988e-01 -8.507122e+01
    endloop
  endfacet
  facet normal 0.000000e+00 1.000000e+00 0.000000e+00
    outer loop
      vertex 6.080574e+00 3.000000e+00 -8.453661e+01
      vertex 6.368495e+00 3.000000e+00 -8.472837e+01
      vertex 6.375622e+00 3.000000e+00 -8.455804e+01
    endloop
  endfacet
  facet normal 0.000000e+00 -1.000000e+00 0.000000e+00
    outer loop
      vertex 6.080574e+00 3.000000e+00 -8.453661e+01
      vertex 6.375622e+00 3.000000e+00 -8.455804e+01
      vertex 6.368495e+00 3.000000e+00 -8.472837e+01
    endloop
  endfacet
  facet normal -0.000000e+00 -1.000000e+00 0.000000e+00
    outer loop
      vertex 6.534165e+00 0.000000e+00 -8.336683e+01
      vertex 6.398750e+00 0.000000e+00 -8.336684e+01
      vertex 6.398750e+00 0.000000e+00 -8.307102e+01
    endloop
  endfacet
  facet normal -6.763613e-01 1.731686e-02 -7.363665e-01
    outer loop
      vertex 6.876846e+00 2.404062e+00 -8.520417e+01
      vertex 6.722998e+00 1.971958e+00 -8.507302e+01
      vertex 6.885734e+00 2.123131e+00 -8.521894e+01
    endloop
  endfacet
  facet normal 6.763613e-01 -1.731686e-02 7.363665e-01
    outer loop
      vertex 6.876846e+00 2.404062e+00 -8.520417e+01
      vertex 6.885734e+00 2.123131e+00 -8.521894e+01
      vertex 6.722998e+00 1.971958e+00 -8.507302e+01
    endloop
  endfacet
  facet normal -9.298303e-01 2.959314e-02 3.667967e-01
    outer loop
      vertex 5.932669e+00 5.316924e-01 -8.550857e+01
      vertex 6.051463e+00 5.444018e-01 -8.520845e+01
      vertex 6.032546e+00 2.927172e-01 -8.523610e+01
    endloop
  endfacet
  facet normal 1.133885e-01 9.931818e-01 -2.707556e-02
    outer loop
      vertex 6.970500e+00 2.995767e+00 -8.561085e+01
      vertex 6.833938e+00 3.009099e+00 -8.569371e+01
      vertex 6.930691e+00 2.994740e+00 -8.581524e+01
    endloop
  endfacet
  facet normal 1.076301e-03 -9.999987e-01 -1.219912e-03
    outer loop
      vertex 6.545311e+00 0.000000e+00 -8.574158e+01
      vertex 6.868576e+00 0.000000e+00 -8.545637e+01
      vertex 6.833373e+00 3.203078e-04 -8.574999e+01
    endloop
  endfacet
  facet normal -9.990158e-01 -2.142901e-04 -4.435349e-02
    outer loop
      vertex 5.937242e+00 1.233586e+00 -8.560780e+01
      vertex 5.937156e+00 1.507397e+00 -8.560719e+01
      vertex 5.932775e+00 1.233232e+00 -8.550719e+01
    endloop
  endfacet
  facet normal 8.620254e-02 9.962419e-01 8.438591e-03
    outer loop
      vertex 6.851110e+00 4.107630e-03 -8.336694e+01
      vertex 6.840236e+00 2.571663e-03 -8.307453e+01
      vertex 6.811919e+00 4.390552e-03 -8.300000e+01
    endloop
  endfacet
  facet normal -8.620254e-02 -9.962419e-01 -8.438591e-03
    outer loop
      vertex 6.851110e+00 4.107630e-03 -8.336694e+01
      vertex 6.811919e+00 4.390552e-03 -8.300000e+01
      vertex 6.840236e+00 2.571663e-03 -8.307453e+01
    endloop
  endfacet
  facet normal 1.316077e-02 -9.998950e-01 6.065753e-03
    outer loop
      vertex 6.841293e+00 4.030365e-03 -8.435594e+01
      vertex 6.618696e+00 0.000000e+00 -8.453735e+01
      vertex 6.536213e+00 0.000000e+00 -8.435839e+01
    endloop
  endfacet
  facet normal -3.437635e-02 9.994079e-01 1.428336e-03
    outer loop
      vertex 5.930061e+00 5.102099e-03 -8.473199e+01
      vertex 6.080575e+00 1.000012e-02 -8.453665e+01
      vertex 5.930057e+00 4.814631e-03 -8.453094e+01
    endloop
  endfacet
  facet normal -9.275478e-01 1.058597e-02 3.735546e-01
    outer loop
      vertex 6.050377e+00 2.427772e+00 -8.521036e+01
      vertex 6.043441e+00 2.142291e+00 -8.521949e+01
      vertex 5.933215e+00 2.465470e+00 -8.550234e+01
    endloop
  endfacet
  facet normal -7.780973e-01 2.374436e-02 -6.276948e-01
    outer loop
      vertex 6.008670e+00 8.225297e-01 -8.580364e+01
      vertex 6.127776e+00 1.038171e+00 -8.594313e+01
      vertex 6.139058e+00 1.223940e+00 -8.595009e+01
    endloop
  endfacet
  facet normal 7.780973e-01 -2.374436e-02 6.276948e-01
    outer loop
      vertex 6.008670e+00 8.225297e-01 -8.580364e+01
      vertex 6.139058e+00 1.223940e+00 -8.595009e+01
      vertex 6.127776e+00 1.038171e+00 -8.594313e+01
    endloop
  endfacet
  facet normal 6.750774e-01 -2.430219e-03 7.377429e-01
    outer loop
      vertex 6.894763e+00 2.713618e+00 -8.522989e+01
      vertex 6.721477e+00 2.459658e+00 -8.507216e+01
      vertex 6.723702e+00 2.721034e+00 -8.507333e+01
    endloop
  endfacet
  facet normal -2.486666e-02 -9.905661e-01 1.347602e-01
    outer loop
      vertex 6.560275e+00 3.000000e+00 -8.473147e+01
      vertex 6.534963e+00 2.968692e+00 -8.496627e+01
      vertex 6.395581e+00 2.973202e+00 -8.495884e+01
    endloop
  endfacet
  facet normal 1.026057e-04 -9.999937e-01 3.531973e-03
    outer loop
      vertex 6.327881e+00 3.820960e-04 -8.595765e+01
      vertex 6.634053e+00 2.628237e-04 -8.600031e+01
      vertex 6.460625e+00 0.000000e+00 -8.606969e+01
    endloop
  endfacet
  facet normal -1.573959e-02 9.998719e-01 -2.900957e-03
    outer loop
      vertex 6.841293e+00 4.030365e-03 -8.435594e+01
      vertex 6.618696e+00 0.000000e+00 -8.453735e+01
      vertex 6.813466e+00 2.548599e-03 -8.471568e+01
    endloop
  endfacet
  facet normal 1.573959e-02 -9.998719e-01 2.900957e-03
    outer loop
      vertex 6.841293e+00 4.030365e-03 -8.435594e+01
      vertex 6.813466e+00 2.548599e-03 -8.471568e+01
      vertex 6.618696e+00 0.000000e+00 -8.453735e+01
    endloop
  endfacet
  facet normal -6.700849e-01 -7.422959e-03 7.422474e-01
    outer loop
      vertex 6.195728e+00 1.515471e+00 -8.507937e+01
      vertex 6.204116e+00 1.222103e+00 -8.507473e+01
      vertex 6.048483e+00 1.498185e+00 -8.521247e+01
    endloop
  endfacet
  facet normal 1.084823e-06 1.000000e+00 4.626957e-06
    outer loop
      vertex 6.391647e+00 3.009999e+00 -8.525853e+01
      vertex 6.409167e+00 3.010000e+00 -8.546875e+01
      vertex 6.533147e+00 3.010000e+00 -8.549782e+01
    endloop
  endfacet
  facet normal -2.950245e-02 -9.995647e-01 -3.108324e-05
    outer loop
      vertex 6.825229e+00 3.007059e+00 -8.471427e+01
      vertex 6.813019e+00 3.007408e+00 -8.434168e+01
      vertex 6.916351e+00 3.004364e+00 -8.453418e+01
    endloop
  endfacet
  facet normal 2.950245e-02 9.995647e-01 3.108324e-05
    outer loop
      vertex 6.825229e+00 3.007059e+00 -8.471427e+01
      vertex 6.916351e+00 3.004364e+00 -8.453418e+01
      vertex 6.813019e+00 3.007408e+00 -8.434168e+01
    endloop
  endfacet
  facet normal -9.401279e-01 -4.358092e-03 3.407937e-01
    outer loop
      vertex 5.932669e+00 5.316924e-01 -8.550857e+01
      vertex 6.032546e+00 2.927172e-01 -8.523610e+01
      vertex 5.932376e+00 2.966520e-01 -8.551238e+01
    endloop
  endfacet
  facet normal 0.000000e+00 -1.000000e+00 0.000000e+00
    outer loop
      vertex 6.398519e+00 0.000000e+00 -8.476038e+01
      vertex 6.534230e+00 0.000000e+00 -8.473167e+01
      vertex 6.530773e+00 0.000000e+00 -8.499117e+01
    endloop
  endfacet
  facet normal 9.999937e-01 -3.539758e-03 1.391250e-05
    outer loop
      vertex 5.930061e+00 5.102099e-03 -8.473199e+01
      vertex 5.930057e+00 4.814631e-03 -8.453094e+01
      vertex 5.930055e+00 5.088155e-03 -8.432425e+01
    endloop
  endfacet
  facet normal -9.999937e-01 3.539758e-03 -1.391250e-05
    outer loop
      vertex 5.930061e+00 5.102099e-03 -8.473199e+01
      vertex 5.930055e+00 5.088155e-03 -8.432425e+01
      vertex 5.930057e+00 4.814631e-03 -8.453094e+01
    endloop
  endfacet
  facet normal 7.384793e-01 6.648610e-03 -6.742435e-01
    outer loop
      vertex 6.920357e+00 1.222209e+00 -8.580715e+01
      vertex 6.788406e+00 1.221318e+00 -8.595168e+01
      vertex 6.792764e+00 1.037428e+00 -8.594872e+01
    endloop
  endfacet
  facet normal 6.474326e-01 -1.525547e-01 7.466981e-01
    outer loop
      vertex 6.614472e+00 2.972194e-01 -8.503684e+01
      vertex 6.739317e+00 6.065060e-01 -8.508190e+01
      vertex 6.884830e+00 5.629334e-01 -8.521697e+01
    endloop
  endfacet
  facet normal -9.918537e-01 -1.093543e-05 -1.273817e-01
    outer loop
      vertex 5.937242e+00 1.233586e+00 -8.560780e+01
      vertex 5.937110e+00 1.038358e+00 -8.560676e+01
      vertex 5.937222e+00 8.282872e-01 -8.560761e+01
    endloop
  endfacet
  facet normal 9.918537e-01 1.093543e-05 1.273817e-01
    outer loop
      vertex 5.937242e+00 1.233586e+00 -8.560780e+01
      vertex 5.937222e+00 8.282872e-01 -8.560761e+01
      vertex 5.937110e+00 1.038358e+00 -8.560676e+01
    endloop
  endfacet
  facet normal -2.693416e-02 9.996359e-01 -1.545444e-03
    outer loop
      vertex 5.930055e+00 3.004913e+00 -8.432426e+01
      vertex 6.119993e+00 3.009999e+00 -8.434479e+01
      vertex 6.104579e+00 3.010001e+00 -8.407491e+01
    endloop
  endfacet
  facet normal -5.154234e-01 1.410937e-01 8.452404e-01
    outer loop
      vertex 6.356310e+00 2.433134e+00 -8.502470e+01
      vertex 6.202435e+00 2.176192e+00 -8.507564e+01
      vertex 6.050377e+00 2.427772e+00 -8.521036e+01
    endloop
  endfacet
  facet normal -7.602799e-04 -9.983449e-01 5.750528e-02
    outer loop
      vertex 6.099562e+00 4.318756e-03 -8.300000e+01
      vertex 6.398752e+00 4.090911e-03 -8.300000e+01
      vertex 6.398750e+00 0.000000e+00 -8.307102e+01
    endloop
  endfacet
  facet normal -2.967373e-01 1.762575e-01 9.385522e-01
    outer loop
      vertex 6.417163e+00 2.875603e-01 -8.500454e+01
      vertex 6.394010e+00 4.139040e-02 -8.496563e+01
      vertex 6.210557e+00 2.947988e-01 -8.507122e+01
    endloop
  endfacet
  facet normal -6.705981e-01 2.324271e-04 7.418208e-01
    outer loop
      vertex 6.048274e+00 1.796555e+00 -8.521275e+01
      vertex 6.195728e+00 1.515471e+00 -8.507937e+01
      vertex 6.048483e+00 1.498185e+00 -8.521247e+01
    endloop
  endfacet
  facet normal 0.000000e+00 -1.000000e+00 0.000000e+00
    outer loop
      vertex 6.390500e+00 0.000000e+00 -8.439365e+01
      vertex 6.618696e+00 0.000000e+00 -8.453735e+01
      vertex 6.404427e+00 0.000000e+00 -8.453161e+01
    endloop
  endfacet
  facet normal -7.535188e-01 -7.521891e-03 -6.573834e-01
    outer loop
      vertex 6.141390e+00 8.464731e-01 -8.595329e+01
      vertex 6.000117e+00 5.456506e-01 -8.578792e+01
      vertex 6.145109e+00 5.592303e-01 -8.595427e+01
    endloop
  endfacet
  facet normal -3.973556e-02 -9.992098e-01 -8.523401e-04
    outer loop
      vertex 5.930050e+00 3.005155e+00 -8.379022e+01
      vertex 6.065655e+00 3.000000e+00 -8.406868e+01
      vertex 5.930048e+00 3.005387e+00 -8.406209e+01
    endloop
  endfacet
  facet normal -9.422780e-01 2.666804e-04 -3.348316e-01
    outer loop
      vertex 5.937193e+00 2.459527e+00 -8.560735e+01
      vertex 5.937203e+00 2.188377e+00 -8.560760e+01
      vertex 6.003437e+00 2.170861e+00 -8.579401e+01
    endloop
  endfacet
  facet normal 9.470589e-01 -1.730607e-02 -3.205930e-01
    outer loop
      vertex 6.931228e+00 2.158199e+00 -8.578801e+01
      vertex 6.922742e+00 1.970951e+00 -8.580297e+01
      vertex 6.992802e+00 2.185662e+00 -8.560760e+01
    endloop
  endfacet
  facet normal 3.310140e-01 3.857978e-03 9.436181e-01
    outer loop
      vertex 6.521853e+00 5.893177e-01 -8.500555e+01
      vertex 6.739317e+00 6.065060e-01 -8.508190e+01
      vertex 6.614472e+00 2.972194e-01 -8.503684e+01
    endloop
  endfacet
  facet normal -5.540892e-01 2.324126e-03 -8.324541e-01
    outer loop
      vertex 6.122427e+00 1.971813e+00 -8.593902e+01
      vertex 6.150302e+00 1.791146e+00 -8.595808e+01
      vertex 6.132232e+00 2.175215e+00 -8.594498e+01
    endloop
  endfacet
  facet normal 5.540892e-01 -2.324126e-03 8.324541e-01
    outer loop
      vertex 6.122427e+00 1.971813e+00 -8.593902e+01
      vertex 6.132232e+00 2.175215e+00 -8.594498e+01
      vertex 6.150302e+00 1.791146e+00 -8.595808e+01
    endloop
  endfacet
  facet normal 3.088666e-01 2.172455e-03 9.511028e-01
    outer loop
      vertex 6.621723e+00 8.666068e-01 -8.503861e+01
      vertex 6.521853e+00 5.893177e-01 -8.500555e+01
      vertex 6.517007e+00 1.037815e+00 -8.500500e+01
    endloop
  endfacet
  facet normal -3.088666e-01 -2.172455e-03 -9.511028e-01
    outer loop
      vertex 6.621723e+00 8.666068e-01 -8.503861e+01
      vertex 6.517007e+00 1.037815e+00 -8.500500e+01
      vertex 6.521853e+00 5.893177e-01 -8.500555e+01
    endloop
  endfacet
  facet normal 4.755590e-01 8.767003e-01 7.238910e-02
    outer loop
      vertex 6.901684e+00 2.962277e+00 -8.523682e+01
      vertex 6.819607e+00 3.009366e+00 -8.526791e+01
      vertex 6.850810e+00 3.009040e+00 -8.546895e+01
    endloop
  endfacet
  facet normal 7.931258e-01 -1.938747e-01 5.773769e-01
    outer loop
      vertex 6.735096e+00 2.977475e+00 -8.500288e+01
      vertex 6.901684e+00 2.962277e+00 -8.523682e+01
      vertex 6.723702e+00 2.721034e+00 -8.507333e+01
    endloop
  endfacet
  facet normal -9.302494e-01 3.963053e-03 3.669066e-01
    outer loop
      vertex 6.048274e+00 1.796555e+00 -8.521275e+01
      vertex 5.933323e+00 1.494008e+00 -8.550093e+01
      vertex 5.932982e+00 1.801055e+00 -8.550511e+01
    endloop
  endfacet
  facet normal -6.495714e-01 -5.826122e-03 -7.602782e-01
    outer loop
      vertex 6.127776e+00 1.038171e+00 -8.594313e+01
      vertex 6.145109e+00 5.592303e-01 -8.595427e+01
      vertex 6.141390e+00 8.464731e-01 -8.595329e+01
    endloop
  endfacet
  facet normal 6.495714e-01 5.826122e-03 7.602782e-01
    outer loop
      vertex 6.127776e+00 1.038171e+00 -8.594313e+01
      vertex 6.141390e+00 8.464731e-01 -8.595329e+01
      vertex 6.145109e+00 5.592303e-01 -8.595427e+01
    endloop
  endfacet
  facet normal -0.000000e+00 1.000000e+00 -0.000000e+00
    outer loop
      vertex 6.080574e+00 3.000000e+00 -8.453661e+01
      vertex 6.375622e+00 3.000000e+00 -8.455804e+01
      vertex 6.067265e+00 3.000000e+00 -8.433344e+01
    endloop
  endfacet
  facet normal 0.000000e+00 -1.000000e+00 0.000000e+00
    outer loop
      vertex 6.080574e+00 3.000000e+00 -8.453661e+01
      vertex 6.067265e+00 3.000000e+00 -8.433344e+01
      vertex 6.375622e+00 3.000000e+00 -8.455804e+01
    endloop
  endfacet
  facet normal 9.271274e-03 9.999503e-01 3.680047e-03
    outer loop
      vertex 6.534165e+00 3.010001e+00 -8.434374e+01
      vertex 6.608798e+00 3.009999e+00 -8.453125e+01
      vertex 6.813019e+00 3.007408e+00 -8.434168e+01
    endloop
  endfacet
  facet normal -9.271274e-03 -9.999503e-01 -3.680047e-03
    outer loop
      vertex 6.534165e+00 3.010001e+00 -8.434374e+01
      vertex 6.813019e+00 3.007408e+00 -8.434168e+01
      vertex 6.608798e+00 3.009999e+00 -8.453125e+01
    endloop
  endfacet
  facet normal 0.000000e+00 -1.000000e+00 0.000000e+00
    outer loop
      vertex 6.390500e+00 0.000000e+00 -8.439365e+01
      vertex 6.108049e+00 0.000000e+00 -8.406419e+01
      vertex 6.397738e+00 0.000000e+00 -8.407596e+01
    endloop
  endfacet
  facet normal 9.403015e-01 -4.191936e-02 -3.377512e-01
    outer loop
      vertex 6.992764e+00 2.715774e+00 -8.560780e+01
      vertex 6.930691e+00 2.994740e+00 -8.581524e+01
      vertex 6.921985e+00 2.711067e+00 -8.580427e+01
    endloop
  endfacet
  facet normal 4.459372e-07 1.000000e+00 -6.691607e-10
    outer loop
      vertex 6.368495e+00 9.999991e-03 -8.472837e+01
      vertex 6.080575e+00 1.000012e-02 -8.453665e+01
      vertex 6.057317e+00 1.000013e-02 -8.472668e+01
    endloop
  endfacet
  facet normal -4.459372e-07 -1.000000e+00 6.691607e-10
    outer loop
      vertex 6.368495e+00 9.999991e-03 -8.472837e+01
      vertex 6.057317e+00 1.000013e-02 -8.472668e+01
      vertex 6.080575e+00 1.000012e-02 -8.453665e+01
    endloop
  endfacet
  facet normal -9.302838e-01 -9.916944e-03 3.667065e-01
    outer loop
      vertex 6.048274e+00 1.796555e+00 -8.521275e+01
      vertex 5.932982e+00 1.801055e+00 -8.550511e+01
      vertex 5.933468e+00 1.971859e+00 -8.549926e+01
    endloop
  endfacet
  facet normal 0.000000e+00 1.000000e+00 0.000000e+00
    outer loop
      vertex 6.394342e+00 0.000000e+00 -8.380195e+01
      vertex 6.397738e+00 0.000000e+00 -8.407596e+01
      vertex 6.534165e+00 0.000000e+00 -8.407176e+01
    endloop
  endfacet
  facet normal 0.000000e+00 -1.000000e+00 0.000000e+00
    outer loop
      vertex 6.394342e+00 0.000000e+00 -8.380195e+01
      vertex 6.534165e+00 0.000000e+00 -8.407176e+01
      vertex 6.397738e+00 0.000000e+00 -8.407596e+01
    endloop
  endfacet
  facet normal 0.000000e+00 1.000000e+00 0.000000e+00
    outer loop
      vertex 6.398750e+00 3.010000e+00 -8.337500e+01
      vertex 6.538333e+00 3.010000e+00 -8.310000e+01
      vertex 6.398750e+00 3.010000e+00 -8.309375e+01
    endloop
  endfacet
  facet normal -2.963429e-02 -9.995600e-01 1.322513e-03
    outer loop
      vertex 5.930057e+00 4.814631e-03 -8.453094e+01
      vertex 5.930055e+00 5.088155e-03 -8.432425e+01
      vertex 6.100593e+00 0.000000e+00 -8.434856e+01
    endloop
  endfacet
  facet normal -1.978673e-01 -3.044492e-02 9.797559e-01
    outer loop
      vertex 6.771707e+00 2.888023e-01 -8.596355e+01
      vertex 6.785147e+00 2.860380e-02 -8.596892e+01
      vertex 6.634053e+00 2.628237e-04 -8.600031e+01
    endloop
  endfacet
  facet normal 1.978673e-01 3.044492e-02 -9.797559e-01
    outer loop
      vertex 6.771707e+00 2.888023e-01 -8.596355e+01
      vertex 6.634053e+00 2.628237e-04 -8.600031e+01
      vertex 6.785147e+00 2.860380e-02 -8.596892e+01
    endloop
  endfacet
  facet normal -6.834070e-01 1.287435e-02 7.299241e-01
    outer loop
      vertex 6.050377e+00 2.427772e+00 -8.521036e+01
      vertex 6.038735e+00 2.713825e+00 -8.522630e+01
      vertex 6.187588e+00 2.533070e+00 -8.508375e+01
    endloop
  endfacet
  facet normal 5.380202e-02 9.985490e-01 -2.279824e-03
    outer loop
      vertex 6.742712e+00 1.000005e-02 -8.409554e+01
      vertex 6.857712e+00 4.489032e-03 -8.379543e+01
      vertex 6.754628e+00 1.000005e-02 -8.381433e+01
    endloop
  endfacet
  facet normal -5.380202e-02 -9.985490e-01 2.279824e-03
    outer loop
      vertex 6.742712e+00 1.000005e-02 -8.409554e+01
      vertex 6.754628e+00 1.000005e-02 -8.381433e+01
      vertex 6.857712e+00 4.489032e-03 -8.379543e+01
    endloop
  endfacet
  facet normal 3.073889e-01 -3.467722e-03 9.515777e-01
    outer loop
      vertex 6.504774e+00 2.412293e+00 -8.500374e+01
      vertex 6.509835e+00 2.718522e+00 -8.500426e+01
      vertex 6.723702e+00 2.721034e+00 -8.507333e+01
    endloop
  endfacet
  facet normal -5.717809e-01 1.074730e-01 8.133364e-01
    outer loop
      vertex 6.294333e+00 8.596628e-01 -8.504251e+01
      vertex 6.185895e+00 6.022694e-01 -8.508473e+01
      vertex 6.048750e+00 8.393320e-01 -8.521247e+01
    endloop
  endfacet
  facet normal -6.100147e-07 1.000000e+00 2.128377e-08
    outer loop
      vertex 6.560272e+00 9.999991e-03 -8.473147e+01
      vertex 6.739304e+00 1.000010e-02 -8.471985e+01
      vertex 6.745759e+00 1.000010e-02 -8.453484e+01
    endloop
  endfacet
  facet normal 6.100147e-07 -1.000000e+00 -2.128377e-08
    outer loop
      vertex 6.560272e+00 9.999991e-03 -8.473147e+01
      vertex 6.745759e+00 1.000010e-02 -8.453484e+01
      vertex 6.739304e+00 1.000010e-02 -8.471985e+01
    endloop
  endfacet
  facet normal -3.448068e-02 9.994045e-01 -1.322899e-03
    outer loop
      vertex 5.930057e+00 4.814631e-03 -8.453094e+01
      vertex 6.080575e+00 1.000012e-02 -8.453665e+01
      vertex 5.930055e+00 5.088155e-03 -8.432425e+01
    endloop
  endfacet
  facet normal 5.421931e-01 -8.209760e-01 -1.789558e-01
    outer loop
      vertex 6.996295e+00 9.375000e-02 -8.549950e+01
      vertex 6.868576e+00 0.000000e+00 -8.545637e+01
      vertex 6.934899e+00 1.247106e-03 -8.526115e+01
    endloop
  endfacet
  facet normal -1.689356e-01 2.723979e-01 9.472382e-01
    outer loop
      vertex 6.394010e+00 4.139040e-02 -8.496563e+01
      vertex 6.071187e+00 2.607332e-02 -8.501880e+01
      vertex 6.210557e+00 2.947988e-01 -8.507122e+01
    endloop
  endfacet
  facet normal -3.014618e-01 9.263323e-01 2.258967e-01
    outer loop
      vertex 6.836616e+00 3.006416e+00 -8.598866e+01
      vertex 6.930691e+00 2.994740e+00 -8.581524e+01
      vertex 6.791826e+00 2.985099e+00 -8.596102e+01
    endloop
  endfacet
  facet normal 3.014618e-01 -9.263323e-01 -2.258967e-01
    outer loop
      vertex 6.836616e+00 3.006416e+00 -8.598866e+01
      vertex 6.791826e+00 2.985099e+00 -8.596102e+01
      vertex 6.930691e+00 2.994740e+00 -8.581524e+01
    endloop
  endfacet
  facet normal -1.249996e-01 9.921417e-01 5.476019e-03
    outer loop
      vertex 6.813019e+00 3.007408e+00 -8.434168e+01
      vertex 6.753497e+00 3.000000e+00 -8.435821e+01
      vertex 6.745759e+00 3.000000e+00 -8.453484e+01
    endloop
  endfacet
  facet normal 1.249996e-01 -9.921417e-01 -5.476019e-03
    outer loop
      vertex 6.813019e+00 3.007408e+00 -8.434168e+01
      vertex 6.745759e+00 3.000000e+00 -8.453484e+01
      vertex 6.753497e+00 3.000000e+00 -8.435821e+01
    endloop
  endfacet
  facet normal -3.157612e-01 2.442940e-03 -9.488356e-01
    outer loop
      vertex 6.728653e+00 1.229492e+00 -8.507606e+01
      vertex 6.724893e+00 1.567296e+00 -8.507394e+01
      vertex 6.561684e+00 1.484191e+00 -8.501984e+01
    endloop
  endfacet
  facet normal 3.157612e-01 -2.442940e-03 9.488356e-01
    outer loop
      vertex 6.728653e+00 1.229492e+00 -8.507606e+01
      vertex 6.561684e+00 1.484191e+00 -8.501984e+01
      vertex 6.724893e+00 1.567296e+00 -8.507394e+01
    endloop
  endfacet
  facet normal 8.697905e-01 -3.777763e-05 -4.934213e-01
    outer loop
      vertex 6.928762e+00 5.788949e-01 -8.579233e+01
      vertex 6.922809e+00 1.036779e+00 -8.580286e+01
      vertex 6.912786e+00 8.528880e-01 -8.582051e+01
    endloop
  endfacet
  facet normal -8.697905e-01 3.777763e-05 4.934213e-01
    outer loop
      vertex 6.928762e+00 5.788949e-01 -8.579233e+01
      vertex 6.912786e+00 8.528880e-01 -8.582051e+01
      vertex 6.922809e+00 1.036779e+00 -8.580286e+01
    endloop
  endfacet
  facet normal 0.000000e+00 -1.000000e+00 0.000000e+00
    outer loop
      vertex 6.024654e+00 3.000000e+00 -8.360448e+01
      vertex 6.318345e+00 3.000000e+00 -8.341048e+01
      vertex 6.329600e+00 3.000000e+00 -8.360209e+01
    endloop
  endfacet
  facet normal -2.250262e-07 1.000000e+00 -3.500664e-09
    outer loop
      vertex 6.522919e+00 9.999998e-03 -8.381818e+01
      vertex 6.526720e+00 9.999998e-03 -8.406250e+01
      vertex 6.754628e+00 1.000005e-02 -8.381433e+01
    endloop
  endfacet
  facet normal -3.594151e-02 -9.993511e-01 -2.354402e-03
    outer loop
      vertex 6.080574e+00 3.000000e+00 -8.453661e+01
      vertex 5.930055e+00 3.004913e+00 -8.432426e+01
      vertex 6.067265e+00 3.000000e+00 -8.433344e+01
    endloop
  endfacet
  facet normal -0.000000e+00 -1.000000e+00 0.000000e+00
    outer loop
      vertex 6.394342e+00 0.000000e+00 -8.380195e+01
      vertex 6.096860e+00 0.000000e+00 -8.382834e+01
      vertex 6.084633e+00 0.000000e+00 -8.363425e+01
    endloop
  endfacet
  facet normal -3.318884e-01 3.589546e-02 -9.426355e-01
    outer loop
      vertex 6.390422e+00 2.995693e+00 -8.604198e+01
      vertex 6.429779e+00 2.713452e+00 -8.606658e+01
      vertex 6.461357e+00 2.921875e+00 -8.606976e+01
    endloop
  endfacet
  facet normal 0.000000e+00 -1.000000e+00 -0.000000e+00
    outer loop
      vertex 6.522917e+00 3.000000e+00 -8.381818e+01
      vertex 6.526720e+00 3.000000e+00 -8.406250e+01
      vertex 6.401720e+00 3.000000e+00 -8.406250e+01
    endloop
  endfacet
  facet normal 5.333938e-09 1.000000e+00 -1.850826e-08
    outer loop
      vertex 6.572571e+00 9.999993e-03 -8.455160e+01
      vertex 6.538399e+00 9.999997e-03 -8.436017e+01
      vertex 6.375624e+00 9.999994e-03 -8.455804e+01
    endloop
  endfacet
  facet normal -2.479076e-02 9.995773e-01 1.518416e-02
    outer loop
      vertex 6.112922e+00 3.009999e+00 -8.528405e+01
      vertex 5.930058e+00 3.005103e+00 -8.526031e+01
      vertex 5.929993e+00 3.008205e+00 -8.546461e+01
    endloop
  endfacet
  facet normal 0.000000e+00 -1.000000e+00 0.000000e+00
    outer loop
      vertex 6.076926e+00 3.000000e+00 -8.380622e+01
      vertex 6.024654e+00 3.000000e+00 -8.360448e+01
      vertex 6.329600e+00 3.000000e+00 -8.360209e+01
    endloop
  endfacet
  facet normal 3.451032e-02 9.994042e-01 5.402118e-04
    outer loop
      vertex 5.929994e+00 4.957215e-03 -8.300000e+01
      vertex 6.079106e+00 0.000000e+00 -8.335474e+01
      vertex 6.074804e+00 0.000000e+00 -8.307991e+01
    endloop
  endfacet
  facet normal -3.451032e-02 -9.994042e-01 -5.402118e-04
    outer loop
      vertex 5.929994e+00 4.957215e-03 -8.300000e+01
      vertex 6.074804e+00 0.000000e+00 -8.307991e+01
      vertex 6.079106e+00 0.000000e+00 -8.335474e+01
    endloop
  endfacet
  facet normal 9.265730e-01 -1.228908e-02 3.759142e-01
    outer loop
      vertex 6.892102e+00 1.787490e+00 -8.522675e+01
      vertex 6.995511e+00 1.498746e+00 -8.549108e+01
      vertex 6.882705e+00 1.497921e+00 -8.521306e+01
    endloop
  endfacet
  facet normal 3.022090e-03 9.999955e-01 4.103598e-05
    outer loop
      vertex 6.536818e+00 3.010000e+00 -8.576818e+01
      vertex 6.833938e+00 3.009099e+00 -8.569371e+01
      vertex 6.533147e+00 3.010000e+00 -8.549782e+01
    endloop
  endfacet
  facet normal 9.995375e-01 2.275210e-04 -3.041077e-02
    outer loop
      vertex 6.992798e+00 6.718750e-01 -8.560762e+01
      vertex 6.996144e+00 6.702251e-01 -8.549766e+01
      vertex 6.992738e+00 9.062500e-01 -8.560784e+01
    endloop
  endfacet
  facet normal -9.991183e-01 -9.749918e-04 -4.197098e-02
    outer loop
      vertex 5.937086e+00 1.971642e+00 -8.560677e+01
      vertex 5.932723e+00 2.184290e+00 -8.550785e+01
      vertex 5.932982e+00 1.801055e+00 -8.550511e+01
    endloop
  endfacet
  facet normal -4.061412e-02 9.977698e-01 5.297109e-02
    outer loop
      vertex 5.930061e+00 5.102099e-03 -8.473199e+01
      vertex 6.071187e+00 2.607332e-02 -8.501880e+01
      vertex 6.057317e+00 1.000013e-02 -8.472668e+01
    endloop
  endfacet
  facet normal -0.000000e+00 1.000000e+00 5.567681e-06
    outer loop
      vertex 6.409165e+00 3.009999e+00 -8.453125e+01
      vertex 6.392190e+00 3.010000e+00 -8.470254e+01
      vertex 6.608798e+00 3.009999e+00 -8.453125e+01
    endloop
  endfacet
  facet normal -7.421239e-02 9.970969e-01 -1.703339e-02
    outer loop
      vertex 6.842766e+00 3.006473e+00 -8.381942e+01
      vertex 6.813186e+00 3.007512e+00 -8.362972e+01
      vertex 6.754631e+00 3.000000e+00 -8.381435e+01
    endloop
  endfacet
  facet normal 7.421239e-02 -9.970969e-01 1.703339e-02
    outer loop
      vertex 6.842766e+00 3.006473e+00 -8.381942e+01
      vertex 6.754631e+00 3.000000e+00 -8.381435e+01
      vertex 6.813186e+00 3.007512e+00 -8.362972e+01
    endloop
  endfacet
  facet normal 3.254429e-01 -9.421139e-01 8.067395e-02
    outer loop
      vertex 6.833373e+00 3.203078e-04 -8.574999e+01
      vertex 6.932129e+00 2.928633e-02 -8.581011e+01
      vertex 6.906647e+00 6.220872e-03 -8.597668e+01
    endloop
  endfacet
  facet normal -8.073356e-01 -2.220872e-03 -5.900885e-01
    outer loop
      vertex 6.883306e+00 1.221035e+00 -8.521382e+01
      vertex 6.875809e+00 1.037353e+00 -8.520287e+01
      vertex 6.886958e+00 8.461738e-01 -8.521741e+01
    endloop
  endfacet
  facet normal 8.073356e-01 2.220872e-03 5.900885e-01
    outer loop
      vertex 6.883306e+00 1.221035e+00 -8.521382e+01
      vertex 6.886958e+00 8.461738e-01 -8.521741e+01
      vertex 6.875809e+00 1.037353e+00 -8.520287e+01
    endloop
  endfacet
  facet normal -8.961010e-01 -1.815034e-01 4.050426e-01
    outer loop
      vertex 6.038735e+00 2.713825e+00 -8.522630e+01
      vertex 5.968472e+00 2.979133e+00 -8.526286e+01
      vertex 6.076760e+00 2.981769e+00 -8.502211e+01
    endloop
  endfacet
  facet normal -3.608317e-01 1.854843e-02 -9.324464e-01
    outer loop
      vertex 6.152069e+00 2.716588e+00 -8.595905e+01
      vertex 6.413692e+00 2.481429e+00 -8.606497e+01
      vertex 6.429779e+00 2.713452e+00 -8.606658e+01
    endloop
  endfacet
  facet normal 9.294934e-01 -1.044873e-02 3.686909e-01
    outer loop
      vertex 6.996144e+00 6.702251e-01 -8.549766e+01
      vertex 6.886958e+00 8.461738e-01 -8.521741e+01
      vertex 6.994859e+00 1.031642e+00 -8.548418e+01
    endloop
  endfacet
  facet normal 6.686351e-01 -1.792976e-02 7.433745e-01
    outer loop
      vertex 6.876846e+00 2.404062e+00 -8.520417e+01
      vertex 6.885734e+00 2.123131e+00 -8.521894e+01
      vertex 6.728093e+00 2.181995e+00 -8.507573e+01
    endloop
  endfacet
  facet normal 5.058061e-01 1.438319e-01 8.505719e-01
    outer loop
      vertex 6.728653e+00 1.229492e+00 -8.507606e+01
      vertex 6.561684e+00 1.484191e+00 -8.501984e+01
      vertex 6.882705e+00 1.497921e+00 -8.521306e+01
    endloop
  endfacet
  facet normal 6.646254e-01 1.376351e-02 7.470500e-01
    outer loop
      vertex 6.892102e+00 1.787490e+00 -8.522675e+01
      vertex 6.882705e+00 1.497921e+00 -8.521306e+01
      vertex 6.724893e+00 1.567296e+00 -8.507394e+01
    endloop
  endfacet
  facet normal -3.974668e-02 9.992095e-01 -8.504843e-04
    outer loop
      vertex 5.930048e+00 4.611573e-03 -8.406207e+01
      vertex 6.065654e+00 1.000010e-02 -8.406867e+01
      vertex 5.930050e+00 4.843030e-03 -8.379023e+01
    endloop
  endfacet
  facet normal -8.094179e-01 8.804443e-04 5.872324e-01
    outer loop
      vertex 6.050377e+00 2.427772e+00 -8.521036e+01
      vertex 6.058227e+00 1.971055e+00 -8.519885e+01
      vertex 6.043441e+00 2.142291e+00 -8.521949e+01
    endloop
  endfacet
  facet normal 8.094179e-01 -8.804443e-04 -5.872324e-01
    outer loop
      vertex 6.050377e+00 2.427772e+00 -8.521036e+01
      vertex 6.043441e+00 2.142291e+00 -8.521949e+01
      vertex 6.058227e+00 1.971055e+00 -8.519885e+01
    endloop
  endfacet
  facet normal -2.845087e-02 9.995818e-01 -5.161039e-03
    outer loop
      vertex 6.109659e+00 3.010000e+00 -8.384199e+01
      vertex 6.074615e+00 3.009999e+00 -8.364899e+01
      vertex 5.930050e+00 3.005155e+00 -8.379022e+01
    endloop
  endfacet
  facet normal 2.660518e-01 -3.039792e-02 -9.634793e-01
    outer loop
      vertex 6.527115e+00 2.993107e+00 -8.603437e+01
      vertex 6.784715e+00 2.711758e+00 -8.595436e+01
      vertex 6.791826e+00 2.985099e+00 -8.596102e+01
    endloop
  endfacet
  facet normal -2.655934e-02 9.996457e-01 -1.807988e-03
    outer loop
      vertex 5.930055e+00 3.004913e+00 -8.432426e+01
      vertex 6.104579e+00 3.010001e+00 -8.407491e+01
      vertex 5.930048e+00 3.005387e+00 -8.406209e+01
    endloop
  endfacet
  facet normal 9.368242e-01 1.871512e-02 3.492995e-01
    outer loop
      vertex 6.996964e+00 3.541600e-01 -8.550653e+01
      vertex 6.895675e+00 2.908910e-01 -8.523148e+01
      vertex 6.884830e+00 5.629334e-01 -8.521697e+01
    endloop
  endfacet
  facet normal 4.796456e-07 -1.000000e+00 1.050809e-07
    outer loop
      vertex 6.572571e+00 9.999993e-03 -8.455160e+01
      vertex 6.538399e+00 9.999997e-03 -8.436017e+01
      vertex 6.753497e+00 1.000010e-02 -8.435821e+01
    endloop
  endfacet
  facet normal -4.796456e-07 1.000000e+00 -1.050809e-07
    outer loop
      vertex 6.572571e+00 9.999993e-03 -8.455160e+01
      vertex 6.753497e+00 1.000010e-02 -8.435821e+01
      vertex 6.538399e+00 9.999997e-03 -8.436017e+01
    endloop
  endfacet
  facet normal -2.981279e-01 2.558581e-03 9.545226e-01
    outer loop
      vertex 6.411355e+00 5.768710e-01 -8.500520e+01
      vertex 6.294333e+00 8.596628e-01 -8.504251e+01
      vertex 6.417508e+00 1.037671e+00 -8.500452e+01
    endloop
  endfacet
  facet normal 2.981279e-01 -2.558581e-03 -9.545226e-01
    outer loop
      vertex 6.411355e+00 5.768710e-01 -8.500520e+01
      vertex 6.417508e+00 1.037671e+00 -8.500452e+01
      vertex 6.294333e+00 8.596628e-01 -8.504251e+01
    endloop
  endfacet
  facet normal -6.906662e-06 1.000000e+00 4.060777e-08
    outer loop
      vertex 6.531238e+00 3.010000e+00 -8.500156e+01
      vertex 6.391647e+00 3.009999e+00 -8.525853e+01
      vertex 6.529998e+00 3.010000e+00 -8.521250e+01
    endloop
  endfacet
  facet normal -9.317623e-01 -6.751025e-03 3.630062e-01
    outer loop
      vertex 6.046730e+00 1.228130e+00 -8.521478e+01
      vertex 5.932775e+00 1.233232e+00 -8.550719e+01
      vertex 5.933323e+00 1.494008e+00 -8.550093e+01
    endloop
  endfacet
  facet normal 3.281413e-06 1.000000e+00 -7.213750e-06
    outer loop
      vertex 6.112922e+00 3.009999e+00 -8.528405e+01
      vertex 6.404205e+00 3.010000e+00 -8.501935e+01
      vertex 6.109282e+00 3.010001e+00 -8.502130e+01
    endloop
  endfacet
  facet normal -3.281413e-06 -1.000000e+00 7.213750e-06
    outer loop
      vertex 6.112922e+00 3.009999e+00 -8.528405e+01
      vertex 6.109282e+00 3.010001e+00 -8.502130e+01
      vertex 6.404205e+00 3.010000e+00 -8.501935e+01
    endloop
  endfacet
  facet normal 9.991530e-01 2.547424e-04 -4.114893e-02
    outer loop
      vertex 6.996964e+00 3.541600e-01 -8.550653e+01
      vertex 6.992809e+00 3.544644e-01 -8.560742e+01
      vertex 6.992905e+00 9.375000e-02 -8.560670e+01
    endloop
  endfacet
  facet normal -2.672596e-02 -9.996418e-01 -1.399093e-03
    outer loop
      vertex 6.120203e+00 0.000000e+00 -8.472315e+01
      vertex 5.930057e+00 4.814631e-03 -8.453094e+01
      vertex 6.100593e+00 0.000000e+00 -8.434856e+01
    endloop
  endfacet
  facet normal -1.891775e-05 -1.000000e+00 2.642334e-06
    outer loop
      vertex 6.534165e+00 3.010001e+00 -8.434374e+01
      vertex 6.608798e+00 3.009999e+00 -8.453125e+01
      vertex 6.533569e+00 3.010000e+00 -8.470893e+01
    endloop
  endfacet
  facet normal 1.891775e-05 1.000000e+00 -2.642334e-06
    outer loop
      vertex 6.534165e+00 3.010001e+00 -8.434374e+01
      vertex 6.533569e+00 3.010000e+00 -8.470893e+01
      vertex 6.608798e+00 3.009999e+00 -8.453125e+01
    endloop
  endfacet
  facet normal -5.894699e-02 9.982591e-01 -2.042294e-03
    outer loop
      vertex 6.742712e+00 3.000000e+00 -8.409554e+01
      vertex 6.846358e+00 3.006231e+00 -8.404138e+01
      vertex 6.842766e+00 3.006473e+00 -8.381942e+01
    endloop
  endfacet
  facet normal 5.894699e-02 -9.982591e-01 2.042294e-03
    outer loop
      vertex 6.742712e+00 3.000000e+00 -8.409554e+01
      vertex 6.842766e+00 3.006473e+00 -8.381942e+01
      vertex 6.846358e+00 3.006231e+00 -8.404138e+01
    endloop
  endfacet
  facet normal -2.737701e-02 -9.996250e-01 -5.413509e-04
    outer loop
      vertex 6.084633e+00 0.000000e+00 -8.363425e+01
      vertex 5.930035e+00 4.217960e-03 -8.360461e+01
      vertex 6.079106e+00 0.000000e+00 -8.335474e+01
    endloop
  endfacet
  facet normal 9.422666e-01 4.551042e-03 -3.348327e-01
    outer loop
      vertex 6.928762e+00 5.788949e-01 -8.579233e+01
      vertex 6.992738e+00 9.062500e-01 -8.560784e+01
      vertex 6.922809e+00 1.036779e+00 -8.580286e+01
    endloop
  endfacet
  facet normal -3.566340e-02 -9.993622e-01 1.805778e-03
    outer loop
      vertex 5.930055e+00 3.004913e+00 -8.432426e+01
      vertex 5.930048e+00 3.005387e+00 -8.406209e+01
      vertex 6.067265e+00 3.000000e+00 -8.433344e+01
    endloop
  endfacet
  facet normal 3.185689e-01 1.262856e-02 9.478156e-01
    outer loop
      vertex 6.504774e+00 2.412293e+00 -8.500374e+01
      vertex 6.728093e+00 2.181995e+00 -8.507573e+01
      vertex 6.519612e+00 2.153090e+00 -8.500527e+01
    endloop
  endfacet
  facet normal 0.000000e+00 -1.000000e+00 0.000000e+00
    outer loop
      vertex 6.404036e+00 3.000000e+00 -8.434375e+01
      vertex 6.526720e+00 3.000000e+00 -8.406250e+01
      vertex 6.538400e+00 3.000000e+00 -8.436016e+01
    endloop
  endfacet
  facet normal 0.000000e+00 -1.000000e+00 0.000000e+00
    outer loop
      vertex 6.837825e+00 3.000000e+00 -8.342589e+01
      vertex 6.584813e+00 3.000000e+00 -8.339102e+01
      vertex 6.636979e+00 3.000000e+00 -8.316933e+01
    endloop
  endfacet
  facet normal 6.798718e-02 9.976693e-01 -5.808781e-03
    outer loop
      vertex 6.841293e+00 4.030365e-03 -8.435594e+01
      vertex 6.856787e+00 4.677145e-03 -8.406351e+01
      vertex 6.753497e+00 1.000010e-02 -8.435821e+01
    endloop
  endfacet
  facet normal -5.936096e-01 8.828065e-04 8.047527e-01
    outer loop
      vertex 6.787724e+00 1.789356e+00 -8.595234e+01
      vertex 6.779135e+00 2.176137e+00 -8.595910e+01
      vertex 6.802361e+00 1.971175e+00 -8.594174e+01
    endloop
  endfacet
  facet normal 5.936096e-01 -8.828065e-04 -8.047527e-01
    outer loop
      vertex 6.787724e+00 1.789356e+00 -8.595234e+01
      vertex 6.802361e+00 1.971175e+00 -8.594174e+01
      vertex 6.779135e+00 2.176137e+00 -8.595910e+01
    endloop
  endfacet
  facet normal -6.200428e-02 -9.980740e-01 1.924159e-03
    outer loop
      vertex 5.930041e+00 3.005261e+00 -8.336372e+01
      vertex 5.930007e+00 3.005808e+00 -8.308099e+01
      vertex 6.015347e+00 3.000000e+00 -8.334370e+01
    endloop
  endfacet
  facet normal -7.542408e-01 1.092157e-02 -6.565072e-01
    outer loop
      vertex 6.145109e+00 5.592303e-01 -8.595427e+01
      vertex 6.000117e+00 5.456506e-01 -8.578792e+01
      vertex 6.006504e+00 2.841592e-01 -8.579961e+01
    endloop
  endfacet
  facet normal -9.301478e-01 -3.551389e-03 3.671683e-01
    outer loop
      vertex 5.932880e+00 8.369896e-01 -8.550603e+01
      vertex 6.048750e+00 8.393320e-01 -8.521247e+01
      vertex 6.051463e+00 5.444018e-01 -8.520845e+01
    endloop
  endfacet
  facet normal -9.578773e-01 -2.299791e-01 1.719903e-01
    outer loop
      vertex 5.931906e+00 2.971194e+00 -8.547713e+01
      vertex 5.968472e+00 2.979133e+00 -8.526286e+01
      vertex 6.038735e+00 2.713825e+00 -8.522630e+01
    endloop
  endfacet
  facet normal 2.716577e-07 1.000000e+00 1.960438e-08
    outer loop
      vertex 6.024655e+00 1.000008e-02 -8.360448e+01
      vertex 6.076926e+00 1.000007e-02 -8.380624e+01
      vertex 6.329601e+00 9.999997e-03 -8.360209e+01
    endloop
  endfacet
  facet normal 1.310786e-02 -9.999141e-01 0.000000e+00
    outer loop
      vertex 6.534165e+00 0.000000e+00 -8.361530e+01
      vertex 6.534165e+00 0.000000e+00 -8.336683e+01
      vertex 6.851565e+00 4.160791e-03 -8.361266e+01
    endloop
  endfacet
  facet normal 0.000000e+00 -1.000000e+00 0.000000e+00
    outer loop
      vertex 6.091158e+00 0.000000e+00 -8.567641e+01
      vertex 6.099979e+00 0.000000e+00 -8.543732e+01
      vertex 6.386001e+00 0.000000e+00 -8.547517e+01
    endloop
  endfacet
  facet normal -9.991407e-01 2.054299e-04 -4.144708e-02
    outer loop
      vertex 5.937242e+00 1.801705e+00 -8.560780e+01
      vertex 5.932982e+00 1.801055e+00 -8.550511e+01
      vertex 5.937156e+00 1.507397e+00 -8.560719e+01
    endloop
  endfacet
  facet normal 2.193630e-03 9.999976e-01 2.421105e-05
    outer loop
      vertex 6.529998e+00 3.010000e+00 -8.521250e+01
      vertex 6.533147e+00 3.010000e+00 -8.549782e+01
      vertex 6.819607e+00 3.009366e+00 -8.526791e+01
    endloop
  endfacet
  facet normal -1.045675e-02 -9.999452e-01 5.170600e-04
    outer loop
      vertex 6.111531e+00 0.000000e+00 -8.526440e+01
      vertex 6.091158e+00 0.000000e+00 -8.567641e+01
      vertex 5.929993e+00 1.794871e-03 -8.546461e+01
    endloop
  endfacet
  facet normal 0.000000e+00 1.000000e+00 -0.000000e+00
    outer loop
      vertex 6.118240e+00 3.009999e+00 -8.547057e+01
      vertex 6.391647e+00 3.009999e+00 -8.525853e+01
      vertex 6.112922e+00 3.009999e+00 -8.528405e+01
    endloop
  endfacet
  facet normal -9.999937e-01 -3.554152e-03 -1.390237e-05
    outer loop
      vertex 5.930061e+00 3.004898e+00 -8.473200e+01
      vertex 5.930057e+00 3.005185e+00 -8.453094e+01
      vertex 5.930055e+00 3.004913e+00 -8.432426e+01
    endloop
  endfacet
  facet normal 9.999937e-01 3.554152e-03 1.390237e-05
    outer loop
      vertex 5.930061e+00 3.004898e+00 -8.473200e+01
      vertex 5.930055e+00 3.004913e+00 -8.432426e+01
      vertex 5.930057e+00 3.005185e+00 -8.453094e+01
    endloop
  endfacet
  facet normal -9.294549e-01 -5.805410e-03 3.688900e-01
    outer loop
      vertex 6.043441e+00 2.142291e+00 -8.521949e+01
      vertex 6.048274e+00 1.796555e+00 -8.521275e+01
      vertex 5.933468e+00 1.971859e+00 -8.549926e+01
    endloop
  endfacet
  facet normal 0.000000e+00 -1.000000e+00 0.000000e+00
    outer loop
      vertex 6.522917e+00 3.000000e+00 -8.381818e+01
      vertex 6.754631e+00 3.000000e+00 -8.381435e+01
      vertex 6.526720e+00 3.000000e+00 -8.406250e+01
    endloop
  endfacet
  facet normal 7.248240e-01 -4.882163e-02 -6.872020e-01
    outer loop
      vertex 6.921985e+00 2.711067e+00 -8.580427e+01
      vertex 6.930691e+00 2.994740e+00 -8.581524e+01
      vertex 6.791826e+00 2.985099e+00 -8.596102e+01
    endloop
  endfacet
  facet normal -3.225502e-01 5.504820e-03 9.465363e-01
    outer loop
      vertex 6.407661e+00 2.149262e+00 -8.500555e+01
      vertex 6.202435e+00 2.176192e+00 -8.507564e+01
      vertex 6.356310e+00 2.433134e+00 -8.502470e+01
    endloop
  endfacet
  facet normal -4.706318e-01 3.874818e-05 -8.823297e-01
    outer loop
      vertex 6.728093e+00 2.181995e+00 -8.507573e+01
      vertex 6.722998e+00 1.971958e+00 -8.507302e+01
      vertex 6.729463e+00 1.795980e+00 -8.507648e+01
    endloop
  endfacet
  facet normal 4.706318e-01 -3.874818e-05 8.823297e-01
    outer loop
      vertex 6.728093e+00 2.181995e+00 -8.507573e+01
      vertex 6.729463e+00 1.795980e+00 -8.507648e+01
      vertex 6.722998e+00 1.971958e+00 -8.507302e+01
    endloop
  endfacet
  facet normal -5.581075e-01 -3.016391e-03 8.297632e-01
    outer loop
      vertex 6.710907e+00 6.524482e-01 -8.600518e+01
      vertex 6.792764e+00 1.037428e+00 -8.594872e+01
      vertex 6.798403e+00 8.441334e-01 -8.594563e+01
    endloop
  endfacet
  facet normal 5.581075e-01 3.016391e-03 -8.297632e-01
    outer loop
      vertex 6.710907e+00 6.524482e-01 -8.600518e+01
      vertex 6.798403e+00 8.441334e-01 -8.594563e+01
      vertex 6.792764e+00 1.037428e+00 -8.594872e+01
    endloop
  endfacet
  facet normal 9.991524e-01 -4.673189e-03 -4.089670e-02
    outer loop
      vertex 6.996144e+00 6.702251e-01 -8.549766e+01
      vertex 6.996917e+00 9.078625e-01 -8.550593e+01
      vertex 6.992738e+00 9.062500e-01 -8.560784e+01
    endloop
  endfacet
  facet normal -3.971711e-02 9.992110e-01 -2.417949e-04
    outer loop
      vertex 5.930048e+00 4.611573e-03 -8.406207e+01
      vertex 6.067266e+00 1.000011e-02 -8.433345e+01
      vertex 6.065654e+00 1.000010e-02 -8.406867e+01
    endloop
  endfacet
  facet normal 0.000000e+00 1.000000e+00 -0.000000e+00
    outer loop
      vertex 6.120203e+00 0.000000e+00 -8.472315e+01
      vertex 6.142564e+00 0.000000e+00 -8.453207e+01
      vertex 6.100593e+00 0.000000e+00 -8.434856e+01
    endloop
  endfacet
  facet normal 0.000000e+00 -1.000000e+00 0.000000e+00
    outer loop
      vertex 6.120203e+00 0.000000e+00 -8.472315e+01
      vertex 6.100593e+00 0.000000e+00 -8.434856e+01
      vertex 6.142564e+00 0.000000e+00 -8.453207e+01
    endloop
  endfacet
  facet normal -4.085362e-03 9.999663e-01 -7.123138e-03
    outer loop
      vertex 6.536818e+00 3.010000e+00 -8.576818e+01
      vertex 6.396145e+00 3.010000e+00 -8.568750e+01
      vertex 6.533822e+00 3.008369e+00 -8.599543e+01
    endloop
  endfacet
  facet normal -9.932519e-01 1.032375e-01 5.284614e-02
    outer loop
      vertex 6.837825e+00 3.000000e+00 -8.342589e+01
      vertex 6.828632e+00 3.000000e+00 -8.359867e+01
      vertex 6.842031e+00 3.007061e+00 -8.336063e+01
    endloop
  endfacet
  facet normal 9.932519e-01 -1.032375e-01 -5.284614e-02
    outer loop
      vertex 6.837825e+00 3.000000e+00 -8.342589e+01
      vertex 6.842031e+00 3.007061e+00 -8.336063e+01
      vertex 6.828632e+00 3.000000e+00 -8.359867e+01
    endloop
  endfacet
  facet normal 3.771643e-01 9.941752e-03 -9.260929e-01
    outer loop
      vertex 6.510544e+00 2.452350e+00 -8.606552e+01
      vertex 6.779135e+00 2.176137e+00 -8.595910e+01
      vertex 6.786973e+00 2.468667e+00 -8.595277e+01
    endloop
  endfacet
  facet normal 0.000000e+00 -1.000000e+00 0.000000e+00
    outer loop
      vertex 6.534165e+00 0.000000e+00 -8.336683e+01
      vertex 6.398750e+00 0.000000e+00 -8.307102e+01
      vertex 6.538333e+00 0.000000e+00 -8.306629e+01
    endloop
  endfacet
  facet normal -0.000000e+00 -1.000000e+00 0.000000e+00
    outer loop
      vertex 6.868576e+00 0.000000e+00 -8.545637e+01
      vertex 6.535999e+00 0.000000e+00 -8.546151e+01
      vertex 6.628265e+00 0.000000e+00 -8.525367e+01
    endloop
  endfacet
  facet normal 2.122103e-03 9.913291e-01 1.313855e-01
    outer loop
      vertex 6.560272e+00 9.999991e-03 -8.473147e+01
      vertex 6.368495e+00 9.999991e-03 -8.472837e+01
      vertex 6.394010e+00 4.139040e-02 -8.496563e+01
    endloop
  endfacet
  facet normal 9.589800e-03 9.999539e-01 -1.014733e-04
    outer loop
      vertex 6.538333e+00 3.010000e+00 -8.310000e+01
      vertex 6.535234e+00 3.010000e+00 -8.339287e+01
      vertex 6.842031e+00 3.007061e+00 -8.336063e+01
    endloop
  endfacet
  facet normal 0.000000e+00 -1.000000e+00 0.000000e+00
    outer loop
      vertex 6.404036e+00 3.000000e+00 -8.434375e+01
      vertex 6.401720e+00 3.000000e+00 -8.406250e+01
      vertex 6.526720e+00 3.000000e+00 -8.406250e+01
    endloop
  endfacet
  facet normal 9.953339e-01 4.939472e-05 9.649057e-02
    outer loop
      vertex 6.996964e+00 3.541600e-01 -8.550653e+01
      vertex 6.999698e+00 0.000000e+00 -8.553455e+01
      vertex 6.996295e+00 9.375000e-02 -8.549950e+01
    endloop
  endfacet
  facet normal -9.953339e-01 -4.939472e-05 -9.649057e-02
    outer loop
      vertex 6.996964e+00 3.541600e-01 -8.550653e+01
      vertex 6.996295e+00 9.375000e-02 -8.549950e+01
      vertex 6.999698e+00 0.000000e+00 -8.553455e+01
    endloop
  endfacet
  facet normal 7.310433e-01 5.180509e-02 -6.803616e-01
    outer loop
      vertex 6.771707e+00 2.888023e-01 -8.596355e+01
      vertex 6.785147e+00 2.860380e-02 -8.596892e+01
      vertex 6.924406e+00 2.821397e-01 -8.579998e+01
    endloop
  endfacet
  facet normal -0.000000e+00 -1.000000e+00 0.000000e+00
    outer loop
      vertex 6.398750e+00 0.000000e+00 -8.361530e+01
      vertex 6.084633e+00 0.000000e+00 -8.363425e+01
      vertex 6.079106e+00 0.000000e+00 -8.335474e+01
    endloop
  endfacet
  facet normal -3.264803e-01 -9.451981e-01 3.350882e-03
    outer loop
      vertex 5.930014e+00 3.006985e+00 -8.567432e+01
      vertex 5.967314e+00 2.993638e+00 -8.580499e+01
      vertex 5.930010e+00 3.006062e+00 -8.593507e+01
    endloop
  endfacet
  facet normal 7.416033e-01 3.982755e-04 -6.708387e-01
    outer loop
      vertex 6.922439e+00 1.789423e+00 -8.580341e+01
      vertex 6.922742e+00 1.970951e+00 -8.580297e+01
      vertex 6.787724e+00 1.789356e+00 -8.595234e+01
    endloop
  endfacet
  facet normal -7.416033e-01 -3.982755e-04 6.708387e-01
    outer loop
      vertex 6.922439e+00 1.789423e+00 -8.580341e+01
      vertex 6.787724e+00 1.789356e+00 -8.595234e+01
      vertex 6.922742e+00 1.970951e+00 -8.580297e+01
    endloop
  endfacet
  facet normal 4.847134e-03 9.999620e-01 -7.240869e-03
    outer loop
      vertex 6.536818e+00 3.010000e+00 -8.576818e+01
      vertex 6.533822e+00 3.008369e+00 -8.599543e+01
      vertex 6.833938e+00 3.009099e+00 -8.569371e+01
    endloop
  endfacet
  facet normal 1.929906e-03 9.990684e-01 4.311170e-02
    outer loop
      vertex 6.538333e+00 3.010000e+00 -8.310000e+01
      vertex 6.533650e+00 3.005694e+00 -8.300000e+01
      vertex 6.398750e+00 3.010000e+00 -8.309375e+01
    endloop
  endfacet
  facet normal -3.008146e-02 -9.995458e-01 -1.817785e-03
    outer loop
      vertex 5.930048e+00 4.611573e-03 -8.406207e+01
      vertex 6.100593e+00 0.000000e+00 -8.434856e+01
      vertex 5.930055e+00 5.088155e-03 -8.432425e+01
    endloop
  endfacet
  facet normal -1.557816e-01 -9.877915e-01 -2.201056e-05
    outer loop
      vertex 5.930061e+00 3.004898e+00 -8.473200e+01
      vertex 6.076760e+00 2.981769e+00 -8.502211e+01
      vertex 5.930061e+00 3.004904e+00 -8.499950e+01
    endloop
  endfacet
  facet normal -3.734267e-01 -4.440706e-03 -9.276491e-01
    outer loop
      vertex 6.435444e+00 2.203206e+00 -8.606717e+01
      vertex 6.135906e+00 2.467104e+00 -8.594785e+01
      vertex 6.132232e+00 2.175215e+00 -8.594498e+01
    endloop
  endfacet
  facet normal 3.124783e-01 5.941484e-03 9.499063e-01
    outer loop
      vertex 6.621723e+00 8.666068e-01 -8.503861e+01
      vertex 6.728653e+00 1.229492e+00 -8.507606e+01
      vertex 6.723169e+00 1.038548e+00 -8.507306e+01
    endloop
  endfacet
  facet normal -3.124783e-01 -5.941484e-03 -9.499063e-01
    outer loop
      vertex 6.621723e+00 8.666068e-01 -8.503861e+01
      vertex 6.723169e+00 1.038548e+00 -8.507306e+01
      vertex 6.728653e+00 1.229492e+00 -8.507606e+01
    endloop
  endfacet
  facet normal -3.732653e-01 5.569615e-03 -9.277079e-01
    outer loop
      vertex 6.424250e+00 1.027219e+00 -8.606602e+01
      vertex 6.139058e+00 1.223940e+00 -8.595009e+01
      vertex 6.141390e+00 8.464731e-01 -8.595329e+01
    endloop
  endfacet
  facet normal 1.295891e-02 -9.999160e-01 -1.797222e-04
    outer loop
      vertex 6.851110e+00 4.107630e-03 -8.336694e+01
      vertex 6.534165e+00 0.000000e+00 -8.336683e+01
      vertex 6.538333e+00 0.000000e+00 -8.306629e+01
    endloop
  endfacet
  facet normal -4.230658e-02 -9.991024e-01 -2.164979e-03
    outer loop
      vertex 6.076926e+00 3.000000e+00 -8.380622e+01
      vertex 5.930037e+00 3.005783e+00 -8.360461e+01
      vertex 5.930041e+00 3.005261e+00 -8.336372e+01
    endloop
  endfacet
  facet normal 5.445080e-01 3.174953e-01 7.763426e-01
    outer loop
      vertex 6.731028e+00 3.708577e-02 -8.501221e+01
      vertex 6.614472e+00 2.972194e-01 -8.503684e+01
      vertex 6.895675e+00 2.908910e-01 -8.523148e+01
    endloop
  endfacet
  facet normal 0.000000e+00 -1.000000e+00 -0.000000e+00
    outer loop
      vertex 6.398519e+00 0.000000e+00 -8.476038e+01
      vertex 6.530773e+00 0.000000e+00 -8.499117e+01
      vertex 6.330709e+00 0.000000e+00 -8.500214e+01
    endloop
  endfacet
  facet normal 7.373761e-01 -3.561830e-02 -6.745427e-01
    outer loop
      vertex 6.921985e+00 2.711067e+00 -8.580427e+01
      vertex 6.791826e+00 2.985099e+00 -8.596102e+01
      vertex 6.784715e+00 2.711758e+00 -8.595436e+01
    endloop
  endfacet
  facet normal -9.106323e-04 -9.999992e-01 -8.520158e-04
    outer loop
      vertex 6.410918e+00 0.000000e+00 -8.559794e+01
      vertex 6.545311e+00 0.000000e+00 -8.574158e+01
      vertex 6.327881e+00 3.820960e-04 -8.595765e+01
    endloop
  endfacet
  facet normal 9.996917e-01 -5.187804e-03 -2.428415e-02
    outer loop
      vertex 6.992805e+00 2.457721e+00 -8.560736e+01
      vertex 6.995633e+00 2.464145e+00 -8.549231e+01
      vertex 6.996663e+00 2.713583e+00 -8.550320e+01
    endloop
  endfacet
  facet normal 3.020847e-01 -5.060339e-03 9.532677e-01
    outer loop
      vertex 6.721477e+00 2.459658e+00 -8.507216e+01
      vertex 6.728093e+00 2.181995e+00 -8.507573e+01
      vertex 6.504774e+00 2.412293e+00 -8.500374e+01
    endloop
  endfacet
  facet normal 5.702383e-02 5.889858e-01 -8.061291e-01
    outer loop
      vertex 6.634053e+00 2.628237e-04 -8.600031e+01
      vertex 6.906647e+00 6.220872e-03 -8.597668e+01
      vertex 6.785147e+00 2.860380e-02 -8.596892e+01
    endloop
  endfacet
  facet normal 1.284434e-01 -9.915508e-01 -1.814539e-02
    outer loop
      vertex 6.813019e+00 3.007408e+00 -8.434168e+01
      vertex 6.753497e+00 3.000000e+00 -8.435821e+01
      vertex 6.846358e+00 3.006231e+00 -8.404138e+01
    endloop
  endfacet
  facet normal 7.741475e-01 -1.320678e-02 -6.328676e-01
    outer loop
      vertex 6.931228e+00 2.158199e+00 -8.578801e+01
      vertex 6.920644e+00 2.431663e+00 -8.580666e+01
      vertex 6.802361e+00 1.971175e+00 -8.594174e+01
    endloop
  endfacet
  facet normal 1.536934e-08 1.000000e+00 4.682060e-09
    outer loop
      vertex 6.837824e+00 9.999991e-03 -8.342590e+01
      vertex 6.584813e+00 9.999995e-03 -8.339102e+01
      vertex 6.588367e+00 9.999996e-03 -8.360160e+01
    endloop
  endfacet
  facet normal -7.303263e-03 9.998957e-01 -1.245839e-02
    outer loop
      vertex 6.399395e+00 3.008364e+00 -8.599691e+01
      vertex 6.094180e+00 3.010000e+00 -8.568668e+01
      vertex 6.067377e+00 3.005993e+00 -8.599258e+01
    endloop
  endfacet
  facet normal 0.000000e+00 -1.000000e+00 0.000000e+00
    outer loop
      vertex 6.394342e+00 0.000000e+00 -8.380195e+01
      vertex 6.528904e+00 0.000000e+00 -8.380310e+01
      vertex 6.534165e+00 0.000000e+00 -8.407176e+01
    endloop
  endfacet
  facet normal 0.000000e+00 1.000000e+00 0.000000e+00
    outer loop
      vertex 6.394342e+00 0.000000e+00 -8.380195e+01
      vertex 6.534165e+00 0.000000e+00 -8.407176e+01
      vertex 6.528904e+00 0.000000e+00 -8.380310e+01
    endloop
  endfacet
  facet normal -4.211673e-05 1.000000e+00 -1.531979e-06
    outer loop
      vertex 6.538333e+00 3.010000e+00 -8.384998e+01
      vertex 6.569519e+00 3.010001e+00 -8.408483e+01
      vertex 6.531635e+00 3.010000e+00 -8.366584e+01
    endloop
  endfacet
  facet normal 4.211673e-05 -1.000000e+00 1.531979e-06
    outer loop
      vertex 6.538333e+00 3.010000e+00 -8.384998e+01
      vertex 6.531635e+00 3.010000e+00 -8.366584e+01
      vertex 6.569519e+00 3.010001e+00 -8.408483e+01
    endloop
  endfacet
  facet normal -9.989747e-01 1.980464e-03 -4.522895e-02
    outer loop
      vertex 5.932669e+00 5.316924e-01 -8.550857e+01
      vertex 5.932376e+00 2.966520e-01 -8.551238e+01
      vertex 5.937159e+00 5.421875e-01 -8.560728e+01
    endloop
  endfacet
  facet normal -6.700196e-01 -7.467115e-03 7.423059e-01
    outer loop
      vertex 6.050377e+00 2.427772e+00 -8.521036e+01
      vertex 6.202435e+00 2.176192e+00 -8.507564e+01
      vertex 6.043441e+00 2.142291e+00 -8.521949e+01
    endloop
  endfacet
  facet normal 1.366863e-02 -9.999062e-01 -7.487963e-04
    outer loop
      vertex 6.528904e+00 0.000000e+00 -8.380310e+01
      vertex 6.857712e+00 4.489032e-03 -8.379543e+01
      vertex 6.856787e+00 4.677145e-03 -8.406351e+01
    endloop
  endfacet
  facet normal -2.973647e-02 9.995553e-01 2.249990e-03
    outer loop
      vertex 5.930041e+00 3.005261e+00 -8.336372e+01
      vertex 6.089201e+00 3.009999e+00 -8.336511e+01
      vertex 6.109914e+00 3.010000e+00 -8.309179e+01
    endloop
  endfacet
  facet normal 9.276443e-03 -9.995672e-01 2.791814e-02
    outer loop
      vertex 6.811919e+00 4.390552e-03 -8.300000e+01
      vertex 6.840236e+00 2.571663e-03 -8.307453e+01
      vertex 6.538333e+00 0.000000e+00 -8.306629e+01
    endloop
  endfacet
  facet normal -9.986548e-01 1.963815e-02 -4.798918e-02
    outer loop
      vertex 5.932376e+00 2.966520e-01 -8.551238e+01
      vertex 5.931598e+00 1.836968e-02 -8.561008e+01
      vertex 5.937245e+00 3.110763e-01 -8.560780e+01
    endloop
  endfacet
  facet normal 9.986548e-01 -1.963815e-02 4.798918e-02
    outer loop
      vertex 5.932376e+00 2.966520e-01 -8.551238e+01
      vertex 5.937245e+00 3.110763e-01 -8.560780e+01
      vertex 5.931598e+00 1.836968e-02 -8.561008e+01
    endloop
  endfacet
  facet normal -2.054934e-01 -9.761150e-01 7.051232e-02
    outer loop
      vertex 6.828632e+00 1.000001e-02 -8.359866e+01
      vertex 6.851565e+00 4.160791e-03 -8.361266e+01
      vertex 6.754628e+00 1.000005e-02 -8.381433e+01
    endloop
  endfacet
  facet normal 2.054934e-01 9.761150e-01 -7.051232e-02
    outer loop
      vertex 6.828632e+00 1.000001e-02 -8.359866e+01
      vertex 6.754628e+00 1.000005e-02 -8.381433e+01
      vertex 6.851565e+00 4.160791e-03 -8.361266e+01
    endloop
  endfacet
  facet normal 0.000000e+00 -1.000000e+00 0.000000e+00
    outer loop
      vertex 6.015347e+00 3.000000e+00 -8.334370e+01
      vertex 5.959121e+00 3.000000e+00 -8.309792e+01
      vertex 6.191875e+00 3.000000e+00 -8.308334e+01
    endloop
  endfacet
  facet normal 5.575737e-02 -9.984254e-01 6.149746e-03
    outer loop
      vertex 6.727859e+00 3.000000e+00 -8.308334e+01
      vertex 6.816151e+00 3.005444e+00 -8.300000e+01
      vertex 6.861147e+00 3.007439e+00 -8.308409e+01
    endloop
  endfacet
  facet normal 9.210518e-01 -1.933871e-01 -3.380311e-01
    outer loop
      vertex 6.971569e+00 0.000000e+00 -8.561120e+01
      vertex 6.999698e+00 0.000000e+00 -8.553455e+01
      vertex 6.992905e+00 9.375000e-02 -8.560670e+01
    endloop
  endfacet
  facet normal -3.504298e-01 -2.217342e-02 -9.363264e-01
    outer loop
      vertex 6.152390e+00 2.922843e-01 -8.595920e+01
      vertex 6.438386e+00 3.439786e-01 -8.606746e+01
      vertex 6.416701e+00 5.942287e-01 -8.606527e+01
    endloop
  endfacet
  facet normal 0.000000e+00 1.000000e+00 0.000000e+00
    outer loop
      vertex 6.398750e+00 3.010000e+00 -8.337500e+01
      vertex 6.397262e+00 3.010000e+00 -8.366517e+01
      vertex 6.535234e+00 3.010000e+00 -8.339287e+01
    endloop
  endfacet
  facet normal -9.990864e-01 -3.895728e-04 -4.273372e-02
    outer loop
      vertex 5.932880e+00 8.369896e-01 -8.550603e+01
      vertex 5.937110e+00 1.038358e+00 -8.560676e+01
      vertex 5.932775e+00 1.233232e+00 -8.550719e+01
    endloop
  endfacet
  facet normal 0.000000e+00 -1.000000e+00 0.000000e+00
    outer loop
      vertex 6.390500e+00 0.000000e+00 -8.439365e+01
      vertex 6.100593e+00 0.000000e+00 -8.434856e+01
      vertex 6.108049e+00 0.000000e+00 -8.406419e+01
    endloop
  endfacet
  facet normal -3.728974e-01 4.899338e-03 -9.278597e-01
    outer loop
      vertex 6.424250e+00 1.027219e+00 -8.606602e+01
      vertex 6.141390e+00 8.464731e-01 -8.595329e+01
      vertex 6.416701e+00 5.942287e-01 -8.606527e+01
    endloop
  endfacet
  facet normal 2.344598e-02 -9.995551e-01 -1.843952e-02
    outer loop
      vertex 6.634053e+00 2.628237e-04 -8.600031e+01
      vertex 6.833373e+00 3.203078e-04 -8.574999e+01
      vertex 6.906647e+00 6.220872e-03 -8.597668e+01
    endloop
  endfacet
  facet normal 0.000000e+00 -1.000000e+00 0.000000e+00
    outer loop
      vertex 6.375622e+00 3.000000e+00 -8.455804e+01
      vertex 6.538400e+00 3.000000e+00 -8.436016e+01
      vertex 6.572571e+00 3.000000e+00 -8.455160e+01
    endloop
  endfacet
  facet normal -9.992856e-01 -2.192704e-03 -3.772846e-02
    outer loop
      vertex 5.937193e+00 2.459527e+00 -8.560735e+01
      vertex 5.932827e+00 2.720206e+00 -8.550687e+01
      vertex 5.933215e+00 2.465470e+00 -8.550234e+01
    endloop
  endfacet
  facet normal -0.000000e+00 -1.000000e+00 0.000000e+00
    outer loop
      vertex 6.410918e+00 0.000000e+00 -8.559794e+01
      vertex 6.091158e+00 0.000000e+00 -8.567641e+01
      vertex 6.386001e+00 0.000000e+00 -8.547517e+01
    endloop
  endfacet
  facet normal -3.137148e-01 -1.301821e-03 9.495164e-01
    outer loop
      vertex 6.418114e+00 1.489134e+00 -8.500448e+01
      vertex 6.203922e+00 1.787940e+00 -8.507484e+01
      vertex 6.416450e+00 1.784437e+00 -8.500462e+01
    endloop
  endfacet
  facet normal -9.991530e-01 -8.807155e-06 4.114968e-02
    outer loop
      vertex 6.996964e+00 3.541600e-01 -8.550653e+01
      vertex 6.992809e+00 3.544644e-01 -8.560742e+01
      vertex 6.992798e+00 6.718750e-01 -8.560762e+01
    endloop
  endfacet
  facet normal 9.991530e-01 8.807155e-06 -4.114968e-02
    outer loop
      vertex 6.996964e+00 3.541600e-01 -8.550653e+01
      vertex 6.992798e+00 6.718750e-01 -8.560762e+01
      vertex 6.992809e+00 3.544644e-01 -8.560742e+01
    endloop
  endfacet
  facet normal 3.811046e-01 1.268492e-02 -9.244449e-01
    outer loop
      vertex 6.294333e+00 8.596628e-01 -8.504251e+01
      vertex 6.204116e+00 1.222103e+00 -8.507473e+01
      vertex 6.185558e+00 1.038496e+00 -8.508490e+01
    endloop
  endfacet
  facet normal -3.811046e-01 -1.268492e-02 9.244449e-01
    outer loop
      vertex 6.294333e+00 8.596628e-01 -8.504251e+01
      vertex 6.185558e+00 1.038496e+00 -8.508490e+01
      vertex 6.204116e+00 1.222103e+00 -8.507473e+01
    endloop
  endfacet
  facet normal 0.000000e+00 -1.000000e+00 -0.000000e+00
    outer loop
      vertex 6.400208e+00 3.000000e+00 -8.308334e+01
      vertex 6.584813e+00 3.000000e+00 -8.339102e+01
      vertex 6.318345e+00 3.000000e+00 -8.341048e+01
    endloop
  endfacet
  facet normal -2.263622e-07 1.000000e+00 7.700570e-08
    outer loop
      vertex 6.522919e+00 9.999998e-03 -8.381818e+01
      vertex 6.754628e+00 1.000005e-02 -8.381433e+01
      vertex 6.588367e+00 9.999996e-03 -8.360160e+01
    endloop
  endfacet
  facet normal 0.000000e+00 1.000000e+00 -1.017211e-05
    outer loop
      vertex 6.409165e+00 3.009999e+00 -8.453125e+01
      vertex 6.608798e+00 3.009999e+00 -8.453125e+01
      vertex 6.534165e+00 3.010001e+00 -8.434374e+01
    endloop
  endfacet
  facet normal -3.261561e-01 7.912821e-03 9.452828e-01
    outer loop
      vertex 6.356310e+00 2.433134e+00 -8.502470e+01
      vertex 6.202435e+00 2.176192e+00 -8.507564e+01
      vertex 6.187588e+00 2.533070e+00 -8.508375e+01
    endloop
  endfacet
  facet normal 3.261561e-01 -7.912821e-03 -9.452828e-01
    outer loop
      vertex 6.356310e+00 2.433134e+00 -8.502470e+01
      vertex 6.187588e+00 2.533070e+00 -8.508375e+01
      vertex 6.202435e+00 2.176192e+00 -8.507564e+01
    endloop
  endfacet
  facet normal -2.944433e-02 -9.995648e-01 -1.854883e-03
    outer loop
      vertex 6.084633e+00 0.000000e+00 -8.363425e+01
      vertex 6.096860e+00 0.000000e+00 -8.382834e+01
      vertex 5.930050e+00 4.843030e-03 -8.379023e+01
    endloop
  endfacet
  facet normal 9.311525e-01 1.029681e-02 3.644844e-01
    outer loop
      vertex 6.876846e+00 2.404062e+00 -8.520417e+01
      vertex 6.996761e+00 2.180535e+00 -8.550420e+01
      vertex 6.885734e+00 2.123131e+00 -8.521894e+01
    endloop
  endfacet
  facet normal 9.991404e-01 2.115137e-04 -4.145299e-02
    outer loop
      vertex 6.992844e+00 1.497596e+00 -8.560719e+01
      vertex 6.996965e+00 1.783750e+00 -8.550641e+01
      vertex 6.992757e+00 1.790179e+00 -8.560780e+01
    endloop
  endfacet
  facet normal 6.774601e-01 -3.062454e-02 7.349216e-01
    outer loop
      vertex 6.892102e+00 1.787490e+00 -8.522675e+01
      vertex 6.729463e+00 1.795980e+00 -8.507648e+01
      vertex 6.878333e+00 1.971021e+00 -8.520641e+01
    endloop
  endfacet
  facet normal -5.010216e-01 -8.314606e-02 -8.614314e-01
    outer loop
      vertex 6.621723e+00 8.666068e-01 -8.503861e+01
      vertex 6.739317e+00 6.065060e-01 -8.508190e+01
      vertex 6.875809e+00 1.037353e+00 -8.520287e+01
    endloop
  endfacet
  facet normal 5.010216e-01 8.314606e-02 8.614314e-01
    outer loop
      vertex 6.621723e+00 8.666068e-01 -8.503861e+01
      vertex 6.875809e+00 1.037353e+00 -8.520287e+01
      vertex 6.739317e+00 6.065060e-01 -8.508190e+01
    endloop
  endfacet
  facet normal -2.869579e-02 9.995872e-01 1.474440e-03
    outer loop
      vertex 6.089201e+00 3.009999e+00 -8.336511e+01
      vertex 5.930037e+00 3.005783e+00 -8.360461e+01
      vertex 6.074615e+00 3.009999e+00 -8.364899e+01
    endloop
  endfacet
  facet normal 9.266288e-01 9.747161e-04 3.759762e-01
    outer loop
      vertex 6.883306e+00 1.221035e+00 -8.521382e+01
      vertex 6.882705e+00 1.497921e+00 -8.521306e+01
      vertex 6.995511e+00 1.498746e+00 -8.549108e+01
    endloop
  endfacet
  facet normal 1.372486e-01 9.905062e-01 -7.763669e-03
    outer loop
      vertex 6.836616e+00 3.006416e+00 -8.598866e+01
      vertex 6.930691e+00 2.994740e+00 -8.581524e+01
      vertex 6.833938e+00 3.009099e+00 -8.569371e+01
    endloop
  endfacet
  facet normal -1.372486e-01 -9.905062e-01 7.763669e-03
    outer loop
      vertex 6.836616e+00 3.006416e+00 -8.598866e+01
      vertex 6.833938e+00 3.009099e+00 -8.569371e+01
      vertex 6.930691e+00 2.994740e+00 -8.581524e+01
    endloop
  endfacet
  facet normal 5.111634e-01 -7.490204e-02 -8.562136e-01
    outer loop
      vertex 6.057827e+00 1.037687e+00 -8.519928e+01
      vertex 6.185895e+00 6.022694e-01 -8.508473e+01
      vertex 6.294333e+00 8.596628e-01 -8.504251e+01
    endloop
  endfacet
  facet normal -5.111634e-01 7.490204e-02 8.562136e-01
    outer loop
      vertex 6.057827e+00 1.037687e+00 -8.519928e+01
      vertex 6.294333e+00 8.596628e-01 -8.504251e+01
      vertex 6.185895e+00 6.022694e-01 -8.508473e+01
    endloop
  endfacet
  facet normal -6.366043e-04 9.989170e-01 4.652473e-02
    outer loop
      vertex 6.089737e+00 3.005712e+00 -8.300000e+01
      vertex 6.109914e+00 3.010000e+00 -8.309179e+01
      vertex 6.398752e+00 3.005909e+00 -8.300000e+01
    endloop
  endfacet
  facet normal 5.738135e-01 2.174330e-03 -8.189831e-01
    outer loop
      vertex 6.771707e+00 2.888023e-01 -8.596355e+01
      vertex 6.811683e+00 5.239094e-01 -8.593491e+01
      vertex 6.710907e+00 6.524482e-01 -8.600518e+01
    endloop
  endfacet
  facet normal -5.738135e-01 -2.174330e-03 8.189831e-01
    outer loop
      vertex 6.771707e+00 2.888023e-01 -8.596355e+01
      vertex 6.710907e+00 6.524482e-01 -8.600518e+01
      vertex 6.811683e+00 5.239094e-01 -8.593491e+01
    endloop
  endfacet
  facet normal -3.978966e-03 -9.979725e-01 6.352082e-02
    outer loop
      vertex 6.089737e+00 3.005712e+00 -8.300000e+01
      vertex 6.191875e+00 3.000000e+00 -8.308334e+01
      vertex 5.959121e+00 3.000000e+00 -8.309792e+01
    endloop
  endfacet
  facet normal 3.137975e-01 5.508142e-03 9.494740e-01
    outer loop
      vertex 6.621723e+00 8.666068e-01 -8.503861e+01
      vertex 6.517007e+00 1.037815e+00 -8.500500e+01
      vertex 6.728653e+00 1.229492e+00 -8.507606e+01
    endloop
  endfacet
  facet normal -2.599321e-02 9.996619e-01 6.689777e-04
    outer loop
      vertex 6.115145e+00 3.009999e+00 -8.453316e+01
      vertex 6.119993e+00 3.009999e+00 -8.434479e+01
      vertex 5.930057e+00 3.005185e+00 -8.453094e+01
    endloop
  endfacet
  facet normal 0.000000e+00 -1.000000e+00 0.000000e+00
    outer loop
      vertex 6.398519e+00 0.000000e+00 -8.476038e+01
      vertex 6.404427e+00 0.000000e+00 -8.453161e+01
      vertex 6.534230e+00 0.000000e+00 -8.473167e+01
    endloop
  endfacet
  facet normal -3.133117e-01 5.577022e-02 -9.480114e-01
    outer loop
      vertex 6.390422e+00 2.995693e+00 -8.604198e+01
      vertex 6.461357e+00 2.921875e+00 -8.606976e+01
      vertex 6.467572e+00 2.955883e+00 -8.606982e+01
    endloop
  endfacet
  facet normal 3.557538e-01 -4.738134e-02 -9.333779e-01
    outer loop
      vertex 6.509965e+00 3.335866e-01 -8.606558e+01
      vertex 6.771707e+00 2.888023e-01 -8.596355e+01
      vertex 6.710907e+00 6.524482e-01 -8.600518e+01
    endloop
  endfacet
  facet normal 7.377677e-01 8.001401e-03 -6.750072e-01
    outer loop
      vertex 6.811683e+00 5.239094e-01 -8.593491e+01
      vertex 6.912786e+00 8.528880e-01 -8.582051e+01
      vertex 6.798403e+00 8.441334e-01 -8.594563e+01
    endloop
  endfacet
  facet normal -9.349489e-01 -4.512643e-02 3.519010e-01
    outer loop
      vertex 5.931906e+00 2.971194e+00 -8.547713e+01
      vertex 6.038735e+00 2.713825e+00 -8.522630e+01
      vertex 5.932827e+00 2.720206e+00 -8.550687e+01
    endloop
  endfacet
  facet normal -0.000000e+00 -1.000000e+00 0.000000e+00
    outer loop
      vertex 6.588367e+00 3.000000e+00 -8.360159e+01
      vertex 6.329600e+00 3.000000e+00 -8.360209e+01
      vertex 6.318345e+00 3.000000e+00 -8.341048e+01
    endloop
  endfacet
  facet normal 9.994946e-01 -3.421476e-03 -3.160543e-02
    outer loop
      vertex 6.996964e+00 3.541600e-01 -8.550653e+01
      vertex 6.992905e+00 9.375000e-02 -8.560670e+01
      vertex 6.996295e+00 9.375000e-02 -8.549950e+01
    endloop
  endfacet
  facet normal -7.307009e-02 9.973220e-01 3.097207e-03
    outer loop
      vertex 6.742712e+00 3.000000e+00 -8.409554e+01
      vertex 6.842766e+00 3.006473e+00 -8.381942e+01
      vertex 6.754631e+00 3.000000e+00 -8.381435e+01
    endloop
  endfacet
  facet normal 7.307009e-02 -9.973220e-01 -3.097207e-03
    outer loop
      vertex 6.742712e+00 3.000000e+00 -8.409554e+01
      vertex 6.754631e+00 3.000000e+00 -8.381435e+01
      vertex 6.842766e+00 3.006473e+00 -8.381942e+01
    endloop
  endfacet
  facet normal -6.629385e-01 7.484834e-03 7.486365e-01
    outer loop
      vertex 6.048274e+00 1.796555e+00 -8.521275e+01
      vertex 6.203922e+00 1.787940e+00 -8.507484e+01
      vertex 6.195728e+00 1.515471e+00 -8.507937e+01
    endloop
  endfacet
  facet normal 2.796512e-01 3.096406e-03 -9.600967e-01
    outer loop
      vertex 6.710907e+00 6.524482e-01 -8.600518e+01
      vertex 6.495801e+00 9.062500e-01 -8.606702e+01
      vertex 6.500167e+00 6.444184e-01 -8.606659e+01
    endloop
  endfacet
  facet normal -6.580383e-01 -1.055774e-01 -7.455462e-01
    outer loop
      vertex 6.152503e+00 2.984690e+00 -8.596718e+01
      vertex 5.967314e+00 2.993638e+00 -8.580499e+01
      vertex 6.005661e+00 2.706033e+00 -8.579811e+01
    endloop
  endfacet
  facet normal -5.727161e-06 1.000000e+00 2.257097e-07
    outer loop
      vertex 6.403522e+00 3.010000e+00 -8.407162e+01
      vertex 6.393036e+00 3.010000e+00 -8.433769e+01
      vertex 6.569519e+00 3.010001e+00 -8.408483e+01
    endloop
  endfacet
  facet normal 5.727161e-06 -1.000000e+00 -2.257097e-07
    outer loop
      vertex 6.403522e+00 3.010000e+00 -8.407162e+01
      vertex 6.569519e+00 3.010001e+00 -8.408483e+01
      vertex 6.393036e+00 3.010000e+00 -8.433769e+01
    endloop
  endfacet
  facet normal 2.218312e-09 1.000000e+00 -4.722899e-09
    outer loop
      vertex 6.584813e+00 9.999995e-03 -8.339102e+01
      vertex 6.636979e+00 9.999996e-03 -8.316933e+01
      vertex 6.400208e+00 9.999997e-03 -8.308334e+01
    endloop
  endfacet
  facet normal 2.717732e-02 9.996299e-01 -1.237490e-03
    outer loop
      vertex 6.842766e+00 3.006473e+00 -8.381942e+01
      vertex 6.842031e+00 3.007061e+00 -8.336063e+01
      vertex 6.813186e+00 3.007512e+00 -8.362972e+01
    endloop
  endfacet
  facet normal -2.717732e-02 -9.996299e-01 1.237490e-03
    outer loop
      vertex 6.842766e+00 3.006473e+00 -8.381942e+01
      vertex 6.813186e+00 3.007512e+00 -8.362972e+01
      vertex 6.842031e+00 3.007061e+00 -8.336063e+01
    endloop
  endfacet
  facet normal -0.000000e+00 1.000000e+00 0.000000e+00
    outer loop
      vertex 6.115145e+00 3.009999e+00 -8.453316e+01
      vertex 6.118139e+00 3.009999e+00 -8.471251e+01
      vertex 6.409165e+00 3.009999e+00 -8.453125e+01
    endloop
  endfacet
  facet normal -3.422909e-01 -2.285316e-02 9.393161e-01
    outer loop
      vertex 6.356310e+00 2.433134e+00 -8.502470e+01
      vertex 6.187588e+00 2.533070e+00 -8.508375e+01
      vertex 6.212448e+00 2.718277e+00 -8.507018e+01
    endloop
  endfacet
  facet normal 3.422909e-01 2.285316e-02 -9.393161e-01
    outer loop
      vertex 6.356310e+00 2.433134e+00 -8.502470e+01
      vertex 6.212448e+00 2.718277e+00 -8.507018e+01
      vertex 6.187588e+00 2.533070e+00 -8.508375e+01
    endloop
  endfacet
  facet normal 8.924705e-01 5.128187e-02 4.481812e-01
    outer loop
      vertex 6.996663e+00 2.713583e+00 -8.550320e+01
      vertex 6.966115e+00 2.992644e+00 -8.547430e+01
      vertex 6.999669e+00 2.943182e+00 -8.553545e+01
    endloop
  endfacet
  facet normal -1.429498e-05 9.999860e-01 -5.287649e-03
    outer loop
      vertex 6.399395e+00 3.008364e+00 -8.599691e+01
      vertex 6.396145e+00 3.010000e+00 -8.568750e+01
      vertex 6.094180e+00 3.010000e+00 -8.568668e+01
    endloop
  endfacet
  facet normal -9.999955e-01 3.014770e-03 -1.255787e-04
    outer loop
      vertex 5.929993e+00 3.004595e+00 -8.300000e+01
      vertex 5.930041e+00 3.005261e+00 -8.336372e+01
      vertex 5.930007e+00 3.005808e+00 -8.308099e+01
    endloop
  endfacet
  facet normal 9.999955e-01 -3.014770e-03 1.255787e-04
    outer loop
      vertex 5.929993e+00 3.004595e+00 -8.300000e+01
      vertex 5.930007e+00 3.005808e+00 -8.308099e+01
      vertex 5.930041e+00 3.005261e+00 -8.336372e+01
    endloop
  endfacet
  facet normal 0.000000e+00 -1.000000e+00 0.000000e+00
    outer loop
      vertex 6.560275e+00 3.000000e+00 -8.473147e+01
      vertex 6.745759e+00 3.000000e+00 -8.453484e+01
      vertex 6.739305e+00 3.000000e+00 -8.471985e+01
    endloop
  endfacet
  facet normal 0.000000e+00 1.000000e+00 0.000000e+00
    outer loop
      vertex 6.560275e+00 3.000000e+00 -8.473147e+01
      vertex 6.739305e+00 3.000000e+00 -8.471985e+01
      vertex 6.745759e+00 3.000000e+00 -8.453484e+01
    endloop
  endfacet
  facet normal -3.174770e-02 -9.994958e-01 -4.969666e-04
    outer loop
      vertex 6.074804e+00 0.000000e+00 -8.307991e+01
      vertex 6.079106e+00 0.000000e+00 -8.335474e+01
      vertex 5.930041e+00 4.739335e-03 -8.336374e+01
    endloop
  endfacet
  facet normal -9.143804e-02 -3.693084e-01 9.247975e-01
    outer loop
      vertex 6.327881e+00 3.820960e-04 -8.595765e+01
      vertex 6.000176e+00 5.710688e-03 -8.598792e+01
      vertex 6.136039e+00 3.013222e-02 -8.596474e+01
    endloop
  endfacet
  facet normal 9.143804e-02 3.693084e-01 -9.247975e-01
    outer loop
      vertex 6.327881e+00 3.820960e-04 -8.595765e+01
      vertex 6.136039e+00 3.013222e-02 -8.596474e+01
      vertex 6.000176e+00 5.710688e-03 -8.598792e+01
    endloop
  endfacet
  facet normal 9.405395e-01 -4.244368e-04 3.396840e-01
    outer loop
      vertex 5.937245e+00 3.110763e-01 -8.560780e+01
      vertex 5.937159e+00 5.421875e-01 -8.560728e+01
      vertex 6.006504e+00 2.841592e-01 -8.579961e+01
    endloop
  endfacet
  facet normal -9.405395e-01 4.244368e-04 -3.396840e-01
    outer loop
      vertex 5.937245e+00 3.110763e-01 -8.560780e+01
      vertex 6.006504e+00 2.841592e-01 -8.579961e+01
      vertex 5.937159e+00 5.421875e-01 -8.560728e+01
    endloop
  endfacet
  facet normal 5.273299e-02 9.986023e-01 3.566930e-03
    outer loop
      vertex 6.857712e+00 4.489032e-03 -8.379543e+01
      vertex 6.851565e+00 4.160791e-03 -8.361266e+01
      vertex 6.754628e+00 1.000005e-02 -8.381433e+01
    endloop
  endfacet
  facet normal -5.273299e-02 -9.986023e-01 -3.566930e-03
    outer loop
      vertex 6.857712e+00 4.489032e-03 -8.379543e+01
      vertex 6.754628e+00 1.000005e-02 -8.381433e+01
      vertex 6.851565e+00 4.160791e-03 -8.361266e+01
    endloop
  endfacet
  facet normal -4.835814e-01 -3.397795e-01 8.066591e-01
    outer loop
      vertex 6.356310e+00 2.433134e+00 -8.502470e+01
      vertex 6.050377e+00 2.427772e+00 -8.521036e+01
      vertex 6.187588e+00 2.533070e+00 -8.508375e+01
    endloop
  endfacet
  facet normal 3.349593e-02 9.994178e-01 6.495295e-03
    outer loop
      vertex 6.636979e+00 9.999996e-03 -8.316933e+01
      vertex 6.851110e+00 4.107630e-03 -8.336694e+01
      vertex 6.840236e+00 2.571663e-03 -8.307453e+01
    endloop
  endfacet
  facet normal 5.511025e-01 -5.130376e-01 6.580870e-01
    outer loop
      vertex 6.992809e+00 3.544644e-01 -8.560742e+01
      vertex 6.932129e+00 2.928633e-02 -8.581011e+01
      vertex 6.833373e+00 3.203078e-04 -8.574999e+01
    endloop
  endfacet
  facet normal -5.511025e-01 5.130376e-01 -6.580870e-01
    outer loop
      vertex 6.992809e+00 3.544644e-01 -8.560742e+01
      vertex 6.833373e+00 3.203078e-04 -8.574999e+01
      vertex 6.932129e+00 2.928633e-02 -8.581011e+01
    endloop
  endfacet
  facet normal 2.097043e-05 9.999861e-01 -5.287278e-03
    outer loop
      vertex 6.533822e+00 3.008369e+00 -8.599543e+01
      vertex 6.396145e+00 3.010000e+00 -8.568750e+01
      vertex 6.399395e+00 3.008364e+00 -8.599691e+01
    endloop
  endfacet
  facet normal -1.391444e-02 -9.999014e-01 1.900007e-03
    outer loop
      vertex 6.534165e+00 3.010001e+00 -8.434374e+01
      vertex 6.569519e+00 3.010001e+00 -8.408483e+01
      vertex 6.846358e+00 3.006231e+00 -8.404138e+01
    endloop
  endfacet
  facet normal 1.391444e-02 9.999014e-01 -1.900007e-03
    outer loop
      vertex 6.534165e+00 3.010001e+00 -8.434374e+01
      vertex 6.846358e+00 3.006231e+00 -8.404138e+01
      vertex 6.569519e+00 3.010001e+00 -8.408483e+01
    endloop
  endfacet
  facet normal -2.671915e-02 9.996426e-01 8.531756e-04
    outer loop
      vertex 6.109659e+00 3.010000e+00 -8.384199e+01
      vertex 5.930050e+00 3.005155e+00 -8.379022e+01
      vertex 5.930048e+00 3.005387e+00 -8.406209e+01
    endloop
  endfacet
  facet normal -3.633314e-01 1.805815e-04 -9.316599e-01
    outer loop
      vertex 6.428021e+00 1.509247e+00 -8.606644e+01
      vertex 6.428055e+00 1.774173e+00 -8.606640e+01
      vertex 6.150302e+00 1.791146e+00 -8.595808e+01
    endloop
  endfacet
  facet normal -8.786854e-02 -7.284790e-01 -6.794096e-01
    outer loop
      vertex 6.327881e+00 3.820960e-04 -8.595765e+01
      vertex 6.421272e+00 8.990113e-02 -8.606571e+01
      vertex 6.136039e+00 3.013222e-02 -8.596474e+01
    endloop
  endfacet
  facet normal 1.000522e-02 9.999410e-01 -4.230788e-03
    outer loop
      vertex 6.825229e+00 3.007059e+00 -8.471427e+01
      vertex 6.608798e+00 3.009999e+00 -8.453125e+01
      vertex 6.533569e+00 3.010000e+00 -8.470893e+01
    endloop
  endfacet
  facet normal -9.986987e-01 -2.547334e-04 -5.099853e-02
    outer loop
      vertex 5.932376e+00 2.966520e-01 -8.551238e+01
      vertex 5.937245e+00 3.110763e-01 -8.560780e+01
      vertex 5.937159e+00 5.421875e-01 -8.560728e+01
    endloop
  endfacet
  facet normal 9.410441e-01 -7.450554e-04 -3.382829e-01
    outer loop
      vertex 6.922439e+00 1.789423e+00 -8.580341e+01
      vertex 6.992757e+00 1.790179e+00 -8.560780e+01
      vertex 6.922742e+00 1.970951e+00 -8.580297e+01
    endloop
  endfacet
  facet normal -3.410781e-01 4.111682e-02 -9.391354e-01
    outer loop
      vertex 6.152390e+00 2.922843e-01 -8.595920e+01
      vertex 6.136039e+00 3.013222e-02 -8.596474e+01
      vertex 6.421272e+00 8.990113e-02 -8.606571e+01
    endloop
  endfacet
  facet normal -3.877345e-01 -1.625468e-02 -9.216278e-01
    outer loop
      vertex 6.135906e+00 2.467104e+00 -8.594785e+01
      vertex 6.413692e+00 2.481429e+00 -8.606497e+01
      vertex 6.152069e+00 2.716588e+00 -8.595905e+01
    endloop
  endfacet
  facet normal 3.126633e-01 4.304261e-03 9.498543e-01
    outer loop
      vertex 6.729463e+00 1.795980e+00 -8.507648e+01
      vertex 6.724893e+00 1.567296e+00 -8.507394e+01
      vertex 6.561684e+00 1.484191e+00 -8.501984e+01
    endloop
  endfacet
  facet normal 2.088958e-02 9.997427e-01 -8.839170e-03
    outer loop
      vertex 6.813019e+00 3.007408e+00 -8.434168e+01
      vertex 6.608798e+00 3.009999e+00 -8.453125e+01
      vertex 6.533569e+00 3.010000e+00 -8.470893e+01
    endloop
  endfacet
  facet normal -2.088958e-02 -9.997427e-01 8.839170e-03
    outer loop
      vertex 6.813019e+00 3.007408e+00 -8.434168e+01
      vertex 6.533569e+00 3.010000e+00 -8.470893e+01
      vertex 6.608798e+00 3.009999e+00 -8.453125e+01
    endloop
  endfacet
  facet normal -8.637126e-03 -9.910679e-01 1.330776e-01
    outer loop
      vertex 6.560275e+00 3.000000e+00 -8.473147e+01
      vertex 6.739305e+00 3.000000e+00 -8.471985e+01
      vertex 6.534963e+00 2.968692e+00 -8.496627e+01
    endloop
  endfacet
  facet normal -4.788722e-01 -2.244775e-05 8.778846e-01
    outer loop
      vertex 6.203922e+00 1.787940e+00 -8.507484e+01
      vertex 6.185661e+00 1.971906e+00 -8.508479e+01
      vertex 6.202435e+00 2.176192e+00 -8.507564e+01
    endloop
  endfacet
  facet normal 4.788722e-01 2.244775e-05 -8.778846e-01
    outer loop
      vertex 6.203922e+00 1.787940e+00 -8.507484e+01
      vertex 6.202435e+00 2.176192e+00 -8.507564e+01
      vertex 6.185661e+00 1.971906e+00 -8.508479e+01
    endloop
  endfacet
  facet normal -9.991657e-01 4.032899e-02 -6.429171e-03
    outer loop
      vertex 5.929993e+00 1.794871e-03 -8.546461e+01
      vertex 5.931598e+00 1.836968e-02 -8.561008e+01
      vertex 5.931471e+00 3.606093e-02 -8.547932e+01
    endloop
  endfacet
  facet normal 0.000000e+00 -1.000000e+00 0.000000e+00
    outer loop
      vertex 6.390500e+00 0.000000e+00 -8.439365e+01
      vertex 6.536213e+00 0.000000e+00 -8.435839e+01
      vertex 6.618696e+00 0.000000e+00 -8.453735e+01
    endloop
  endfacet
  facet normal 3.496347e-06 -1.000000e+00 -1.377924e-07
    outer loop
      vertex 6.403522e+00 3.010000e+00 -8.407162e+01
      vertex 6.393036e+00 3.010000e+00 -8.433769e+01
      vertex 6.119993e+00 3.009999e+00 -8.434479e+01
    endloop
  endfacet
  facet normal -3.496347e-06 1.000000e+00 1.377924e-07
    outer loop
      vertex 6.403522e+00 3.010000e+00 -8.407162e+01
      vertex 6.119993e+00 3.009999e+00 -8.434479e+01
      vertex 6.393036e+00 3.010000e+00 -8.433769e+01
    endloop
  endfacet
  facet normal -2.662528e-02 9.996446e-01 1.314348e-03
    outer loop
      vertex 5.930057e+00 3.005185e+00 -8.453094e+01
      vertex 6.119993e+00 3.009999e+00 -8.434479e+01
      vertex 5.930055e+00 3.004913e+00 -8.432426e+01
    endloop
  endfacet
  facet normal 9.998025e-01 -1.987243e-02 -1.559156e-05
    outer loop
      vertex 5.929993e+00 1.794871e-03 -8.546461e+01
      vertex 5.930058e+00 4.897233e-03 -8.526029e+01
      vertex 5.930014e+00 3.014967e-03 -8.567431e+01
    endloop
  endfacet
  facet normal -9.998025e-01 1.987243e-02 1.559156e-05
    outer loop
      vertex 5.929993e+00 1.794871e-03 -8.546461e+01
      vertex 5.930014e+00 3.014967e-03 -8.567431e+01
      vertex 5.930058e+00 4.897233e-03 -8.526029e+01
    endloop
  endfacet
  facet normal -0.000000e+00 -1.000000e+00 0.000000e+00
    outer loop
      vertex 6.404036e+00 3.000000e+00 -8.434375e+01
      vertex 6.375622e+00 3.000000e+00 -8.455804e+01
      vertex 6.067265e+00 3.000000e+00 -8.433344e+01
    endloop
  endfacet
  facet normal 1.689012e-01 9.724765e-01 -1.605050e-01
    outer loop
      vertex 6.906647e+00 6.220872e-03 -8.597668e+01
      vertex 6.932129e+00 2.928633e-02 -8.581011e+01
      vertex 6.785147e+00 2.860380e-02 -8.596892e+01
    endloop
  endfacet
  facet normal -1.689012e-01 -9.724765e-01 1.605050e-01
    outer loop
      vertex 6.906647e+00 6.220872e-03 -8.597668e+01
      vertex 6.785147e+00 2.860380e-02 -8.596892e+01
      vertex 6.932129e+00 2.928633e-02 -8.581011e+01
    endloop
  endfacet
  facet normal -6.939825e-01 1.087801e-01 -7.117270e-01
    outer loop
      vertex 6.136039e+00 3.013222e-02 -8.596474e+01
      vertex 6.006504e+00 2.841592e-01 -8.579961e+01
      vertex 5.966386e+00 1.648709e-02 -8.580140e+01
    endloop
  endfacet
  facet normal 0.000000e+00 1.000000e+00 0.000000e+00
    outer loop
      vertex 6.394342e+00 0.000000e+00 -8.380195e+01
      vertex 6.096860e+00 0.000000e+00 -8.382834e+01
      vertex 6.397738e+00 0.000000e+00 -8.407596e+01
    endloop
  endfacet
  facet normal 0.000000e+00 -1.000000e+00 -0.000000e+00
    outer loop
      vertex 6.394342e+00 0.000000e+00 -8.380195e+01
      vertex 6.397738e+00 0.000000e+00 -8.407596e+01
      vertex 6.096860e+00 0.000000e+00 -8.382834e+01
    endloop
  endfacet
  facet normal 0.000000e+00 -1.000000e+00 0.000000e+00
    outer loop
      vertex 6.545311e+00 0.000000e+00 -8.574158e+01
      vertex 6.535999e+00 0.000000e+00 -8.546151e+01
      vertex 6.868576e+00 0.000000e+00 -8.545637e+01
    endloop
  endfacet
  facet normal -3.392009e-06 1.000000e+00 -5.661645e-08
    outer loop
      vertex 6.115145e+00 3.009999e+00 -8.453316e+01
      vertex 6.118139e+00 3.009999e+00 -8.471251e+01
      vertex 6.393036e+00 3.010000e+00 -8.433769e+01
    endloop
  endfacet
  facet normal 3.392009e-06 -1.000000e+00 5.661645e-08
    outer loop
      vertex 6.115145e+00 3.009999e+00 -8.453316e+01
      vertex 6.393036e+00 3.010000e+00 -8.433769e+01
      vertex 6.118139e+00 3.009999e+00 -8.471251e+01
    endloop
  endfacet
  facet normal 7.812226e-01 3.183449e-02 6.234404e-01
    outer loop
      vertex 6.731028e+00 3.708577e-02 -8.501221e+01
      vertex 6.895675e+00 2.908910e-01 -8.523148e+01
      vertex 6.898760e+00 4.949440e-02 -8.522302e+01
    endloop
  endfacet
  facet normal -7.750114e-01 4.787025e-02 -6.301315e-01
    outer loop
      vertex 6.327881e+00 3.820960e-04 -8.595765e+01
      vertex 6.421272e+00 8.990113e-02 -8.606571e+01
      vertex 6.438386e+00 3.439786e-01 -8.606746e+01
    endloop
  endfacet
  facet normal 7.750114e-01 -4.787025e-02 6.301315e-01
    outer loop
      vertex 6.327881e+00 3.820960e-04 -8.595765e+01
      vertex 6.438386e+00 3.439786e-01 -8.606746e+01
      vertex 6.421272e+00 8.990113e-02 -8.606571e+01
    endloop
  endfacet
  facet normal -9.288020e-01 -2.621988e-03 3.705671e-01
    outer loop
      vertex 5.933366e+00 1.038131e+00 -8.550027e+01
      vertex 6.046730e+00 1.228130e+00 -8.521478e+01
      vertex 6.048750e+00 8.393320e-01 -8.521247e+01
    endloop
  endfacet
  facet normal 4.638980e-02 9.947836e-01 9.084898e-02
    outer loop
      vertex 6.731028e+00 3.708577e-02 -8.501221e+01
      vertex 6.739304e+00 1.000010e-02 -8.471985e+01
      vertex 6.535489e+00 4.208373e-02 -8.496709e+01
    endloop
  endfacet
  facet normal 9.305668e-01 -7.861152e-03 3.660379e-01
    outer loop
      vertex 6.996964e+00 3.541600e-01 -8.550653e+01
      vertex 6.884830e+00 5.629334e-01 -8.521697e+01
      vertex 6.996144e+00 6.702251e-01 -8.549766e+01
    endloop
  endfacet
  facet normal -7.818033e-01 2.662890e-02 6.229564e-01
    outer loop
      vertex 6.931228e+00 2.158199e+00 -8.578801e+01
      vertex 6.787724e+00 1.789356e+00 -8.595234e+01
      vertex 6.802361e+00 1.971175e+00 -8.594174e+01
    endloop
  endfacet
  facet normal 7.818033e-01 -2.662890e-02 -6.229564e-01
    outer loop
      vertex 6.931228e+00 2.158199e+00 -8.578801e+01
      vertex 6.802361e+00 1.971175e+00 -8.594174e+01
      vertex 6.787724e+00 1.789356e+00 -8.595234e+01
    endloop
  endfacet
  facet normal -9.301090e-01 -8.268570e-03 3.671907e-01
    outer loop
      vertex 5.933366e+00 1.038131e+00 -8.550027e+01
      vertex 6.048750e+00 8.393320e-01 -8.521247e+01
      vertex 5.932880e+00 8.369896e-01 -8.550603e+01
    endloop
  endfacet
  facet normal -3.311213e-01 1.490136e-02 9.434705e-01
    outer loop
      vertex 6.411355e+00 5.768710e-01 -8.500520e+01
      vertex 6.210557e+00 2.947988e-01 -8.507122e+01
      vertex 6.185895e+00 6.022694e-01 -8.508473e+01
    endloop
  endfacet
  facet normal 6.651080e-03 9.999371e-01 -9.035167e-03
    outer loop
      vertex 6.836616e+00 3.006416e+00 -8.598866e+01
      vertex 6.833938e+00 3.009099e+00 -8.569371e+01
      vertex 6.533822e+00 3.008369e+00 -8.599543e+01
    endloop
  endfacet
  facet normal -7.389579e-07 -1.000000e+00 -1.406715e-07
    outer loop
      vertex 6.015346e+00 1.000005e-02 -8.334372e+01
      vertex 6.076926e+00 1.000007e-02 -8.380624e+01
      vertex 6.024655e+00 1.000008e-02 -8.360448e+01
    endloop
  endfacet
  facet normal 7.389579e-07 1.000000e+00 1.406715e-07
    outer loop
      vertex 6.015346e+00 1.000005e-02 -8.334372e+01
      vertex 6.024655e+00 1.000008e-02 -8.360448e+01
      vertex 6.076926e+00 1.000007e-02 -8.380624e+01
    endloop
  endfacet
  facet normal 0.000000e+00 -1.000000e+00 0.000000e+00
    outer loop
      vertex 6.397750e+00 0.000000e+00 -8.527026e+01
      vertex 6.330709e+00 0.000000e+00 -8.500214e+01
      vertex 6.530773e+00 0.000000e+00 -8.499117e+01
    endloop
  endfacet
  facet normal 1.145722e-03 9.994895e-01 3.192731e-02
    outer loop
      vertex 6.636979e+00 9.999996e-03 -8.316933e+01
      vertex 6.811919e+00 4.390552e-03 -8.300000e+01
      vertex 6.533755e+00 4.709414e-03 -8.300000e+01
    endloop
  endfacet
  facet normal 0.000000e+00 1.000000e+00 0.000000e+00
    outer loop
      vertex 6.076926e+00 3.000000e+00 -8.380622e+01
      vertex 6.015347e+00 3.000000e+00 -8.334370e+01
      vertex 6.024654e+00 3.000000e+00 -8.360448e+01
    endloop
  endfacet
  facet normal 0.000000e+00 -1.000000e+00 0.000000e+00
    outer loop
      vertex 6.076926e+00 3.000000e+00 -8.380622e+01
      vertex 6.024654e+00 3.000000e+00 -8.360448e+01
      vertex 6.015347e+00 3.000000e+00 -8.334370e+01
    endloop
  endfacet
  facet normal 3.644545e-01 8.471360e-03 -9.311827e-01
    outer loop
      vertex 6.509965e+00 3.335866e-01 -8.606558e+01
      vertex 6.771707e+00 2.888023e-01 -8.596355e+01
      vertex 6.500167e+00 6.444184e-01 -8.606659e+01
    endloop
  endfacet
  facet normal -3.644545e-01 -8.471360e-03 9.311827e-01
    outer loop
      vertex 6.509965e+00 3.335866e-01 -8.606558e+01
      vertex 6.500167e+00 6.444184e-01 -8.606659e+01
      vertex 6.771707e+00 2.888023e-01 -8.596355e+01
    endloop
  endfacet
  facet normal -4.964116e-02 9.987671e-01 1.241814e-04
    outer loop
      vertex 6.851110e+00 4.107630e-03 -8.336694e+01
      vertex 6.851565e+00 4.160791e-03 -8.361266e+01
      vertex 6.857712e+00 4.489032e-03 -8.379543e+01
    endloop
  endfacet
  facet normal 4.964116e-02 -9.987671e-01 -1.241814e-04
    outer loop
      vertex 6.851110e+00 4.107630e-03 -8.336694e+01
      vertex 6.857712e+00 4.489032e-03 -8.379543e+01
      vertex 6.851565e+00 4.160791e-03 -8.361266e+01
    endloop
  endfacet
  facet normal 3.875063e-01 8.493847e-01 3.583078e-01
    outer loop
      vertex 6.731028e+00 3.708577e-02 -8.501221e+01
      vertex 6.898760e+00 4.949440e-02 -8.522302e+01
      vertex 6.799303e+00 1.711585e-03 -8.500219e+01
    endloop
  endfacet
  facet normal -6.867934e-06 1.000000e+00 -7.580126e-08
    outer loop
      vertex 6.391647e+00 3.009999e+00 -8.525853e+01
      vertex 6.533147e+00 3.010000e+00 -8.549782e+01
      vertex 6.529998e+00 3.010000e+00 -8.521250e+01
    endloop
  endfacet
  facet normal -9.998822e-01 -1.534668e-02 -1.743095e-05
    outer loop
      vertex 5.930041e+00 3.005261e+00 -8.336372e+01
      vertex 5.930050e+00 3.005155e+00 -8.379022e+01
      vertex 5.930037e+00 3.005783e+00 -8.360461e+01
    endloop
  endfacet
  facet normal 9.998822e-01 1.534668e-02 1.743095e-05
    outer loop
      vertex 5.930041e+00 3.005261e+00 -8.336372e+01
      vertex 5.930037e+00 3.005783e+00 -8.360461e+01
      vertex 5.930050e+00 3.005155e+00 -8.379022e+01
    endloop
  endfacet
  facet normal 2.081654e-07 1.000000e+00 1.217227e-07
    outer loop
      vertex 6.015346e+00 1.000005e-02 -8.334372e+01
      vertex 6.024655e+00 1.000008e-02 -8.360448e+01
      vertex 6.318345e+00 9.999995e-03 -8.341048e+01
    endloop
  endfacet
  facet normal 3.299849e-07 1.000000e+00 -6.113664e-08
    outer loop
      vertex 6.375624e+00 9.999994e-03 -8.455804e+01
      vertex 6.404036e+00 9.999998e-03 -8.434375e+01
      vertex 6.067266e+00 1.000011e-02 -8.433345e+01
    endloop
  endfacet
  facet normal -4.608032e-02 -9.989359e-01 -1.892264e-03
    outer loop
      vertex 6.742712e+00 1.000005e-02 -8.409554e+01
      vertex 6.856787e+00 4.677145e-03 -8.406351e+01
      vertex 6.753497e+00 1.000010e-02 -8.435821e+01
    endloop
  endfacet
  facet normal 4.608032e-02 9.989359e-01 1.892264e-03
    outer loop
      vertex 6.742712e+00 1.000005e-02 -8.409554e+01
      vertex 6.753497e+00 1.000010e-02 -8.435821e+01
      vertex 6.856787e+00 4.677145e-03 -8.406351e+01
    endloop
  endfacet
  facet normal 0.000000e+00 -1.000000e+00 0.000000e+00
    outer loop
      vertex 6.076926e+00 3.000000e+00 -8.380622e+01
      vertex 6.329600e+00 3.000000e+00 -8.360209e+01
      vertex 6.397345e+00 3.000000e+00 -8.381251e+01
    endloop
  endfacet
  facet normal 1.868961e-03 -9.932807e-01 1.157145e-01
    outer loop
      vertex 6.368495e+00 3.000000e+00 -8.472837e+01
      vertex 6.560275e+00 3.000000e+00 -8.473147e+01
      vertex 6.395581e+00 2.973202e+00 -8.495884e+01
    endloop
  endfacet
  facet normal -9.989679e-01 1.664799e-04 -4.542152e-02
    outer loop
      vertex 5.932669e+00 5.316924e-01 -8.550857e+01
      vertex 5.937159e+00 5.421875e-01 -8.560728e+01
      vertex 5.937222e+00 8.282872e-01 -8.560761e+01
    endloop
  endfacet
  facet normal 4.730438e-09 1.000000e+00 -1.801180e-08
    outer loop
      vertex 6.375624e+00 9.999994e-03 -8.455804e+01
      vertex 6.538399e+00 9.999997e-03 -8.436017e+01
      vertex 6.404036e+00 9.999998e-03 -8.434375e+01
    endloop
  endfacet
  facet normal -3.775465e-01 -1.605647e-02 -9.258515e-01
    outer loop
      vertex 6.428021e+00 1.509247e+00 -8.606644e+01
      vertex 6.150302e+00 1.791146e+00 -8.595808e+01
      vertex 6.132785e+00 1.488594e+00 -8.594569e+01
    endloop
  endfacet
  facet normal 0.000000e+00 1.000000e+00 -0.000000e+00
    outer loop
      vertex 6.531635e+00 3.010000e+00 -8.366584e+01
      vertex 6.535234e+00 3.010000e+00 -8.339287e+01
      vertex 6.397262e+00 3.010000e+00 -8.366517e+01
    endloop
  endfacet
  facet normal -7.764578e-01 1.897782e-02 -6.298835e-01
    outer loop
      vertex 6.000632e+00 1.971621e+00 -8.578889e+01
      vertex 6.122427e+00 1.971813e+00 -8.593902e+01
      vertex 6.132232e+00 2.175215e+00 -8.594498e+01
    endloop
  endfacet
  facet normal 8.184668e-01 -4.003321e-01 4.121240e-01
    outer loop
      vertex 6.621723e+00 8.666068e-01 -8.503861e+01
      vertex 6.723169e+00 1.038548e+00 -8.507306e+01
      vertex 6.883306e+00 1.221035e+00 -8.521382e+01
    endloop
  endfacet
  facet normal -6.637056e-01 -2.170445e-02 7.476789e-01
    outer loop
      vertex 6.048274e+00 1.796555e+00 -8.521275e+01
      vertex 6.058227e+00 1.971055e+00 -8.519885e+01
      vertex 6.203922e+00 1.787940e+00 -8.507484e+01
    endloop
  endfacet
  facet normal 0.000000e+00 -1.000000e+00 0.000000e+00
    outer loop
      vertex 6.742712e+00 3.000000e+00 -8.409554e+01
      vertex 6.526720e+00 3.000000e+00 -8.406250e+01
      vertex 6.754631e+00 3.000000e+00 -8.381435e+01
    endloop
  endfacet
  facet normal 0.000000e+00 -1.000000e+00 0.000000e+00
    outer loop
      vertex 6.096047e+00 0.000000e+00 -8.502380e+01
      vertex 6.120203e+00 0.000000e+00 -8.472315e+01
      vertex 6.330709e+00 0.000000e+00 -8.500214e+01
    endloop
  endfacet
  facet normal 0.000000e+00 1.000000e+00 0.000000e+00
    outer loop
      vertex 6.096047e+00 0.000000e+00 -8.502380e+01
      vertex 6.330709e+00 0.000000e+00 -8.500214e+01
      vertex 6.120203e+00 0.000000e+00 -8.472315e+01
    endloop
  endfacet
  facet normal 9.359454e-03 -9.999480e-01 -4.068462e-03
    outer loop
      vertex 6.813466e+00 2.548599e-03 -8.471568e+01
      vertex 6.534230e+00 0.000000e+00 -8.473167e+01
      vertex 6.618696e+00 0.000000e+00 -8.453735e+01
    endloop
  endfacet
  facet normal 5.612971e-01 1.174186e-01 8.192427e-01
    outer loop
      vertex 6.621723e+00 8.666068e-01 -8.503861e+01
      vertex 6.886958e+00 8.461738e-01 -8.521741e+01
      vertex 6.739317e+00 6.065060e-01 -8.508190e+01
    endloop
  endfacet
  facet normal -1.820967e-02 9.998322e-01 2.031713e-03
    outer loop
      vertex 6.118240e+00 3.009999e+00 -8.547057e+01
      vertex 5.930014e+00 3.006985e+00 -8.567432e+01
      vertex 6.094180e+00 3.010000e+00 -8.568668e+01
    endloop
  endfacet
  facet normal -1.134731e-01 -9.934294e-01 -1.489836e-02
    outer loop
      vertex 5.929993e+00 3.004595e+00 -8.300000e+01
      vertex 6.015347e+00 3.000000e+00 -8.334370e+01
      vertex 5.930007e+00 3.005808e+00 -8.308099e+01
    endloop
  endfacet
  facet normal -3.630599e-01 5.205769e-03 -9.317512e-01
    outer loop
      vertex 6.431721e+00 1.962963e+00 -8.606677e+01
      vertex 6.150302e+00 1.791146e+00 -8.595808e+01
      vertex 6.428055e+00 1.774173e+00 -8.606640e+01
    endloop
  endfacet
  facet normal -2.955022e-06 1.000000e+00 1.515077e-08
    outer loop
      vertex 6.398750e+00 3.010000e+00 -8.337500e+01
      vertex 6.074615e+00 3.009999e+00 -8.364899e+01
      vertex 6.397262e+00 3.010000e+00 -8.366517e+01
    endloop
  endfacet
  facet normal 3.329924e-07 1.000000e+00 3.720121e-08
    outer loop
      vertex 6.404036e+00 9.999998e-03 -8.434375e+01
      vertex 6.065654e+00 1.000010e-02 -8.406867e+01
      vertex 6.067266e+00 1.000011e-02 -8.433345e+01
    endloop
  endfacet
  facet normal 9.363065e-01 1.409503e-02 3.509009e-01
    outer loop
      vertex 6.892102e+00 1.787490e+00 -8.522675e+01
      vertex 6.996965e+00 1.783750e+00 -8.550641e+01
      vertex 6.995511e+00 1.498746e+00 -8.549108e+01
    endloop
  endfacet
  facet normal -3.033692e-02 -9.995368e-01 2.437444e-03
    outer loop
      vertex 6.096047e+00 0.000000e+00 -8.502380e+01
      vertex 5.930061e+00 5.097114e-03 -8.499950e+01
      vertex 6.120203e+00 0.000000e+00 -8.472315e+01
    endloop
  endfacet
  facet normal -5.672287e-01 -2.877850e-02 8.230573e-01
    outer loop
      vertex 6.057827e+00 1.037687e+00 -8.519928e+01
      vertex 6.294333e+00 8.596628e-01 -8.504251e+01
      vertex 6.048750e+00 8.393320e-01 -8.521247e+01
    endloop
  endfacet
  facet normal -3.279278e-06 1.000000e+00 1.952118e-07
    outer loop
      vertex 6.118240e+00 3.009999e+00 -8.547057e+01
      vertex 6.396145e+00 3.010000e+00 -8.568750e+01
      vertex 6.409167e+00 3.010000e+00 -8.546875e+01
    endloop
  endfacet
  facet normal 0.000000e+00 -1.000000e+00 0.000000e+00
    outer loop
      vertex 6.522917e+00 3.000000e+00 -8.381818e+01
      vertex 6.588367e+00 3.000000e+00 -8.360159e+01
      vertex 6.754631e+00 3.000000e+00 -8.381435e+01
    endloop
  endfacet
  facet normal -3.072680e-01 -3.985104e-03 9.516147e-01
    outer loop
      vertex 6.411355e+00 5.768710e-01 -8.500520e+01
      vertex 6.417163e+00 2.875603e-01 -8.500454e+01
      vertex 6.210557e+00 2.947988e-01 -8.507122e+01
    endloop
  endfacet
  facet normal 8.795010e-03 9.999613e-01 3.199150e-04
    outer loop
      vertex 6.538333e+00 3.010000e+00 -8.384998e+01
      vertex 6.813186e+00 3.007512e+00 -8.362972e+01
      vertex 6.531635e+00 3.010000e+00 -8.366584e+01
    endloop
  endfacet
  facet normal -9.892696e-01 -2.220274e-05 -1.461011e-01
    outer loop
      vertex 5.937242e+00 1.801705e+00 -8.560780e+01
      vertex 5.937203e+00 2.188377e+00 -8.560760e+01
      vertex 5.937086e+00 1.971642e+00 -8.560677e+01
    endloop
  endfacet
  facet normal 9.892696e-01 2.220274e-05 1.461011e-01
    outer loop
      vertex 5.937242e+00 1.801705e+00 -8.560780e+01
      vertex 5.937086e+00 1.971642e+00 -8.560677e+01
      vertex 5.937203e+00 2.188377e+00 -8.560760e+01
    endloop
  endfacet
  facet normal -2.399078e-07 1.000000e+00 1.016593e-08
    outer loop
      vertex 6.742712e+00 1.000005e-02 -8.409554e+01
      vertex 6.754628e+00 1.000005e-02 -8.381433e+01
      vertex 6.526720e+00 9.999998e-03 -8.406250e+01
    endloop
  endfacet
  facet normal -1.038581e-02 9.631585e-01 -2.687338e-01
    outer loop
      vertex 6.390422e+00 2.995693e+00 -8.604198e+01
      vertex 6.399395e+00 3.008364e+00 -8.599691e+01
      vertex 6.067377e+00 3.005993e+00 -8.599258e+01
    endloop
  endfacet
  facet normal 9.289145e-01 3.517512e-02 3.686197e-01
    outer loop
      vertex 6.996761e+00 2.180535e+00 -8.550420e+01
      vertex 6.994237e+00 1.968312e+00 -8.547759e+01
      vertex 6.885734e+00 2.123131e+00 -8.521894e+01
    endloop
  endfacet
  facet normal 9.424554e-01 4.502333e-04 -3.343316e-01
    outer loop
      vertex 6.924472e+00 1.499378e+00 -8.579993e+01
      vertex 6.992759e+00 1.222039e+00 -8.560780e+01
      vertex 6.992844e+00 1.497596e+00 -8.560719e+01
    endloop
  endfacet
  facet normal 7.781326e-01 -1.911934e-02 6.278090e-01
    outer loop
      vertex 6.009129e+00 1.779427e+00 -8.580445e+01
      vertex 6.132232e+00 2.175215e+00 -8.594498e+01
      vertex 6.122427e+00 1.971813e+00 -8.593902e+01
    endloop
  endfacet
  facet normal -7.781326e-01 1.911934e-02 -6.278090e-01
    outer loop
      vertex 6.009129e+00 1.779427e+00 -8.580445e+01
      vertex 6.122427e+00 1.971813e+00 -8.593902e+01
      vertex 6.132232e+00 2.175215e+00 -8.594498e+01
    endloop
  endfacet
  facet normal 0.000000e+00 -1.000000e+00 0.000000e+00
    outer loop
      vertex 6.534165e+00 0.000000e+00 -8.361530e+01
      vertex 6.398750e+00 0.000000e+00 -8.336684e+01
      vertex 6.534165e+00 0.000000e+00 -8.336683e+01
    endloop
  endfacet
  facet normal -8.177620e-03 -9.999665e-01 3.518604e-04
    outer loop
      vertex 6.833938e+00 3.009099e+00 -8.569371e+01
      vertex 6.819607e+00 3.009366e+00 -8.526791e+01
      vertex 6.850810e+00 3.009040e+00 -8.546895e+01
    endloop
  endfacet
  facet normal 8.177620e-03 9.999665e-01 -3.518604e-04
    outer loop
      vertex 6.833938e+00 3.009099e+00 -8.569371e+01
      vertex 6.850810e+00 3.009040e+00 -8.546895e+01
      vertex 6.819607e+00 3.009366e+00 -8.526791e+01
    endloop
  endfacet
  facet normal 3.121947e-01 7.468719e-03 9.499888e-01
    outer loop
      vertex 6.728653e+00 1.229492e+00 -8.507606e+01
      vertex 6.517007e+00 1.037815e+00 -8.500500e+01
      vertex 6.510448e+00 1.228522e+00 -8.500434e+01
    endloop
  endfacet
  facet normal 6.370298e-03 -9.999797e-01 -8.486336e-05
    outer loop
      vertex 6.799303e+00 1.711585e-03 -8.500219e+01
      vertex 6.530773e+00 0.000000e+00 -8.499117e+01
      vertex 6.534230e+00 0.000000e+00 -8.473167e+01
    endloop
  endfacet
  facet normal -6.370298e-03 9.999797e-01 8.486336e-05
    outer loop
      vertex 6.799303e+00 1.711585e-03 -8.500219e+01
      vertex 6.534230e+00 0.000000e+00 -8.473167e+01
      vertex 6.530773e+00 0.000000e+00 -8.499117e+01
    endloop
  endfacet
  facet normal 3.795692e-01 -4.779467e-03 -9.251510e-01
    outer loop
      vertex 6.507950e+00 1.035539e+00 -8.606579e+01
      vertex 6.798403e+00 8.441334e-01 -8.594563e+01
      vertex 6.788406e+00 1.221318e+00 -8.595168e+01
    endloop
  endfacet
  facet normal 0.000000e+00 -1.000000e+00 0.000000e+00
    outer loop
      vertex 6.074804e+00 0.000000e+00 -8.307991e+01
      vertex 6.398750e+00 0.000000e+00 -8.307102e+01
      vertex 6.398750e+00 0.000000e+00 -8.336684e+01
    endloop
  endfacet
  facet normal 3.835228e-10 1.000000e+00 8.484539e-09
    outer loop
      vertex 6.522919e+00 9.999998e-03 -8.381818e+01
      vertex 6.588367e+00 9.999996e-03 -8.360160e+01
      vertex 6.397345e+00 9.999998e-03 -8.381250e+01
    endloop
  endfacet
  facet normal 3.778147e-01 -2.564136e-03 -9.258777e-01
    outer loop
      vertex 6.510544e+00 2.452350e+00 -8.606552e+01
      vertex 6.786973e+00 2.468667e+00 -8.595277e+01
      vertex 6.784715e+00 2.711758e+00 -8.595436e+01
    endloop
  endfacet
  facet normal -3.679029e-01 1.440247e-02 -9.297526e-01
    outer loop
      vertex 6.132232e+00 2.175215e+00 -8.594498e+01
      vertex 6.150302e+00 1.791146e+00 -8.595808e+01
      vertex 6.431721e+00 1.962963e+00 -8.606677e+01
    endloop
  endfacet
  facet normal 6.588305e-03 9.996073e-01 2.723841e-02
    outer loop
      vertex 6.538333e+00 3.010000e+00 -8.310000e+01
      vertex 6.861147e+00 3.007439e+00 -8.308409e+01
      vertex 6.816151e+00 3.005444e+00 -8.300000e+01
    endloop
  endfacet
  facet normal 9.239459e-01 8.627351e-03 3.824258e-01
    outer loop
      vertex 6.892102e+00 1.787490e+00 -8.522675e+01
      vertex 6.885734e+00 2.123131e+00 -8.521894e+01
      vertex 6.994237e+00 1.968312e+00 -8.547759e+01
    endloop
  endfacet
  facet normal 9.887581e-01 -3.537269e-05 -1.495239e-01
    outer loop
      vertex 6.992919e+00 1.968202e+00 -8.560677e+01
      vertex 6.992802e+00 2.185662e+00 -8.560760e+01
      vertex 6.992757e+00 1.790179e+00 -8.560780e+01
    endloop
  endfacet
  facet normal -9.887581e-01 3.537269e-05 1.495239e-01
    outer loop
      vertex 6.992919e+00 1.968202e+00 -8.560677e+01
      vertex 6.992757e+00 1.790179e+00 -8.560780e+01
      vertex 6.992802e+00 2.185662e+00 -8.560760e+01
    endloop
  endfacet
  facet normal 9.990413e-01 4.405861e-04 -4.377794e-02
    outer loop
      vertex 6.997128e+00 1.214703e+00 -8.550818e+01
      vertex 6.992759e+00 1.222039e+00 -8.560780e+01
      vertex 6.992889e+00 1.031798e+00 -8.560676e+01
    endloop
  endfacet
  facet normal 0.000000e+00 -1.000000e+00 0.000000e+00
    outer loop
      vertex 6.120203e+00 0.000000e+00 -8.472315e+01
      vertex 6.142564e+00 0.000000e+00 -8.453207e+01
      vertex 6.398519e+00 0.000000e+00 -8.476038e+01
    endloop
  endfacet
  facet normal -9.395870e-01 -1.128168e-02 -3.421243e-01
    outer loop
      vertex 6.008670e+00 8.225297e-01 -8.580364e+01
      vertex 6.000810e+00 1.038218e+00 -8.578917e+01
      vertex 5.937222e+00 8.282872e-01 -8.560761e+01
    endloop
  endfacet
  facet normal -6.172500e-01 4.399156e-01 6.522858e-01
    outer loop
      vertex 6.636979e+00 9.999996e-03 -8.316933e+01
      vertex 6.727859e+00 9.999998e-03 -8.308333e+01
      vertex 6.811919e+00 4.390552e-03 -8.300000e+01
    endloop
  endfacet
  facet normal 6.472378e-03 -9.999762e-01 2.403850e-03
    outer loop
      vertex 6.628265e+00 0.000000e+00 -8.525367e+01
      vertex 6.530773e+00 0.000000e+00 -8.499117e+01
      vertex 6.799303e+00 1.711585e-03 -8.500219e+01
    endloop
  endfacet
  facet normal 0.000000e+00 -1.000000e+00 -0.000000e+00
    outer loop
      vertex 6.111531e+00 0.000000e+00 -8.526440e+01
      vertex 6.397750e+00 0.000000e+00 -8.527026e+01
      vertex 6.099979e+00 0.000000e+00 -8.543732e+01
    endloop
  endfacet
  facet normal -7.489758e-01 -6.458997e-01 -1.478138e-01
    outer loop
      vertex 5.931999e+00 2.990284e+00 -8.561140e+01
      vertex 5.967314e+00 2.993638e+00 -8.580499e+01
      vertex 5.930014e+00 3.006985e+00 -8.567432e+01
    endloop
  endfacet
  facet normal 0.000000e+00 -1.000000e+00 0.000000e+00
    outer loop
      vertex 6.410918e+00 0.000000e+00 -8.559794e+01
      vertex 6.535999e+00 0.000000e+00 -8.546151e+01
      vertex 6.545311e+00 0.000000e+00 -8.574158e+01
    endloop
  endfacet
  facet normal 4.645914e-02 9.989201e-01 5.407237e-04
    outer loop
      vertex 6.742712e+00 1.000005e-02 -8.409554e+01
      vertex 6.856787e+00 4.677145e-03 -8.406351e+01
      vertex 6.857712e+00 4.489032e-03 -8.379543e+01
    endloop
  endfacet
  facet normal -4.645914e-02 -9.989201e-01 -5.407237e-04
    outer loop
      vertex 6.742712e+00 1.000005e-02 -8.409554e+01
      vertex 6.857712e+00 4.489032e-03 -8.379543e+01
      vertex 6.856787e+00 4.677145e-03 -8.406351e+01
    endloop
  endfacet
  facet normal -9.487835e-02 -8.960939e-01 -4.336056e-01
    outer loop
      vertex 6.390422e+00 2.995693e+00 -8.604198e+01
      vertex 6.067377e+00 3.005993e+00 -8.599258e+01
      vertex 6.152503e+00 2.984690e+00 -8.596718e+01
    endloop
  endfacet
  facet normal 0.000000e+00 -1.000000e+00 0.000000e+00
    outer loop
      vertex 6.588367e+00 3.000000e+00 -8.360159e+01
      vertex 6.828632e+00 3.000000e+00 -8.359867e+01
      vertex 6.754631e+00 3.000000e+00 -8.381435e+01
    endloop
  endfacet
  facet normal -3.018569e-02 9.995385e-01 -3.383840e-03
    outer loop
      vertex 5.930050e+00 3.005155e+00 -8.379022e+01
      vertex 6.074615e+00 3.009999e+00 -8.364899e+01
      vertex 5.930037e+00 3.005783e+00 -8.360461e+01
    endloop
  endfacet
  facet normal 3.047910e-07 1.000000e+00 2.509782e-09
    outer loop
      vertex 6.404036e+00 9.999998e-03 -8.434375e+01
      vertex 6.401720e+00 9.999998e-03 -8.406249e+01
      vertex 6.065654e+00 1.000010e-02 -8.406867e+01
    endloop
  endfacet
  facet normal -3.304762e-06 1.000000e+00 4.261125e-06
    outer loop
      vertex 6.118240e+00 3.009999e+00 -8.547057e+01
      vertex 6.409167e+00 3.010000e+00 -8.546875e+01
      vertex 6.391647e+00 3.009999e+00 -8.525853e+01
    endloop
  endfacet
  facet normal -7.389537e-01 -1.921508e-02 -6.734821e-01
    outer loop
      vertex 6.152503e+00 2.984690e+00 -8.596718e+01
      vertex 6.005661e+00 2.706033e+00 -8.579811e+01
      vertex 6.152069e+00 2.716588e+00 -8.595905e+01
    endloop
  endfacet
  facet normal 7.464042e-01 -5.545596e-03 -6.654698e-01
    outer loop
      vertex 6.920357e+00 1.222209e+00 -8.580715e+01
      vertex 6.792764e+00 1.037428e+00 -8.594872e+01
      vertex 6.922809e+00 1.036779e+00 -8.580286e+01
    endloop
  endfacet
  facet normal 6.351557e-01 3.265127e-02 7.716936e-01
    outer loop
      vertex 6.878333e+00 1.971021e+00 -8.520641e+01
      vertex 6.729463e+00 1.795980e+00 -8.507648e+01
      vertex 6.885734e+00 2.123131e+00 -8.521894e+01
    endloop
  endfacet
  facet normal -5.827648e-01 8.126406e-01 -6.164369e-04
    outer loop
      vertex 5.930061e+00 5.097114e-03 -8.499950e+01
      vertex 5.930058e+00 4.897233e-03 -8.526029e+01
      vertex 5.967114e+00 3.146422e-02 -8.526922e+01
    endloop
  endfacet
  facet normal -1.496762e-02 -9.997906e-01 -1.395662e-02
    outer loop
      vertex 6.327881e+00 3.820960e-04 -8.595765e+01
      vertex 6.000176e+00 5.710688e-03 -8.598792e+01
      vertex 6.091158e+00 0.000000e+00 -8.567641e+01
    endloop
  endfacet
  facet normal -7.072198e-01 -3.197673e-02 7.062702e-01
    outer loop
      vertex 6.043441e+00 2.142291e+00 -8.521949e+01
      vertex 6.185661e+00 1.971906e+00 -8.508479e+01
      vertex 6.203922e+00 1.787940e+00 -8.507484e+01
    endloop
  endfacet
  facet normal 0.000000e+00 -1.000000e+00 0.000000e+00
    outer loop
      vertex 6.400208e+00 3.000000e+00 -8.308334e+01
      vertex 6.636979e+00 3.000000e+00 -8.316933e+01
      vertex 6.584813e+00 3.000000e+00 -8.339102e+01
    endloop
  endfacet
  facet normal -2.638407e-02 9.996517e-01 5.795429e-04
    outer loop
      vertex 6.109659e+00 3.010000e+00 -8.384199e+01
      vertex 5.930048e+00 3.005387e+00 -8.406209e+01
      vertex 6.104579e+00 3.010001e+00 -8.407491e+01
    endloop
  endfacet
  facet normal 1.323190e-02 9.999095e-01 2.449509e-03
    outer loop
      vertex 6.813019e+00 3.007408e+00 -8.434168e+01
      vertex 6.846358e+00 3.006231e+00 -8.404138e+01
      vertex 6.569519e+00 3.010001e+00 -8.408483e+01
    endloop
  endfacet
  facet normal -1.323190e-02 -9.999095e-01 -2.449509e-03
    outer loop
      vertex 6.813019e+00 3.007408e+00 -8.434168e+01
      vertex 6.569519e+00 3.010001e+00 -8.408483e+01
      vertex 6.846358e+00 3.006231e+00 -8.404138e+01
    endloop
  endfacet
  facet normal 1.194715e-02 9.999221e-01 -3.613941e-03
    outer loop
      vertex 6.538333e+00 3.010000e+00 -8.384998e+01
      vertex 6.842766e+00 3.006473e+00 -8.381942e+01
      vertex 6.813186e+00 3.007512e+00 -8.362972e+01
    endloop
  endfacet
  facet normal 9.307900e-03 9.999559e-01 -1.270987e-03
    outer loop
      vertex 6.534165e+00 3.010001e+00 -8.434374e+01
      vertex 6.813019e+00 3.007408e+00 -8.434168e+01
      vertex 6.569519e+00 3.010001e+00 -8.408483e+01
    endloop
  endfacet
  facet normal -3.599753e-02 -9.957487e-01 -8.478530e-02
    outer loop
      vertex 5.967314e+00 2.993638e+00 -8.580499e+01
      vertex 6.067377e+00 3.005993e+00 -8.599258e+01
      vertex 5.930010e+00 3.006062e+00 -8.593507e+01
    endloop
  endfacet
  facet normal -9.071563e-01 1.789197e-01 3.808610e-01
    outer loop
      vertex 6.071187e+00 2.607332e-02 -8.501880e+01
      vertex 5.967114e+00 3.146422e-02 -8.526922e+01
      vertex 6.032546e+00 2.927172e-01 -8.523610e+01
    endloop
  endfacet
  facet normal -5.590674e-02 9.970702e-01 5.220650e-02
    outer loop
      vertex 6.394010e+00 4.139040e-02 -8.496563e+01
      vertex 6.057317e+00 1.000013e-02 -8.472668e+01
      vertex 6.071187e+00 2.607332e-02 -8.501880e+01
    endloop
  endfacet
  facet normal -1.470218e-01 9.891332e-01 -1.843200e-05
    outer loop
      vertex 5.930061e+00 5.102099e-03 -8.473199e+01
      vertex 5.930061e+00 5.097114e-03 -8.499950e+01
      vertex 6.071187e+00 2.607332e-02 -8.501880e+01
    endloop
  endfacet
  facet normal -9.419423e-01 -4.070846e-04 -3.357746e-01
    outer loop
      vertex 5.937193e+00 2.459527e+00 -8.560735e+01
      vertex 6.004287e+00 2.478445e+00 -8.579559e+01
      vertex 5.937237e+00 2.716717e+00 -8.560779e+01
    endloop
  endfacet
  facet normal -3.851684e-02 -9.975135e-01 5.901929e-02
    outer loop
      vertex 6.057317e+00 3.000000e+00 -8.472667e+01
      vertex 6.395581e+00 2.973202e+00 -8.495884e+01
      vertex 6.076760e+00 2.981769e+00 -8.502211e+01
    endloop
  endfacet
  facet normal 3.029230e-07 1.000000e+00 1.040977e-07
    outer loop
      vertex 6.076926e+00 1.000007e-02 -8.380624e+01
      vertex 6.065654e+00 1.000010e-02 -8.406867e+01
      vertex 6.401720e+00 9.999998e-03 -8.406249e+01
    endloop
  endfacet
  facet normal -3.197935e-01 -6.141662e-03 9.474673e-01
    outer loop
      vertex 6.418114e+00 1.489134e+00 -8.500448e+01
      vertex 6.195728e+00 1.515471e+00 -8.507937e+01
      vertex 6.203922e+00 1.787940e+00 -8.507484e+01
    endloop
  endfacet
  facet normal -6.720262e-01 -2.137420e-02 7.402189e-01
    outer loop
      vertex 6.185895e+00 6.022694e-01 -8.508473e+01
      vertex 6.210557e+00 2.947988e-01 -8.507122e+01
      vertex 6.051463e+00 5.444018e-01 -8.520845e+01
    endloop
  endfacet
  facet normal -0.000000e+00 -1.000000e+00 -0.000000e+00
    outer loop
      vertex 6.390500e+00 0.000000e+00 -8.439365e+01
      vertex 6.404427e+00 0.000000e+00 -8.453161e+01
      vertex 6.100593e+00 0.000000e+00 -8.434856e+01
    endloop
  endfacet
  facet normal -9.538760e-03 9.999545e-01 -2.719452e-04
    outer loop
      vertex 6.118240e+00 3.009999e+00 -8.547057e+01
      vertex 6.112922e+00 3.009999e+00 -8.528405e+01
      vertex 5.929993e+00 3.008205e+00 -8.546461e+01
    endloop
  endfacet
  facet normal 0.000000e+00 1.000000e+00 0.000000e+00
    outer loop
      vertex 6.403522e+00 3.010000e+00 -8.407162e+01
      vertex 6.538333e+00 3.010000e+00 -8.384998e+01
      vertex 6.531635e+00 3.010000e+00 -8.366584e+01
    endloop
  endfacet
  facet normal 5.019156e-01 8.645042e-01 -2.670518e-02
    outer loop
      vertex 6.837824e+00 9.999991e-03 -8.342590e+01
      vertex 6.828632e+00 1.000001e-02 -8.359866e+01
      vertex 6.851110e+00 4.107630e-03 -8.336694e+01
    endloop
  endfacet
  facet normal -5.019156e-01 -8.645042e-01 2.670518e-02
    outer loop
      vertex 6.837824e+00 9.999991e-03 -8.342590e+01
      vertex 6.851110e+00 4.107630e-03 -8.336694e+01
      vertex 6.828632e+00 1.000001e-02 -8.359866e+01
    endloop
  endfacet
  facet normal -3.612095e-01 -2.766355e-02 -9.320742e-01
    outer loop
      vertex 6.152503e+00 2.984690e+00 -8.596718e+01
      vertex 6.152069e+00 2.716588e+00 -8.595905e+01
      vertex 6.429779e+00 2.713452e+00 -8.606658e+01
    endloop
  endfacet
  facet normal 3.612095e-01 2.766355e-02 9.320742e-01
    outer loop
      vertex 6.152503e+00 2.984690e+00 -8.596718e+01
      vertex 6.429779e+00 2.713452e+00 -8.606658e+01
      vertex 6.152069e+00 2.716588e+00 -8.595905e+01
    endloop
  endfacet
  facet normal 8.605505e-01 3.592552e-01 3.610935e-01
    outer loop
      vertex 6.996295e+00 9.375000e-02 -8.549950e+01
      vertex 6.934899e+00 1.247106e-03 -8.526115e+01
      vertex 6.898760e+00 4.949440e-02 -8.522302e+01
    endloop
  endfacet
  facet normal 0.000000e+00 -1.000000e+00 0.000000e+00
    outer loop
      vertex 6.390500e+00 0.000000e+00 -8.439365e+01
      vertex 6.397738e+00 0.000000e+00 -8.407596e+01
      vertex 6.536213e+00 0.000000e+00 -8.435839e+01
    endloop
  endfacet
  facet normal -9.990834e-01 1.045832e-03 -4.279356e-02
    outer loop
      vertex 5.932880e+00 8.369896e-01 -8.550603e+01
      vertex 5.932669e+00 5.316924e-01 -8.550857e+01
      vertex 5.937222e+00 8.282872e-01 -8.560761e+01
    endloop
  endfacet
  facet normal -9.425219e-01 4.493824e-04 -3.341439e-01
    outer loop
      vertex 6.003278e+00 1.497086e+00 -8.579372e+01
      vertex 5.937156e+00 1.507397e+00 -8.560719e+01
      vertex 5.937242e+00 1.233586e+00 -8.560780e+01
    endloop
  endfacet
  facet normal 9.535233e-01 -2.064701e-01 -2.194614e-01
    outer loop
      vertex 6.971569e+00 0.000000e+00 -8.561120e+01
      vertex 6.992905e+00 9.375000e-02 -8.560670e+01
      vertex 6.932129e+00 2.928633e-02 -8.581011e+01
    endloop
  endfacet
  facet normal -9.316370e-01 1.006265e-02 3.632508e-01
    outer loop
      vertex 5.933366e+00 1.038131e+00 -8.550027e+01
      vertex 5.932775e+00 1.233232e+00 -8.550719e+01
      vertex 6.046730e+00 1.228130e+00 -8.521478e+01
    endloop
  endfacet
  facet normal 3.807136e-01 -1.284196e-01 -9.157322e-01
    outer loop
      vertex 6.634053e+00 2.628237e-04 -8.600031e+01
      vertex 6.509763e+00 9.743047e-02 -8.606561e+01
      vertex 6.466640e+00 0.000000e+00 -8.606988e+01
    endloop
  endfacet
  facet normal 0.000000e+00 -1.000000e+00 -0.000000e+00
    outer loop
      vertex 6.404036e+00 3.000000e+00 -8.434375e+01
      vertex 6.538400e+00 3.000000e+00 -8.436016e+01
      vertex 6.375622e+00 3.000000e+00 -8.455804e+01
    endloop
  endfacet
  facet normal 0.000000e+00 1.000000e+00 0.000000e+00
    outer loop
      vertex 6.111531e+00 0.000000e+00 -8.526440e+01
      vertex 6.099979e+00 0.000000e+00 -8.543732e+01
      vertex 6.091158e+00 0.000000e+00 -8.567641e+01
    endloop
  endfacet
  facet normal 0.000000e+00 -1.000000e+00 0.000000e+00
    outer loop
      vertex 6.111531e+00 0.000000e+00 -8.526440e+01
      vertex 6.091158e+00 0.000000e+00 -8.567641e+01
      vertex 6.099979e+00 0.000000e+00 -8.543732e+01
    endloop
  endfacet
  facet normal -3.340097e-01 -1.388006e-02 9.424674e-01
    outer loop
      vertex 6.411355e+00 5.768710e-01 -8.500520e+01
      vertex 6.185895e+00 6.022694e-01 -8.508473e+01
      vertex 6.294333e+00 8.596628e-01 -8.504251e+01
    endloop
  endfacet
  facet normal -2.973720e-02 9.995553e-01 2.167103e-03
    outer loop
      vertex 5.930041e+00 3.005261e+00 -8.336372e+01
      vertex 5.930037e+00 3.005783e+00 -8.360461e+01
      vertex 6.089201e+00 3.009999e+00 -8.336511e+01
    endloop
  endfacet
  facet normal 0.000000e+00 1.000000e+00 -0.000000e+00
    outer loop
      vertex 6.404205e+00 3.010000e+00 -8.501935e+01
      vertex 6.533569e+00 3.010000e+00 -8.470893e+01
      vertex 6.392190e+00 3.010000e+00 -8.470254e+01
    endloop
  endfacet
  facet normal -0.000000e+00 -1.000000e+00 0.000000e+00
    outer loop
      vertex 6.628265e+00 0.000000e+00 -8.525367e+01
      vertex 6.397750e+00 0.000000e+00 -8.527026e+01
      vertex 6.530773e+00 0.000000e+00 -8.499117e+01
    endloop
  endfacet
  facet normal 0.000000e+00 -1.000000e+00 0.000000e+00
    outer loop
      vertex 6.111531e+00 0.000000e+00 -8.526440e+01
      vertex 6.096047e+00 0.000000e+00 -8.502380e+01
      vertex 6.330709e+00 0.000000e+00 -8.500214e+01
    endloop
  endfacet
  facet normal 0.000000e+00 1.000000e+00 -0.000000e+00
    outer loop
      vertex 6.111531e+00 0.000000e+00 -8.526440e+01
      vertex 6.330709e+00 0.000000e+00 -8.500214e+01
      vertex 6.096047e+00 0.000000e+00 -8.502380e+01
    endloop
  endfacet
  facet normal -1.942700e-02 -9.995471e-01 -2.297964e-02
    outer loop
      vertex 6.914311e+00 6.786075e-03 -8.453754e+01
      vertex 6.745759e+00 1.000010e-02 -8.453484e+01
      vertex 6.841293e+00 4.030365e-03 -8.435594e+01
    endloop
  endfacet
  facet normal 1.942700e-02 9.995471e-01 2.297964e-02
    outer loop
      vertex 6.914311e+00 6.786075e-03 -8.453754e+01
      vertex 6.841293e+00 4.030365e-03 -8.435594e+01
      vertex 6.745759e+00 1.000010e-02 -8.453484e+01
    endloop
  endfacet
  facet normal 7.358702e-03 -9.997633e-01 -2.047679e-02
    outer loop
      vertex 6.091158e+00 0.000000e+00 -8.567641e+01
      vertex 6.000176e+00 5.710688e-03 -8.598792e+01
      vertex 5.930011e+00 4.063838e-03 -8.593273e+01
    endloop
  endfacet
  facet normal -5.237821e-01 1.812822e-02 -8.516593e-01
    outer loop
      vertex 6.833373e+00 3.203078e-04 -8.574999e+01
      vertex 6.932129e+00 2.928633e-02 -8.581011e+01
      vertex 6.924406e+00 2.821397e-01 -8.579998e+01
    endloop
  endfacet
  facet normal 5.237821e-01 -1.812822e-02 8.516593e-01
    outer loop
      vertex 6.833373e+00 3.203078e-04 -8.574999e+01
      vertex 6.924406e+00 2.821397e-01 -8.579998e+01
      vertex 6.932129e+00 2.928633e-02 -8.581011e+01
    endloop
  endfacet
  facet normal -2.544759e-02 9.992420e-01 -2.946085e-02
    outer loop
      vertex 6.916351e+00 3.004364e+00 -8.453418e+01
      vertex 6.813019e+00 3.007408e+00 -8.434168e+01
      vertex 6.745759e+00 3.000000e+00 -8.453484e+01
    endloop
  endfacet
  facet normal 2.544759e-02 -9.992420e-01 2.946085e-02
    outer loop
      vertex 6.916351e+00 3.004364e+00 -8.453418e+01
      vertex 6.745759e+00 3.000000e+00 -8.453484e+01
      vertex 6.813019e+00 3.007408e+00 -8.434168e+01
    endloop
  endfacet
  facet normal -3.865898e-02 -9.992412e-01 4.730724e-03
    outer loop
      vertex 6.057317e+00 3.000000e+00 -8.472667e+01
      vertex 5.930061e+00 3.004898e+00 -8.473200e+01
      vertex 6.080574e+00 3.000000e+00 -8.453661e+01
    endloop
  endfacet
  facet normal 6.718138e-06 -1.000000e+00 -9.173571e-07
    outer loop
      vertex 6.393036e+00 3.010000e+00 -8.433769e+01
      vertex 6.569519e+00 3.010001e+00 -8.408483e+01
      vertex 6.534165e+00 3.010001e+00 -8.434374e+01
    endloop
  endfacet
  facet normal -6.718138e-06 1.000000e+00 9.173571e-07
    outer loop
      vertex 6.393036e+00 3.010000e+00 -8.433769e+01
      vertex 6.534165e+00 3.010001e+00 -8.434374e+01
      vertex 6.569519e+00 3.010001e+00 -8.408483e+01
    endloop
  endfacet
  facet normal -9.990159e-01 4.384456e-04 -4.435119e-02
    outer loop
      vertex 5.937242e+00 1.233586e+00 -8.560780e+01
      vertex 5.932775e+00 1.233232e+00 -8.550719e+01
      vertex 5.937110e+00 1.038358e+00 -8.560676e+01
    endloop
  endfacet
  facet normal -8.816153e-03 9.906932e-01 1.358281e-01
    outer loop
      vertex 6.560272e+00 9.999991e-03 -8.473147e+01
      vertex 6.535489e+00 4.208373e-02 -8.496709e+01
      vertex 6.739304e+00 1.000010e-02 -8.471985e+01
    endloop
  endfacet
  facet normal 3.695825e-06 -1.000000e+00 -5.933944e-06
    outer loop
      vertex 6.409165e+00 3.009999e+00 -8.453125e+01
      vertex 6.392190e+00 3.010000e+00 -8.470254e+01
      vertex 6.118139e+00 3.009999e+00 -8.471251e+01
    endloop
  endfacet
  facet normal -3.695825e-06 1.000000e+00 5.933944e-06
    outer loop
      vertex 6.409165e+00 3.009999e+00 -8.453125e+01
      vertex 6.118139e+00 3.009999e+00 -8.471251e+01
      vertex 6.392190e+00 3.010000e+00 -8.470254e+01
    endloop
  endfacet
  facet normal -1.143432e-03 -9.974911e-01 7.078346e-02
    outer loop
      vertex 6.811919e+00 4.390552e-03 -8.300000e+01
      vertex 6.538333e+00 0.000000e+00 -8.306629e+01
      vertex 6.533755e+00 4.709414e-03 -8.300000e+01
    endloop
  endfacet
  facet normal 5.800596e-02 -9.952374e-01 7.834445e-02
    outer loop
      vertex 6.735096e+00 2.977475e+00 -8.500288e+01
      vertex 6.534963e+00 2.968692e+00 -8.496627e+01
      vertex 6.739305e+00 3.000000e+00 -8.471985e+01
    endloop
  endfacet
  facet normal 0.000000e+00 1.000000e+00 0.000000e+00
    outer loop
      vertex 6.398750e+00 3.010000e+00 -8.384375e+01
      vertex 6.397262e+00 3.010000e+00 -8.366517e+01
      vertex 6.109659e+00 3.010000e+00 -8.384199e+01
    endloop
  endfacet
  facet normal 6.649153e-01 -7.368905e-03 7.468825e-01
    outer loop
      vertex 6.728653e+00 1.229492e+00 -8.507606e+01
      vertex 6.883306e+00 1.221035e+00 -8.521382e+01
      vertex 6.723169e+00 1.038548e+00 -8.507306e+01
    endloop
  endfacet
  facet normal 3.133137e-01 3.915600e-03 9.496416e-01
    outer loop
      vertex 6.510917e+00 1.795760e+00 -8.500437e+01
      vertex 6.729463e+00 1.795980e+00 -8.507648e+01
      vertex 6.561684e+00 1.484191e+00 -8.501984e+01
    endloop
  endfacet
  facet normal 8.548843e-02 -9.946414e-01 -5.813972e-02
    outer loop
      vertex 6.825229e+00 3.007059e+00 -8.471427e+01
      vertex 6.739305e+00 3.000000e+00 -8.471985e+01
      vertex 6.916351e+00 3.004364e+00 -8.453418e+01
    endloop
  endfacet
  facet normal -8.548843e-02 9.946414e-01 5.813972e-02
    outer loop
      vertex 6.825229e+00 3.007059e+00 -8.471427e+01
      vertex 6.916351e+00 3.004364e+00 -8.453418e+01
      vertex 6.739305e+00 3.000000e+00 -8.471985e+01
    endloop
  endfacet
  facet normal -3.185152e-01 5.880916e-03 9.478995e-01
    outer loop
      vertex 6.418114e+00 1.489134e+00 -8.500448e+01
      vertex 6.204116e+00 1.222103e+00 -8.507473e+01
      vertex 6.195728e+00 1.515471e+00 -8.507937e+01
    endloop
  endfacet
  facet normal -3.447627e-02 -9.994047e-01 -1.314596e-03
    outer loop
      vertex 6.080574e+00 3.000000e+00 -8.453661e+01
      vertex 5.930057e+00 3.005185e+00 -8.453094e+01
      vertex 5.930055e+00 3.004913e+00 -8.432426e+01
    endloop
  endfacet
  facet normal -2.732844e-06 1.000000e+00 4.445080e-06
    outer loop
      vertex 6.109659e+00 3.010000e+00 -8.384199e+01
      vertex 6.397262e+00 3.010000e+00 -8.366517e+01
      vertex 6.074615e+00 3.009999e+00 -8.364899e+01
    endloop
  endfacet
  facet normal -1.609424e-01 -9.860824e-01 -4.170052e-02
    outer loop
      vertex 6.076926e+00 3.000000e+00 -8.380622e+01
      vertex 5.930041e+00 3.005261e+00 -8.336372e+01
      vertex 6.024654e+00 3.000000e+00 -8.360448e+01
    endloop
  endfacet
  facet normal 0.000000e+00 -1.000000e+00 0.000000e+00
    outer loop
      vertex 6.368495e+00 3.000000e+00 -8.472837e+01
      vertex 6.375622e+00 3.000000e+00 -8.455804e+01
      vertex 6.572571e+00 3.000000e+00 -8.455160e+01
    endloop
  endfacet
  facet normal 6.580620e-09 1.000000e+00 -2.870531e-09
    outer loop
      vertex 6.538399e+00 9.999997e-03 -8.436017e+01
      vertex 6.526720e+00 9.999998e-03 -8.406250e+01
      vertex 6.404036e+00 9.999998e-03 -8.434375e+01
    endloop
  endfacet
  facet normal -4.821684e-07 1.000000e+00 1.716682e-07
    outer loop
      vertex 6.742712e+00 1.000005e-02 -8.409554e+01
      vertex 6.538399e+00 9.999997e-03 -8.436017e+01
      vertex 6.753497e+00 1.000010e-02 -8.435821e+01
    endloop
  endfacet
  facet normal 4.821684e-07 -1.000000e+00 -1.716682e-07
    outer loop
      vertex 6.742712e+00 1.000005e-02 -8.409554e+01
      vertex 6.753497e+00 1.000010e-02 -8.435821e+01
      vertex 6.538399e+00 9.999997e-03 -8.436017e+01
    endloop
  endfacet
  facet normal -3.462131e-03 9.908014e-01 1.352797e-01
    outer loop
      vertex 6.560272e+00 9.999991e-03 -8.473147e+01
      vertex 6.394010e+00 4.139040e-02 -8.496563e+01
      vertex 6.535489e+00 4.208373e-02 -8.496709e+01
    endloop
  endfacet
  facet normal 6.590424e-02 9.978257e-01 6.879534e-04
    outer loop
      vertex 6.811919e+00 4.390552e-03 -8.300000e+01
      vertex 6.727859e+00 9.999998e-03 -8.308333e+01
      vertex 6.840236e+00 2.571663e-03 -8.307453e+01
    endloop
  endfacet
  facet normal -3.245885e-01 -1.199885e-02 9.457792e-01
    outer loop
      vertex 6.407661e+00 2.149262e+00 -8.500555e+01
      vertex 6.417030e+00 1.970989e+00 -8.500459e+01
      vertex 6.202435e+00 2.176192e+00 -8.507564e+01
    endloop
  endfacet
  facet normal -1.948750e-03 -9.983433e-01 5.750522e-02
    outer loop
      vertex 6.398750e+00 0.000000e+00 -8.307102e+01
      vertex 6.398752e+00 4.090911e-03 -8.300000e+01
      vertex 6.538333e+00 0.000000e+00 -8.306629e+01
    endloop
  endfacet
  facet normal 1.455939e-02 9.990899e-01 4.009200e-02
    outer loop
      vertex 6.636979e+00 9.999996e-03 -8.316933e+01
      vertex 6.533755e+00 4.709414e-03 -8.300000e+01
      vertex 6.400208e+00 9.999997e-03 -8.308334e+01
    endloop
  endfacet
  facet normal -6.791523e-02 -9.976867e-01 2.975250e-03
    outer loop
      vertex 6.841293e+00 4.030365e-03 -8.435594e+01
      vertex 6.745759e+00 1.000010e-02 -8.453484e+01
      vertex 6.753497e+00 1.000010e-02 -8.435821e+01
    endloop
  endfacet
  facet normal 6.791523e-02 9.976867e-01 -2.975250e-03
    outer loop
      vertex 6.841293e+00 4.030365e-03 -8.435594e+01
      vertex 6.753497e+00 1.000010e-02 -8.435821e+01
      vertex 6.745759e+00 1.000010e-02 -8.453484e+01
    endloop
  endfacet
  facet normal -6.640030e-01 2.572170e-02 7.472874e-01
    outer loop
      vertex 6.185558e+00 1.038496e+00 -8.508490e+01
      vertex 6.046730e+00 1.228130e+00 -8.521478e+01
      vertex 6.204116e+00 1.222103e+00 -8.507473e+01
    endloop
  endfacet
  facet normal 3.686133e-01 3.821261e-02 -9.287971e-01
    outer loop
      vertex 6.509965e+00 3.335866e-01 -8.606558e+01
      vertex 6.785147e+00 2.860380e-02 -8.596892e+01
      vertex 6.771707e+00 2.888023e-01 -8.596355e+01
    endloop
  endfacet
  facet normal -3.686133e-01 -3.821261e-02 9.287971e-01
    outer loop
      vertex 6.509965e+00 3.335866e-01 -8.606558e+01
      vertex 6.771707e+00 2.888023e-01 -8.596355e+01
      vertex 6.785147e+00 2.860380e-02 -8.596892e+01
    endloop
  endfacet
  facet normal -3.567521e-01 1.760737e-02 -9.340331e-01
    outer loop
      vertex 6.152390e+00 2.922843e-01 -8.595920e+01
      vertex 6.421272e+00 8.990113e-02 -8.606571e+01
      vertex 6.438386e+00 3.439786e-01 -8.606746e+01
    endloop
  endfacet
  facet normal 3.889639e-01 1.067178e-01 -9.150510e-01
    outer loop
      vertex 6.710907e+00 6.524482e-01 -8.600518e+01
      vertex 6.798403e+00 8.441334e-01 -8.594563e+01
      vertex 6.495801e+00 9.062500e-01 -8.606702e+01
    endloop
  endfacet
  facet normal 3.606282e-01 1.085276e-02 -9.326465e-01
    outer loop
      vertex 6.779135e+00 2.176137e+00 -8.595910e+01
      vertex 6.501341e+00 2.180158e+00 -8.606647e+01
      vertex 6.509773e+00 1.972093e+00 -8.606563e+01
    endloop
  endfacet
  facet normal -0.000000e+00 -1.000000e+00 0.000000e+00
    outer loop
      vertex 6.522917e+00 3.000000e+00 -8.381818e+01
      vertex 6.401720e+00 3.000000e+00 -8.406250e+01
      vertex 6.397345e+00 3.000000e+00 -8.381251e+01
    endloop
  endfacet
  facet normal 0.000000e+00 1.000000e+00 -0.000000e+00
    outer loop
      vertex 6.398519e+00 0.000000e+00 -8.476038e+01
      vertex 6.404427e+00 0.000000e+00 -8.453161e+01
      vertex 6.100593e+00 0.000000e+00 -8.434856e+01
    endloop
  endfacet
  facet normal 0.000000e+00 -1.000000e+00 0.000000e+00
    outer loop
      vertex 6.398519e+00 0.000000e+00 -8.476038e+01
      vertex 6.100593e+00 0.000000e+00 -8.434856e+01
      vertex 6.404427e+00 0.000000e+00 -8.453161e+01
    endloop
  endfacet
  facet normal -2.791844e-02 -9.996045e-01 -3.368306e-03
    outer loop
      vertex 6.084633e+00 0.000000e+00 -8.363425e+01
      vertex 5.930050e+00 4.843030e-03 -8.379023e+01
      vertex 5.930035e+00 4.217960e-03 -8.360461e+01
    endloop
  endfacet
  facet normal 9.991605e-01 -8.495409e-04 -4.095753e-02
    outer loop
      vertex 6.992738e+00 9.062500e-01 -8.560784e+01
      vertex 6.996917e+00 9.078625e-01 -8.550593e+01
      vertex 6.992889e+00 1.031798e+00 -8.560676e+01
    endloop
  endfacet
  facet normal 6.751772e-01 1.758680e-03 7.376534e-01
    outer loop
      vertex 6.894763e+00 2.713618e+00 -8.522989e+01
      vertex 6.723702e+00 2.721034e+00 -8.507333e+01
      vertex 6.901684e+00 2.962277e+00 -8.523682e+01
    endloop
  endfacet
  facet normal 6.486672e-01 5.669754e-03 7.610511e-01
    outer loop
      vertex 6.721477e+00 2.459658e+00 -8.507216e+01
      vertex 6.876846e+00 2.404062e+00 -8.520417e+01
      vertex 6.728093e+00 2.181995e+00 -8.507573e+01
    endloop
  endfacet
  facet normal -2.711389e-02 9.996324e-01 2.227440e-05
    outer loop
      vertex 5.930061e+00 3.004898e+00 -8.473200e+01
      vertex 5.930061e+00 3.004904e+00 -8.499950e+01
      vertex 6.118139e+00 3.009999e+00 -8.471251e+01
    endloop
  endfacet
  facet normal 3.045667e-01 -1.728215e-01 9.366813e-01
    outer loop
      vertex 6.723702e+00 2.721034e+00 -8.507333e+01
      vertex 6.509835e+00 2.718522e+00 -8.500426e+01
      vertex 6.534963e+00 2.968692e+00 -8.496627e+01
    endloop
  endfacet
  facet normal -1.608847e-01 9.860927e-01 -4.168169e-02
    outer loop
      vertex 6.024655e+00 1.000008e-02 -8.360448e+01
      vertex 5.930041e+00 4.739335e-03 -8.336374e+01
      vertex 6.076926e+00 1.000007e-02 -8.380624e+01
    endloop
  endfacet
  facet normal -7.333440e-03 -2.038784e-01 9.789687e-01
    outer loop
      vertex 6.621723e+00 8.666068e-01 -8.503861e+01
      vertex 6.294333e+00 8.596628e-01 -8.504251e+01
      vertex 6.417508e+00 1.037671e+00 -8.500452e+01
    endloop
  endfacet
  facet normal 1.095094e-01 -8.650147e-01 -4.896503e-01
    outer loop
      vertex 6.527115e+00 2.993107e+00 -8.603437e+01
      vertex 6.791826e+00 2.985099e+00 -8.596102e+01
      vertex 6.836616e+00 3.006416e+00 -8.598866e+01
    endloop
  endfacet
  facet normal -3.978988e-03 9.979662e-01 6.362074e-02
    outer loop
      vertex 6.191875e+00 9.999998e-03 -8.308334e+01
      vertex 6.099562e+00 4.318756e-03 -8.300000e+01
      vertex 5.959121e+00 9.999993e-03 -8.309790e+01
    endloop
  endfacet
  facet normal -9.990890e-01 -3.593575e-04 -4.267342e-02
    outer loop
      vertex 5.932880e+00 8.369896e-01 -8.550603e+01
      vertex 5.937222e+00 8.282872e-01 -8.560761e+01
      vertex 5.937110e+00 1.038358e+00 -8.560676e+01
    endloop
  endfacet
  facet normal -9.224389e-01 1.882919e-01 3.371241e-01
    outer loop
      vertex 5.967114e+00 3.146422e-02 -8.526922e+01
      vertex 5.932376e+00 2.966520e-01 -8.551238e+01
      vertex 6.032546e+00 2.927172e-01 -8.523610e+01
    endloop
  endfacet
  facet normal 9.224389e-01 -1.882919e-01 -3.371241e-01
    outer loop
      vertex 5.967114e+00 3.146422e-02 -8.526922e+01
      vertex 6.032546e+00 2.927172e-01 -8.523610e+01
      vertex 5.932376e+00 2.966520e-01 -8.551238e+01
    endloop
  endfacet
  facet normal 6.983840e-03 -9.987770e-01 4.894492e-02
    outer loop
      vertex 5.929993e+00 3.004595e+00 -8.300000e+01
      vertex 6.089737e+00 3.005712e+00 -8.300000e+01
      vertex 5.959121e+00 3.000000e+00 -8.309792e+01
    endloop
  endfacet
  facet normal 2.478728e-01 -3.016376e-01 -9.206378e-01
    outer loop
      vertex 6.634053e+00 2.628237e-04 -8.600031e+01
      vertex 6.785147e+00 2.860380e-02 -8.596892e+01
      vertex 6.509763e+00 9.743047e-02 -8.606561e+01
    endloop
  endfacet
  facet normal -3.491339e-02 -9.993892e-01 1.499316e-03
    outer loop
      vertex 6.076926e+00 3.000000e+00 -8.380622e+01
      vertex 6.065655e+00 3.000000e+00 -8.406868e+01
      vertex 5.930050e+00 3.005155e+00 -8.379022e+01
    endloop
  endfacet
  facet normal 1.445876e-02 -9.998944e-01 1.445391e-03
    outer loop
      vertex 6.841293e+00 4.030365e-03 -8.435594e+01
      vertex 6.534165e+00 0.000000e+00 -8.407176e+01
      vertex 6.856787e+00 4.677145e-03 -8.406351e+01
    endloop
  endfacet
  facet normal 8.488232e-01 5.272129e-01 3.931570e-02
    outer loop
      vertex 6.966115e+00 2.992644e+00 -8.547430e+01
      vertex 6.970500e+00 2.995767e+00 -8.561085e+01
      vertex 6.999669e+00 2.943182e+00 -8.553545e+01
    endloop
  endfacet
  facet normal 5.472092e-02 6.412736e-01 -7.653586e-01
    outer loop
      vertex 6.390422e+00 2.995693e+00 -8.604198e+01
      vertex 6.467572e+00 2.955883e+00 -8.606982e+01
      vertex 6.527115e+00 2.993107e+00 -8.603437e+01
    endloop
  endfacet
  facet normal -9.834806e-01 -2.120061e-02 -1.797677e-01
    outer loop
      vertex 5.931999e+00 2.990284e+00 -8.561140e+01
      vertex 5.937237e+00 2.716717e+00 -8.560779e+01
      vertex 5.967314e+00 2.993638e+00 -8.580499e+01
    endloop
  endfacet
  facet normal 7.605190e-01 -1.745115e-02 6.490810e-01
    outer loop
      vertex 6.003278e+00 1.497086e+00 -8.579372e+01
      vertex 6.150302e+00 1.791146e+00 -8.595808e+01
      vertex 6.132785e+00 1.488594e+00 -8.594569e+01
    endloop
  endfacet
  facet normal -7.605190e-01 1.745115e-02 -6.490810e-01
    outer loop
      vertex 6.003278e+00 1.497086e+00 -8.579372e+01
      vertex 6.132785e+00 1.488594e+00 -8.594569e+01
      vertex 6.150302e+00 1.791146e+00 -8.595808e+01
    endloop
  endfacet
  facet normal 0.000000e+00 -1.000000e+00 0.000000e+00
    outer loop
      vertex 6.588367e+00 3.000000e+00 -8.360159e+01
      vertex 6.318345e+00 3.000000e+00 -8.341048e+01
      vertex 6.584813e+00 3.000000e+00 -8.339102e+01
    endloop
  endfacet
  facet normal 3.184244e-01 -7.060209e-04 9.479479e-01
    outer loop
      vertex 6.517238e+00 1.971145e+00 -8.500506e+01
      vertex 6.728093e+00 2.181995e+00 -8.507573e+01
      vertex 6.729463e+00 1.795980e+00 -8.507648e+01
    endloop
  endfacet
  facet normal -9.442911e-01 -1.784057e-04 -3.291114e-01
    outer loop
      vertex 6.000117e+00 5.456506e-01 -8.578792e+01
      vertex 5.937222e+00 8.282872e-01 -8.560761e+01
      vertex 5.937159e+00 5.421875e-01 -8.560728e+01
    endloop
  endfacet
  facet normal 1.042219e-01 9.911203e-01 -8.257306e-02
    outer loop
      vertex 6.914311e+00 6.786075e-03 -8.453754e+01
      vertex 6.739304e+00 1.000010e-02 -8.471985e+01
      vertex 6.813466e+00 2.548599e-03 -8.471568e+01
    endloop
  endfacet
  facet normal -1.042219e-01 -9.911203e-01 8.257306e-02
    outer loop
      vertex 6.914311e+00 6.786075e-03 -8.453754e+01
      vertex 6.813466e+00 2.548599e-03 -8.471568e+01
      vertex 6.739304e+00 1.000010e-02 -8.471985e+01
    endloop
  endfacet
  facet normal -9.394069e-01 9.558528e-03 -3.426708e-01
    outer loop
      vertex 6.008670e+00 8.225297e-01 -8.580364e+01
      vertex 5.937222e+00 8.282872e-01 -8.560761e+01
      vertex 6.000117e+00 5.456506e-01 -8.578792e+01
    endloop
  endfacet
  facet normal 9.410374e-01 2.528559e-03 -3.382932e-01
    outer loop
      vertex 6.924472e+00 1.499378e+00 -8.579993e+01
      vertex 6.992757e+00 1.790179e+00 -8.560780e+01
      vertex 6.922439e+00 1.789423e+00 -8.580341e+01
    endloop
  endfacet
  facet normal 3.018436e-03 9.999955e-01 3.542537e-05
    outer loop
      vertex 6.833938e+00 3.009099e+00 -8.569371e+01
      vertex 6.850810e+00 3.009040e+00 -8.546895e+01
      vertex 6.533147e+00 3.010000e+00 -8.549782e+01
    endloop
  endfacet
  facet normal 9.962561e-01 7.883280e-02 -3.548314e-02
    outer loop
      vertex 6.992764e+00 2.715774e+00 -8.560780e+01
      vertex 6.996663e+00 2.713583e+00 -8.550320e+01
      vertex 6.970500e+00 2.995767e+00 -8.561085e+01
    endloop
  endfacet
  facet normal 6.784794e-01 -5.397611e-03 7.345995e-01
    outer loop
      vertex 6.892102e+00 1.787490e+00 -8.522675e+01
      vertex 6.724893e+00 1.567296e+00 -8.507394e+01
      vertex 6.729463e+00 1.795980e+00 -8.507648e+01
    endloop
  endfacet
  facet normal -7.358375e-01 -1.064176e-02 6.770746e-01
    outer loop
      vertex 6.920357e+00 1.222209e+00 -8.580715e+01
      vertex 6.798403e+00 8.441334e-01 -8.594563e+01
      vertex 6.792764e+00 1.037428e+00 -8.594872e+01
    endloop
  endfacet
  facet normal 7.358375e-01 1.064176e-02 -6.770746e-01
    outer loop
      vertex 6.920357e+00 1.222209e+00 -8.580715e+01
      vertex 6.792764e+00 1.037428e+00 -8.594872e+01
      vertex 6.798403e+00 8.441334e-01 -8.594563e+01
    endloop
  endfacet
  facet normal -3.470875e-02 -9.993917e-01 3.378841e-03
    outer loop
      vertex 6.076926e+00 3.000000e+00 -8.380622e+01
      vertex 5.930050e+00 3.005155e+00 -8.379022e+01
      vertex 5.930037e+00 3.005783e+00 -8.360461e+01
    endloop
  endfacet
  facet normal 1.143165e-02 9.999335e-01 1.522101e-03
    outer loop
      vertex 6.538333e+00 3.010000e+00 -8.384998e+01
      vertex 6.569519e+00 3.010001e+00 -8.408483e+01
      vertex 6.842766e+00 3.006473e+00 -8.381942e+01
    endloop
  endfacet
  facet normal 0.000000e+00 -1.000000e+00 0.000000e+00
    outer loop
      vertex 6.015347e+00 3.000000e+00 -8.334370e+01
      vertex 6.191875e+00 3.000000e+00 -8.308334e+01
      vertex 6.400208e+00 3.000000e+00 -8.308334e+01
    endloop
  endfacet
  facet normal 0.000000e+00 -1.000000e+00 0.000000e+00
    outer loop
      vertex 6.096860e+00 0.000000e+00 -8.382834e+01
      vertex 6.397738e+00 0.000000e+00 -8.407596e+01
      vertex 6.108049e+00 0.000000e+00 -8.406419e+01
    endloop
  endfacet
  facet normal 3.668395e-07 1.000000e+00 -4.006502e-06
    outer loop
      vertex 6.112922e+00 3.009999e+00 -8.528405e+01
      vertex 6.391647e+00 3.009999e+00 -8.525853e+01
      vertex 6.404205e+00 3.010000e+00 -8.501935e+01
    endloop
  endfacet
  facet normal -3.668395e-07 -1.000000e+00 4.006502e-06
    outer loop
      vertex 6.112922e+00 3.009999e+00 -8.528405e+01
      vertex 6.404205e+00 3.010000e+00 -8.501935e+01
      vertex 6.391647e+00 3.009999e+00 -8.525853e+01
    endloop
  endfacet
  facet normal -3.789341e-01 6.410672e-03 -9.254014e-01
    outer loop
      vertex 6.139058e+00 1.223940e+00 -8.595009e+01
      vertex 6.428021e+00 1.509247e+00 -8.606644e+01
      vertex 6.132785e+00 1.488594e+00 -8.594569e+01
    endloop
  endfacet
  facet normal -9.389585e-01 6.381367e-03 -3.439710e-01
    outer loop
      vertex 6.009129e+00 1.779427e+00 -8.580445e+01
      vertex 5.937242e+00 1.801705e+00 -8.560780e+01
      vertex 6.003278e+00 1.497086e+00 -8.579372e+01
    endloop
  endfacet
  facet normal 9.997096e-01 7.077372e-03 -2.303225e-02
    outer loop
      vertex 6.997128e+00 1.214703e+00 -8.550818e+01
      vertex 6.995511e+00 1.498746e+00 -8.549108e+01
      vertex 6.992844e+00 1.497596e+00 -8.560719e+01
    endloop
  endfacet
  facet normal -6.066808e-08 1.000000e+00 2.065053e-07
    outer loop
      vertex 6.828632e+00 1.000001e-02 -8.359866e+01
      vertex 6.588367e+00 9.999996e-03 -8.360160e+01
      vertex 6.754628e+00 1.000005e-02 -8.381433e+01
    endloop
  endfacet
  facet normal 2.795565e-01 5.701470e-03 -9.601123e-01
    outer loop
      vertex 6.509965e+00 3.335866e-01 -8.606558e+01
      vertex 6.710907e+00 6.524482e-01 -8.600518e+01
      vertex 6.500167e+00 6.444184e-01 -8.606659e+01
    endloop
  endfacet
  facet normal 9.413075e-01 -2.318554e-05 -3.375504e-01
    outer loop
      vertex 6.992738e+00 9.062500e-01 -8.560784e+01
      vertex 6.992759e+00 1.222039e+00 -8.560780e+01
      vertex 6.922809e+00 1.036779e+00 -8.580286e+01
    endloop
  endfacet
  facet normal 7.328920e-01 4.957357e-02 -6.785365e-01
    outer loop
      vertex 6.785147e+00 2.860380e-02 -8.596892e+01
      vertex 6.932129e+00 2.928633e-02 -8.581011e+01
      vertex 6.924406e+00 2.821397e-01 -8.579998e+01
    endloop
  endfacet
  facet normal 9.997177e-01 -6.331347e-03 -2.289963e-02
    outer loop
      vertex 6.992844e+00 1.497596e+00 -8.560719e+01
      vertex 6.995511e+00 1.498746e+00 -8.549108e+01
      vertex 6.996965e+00 1.783750e+00 -8.550641e+01
    endloop
  endfacet
  facet normal 3.312617e-01 -1.616711e-04 -9.435390e-01
    outer loop
      vertex 6.509965e+00 3.335866e-01 -8.606558e+01
      vertex 6.509763e+00 9.743047e-02 -8.606561e+01
      vertex 6.785147e+00 2.860380e-02 -8.596892e+01
    endloop
  endfacet
  facet normal 9.995331e-01 3.446068e-03 -3.036235e-02
    outer loop
      vertex 6.996964e+00 3.541600e-01 -8.550653e+01
      vertex 6.996144e+00 6.702251e-01 -8.549766e+01
      vertex 6.992798e+00 6.718750e-01 -8.560762e+01
    endloop
  endfacet
  facet normal -9.995331e-01 -3.446068e-03 3.036235e-02
    outer loop
      vertex 6.996964e+00 3.541600e-01 -8.550653e+01
      vertex 6.992798e+00 6.718750e-01 -8.560762e+01
      vertex 6.996144e+00 6.702251e-01 -8.549766e+01
    endloop
  endfacet
  facet normal -1.875918e-02 -9.998158e-01 -4.057750e-03
    outer loop
      vertex 6.091158e+00 0.000000e+00 -8.567641e+01
      vertex 5.930011e+00 4.063838e-03 -8.593273e+01
      vertex 5.930014e+00 3.014967e-03 -8.567431e+01
    endloop
  endfacet
  facet normal -2.832821e-02 9.995983e-01 8.186840e-04
    outer loop
      vertex 5.930061e+00 3.004904e+00 -8.499950e+01
      vertex 6.109282e+00 3.010001e+00 -8.502130e+01
      vertex 6.118139e+00 3.009999e+00 -8.471251e+01
    endloop
  endfacet
  facet normal 9.821201e-03 9.999518e-01 -5.774371e-05
    outer loop
      vertex 6.844112e+00 3.006927e+00 -8.500211e+01
      vertex 6.531238e+00 3.010000e+00 -8.500156e+01
      vertex 6.529998e+00 3.010000e+00 -8.521250e+01
    endloop
  endfacet
  facet normal -3.068140e-01 -2.968307e-03 9.517649e-01
    outer loop
      vertex 6.356310e+00 2.433134e+00 -8.502470e+01
      vertex 6.212448e+00 2.718277e+00 -8.507018e+01
      vertex 6.415622e+00 2.711740e+00 -8.500471e+01
    endloop
  endfacet
  facet normal -3.492648e-02 9.993888e-01 1.500317e-03
    outer loop
      vertex 6.076926e+00 1.000007e-02 -8.380624e+01
      vertex 5.930050e+00 4.843030e-03 -8.379023e+01
      vertex 6.065654e+00 1.000010e-02 -8.406867e+01
    endloop
  endfacet
  facet normal 0.000000e+00 -1.000000e+00 0.000000e+00
    outer loop
      vertex 6.142564e+00 0.000000e+00 -8.453207e+01
      vertex 6.404427e+00 0.000000e+00 -8.453161e+01
      vertex 6.398519e+00 0.000000e+00 -8.476038e+01
    endloop
  endfacet
  facet normal 7.464062e-01 1.113674e-02 -6.653974e-01
    outer loop
      vertex 6.922809e+00 1.036779e+00 -8.580286e+01
      vertex 6.792764e+00 1.037428e+00 -8.594872e+01
      vertex 6.798403e+00 8.441334e-01 -8.594563e+01
    endloop
  endfacet
  facet normal 3.427118e-02 -9.994037e-01 -4.194686e-03
    outer loop
      vertex 5.930057e+00 4.814631e-03 -8.453094e+01
      vertex 6.080575e+00 1.000012e-02 -8.453665e+01
      vertex 6.057317e+00 1.000013e-02 -8.472668e+01
    endloop
  endfacet
  facet normal -3.427118e-02 9.994037e-01 4.194686e-03
    outer loop
      vertex 5.930057e+00 4.814631e-03 -8.453094e+01
      vertex 6.057317e+00 1.000013e-02 -8.472668e+01
      vertex 6.080575e+00 1.000012e-02 -8.453665e+01
    endloop
  endfacet
  facet normal -3.190818e-02 -9.994884e-01 2.164221e-03
    outer loop
      vertex 6.079106e+00 0.000000e+00 -8.335474e+01
      vertex 5.930035e+00 4.217960e-03 -8.360461e+01
      vertex 5.930041e+00 4.739335e-03 -8.336374e+01
    endloop
  endfacet
  facet normal 1.320894e-02 -9.999127e-01 9.437971e-05
    outer loop
      vertex 6.841293e+00 4.030365e-03 -8.435594e+01
      vertex 6.536213e+00 0.000000e+00 -8.435839e+01
      vertex 6.534165e+00 0.000000e+00 -8.407176e+01
    endloop
  endfacet
  facet normal 3.603857e-01 -8.942881e-03 -9.327605e-01
    outer loop
      vertex 6.510544e+00 2.452350e+00 -8.606552e+01
      vertex 6.501341e+00 2.180158e+00 -8.606647e+01
      vertex 6.779135e+00 2.176137e+00 -8.595910e+01
    endloop
  endfacet
  facet normal 0.000000e+00 -1.000000e+00 0.000000e+00
    outer loop
      vertex 6.560275e+00 3.000000e+00 -8.473147e+01
      vertex 6.572571e+00 3.000000e+00 -8.455160e+01
      vertex 6.745759e+00 3.000000e+00 -8.453484e+01
    endloop
  endfacet
  facet normal -3.136835e-01 8.196482e-04 9.495273e-01
    outer loop
      vertex 6.417030e+00 1.970989e+00 -8.500459e+01
      vertex 6.416450e+00 1.784437e+00 -8.500462e+01
      vertex 6.203922e+00 1.787940e+00 -8.507484e+01
    endloop
  endfacet
  facet normal 4.649253e-01 -2.836233e-04 -8.853499e-01
    outer loop
      vertex 6.509965e+00 3.335866e-01 -8.606558e+01
      vertex 6.509763e+00 9.743047e-02 -8.606561e+01
      vertex 6.634053e+00 2.628237e-04 -8.600031e+01
    endloop
  endfacet
  facet normal -4.649253e-01 2.836233e-04 8.853499e-01
    outer loop
      vertex 6.509965e+00 3.335866e-01 -8.606558e+01
      vertex 6.634053e+00 2.628237e-04 -8.600031e+01
      vertex 6.509763e+00 9.743047e-02 -8.606561e+01
    endloop
  endfacet
  facet normal 9.992679e-01 2.275113e-05 -3.825855e-02
    outer loop
      vertex 6.992805e+00 2.457721e+00 -8.560736e+01
      vertex 6.992802e+00 2.185662e+00 -8.560760e+01
      vertex 6.996761e+00 2.180535e+00 -8.550420e+01
    endloop
  endfacet
  facet normal 3.232828e-06 1.000000e+00 1.226032e-07
    outer loop
      vertex 6.404205e+00 3.010000e+00 -8.501935e+01
      vertex 6.392190e+00 3.010000e+00 -8.470254e+01
      vertex 6.109282e+00 3.010001e+00 -8.502130e+01
    endloop
  endfacet
  facet normal -9.932615e-01 -1.158931e-01 5.748381e-04
    outer loop
      vertex 5.931999e+00 2.990284e+00 -8.561140e+01
      vertex 5.930014e+00 3.006985e+00 -8.567432e+01
      vertex 5.929993e+00 3.008205e+00 -8.546461e+01
    endloop
  endfacet
  facet normal 0.000000e+00 -1.000000e+00 0.000000e+00
    outer loop
      vertex 6.398750e+00 0.000000e+00 -8.361530e+01
      vertex 6.079106e+00 0.000000e+00 -8.335474e+01
      vertex 6.398750e+00 0.000000e+00 -8.336684e+01
    endloop
  endfacet
  facet normal 9.999940e-01 3.450591e-03 1.264037e-04
    outer loop
      vertex 5.929994e+00 4.957215e-03 -8.300000e+01
      vertex 5.930041e+00 4.739335e-03 -8.336374e+01
      vertex 5.930007e+00 4.192546e-03 -8.308098e+01
    endloop
  endfacet
  facet normal -9.999940e-01 -3.450591e-03 -1.264037e-04
    outer loop
      vertex 5.929994e+00 4.957215e-03 -8.300000e+01
      vertex 5.930007e+00 4.192546e-03 -8.308098e+01
      vertex 5.930041e+00 4.739335e-03 -8.336374e+01
    endloop
  endfacet
  facet normal -7.457840e-01 -3.285152e-02 -6.653773e-01
    outer loop
      vertex 6.934899e+00 1.247106e-03 -8.526115e+01
      vertex 6.895675e+00 2.908910e-01 -8.523148e+01
      vertex 6.898760e+00 4.949440e-02 -8.522302e+01
    endloop
  endfacet
  facet normal 7.457840e-01 3.285152e-02 6.653773e-01
    outer loop
      vertex 6.934899e+00 1.247106e-03 -8.526115e+01
      vertex 6.898760e+00 4.949440e-02 -8.522302e+01
      vertex 6.895675e+00 2.908910e-01 -8.523148e+01
    endloop
  endfacet
  facet normal 5.686845e-01 -2.119064e-02 8.222827e-01
    outer loop
      vertex 6.614472e+00 2.972194e-01 -8.503684e+01
      vertex 6.884830e+00 5.629334e-01 -8.521697e+01
      vertex 6.895675e+00 2.908910e-01 -8.523148e+01
    endloop
  endfacet
  facet normal -9.993414e-01 -1.603276e-03 -3.625217e-02
    outer loop
      vertex 5.932982e+00 1.801055e+00 -8.550511e+01
      vertex 5.933323e+00 1.494008e+00 -8.550093e+01
      vertex 5.937156e+00 1.507397e+00 -8.560719e+01
    endloop
  endfacet
  facet normal -9.988825e-01 -1.969089e-02 -4.296562e-02
    outer loop
      vertex 5.931999e+00 2.990284e+00 -8.561140e+01
      vertex 5.932827e+00 2.720206e+00 -8.550687e+01
      vertex 5.937237e+00 2.716717e+00 -8.560779e+01
    endloop
  endfacet
  facet normal -5.500249e-01 -8.258216e-01 1.244641e-01
    outer loop
      vertex 5.931906e+00 2.971194e+00 -8.547713e+01
      vertex 5.930058e+00 3.005103e+00 -8.526031e+01
      vertex 5.968472e+00 2.979133e+00 -8.526286e+01
    endloop
  endfacet
  facet normal 0.000000e+00 1.000000e+00 0.000000e+00
    outer loop
      vertex 6.403522e+00 3.010000e+00 -8.407162e+01
      vertex 6.397262e+00 3.010000e+00 -8.366517e+01
      vertex 6.398750e+00 3.010000e+00 -8.384375e+01
    endloop
  endfacet
  facet normal 0.000000e+00 -1.000000e+00 0.000000e+00
    outer loop
      vertex 6.403522e+00 3.010000e+00 -8.407162e+01
      vertex 6.398750e+00 3.010000e+00 -8.384375e+01
      vertex 6.397262e+00 3.010000e+00 -8.366517e+01
    endloop
  endfacet
  facet normal 9.999936e-01 -3.292919e-03 1.419167e-03
    outer loop
      vertex 5.931471e+00 3.606093e-02 -8.547932e+01
      vertex 5.932376e+00 2.966520e-01 -8.551238e+01
      vertex 5.931598e+00 1.836968e-02 -8.561008e+01
    endloop
  endfacet
  facet normal -9.999936e-01 3.292919e-03 -1.419167e-03
    outer loop
      vertex 5.931471e+00 3.606093e-02 -8.547932e+01
      vertex 5.931598e+00 1.836968e-02 -8.561008e+01
      vertex 5.932376e+00 2.966520e-01 -8.551238e+01
    endloop
  endfacet
  facet normal 0.000000e+00 -1.000000e+00 0.000000e+00
    outer loop
      vertex 6.404036e+00 3.000000e+00 -8.434375e+01
      vertex 6.067265e+00 3.000000e+00 -8.433344e+01
      vertex 6.065655e+00 3.000000e+00 -8.406868e+01
    endloop
  endfacet
  facet normal 3.676232e-01 -2.571231e-02 -9.296193e-01
    outer loop
      vertex 6.495801e+00 9.062500e-01 -8.606702e+01
      vertex 6.798403e+00 8.441334e-01 -8.594563e+01
      vertex 6.507950e+00 1.035539e+00 -8.606579e+01
    endloop
  endfacet
  facet normal 1.015865e-01 9.947995e-01 -7.365025e-03
    outer loop
      vertex 6.970500e+00 2.995767e+00 -8.561085e+01
      vertex 6.850810e+00 3.009040e+00 -8.546895e+01
      vertex 6.833938e+00 3.009099e+00 -8.569371e+01
    endloop
  endfacet
  facet normal 9.253438e-01 -1.221246e-02 3.789324e-01
    outer loop
      vertex 6.876846e+00 2.404062e+00 -8.520417e+01
      vertex 6.995633e+00 2.464145e+00 -8.549231e+01
      vertex 6.996761e+00 2.180535e+00 -8.550420e+01
    endloop
  endfacet
  facet normal -9.437489e-01 -1.089815e-04 -3.306632e-01
    outer loop
      vertex 6.000810e+00 1.038218e+00 -8.578917e+01
      vertex 5.937242e+00 1.233586e+00 -8.560780e+01
      vertex 5.937222e+00 8.282872e-01 -8.560761e+01
    endloop
  endfacet
  facet normal -3.225043e-10 1.000000e+00 4.417234e-09
    outer loop
      vertex 6.584813e+00 9.999995e-03 -8.339102e+01
      vertex 6.318345e+00 9.999995e-03 -8.341048e+01
      vertex 6.588367e+00 9.999996e-03 -8.360160e+01
    endloop
  endfacet
  facet normal 3.122495e-01 -4.999174e-03 9.499870e-01
    outer loop
      vertex 6.728653e+00 1.229492e+00 -8.507606e+01
      vertex 6.510448e+00 1.228522e+00 -8.500434e+01
      vertex 6.561684e+00 1.484191e+00 -8.501984e+01
    endloop
  endfacet
  facet normal 9.402841e-01 -4.342721e-04 -3.403904e-01
    outer loop
      vertex 6.992805e+00 2.457721e+00 -8.560736e+01
      vertex 6.992764e+00 2.715774e+00 -8.560780e+01
      vertex 6.920644e+00 2.431663e+00 -8.580666e+01
    endloop
  endfacet
  facet normal -6.780542e-01 3.782294e-03 7.350022e-01
    outer loop
      vertex 6.185895e+00 6.022694e-01 -8.508473e+01
      vertex 6.051463e+00 5.444018e-01 -8.520845e+01
      vertex 6.048750e+00 8.393320e-01 -8.521247e+01
    endloop
  endfacet
  facet normal -9.297715e-01 -2.421589e-03 3.681292e-01
    outer loop
      vertex 5.932880e+00 8.369896e-01 -8.550603e+01
      vertex 6.051463e+00 5.444018e-01 -8.520845e+01
      vertex 5.932669e+00 5.316924e-01 -8.550857e+01
    endloop
  endfacet
  facet normal -9.329414e-01 1.128131e-02 3.598515e-01
    outer loop
      vertex 6.043441e+00 2.142291e+00 -8.521949e+01
      vertex 5.933468e+00 1.971859e+00 -8.549926e+01
      vertex 5.932723e+00 2.184290e+00 -8.550785e+01
    endloop
  endfacet
  facet normal -9.355158e-01 4.848460e-03 3.532516e-01
    outer loop
      vertex 6.038735e+00 2.713825e+00 -8.522630e+01
      vertex 5.933215e+00 2.465470e+00 -8.550234e+01
      vertex 5.932827e+00 2.720206e+00 -8.550687e+01
    endloop
  endfacet
  facet normal 3.875980e-03 9.999536e-01 8.818625e-03
    outer loop
      vertex 6.844112e+00 3.006927e+00 -8.500211e+01
      vertex 6.529998e+00 3.010000e+00 -8.521250e+01
      vertex 6.819607e+00 3.009366e+00 -8.526791e+01
    endloop
  endfacet
  facet normal 2.253248e-01 1.914282e-01 9.552925e-01
    outer loop
      vertex 6.731028e+00 3.708577e-02 -8.501221e+01
      vertex 6.535489e+00 4.208373e-02 -8.496709e+01
      vertex 6.614472e+00 2.972194e-01 -8.503684e+01
    endloop
  endfacet
  facet normal -9.421378e-01 4.652430e-03 -3.351938e-01
    outer loop
      vertex 6.000632e+00 1.971621e+00 -8.578889e+01
      vertex 6.003437e+00 2.170861e+00 -8.579401e+01
      vertex 5.937203e+00 2.188377e+00 -8.560760e+01
    endloop
  endfacet
  facet normal -9.246839e-01 1.409590e-01 -3.536809e-01
    outer loop
      vertex 5.966386e+00 1.648709e-02 -8.580140e+01
      vertex 6.006504e+00 2.841592e-01 -8.579961e+01
      vertex 5.937245e+00 3.110763e-01 -8.560780e+01
    endloop
  endfacet
  facet normal -1.439586e-01 -9.866952e-01 7.555491e-02
    outer loop
      vertex 6.076760e+00 2.981769e+00 -8.502211e+01
      vertex 5.968472e+00 2.979133e+00 -8.526286e+01
      vertex 5.930061e+00 3.004904e+00 -8.499950e+01
    endloop
  endfacet
  facet normal 3.194541e-08 1.000000e+00 -4.924417e-06
    outer loop
      vertex 6.115145e+00 3.009999e+00 -8.453316e+01
      vertex 6.409165e+00 3.009999e+00 -8.453125e+01
      vertex 6.393036e+00 3.010000e+00 -8.433769e+01
    endloop
  endfacet
  facet normal 7.147576e-04 9.913508e-01 1.312370e-01
    outer loop
      vertex 6.368495e+00 9.999991e-03 -8.472837e+01
      vertex 6.057317e+00 1.000013e-02 -8.472668e+01
      vertex 6.394010e+00 4.139040e-02 -8.496563e+01
    endloop
  endfacet
  facet normal 0.000000e+00 -1.000000e+00 0.000000e+00
    outer loop
      vertex 6.015347e+00 3.000000e+00 -8.334370e+01
      vertex 6.400208e+00 3.000000e+00 -8.308334e+01
      vertex 6.318345e+00 3.000000e+00 -8.341048e+01
    endloop
  endfacet
  facet normal 3.679308e-01 -7.582082e-03 -9.298223e-01
    outer loop
      vertex 6.497146e+00 1.214537e+00 -8.606688e+01
      vertex 6.788406e+00 1.221318e+00 -8.595168e+01
      vertex 6.505252e+00 1.512446e+00 -8.606610e+01
    endloop
  endfacet
  facet normal -3.734128e-01 -1.045087e-04 -9.276653e-01
    outer loop
      vertex 6.428012e+00 1.203009e+00 -8.606640e+01
      vertex 6.428021e+00 1.509247e+00 -8.606644e+01
      vertex 6.139058e+00 1.223940e+00 -8.595009e+01
    endloop
  endfacet
  facet normal 9.991379e-01 -6.697571e-04 -4.150875e-02
    outer loop
      vertex 6.992919e+00 1.968202e+00 -8.560677e+01
      vertex 6.992757e+00 1.790179e+00 -8.560780e+01
      vertex 6.996965e+00 1.783750e+00 -8.550641e+01
    endloop
  endfacet
  facet normal -5.970623e-01 -4.309123e-01 6.766323e-01
    outer loop
      vertex 6.212448e+00 2.718277e+00 -8.507018e+01
      vertex 6.038735e+00 2.713825e+00 -8.522630e+01
      vertex 6.076760e+00 2.981769e+00 -8.502211e+01
    endloop
  endfacet
  facet normal -9.991401e-01 -6.655222e-04 -4.145257e-02
    outer loop
      vertex 5.937242e+00 1.801705e+00 -8.560780e+01
      vertex 5.937086e+00 1.971642e+00 -8.560677e+01
      vertex 5.932982e+00 1.801055e+00 -8.550511e+01
    endloop
  endfacet
  facet normal 4.188068e-03 -9.999789e-01 4.965222e-03
    outer loop
      vertex 6.868576e+00 0.000000e+00 -8.545637e+01
      vertex 6.628265e+00 0.000000e+00 -8.525367e+01
      vertex 6.934899e+00 1.247106e-03 -8.526115e+01
    endloop
  endfacet
  facet normal -5.577627e-04 -9.999991e-01 -1.207103e-03
    outer loop
      vertex 6.327881e+00 3.820960e-04 -8.595765e+01
      vertex 6.545311e+00 0.000000e+00 -8.574158e+01
      vertex 6.634053e+00 2.628237e-04 -8.600031e+01
    endloop
  endfacet
  facet normal -1.862908e-02 9.998202e-01 -3.538536e-03
    outer loop
      vertex 5.930014e+00 3.006985e+00 -8.567432e+01
      vertex 5.930010e+00 3.006062e+00 -8.593507e+01
      vertex 6.094180e+00 3.010000e+00 -8.568668e+01
    endloop
  endfacet
  facet normal 2.238831e-07 1.000000e+00 3.918063e-09
    outer loop
      vertex 6.076926e+00 1.000007e-02 -8.380624e+01
      vertex 6.401720e+00 9.999998e-03 -8.406249e+01
      vertex 6.397345e+00 9.999998e-03 -8.381250e+01
    endloop
  endfacet
  facet normal 0.000000e+00 -1.000000e+00 0.000000e+00
    outer loop
      vertex 6.397345e+00 3.000000e+00 -8.381251e+01
      vertex 6.329600e+00 3.000000e+00 -8.360209e+01
      vertex 6.588367e+00 3.000000e+00 -8.360159e+01
    endloop
  endfacet
  facet normal -0.000000e+00 -1.000000e+00 0.000000e+00
    outer loop
      vertex 6.837825e+00 3.000000e+00 -8.342589e+01
      vertex 6.588367e+00 3.000000e+00 -8.360159e+01
      vertex 6.584813e+00 3.000000e+00 -8.339102e+01
    endloop
  endfacet
  facet normal 5.530189e-02 -9.967573e-01 -5.845126e-02
    outer loop
      vertex 6.727859e+00 3.000000e+00 -8.308334e+01
      vertex 6.861147e+00 3.007439e+00 -8.308409e+01
      vertex 6.636979e+00 3.000000e+00 -8.316933e+01
    endloop
  endfacet
  facet normal 9.415683e-01 2.380786e-02 3.359796e-01
    outer loop
      vertex 6.996295e+00 9.375000e-02 -8.549950e+01
      vertex 6.898760e+00 4.949440e-02 -8.522302e+01
      vertex 6.895675e+00 2.908910e-01 -8.523148e+01
    endloop
  endfacet
  facet normal 1.759751e-01 -9.682685e-01 -1.774515e-01
    outer loop
      vertex 6.833373e+00 3.203078e-04 -8.574999e+01
      vertex 6.971569e+00 0.000000e+00 -8.561120e+01
      vertex 6.932129e+00 2.928633e-02 -8.581011e+01
    endloop
  endfacet
  facet normal 4.901976e-01 -2.896185e-01 8.220873e-01
    outer loop
      vertex 6.996295e+00 9.375000e-02 -8.549950e+01
      vertex 6.999698e+00 0.000000e+00 -8.553455e+01
      vertex 6.868576e+00 0.000000e+00 -8.545637e+01
    endloop
  endfacet
  facet normal 9.597049e-01 7.707037e-02 2.702345e-01
    outer loop
      vertex 6.996663e+00 2.713583e+00 -8.550320e+01
      vertex 6.901684e+00 2.962277e+00 -8.523682e+01
      vertex 6.966115e+00 2.992644e+00 -8.547430e+01
    endloop
  endfacet
  facet normal 6.710289e-01 -6.717199e-03 7.414008e-01
    outer loop
      vertex 6.728093e+00 2.181995e+00 -8.507573e+01
      vertex 6.885734e+00 2.123131e+00 -8.521894e+01
      vertex 6.722998e+00 1.971958e+00 -8.507302e+01
    endloop
  endfacet
  facet normal -4.701484e-02 1.691016e-01 -9.844766e-01
    outer loop
      vertex 6.415622e+00 2.711740e+00 -8.500471e+01
      vertex 6.534963e+00 2.968692e+00 -8.496627e+01
      vertex 6.395581e+00 2.973202e+00 -8.495884e+01
    endloop
  endfacet
  facet normal 4.701484e-02 -1.691016e-01 9.844766e-01
    outer loop
      vertex 6.415622e+00 2.711740e+00 -8.500471e+01
      vertex 6.395581e+00 2.973202e+00 -8.495884e+01
      vertex 6.534963e+00 2.968692e+00 -8.496627e+01
    endloop
  endfacet
  facet normal -1.960868e-01 -1.839978e-01 9.631692e-01
    outer loop
      vertex 6.415622e+00 2.711740e+00 -8.500471e+01
      vertex 6.076760e+00 2.981769e+00 -8.502211e+01
      vertex 6.395581e+00 2.973202e+00 -8.495884e+01
    endloop
  endfacet
  facet normal 7.143080e-01 2.170804e-02 -6.994947e-01
    outer loop
      vertex 6.920644e+00 2.431663e+00 -8.580666e+01
      vertex 6.779135e+00 2.176137e+00 -8.595910e+01
      vertex 6.802361e+00 1.971175e+00 -8.594174e+01
    endloop
  endfacet
  facet normal 9.363071e-01 4.256559e-02 -3.485934e-01
    outer loop
      vertex 6.992809e+00 3.544644e-01 -8.560742e+01
      vertex 6.924406e+00 2.821397e-01 -8.579998e+01
      vertex 6.932129e+00 2.928633e-02 -8.581011e+01
    endloop
  endfacet
  facet normal -6.733446e-01 2.217028e-02 7.389964e-01
    outer loop
      vertex 6.043441e+00 2.142291e+00 -8.521949e+01
      vertex 6.202435e+00 2.176192e+00 -8.507564e+01
      vertex 6.185661e+00 1.971906e+00 -8.508479e+01
    endloop
  endfacet
  facet normal -5.321556e-01 3.784373e-02 8.458003e-01
    outer loop
      vertex 6.057827e+00 1.037687e+00 -8.519928e+01
      vertex 6.046730e+00 1.228130e+00 -8.521478e+01
      vertex 6.294333e+00 8.596628e-01 -8.504251e+01
    endloop
  endfacet
  facet normal -9.836289e-01 2.036628e-02 -1.790511e-01
    outer loop
      vertex 5.966386e+00 1.648709e-02 -8.580140e+01
      vertex 5.937245e+00 3.110763e-01 -8.560780e+01
      vertex 5.931598e+00 1.836968e-02 -8.561008e+01
    endloop
  endfacet
  facet normal -9.671249e-02 9.952679e-01 -9.413569e-03
    outer loop
      vertex 6.015346e+00 1.000005e-02 -8.334372e+01
      vertex 5.929994e+00 4.957215e-03 -8.300000e+01
      vertex 5.930007e+00 4.192546e-03 -8.308098e+01
    endloop
  endfacet
  facet normal 8.493253e-01 2.851662e-01 4.442148e-01
    outer loop
      vertex 6.934899e+00 1.247106e-03 -8.526115e+01
      vertex 6.799303e+00 1.711585e-03 -8.500219e+01
      vertex 6.898760e+00 4.949440e-02 -8.522302e+01
    endloop
  endfacet
  facet normal 0.000000e+00 -1.000000e+00 0.000000e+00
    outer loop
      vertex 6.120203e+00 0.000000e+00 -8.472315e+01
      vertex 6.398519e+00 0.000000e+00 -8.476038e+01
      vertex 6.330709e+00 0.000000e+00 -8.500214e+01
    endloop
  endfacet
  facet normal 4.163915e-03 -9.999835e-01 3.973946e-03
    outer loop
      vertex 6.628265e+00 0.000000e+00 -8.525367e+01
      vertex 6.799303e+00 1.711585e-03 -8.500219e+01
      vertex 6.934899e+00 1.247106e-03 -8.526115e+01
    endloop
  endfacet
  facet normal 0.000000e+00 -1.000000e+00 0.000000e+00
    outer loop
      vertex 6.142564e+00 0.000000e+00 -8.453207e+01
      vertex 6.100593e+00 0.000000e+00 -8.434856e+01
      vertex 6.404427e+00 0.000000e+00 -8.453161e+01
    endloop
  endfacet
  facet normal -1.878194e-02 -9.998067e-01 -5.819004e-03
    outer loop
      vertex 6.091158e+00 0.000000e+00 -8.567641e+01
      vertex 5.930014e+00 3.014967e-03 -8.567431e+01
      vertex 5.929993e+00 1.794871e-03 -8.546461e+01
    endloop
  endfacet
  facet normal -2.682428e-02 -9.996402e-01 1.862779e-05
    outer loop
      vertex 5.930061e+00 5.102099e-03 -8.473199e+01
      vertex 6.120203e+00 0.000000e+00 -8.472315e+01
      vertex 5.930061e+00 5.097114e-03 -8.499950e+01
    endloop
  endfacet
  facet normal -2.675701e-02 -9.996409e-01 -1.429829e-03
    outer loop
      vertex 5.930061e+00 5.102099e-03 -8.473199e+01
      vertex 5.930057e+00 4.814631e-03 -8.453094e+01
      vertex 6.120203e+00 0.000000e+00 -8.472315e+01
    endloop
  endfacet
  facet normal -3.759455e-03 -9.984723e-01 5.512727e-02
    outer loop
      vertex 5.929994e+00 4.957215e-03 -8.300000e+01
      vertex 6.099562e+00 4.318756e-03 -8.300000e+01
      vertex 6.074804e+00 0.000000e+00 -8.307991e+01
    endloop
  endfacet
  facet normal -3.437307e-02 -9.994080e-01 1.424995e-03
    outer loop
      vertex 6.080574e+00 3.000000e+00 -8.453661e+01
      vertex 5.930061e+00 3.004898e+00 -8.473200e+01
      vertex 5.930057e+00 3.005185e+00 -8.453094e+01
    endloop
  endfacet
  facet normal -6.993669e-06 1.000000e+00 -5.509856e-06
    outer loop
      vertex 6.393036e+00 3.010000e+00 -8.433769e+01
      vertex 6.409165e+00 3.009999e+00 -8.453125e+01
      vertex 6.534165e+00 3.010001e+00 -8.434374e+01
    endloop
  endfacet
  facet normal 0.000000e+00 1.000000e+00 -0.000000e+00
    outer loop
      vertex 6.398750e+00 3.010000e+00 -8.384375e+01
      vertex 6.531635e+00 3.010000e+00 -8.366584e+01
      vertex 6.397262e+00 3.010000e+00 -8.366517e+01
    endloop
  endfacet
  facet normal 0.000000e+00 1.000000e+00 -0.000000e+00
    outer loop
      vertex 6.404036e+00 9.999998e-03 -8.434375e+01
      vertex 6.526720e+00 9.999998e-03 -8.406250e+01
      vertex 6.401720e+00 9.999998e-03 -8.406249e+01
    endloop
  endfacet
  facet normal 8.836455e-04 9.990720e-01 4.306286e-02
    outer loop
      vertex 6.538333e+00 3.010000e+00 -8.310000e+01
      vertex 6.816151e+00 3.005444e+00 -8.300000e+01
      vertex 6.533650e+00 3.005694e+00 -8.300000e+01
    endloop
  endfacet
  facet normal 1.592680e-03 9.990480e-01 4.359601e-02
    outer loop
      vertex 6.398750e+00 3.010000e+00 -8.309375e+01
      vertex 6.533650e+00 3.005694e+00 -8.300000e+01
      vertex 6.398752e+00 3.005909e+00 -8.300000e+01
    endloop
  endfacet
  facet normal -2.367404e-08 1.000000e+00 -3.487389e-06
    outer loop
      vertex 6.089201e+00 3.009999e+00 -8.336511e+01
      vertex 6.398750e+00 3.010000e+00 -8.309375e+01
      vertex 6.109914e+00 3.010000e+00 -8.309179e+01
    endloop
  endfacet
  facet normal 2.495707e-08 1.000000e+00 4.093789e-06
    outer loop
      vertex 6.398750e+00 3.010000e+00 -8.384375e+01
      vertex 6.109659e+00 3.010000e+00 -8.384199e+01
      vertex 6.104579e+00 3.010001e+00 -8.407491e+01
    endloop
  endfacet
  facet normal 9.821634e-03 9.999518e-01 1.854558e-04
    outer loop
      vertex 6.825229e+00 3.007059e+00 -8.471427e+01
      vertex 6.531238e+00 3.010000e+00 -8.500156e+01
      vertex 6.844112e+00 3.006927e+00 -8.500211e+01
    endloop
  endfacet
  facet normal 5.083228e-01 8.602843e-01 -3.897120e-02
    outer loop
      vertex 6.844112e+00 3.006927e+00 -8.500211e+01
      vertex 6.819607e+00 3.009366e+00 -8.526791e+01
      vertex 6.901684e+00 2.962277e+00 -8.523682e+01
    endloop
  endfacet
  facet normal 7.167014e-02 9.945487e-01 -7.573825e-02
    outer loop
      vertex 6.636979e+00 9.999996e-03 -8.316933e+01
      vertex 6.840236e+00 2.571663e-03 -8.307453e+01
      vertex 6.727859e+00 9.999998e-03 -8.308333e+01
    endloop
  endfacet
  facet normal 0.000000e+00 1.000000e+00 0.000000e+00
    outer loop
      vertex 6.522919e+00 9.999998e-03 -8.381818e+01
      vertex 6.397345e+00 9.999998e-03 -8.381250e+01
      vertex 6.401720e+00 9.999998e-03 -8.406249e+01
    endloop
  endfacet
  facet normal -2.434026e-07 1.000000e+00 -1.267875e-08
    outer loop
      vertex 6.742712e+00 1.000005e-02 -8.409554e+01
      vertex 6.526720e+00 9.999998e-03 -8.406250e+01
      vertex 6.538399e+00 9.999997e-03 -8.436017e+01
    endloop
  endfacet
  facet normal -4.569924e-03 9.974912e-01 7.064268e-02
    outer loop
      vertex 6.400208e+00 9.999997e-03 -8.308334e+01
      vertex 6.533755e+00 4.709414e-03 -8.300000e+01
      vertex 6.398752e+00 4.090911e-03 -8.300000e+01
    endloop
  endfacet
  facet normal 3.759976e-03 9.986109e-01 5.255638e-02
    outer loop
      vertex 5.929994e+00 4.957215e-03 -8.300000e+01
      vertex 5.959121e+00 9.999993e-03 -8.309790e+01
      vertex 6.099562e+00 4.318756e-03 -8.300000e+01
    endloop
  endfacet
  facet normal -6.210465e-07 1.000000e+00 2.720694e-08
    outer loop
      vertex 6.572571e+00 9.999993e-03 -8.455160e+01
      vertex 6.745759e+00 1.000010e-02 -8.453484e+01
      vertex 6.753497e+00 1.000010e-02 -8.435821e+01
    endloop
  endfacet
  facet normal 2.516180e-01 -9.375751e-01 2.400860e-01
    outer loop
      vertex 6.735096e+00 2.977475e+00 -8.500288e+01
      vertex 6.844112e+00 3.006927e+00 -8.500211e+01
      vertex 6.901684e+00 2.962277e+00 -8.523682e+01
    endloop
  endfacet
  facet normal 0.000000e+00 -1.000000e+00 0.000000e+00
    outer loop
      vertex 6.076926e+00 3.000000e+00 -8.380622e+01
      vertex 6.397345e+00 3.000000e+00 -8.381251e+01
      vertex 6.401720e+00 3.000000e+00 -8.406250e+01
    endloop
  endfacet
  facet normal -1.590205e-03 -9.974967e-01 7.069369e-02
    outer loop
      vertex 6.400208e+00 3.000000e+00 -8.308334e+01
      vertex 6.398752e+00 3.005909e+00 -8.300000e+01
      vertex 6.533650e+00 3.005694e+00 -8.300000e+01
    endloop
  endfacet
  facet normal 3.729492e-01 -7.933521e-03 -9.278178e-01
    outer loop
      vertex 6.787724e+00 1.789356e+00 -8.595234e+01
      vertex 6.779135e+00 2.176137e+00 -8.595910e+01
      vertex 6.509773e+00 1.972093e+00 -8.606563e+01
    endloop
  endfacet
  facet normal 9.259162e-01 -2.226408e-02 3.770724e-01
    outer loop
      vertex 6.894763e+00 2.713618e+00 -8.522989e+01
      vertex 6.995633e+00 2.464145e+00 -8.549231e+01
      vertex 6.876846e+00 2.404062e+00 -8.520417e+01
    endloop
  endfacet
  facet normal 2.174921e-01 -2.633114e-03 -9.760585e-01
    outer loop
      vertex 6.992809e+00 3.544644e-01 -8.560742e+01
      vertex 6.971569e+00 0.000000e+00 -8.561120e+01
      vertex 6.992905e+00 9.375000e-02 -8.560670e+01
    endloop
  endfacet
  facet normal -2.174921e-01 2.633114e-03 9.760585e-01
    outer loop
      vertex 6.992809e+00 3.544644e-01 -8.560742e+01
      vertex 6.992905e+00 9.375000e-02 -8.560670e+01
      vertex 6.971569e+00 0.000000e+00 -8.561120e+01
    endloop
  endfacet
  facet normal 9.581858e-01 -4.414919e-04 -2.861465e-01
    outer loop
      vertex 6.992809e+00 3.544644e-01 -8.560742e+01
      vertex 6.932129e+00 2.928633e-02 -8.581011e+01
      vertex 6.992905e+00 9.375000e-02 -8.560670e+01
    endloop
  endfacet
  facet normal -9.396796e-01 -5.810602e-03 -3.420068e-01
    outer loop
      vertex 6.003278e+00 1.497086e+00 -8.579372e+01
      vertex 5.937242e+00 1.233586e+00 -8.560780e+01
      vertex 6.008511e+00 1.213889e+00 -8.580328e+01
    endloop
  endfacet
  facet normal -9.396260e-01 -1.385347e-02 -3.419227e-01
    outer loop
      vertex 6.009129e+00 1.779427e+00 -8.580445e+01
      vertex 6.000632e+00 1.971621e+00 -8.578889e+01
      vertex 5.937242e+00 1.801705e+00 -8.560780e+01
    endloop
  endfacet
  facet normal 9.996786e-01 5.017358e-03 -2.485364e-02
    outer loop
      vertex 6.992805e+00 2.457721e+00 -8.560736e+01
      vertex 6.996761e+00 2.180535e+00 -8.550420e+01
      vertex 6.995633e+00 2.464145e+00 -8.549231e+01
    endloop
  endfacet
  facet normal -7.466292e-01 -1.776953e-02 -6.650031e-01
    outer loop
      vertex 6.008670e+00 8.225297e-01 -8.580364e+01
      vertex 6.141390e+00 8.464731e-01 -8.595329e+01
      vertex 6.127776e+00 1.038171e+00 -8.594313e+01
    endloop
  endfacet
  facet normal 1.847090e-01 -2.679973e-01 9.455475e-01
    outer loop
      vertex 6.735096e+00 2.977475e+00 -8.500288e+01
      vertex 6.723702e+00 2.721034e+00 -8.507333e+01
      vertex 6.534963e+00 2.968692e+00 -8.496627e+01
    endloop
  endfacet
  facet normal -3.059164e-01 8.481944e-03 9.520206e-01
    outer loop
      vertex 6.294333e+00 8.596628e-01 -8.504251e+01
      vertex 6.204116e+00 1.222103e+00 -8.507473e+01
      vertex 6.417508e+00 1.037671e+00 -8.500452e+01
    endloop
  endfacet
  facet normal 7.371437e-01 -5.123111e-03 -6.757166e-01
    outer loop
      vertex 6.920644e+00 2.431663e+00 -8.580666e+01
      vertex 6.786973e+00 2.468667e+00 -8.595277e+01
      vertex 6.779135e+00 2.176137e+00 -8.595910e+01
    endloop
  endfacet
  facet normal 7.763796e-01 -1.952909e-02 -6.299630e-01
    outer loop
      vertex 6.928762e+00 5.788949e-01 -8.579233e+01
      vertex 6.912786e+00 8.528880e-01 -8.582051e+01
      vertex 6.811683e+00 5.239094e-01 -8.593491e+01
    endloop
  endfacet
  facet normal 9.786644e-01 7.574322e-02 -1.909946e-01
    outer loop
      vertex 6.992764e+00 2.715774e+00 -8.560780e+01
      vertex 6.970500e+00 2.995767e+00 -8.561085e+01
      vertex 6.930691e+00 2.994740e+00 -8.581524e+01
    endloop
  endfacet
  facet normal 9.429189e-01 -5.254176e-03 -3.329810e-01
    outer loop
      vertex 6.992809e+00 3.544644e-01 -8.560742e+01
      vertex 6.928762e+00 5.788949e-01 -8.579233e+01
      vertex 6.924406e+00 2.821397e-01 -8.579998e+01
    endloop
  endfacet
endsolid dfki_pipe2_binary_solid_transformed
