solid dfki_pipe_raw_binary_solid
  facet normal 9.871551e-01 1.562091e-01 -3.351695e-02
    outer loop
      vertex 6.894939e+00 -8.550562e+01 1.206213e-03
      vertex 6.863533e+00 -8.519867e+01 5.067990e-01
      vertex 6.884023e+00 -8.526845e+01 7.850745e-01
    endloop
  endfacet
  facet normal -9.871551e-01 -1.562091e-01 3.351695e-02
    outer loop
      vertex 6.894939e+00 -8.550562e+01 1.206213e-03
      vertex 6.884023e+00 -8.526845e+01 7.850745e-01
      vertex 6.863533e+00 -8.519867e+01 5.067990e-01
    endloop
  endfacet
  facet normal -2.313370e-01 -9.726683e-01 1.999301e-02
    outer loop
      vertex 6.464857e+00 -8.602282e+01 2.977521e+00
      vertex 6.065573e+00 -8.592847e+01 2.947748e+00
      vertex 6.178435e+00 -8.597038e+01 2.214433e+00
    endloop
  endfacet
  facet normal -5.558752e-01 8.311453e-01 1.415058e-02
    outer loop
      vertex 6.757999e+00 -8.596491e+01 2.212481e+00
      vertex 6.731741e+00 -8.598739e+01 2.501148e+00
      vertex 6.849942e+00 -8.591613e+01 2.958987e+00
    endloop
  endfacet
  facet normal 5.558752e-01 -8.311453e-01 -1.415058e-02
    outer loop
      vertex 6.757999e+00 -8.596491e+01 2.212481e+00
      vertex 6.849942e+00 -8.591613e+01 2.958987e+00
      vertex 6.731741e+00 -8.598739e+01 2.501148e+00
    endloop
  endfacet
  facet normal 6.280467e-01 8.997626e-03 -7.781237e-01
    outer loop
      vertex 5.930015e+00 -8.483184e+01 7.617591e-03
      vertex 5.967087e+00 -8.539272e+01 3.105450e-02
      vertex 5.930008e+00 -8.518073e+01 3.578354e-03
    endloop
  endfacet
  facet normal -9.699482e-01 2.327212e-01 7.100115e-02
    outer loop
      vertex 5.967087e+00 -8.539272e+01 3.105450e-02
      vertex 5.948002e+00 -8.561787e+01 5.083333e-01
      vertex 6.059592e+00 -8.524368e+01 8.062498e-01
    endloop
  endfacet
  facet normal 9.699482e-01 -2.327212e-01 -7.100115e-02
    outer loop
      vertex 5.967087e+00 -8.539272e+01 3.105450e-02
      vertex 6.059592e+00 -8.524368e+01 8.062498e-01
      vertex 5.948002e+00 -8.561787e+01 5.083333e-01
    endloop
  endfacet
  facet normal 9.810326e-01 -1.930988e-01 -1.696827e-02
    outer loop
      vertex 6.452707e+00 -8.501705e+01 1.754166e+00
      vertex 6.460167e+00 -8.501814e+01 2.197807e+00
      vertex 6.447975e+00 -8.501920e+01 1.504999e+00
    endloop
  endfacet
  facet normal -9.810326e-01 1.930988e-01 1.696827e-02
    outer loop
      vertex 6.452707e+00 -8.501705e+01 1.754166e+00
      vertex 6.447975e+00 -8.501920e+01 1.504999e+00
      vertex 6.460167e+00 -8.501814e+01 2.197807e+00
    endloop
  endfacet
  facet normal -6.403549e-01 7.680790e-01 4.232819e-04
    outer loop
      vertex 6.757999e+00 -8.596491e+01 2.212481e+00
      vertex 6.755234e+00 -8.596683e+01 1.503387e+00
      vertex 6.735376e+00 -8.598352e+01 1.752722e+00
    endloop
  endfacet
  facet normal 6.403549e-01 -7.680790e-01 -4.232819e-04
    outer loop
      vertex 6.757999e+00 -8.596491e+01 2.212481e+00
      vertex 6.735376e+00 -8.598352e+01 1.752722e+00
      vertex 6.755234e+00 -8.596683e+01 1.503387e+00
    endloop
  endfacet
  facet normal -5.079772e-01 8.306066e-01 2.281485e-01
    outer loop
      vertex 6.447975e+00 -8.501920e+01 1.504999e+00
      vertex 6.094239e+00 -8.516709e+01 1.255834e+00
      vertex 6.047303e+00 -8.526424e+01 1.505001e+00
    endloop
  endfacet
  facet normal -9.673698e-01 2.525197e-01 -2.072552e-02
    outer loop
      vertex 6.055956e+00 -8.524840e+01 2.208206e+00
      vertex 5.952155e+00 -8.565041e+01 2.155002e+00
      vertex 5.951358e+00 -8.562502e+01 2.501667e+00
    endloop
  endfacet
  facet normal -4.642835e-01 -5.571622e-03 -8.856691e-01
    outer loop
      vertex 6.773409e+00 -8.453002e+01 3.003606e+00
      vertex 6.860595e+00 -8.503321e+01 2.961067e+00
      vertex 6.770476e+00 -8.530180e+01 3.009999e+00
    endloop
  endfacet
  facet normal -3.707532e-01 -9.287300e-01 1.626610e-03
    outer loop
      vertex 6.453312e+00 -8.606470e+01 1.500000e+00
      vertex 6.456927e+00 -8.606483e+01 2.250000e+00
      vertex 6.449582e+00 -8.606257e+01 1.869565e+00
    endloop
  endfacet
  facet normal 3.707532e-01 9.287300e-01 -1.626610e-03
    outer loop
      vertex 6.453312e+00 -8.606470e+01 1.500000e+00
      vertex 6.449582e+00 -8.606257e+01 1.869565e+00
      vertex 6.456927e+00 -8.606483e+01 2.250000e+00
    endloop
  endfacet
  facet normal 2.860144e-01 -2.615876e-01 -9.218284e-01
    outer loop
      vertex 6.460855e+00 -8.501878e+01 6.208024e-02
      vertex 6.493357e+00 -8.478049e+01 4.545455e-03
      vertex 6.729733e+00 -8.453815e+01 9.116496e-03
    endloop
  endfacet
  facet normal -4.056334e-01 9.140291e-01 -3.510952e-03
    outer loop
      vertex 6.739494e+00 -8.597831e+01 7.885447e-01
      vertex 6.837556e+00 -8.593781e+01 1.874147e-03
      vertex 6.777540e+00 -8.596395e+01 1.309540e-01
    endloop
  endfacet
  facet normal 4.056334e-01 -9.140291e-01 3.510952e-03
    outer loop
      vertex 6.739494e+00 -8.597831e+01 7.885447e-01
      vertex 6.777540e+00 -8.596395e+01 1.309540e-01
      vertex 6.837556e+00 -8.593781e+01 1.874147e-03
    endloop
  endfacet
  facet normal 1.000000e+00 -1.701885e-05 -6.468259e-05
    outer loop
      vertex 5.930015e+00 -8.483184e+01 7.617591e-03
      vertex 5.930000e+00 -8.570003e+01 7.518529e-03
      vertex 5.930008e+00 -8.518073e+01 3.578354e-03
    endloop
  endfacet
  facet normal -1.000000e+00 1.701885e-05 6.468259e-05
    outer loop
      vertex 5.930015e+00 -8.483184e+01 7.617591e-03
      vertex 5.930008e+00 -8.518073e+01 3.578354e-03
      vertex 5.930000e+00 -8.570003e+01 7.518529e-03
    endloop
  endfacet
  facet normal -9.684275e-01 2.492157e-01 6.303610e-03
    outer loop
      vertex 6.055956e+00 -8.524840e+01 2.208206e+00
      vertex 6.047303e+00 -8.526424e+01 1.505001e+00
      vertex 5.952155e+00 -8.565041e+01 2.155002e+00
    endloop
  endfacet
  facet normal 9.684275e-01 -2.492157e-01 -6.303610e-03
    outer loop
      vertex 6.055956e+00 -8.524840e+01 2.208206e+00
      vertex 5.952155e+00 -8.565041e+01 2.155002e+00
      vertex 6.047303e+00 -8.526424e+01 1.505001e+00
    endloop
  endfacet
  facet normal 1.762223e-02 -3.435175e-03 -9.998388e-01
    outer loop
      vertex 6.147111e+00 -8.452441e+01 6.818176e-03
      vertex 6.010812e+00 -8.481569e+01 5.416662e-03
      vertex 5.930054e+00 -8.450233e+01 2.916667e-03
    endloop
  endfacet
  facet normal 1.249860e-03 -1.862611e-03 -9.999974e-01
    outer loop
      vertex 6.188467e+00 -8.452061e+01 3.002858e+00
      vertex 6.773409e+00 -8.453002e+01 3.003606e+00
      vertex 6.448076e+00 -8.482539e+01 3.003750e+00
    endloop
  endfacet
  facet normal 4.195919e-03 -7.041141e-03 -9.999664e-01
    outer loop
      vertex 6.046965e+00 -8.478005e+01 3.004091e+00
      vertex 6.188467e+00 -8.452061e+01 3.002858e+00
      vertex 5.930010e+00 -8.518073e+01 3.006421e+00
    endloop
  endfacet
  facet normal -1.997761e-02 9.456950e-03 -9.997557e-01
    outer loop
      vertex 5.930008e+00 -8.518073e+01 3.578354e-03
      vertex 6.010812e+00 -8.481569e+01 5.416662e-03
      vertex 6.054772e+00 -8.529546e+01 0.000000e+00
    endloop
  endfacet
  facet normal -9.952674e-01 -9.688812e-02 7.448454e-03
    outer loop
      vertex 5.952297e+00 -8.569367e+01 9.625001e-02
      vertex 5.954474e+00 -8.565771e+01 8.549997e-01
      vertex 5.948002e+00 -8.561787e+01 5.083333e-01
    endloop
  endfacet
  facet normal 9.952674e-01 9.688812e-02 -7.448454e-03
    outer loop
      vertex 5.952297e+00 -8.569367e+01 9.625001e-02
      vertex 5.948002e+00 -8.561787e+01 5.083333e-01
      vertex 5.954474e+00 -8.565771e+01 8.549997e-01
    endloop
  endfacet
  facet normal 2.344726e-02 -2.807016e-04 -9.997251e-01
    outer loop
      vertex 6.462410e+00 -8.351984e+01 5.333333e-03
      vertex 6.395149e+00 -8.300000e+01 3.609847e-03
      vertex 6.452290e+00 -8.317799e+01 4.999999e-03
    endloop
  endfacet
  facet normal 5.181633e-04 1.641200e-02 -9.998652e-01
    outer loop
      vertex 6.397777e+00 -8.300000e+01 3.006493e+00
      vertex 6.459722e+00 -8.319444e+01 3.003333e+00
      vertex 6.146584e+00 -8.300000e+01 3.006363e+00
    endloop
  endfacet
  facet normal 7.708154e-01 -1.312598e-01 6.233897e-01
    outer loop
      vertex 6.046965e+00 -8.478005e+01 3.004091e+00
      vertex 5.966860e+00 -8.539247e+01 2.974190e+00
      vertex 6.052780e+00 -8.503841e+01 2.942500e+00
    endloop
  endfacet
  facet normal -7.708154e-01 1.312598e-01 -6.233897e-01
    outer loop
      vertex 6.046965e+00 -8.478005e+01 3.004091e+00
      vertex 6.052780e+00 -8.503841e+01 2.942500e+00
      vertex 5.966860e+00 -8.539247e+01 2.974190e+00
    endloop
  endfacet
  facet normal -2.834785e-01 3.190842e-02 -9.584476e-01
    outer loop
      vertex 6.773409e+00 -8.453002e+01 3.003606e+00
      vertex 6.823664e+00 -8.415359e+01 3.001275e+00
      vertex 6.860595e+00 -8.503321e+01 2.961067e+00
    endloop
  endfacet
  facet normal -9.999985e-01 -7.709935e-06 -1.728681e-03
    outer loop
      vertex 5.930010e+00 -8.518073e+01 3.006421e+00
      vertex 5.930006e+00 -8.426343e+01 3.004813e+00
      vertex 5.930015e+00 -8.483184e+01 3.002383e+00
    endloop
  endfacet
  facet normal 9.999985e-01 7.709935e-06 1.728681e-03
    outer loop
      vertex 5.930010e+00 -8.518073e+01 3.006421e+00
      vertex 5.930015e+00 -8.483184e+01 3.002383e+00
      vertex 5.930006e+00 -8.426343e+01 3.004813e+00
    endloop
  endfacet
  facet normal -2.977624e-01 9.446183e-01 -1.379631e-01
    outer loop
      vertex 6.447975e+00 -8.501920e+01 1.504999e+00
      vertex 6.059592e+00 -8.524368e+01 8.062498e-01
      vertex 6.094239e+00 -8.516709e+01 1.255834e+00
    endloop
  endfacet
  facet normal -9.820666e-01 -1.774778e-01 -6.361404e-02
    outer loop
      vertex 6.447458e+00 -8.606254e+01 2.500000e-01
      vertex 6.447581e+00 -8.597364e+01 7.636990e-05
      vertex 6.465000e+00 -8.607000e+01 0.000000e+00
    endloop
  endfacet
  facet normal 9.820666e-01 1.774778e-01 6.361404e-02
    outer loop
      vertex 6.447458e+00 -8.606254e+01 2.500000e-01
      vertex 6.465000e+00 -8.607000e+01 0.000000e+00
      vertex 6.447581e+00 -8.597364e+01 7.636990e-05
    endloop
  endfacet
  facet normal 9.636660e-01 2.671050e-01 1.656999e-03
    outer loop
      vertex 6.872792e+00 -8.524973e+01 1.503325e+00
      vertex 6.869940e+00 -8.524386e+01 2.215248e+00
      vertex 6.977509e+00 -8.562941e+01 1.806308e+00
    endloop
  endfacet
  facet normal -9.636660e-01 -2.671050e-01 -1.656999e-03
    outer loop
      vertex 6.872792e+00 -8.524973e+01 1.503325e+00
      vertex 6.977509e+00 -8.562941e+01 1.806308e+00
      vertex 6.869940e+00 -8.524386e+01 2.215248e+00
    endloop
  endfacet
  facet normal 1.397542e-01 3.934043e-02 -9.894045e-01
    outer loop
      vertex 6.774206e+00 -8.300000e+01 3.005829e+00
      vertex 6.851249e+00 -8.326788e+01 3.006061e+00
      vertex 6.887764e+00 -8.351537e+01 3.001377e+00
    endloop
  endfacet
  facet normal -9.645725e-02 4.788277e-02 -9.941847e-01
    outer loop
      vertex 6.046965e+00 -8.478005e+01 3.004091e+00
      vertex 6.188467e+00 -8.452061e+01 3.002858e+00
      vertex 6.461123e+00 -8.501987e+01 2.952358e+00
    endloop
  endfacet
  facet normal 1.061116e-01 1.062439e-03 -9.943537e-01
    outer loop
      vertex 6.860595e+00 -8.503321e+01 2.961067e+00
      vertex 6.931612e+00 -8.533920e+01 2.968319e+00
      vertex 6.849942e+00 -8.591613e+01 2.958987e+00
    endloop
  endfacet
  facet normal -4.560714e-01 8.613725e-01 2.236879e-01
    outer loop
      vertex 6.894939e+00 -8.550562e+01 1.206213e-03
      vertex 6.972760e+00 -8.567898e+01 8.274260e-01
      vertex 6.983501e+00 -8.558846e+01 5.007713e-01
    endloop
  endfacet
  facet normal 4.560714e-01 -8.613725e-01 -2.236879e-01
    outer loop
      vertex 6.894939e+00 -8.550562e+01 1.206213e-03
      vertex 6.983501e+00 -8.558846e+01 5.007713e-01
      vertex 6.972760e+00 -8.567898e+01 8.274260e-01
    endloop
  endfacet
  facet normal 9.181976e-01 -3.955146e-01 2.193828e-02
    outer loop
      vertex 6.961883e+00 -8.565820e+01 2.924028e+00
      vertex 6.849942e+00 -8.591613e+01 2.958987e+00
      vertex 6.975633e+00 -8.566825e+01 2.167250e+00
    endloop
  endfacet
  facet normal -9.952437e-01 -4.321332e-02 8.730741e-02
    outer loop
      vertex 6.046965e+00 -8.478005e+01 3.004091e+00
      vertex 6.020619e+00 -8.418018e+01 3.000682e+00
      vertex 6.052780e+00 -8.503841e+01 2.942500e+00
    endloop
  endfacet
  facet normal 9.952437e-01 4.321332e-02 -8.730741e-02
    outer loop
      vertex 6.046965e+00 -8.478005e+01 3.004091e+00
      vertex 6.052780e+00 -8.503841e+01 2.942500e+00
      vertex 6.020619e+00 -8.418018e+01 3.000682e+00
    endloop
  endfacet
  facet normal 5.675701e-03 -3.592902e-03 -9.999774e-01
    outer loop
      vertex 6.188467e+00 -8.452061e+01 3.002858e+00
      vertex 6.020619e+00 -8.418018e+01 3.000682e+00
      vertex 6.409545e+00 -8.417110e+01 3.002857e+00
    endloop
  endfacet
  facet normal -9.107159e-02 9.834230e-01 1.567967e-01
    outer loop
      vertex 6.837556e+00 -8.593781e+01 1.874147e-03
      vertex 6.447581e+00 -8.597364e+01 7.636990e-05
      vertex 6.777540e+00 -8.596395e+01 1.309540e-01
    endloop
  endfacet
  facet normal 9.107159e-02 -9.834230e-01 -1.567967e-01
    outer loop
      vertex 6.837556e+00 -8.593781e+01 1.874147e-03
      vertex 6.777540e+00 -8.596395e+01 1.309540e-01
      vertex 6.447581e+00 -8.597364e+01 7.636990e-05
    endloop
  endfacet
  facet normal -2.576802e-03 -3.390589e-03 -9.999909e-01
    outer loop
      vertex 6.390885e+00 -8.412856e+01 6.250000e-03
      vertex 6.499792e+00 -8.384266e+01 4.999999e-03
      vertex 6.759361e+00 -8.418925e+01 5.506285e-03
    endloop
  endfacet
  facet normal 4.902424e-01 8.660694e-01 9.790875e-02
    outer loop
      vertex 6.884023e+00 -8.526845e+01 7.850745e-01
      vertex 6.863987e+00 -8.517852e+01 8.992495e-02
      vertex 6.493204e+00 -8.501594e+01 5.083333e-01
    endloop
  endfacet
  facet normal -2.282147e-02 3.177942e-03 -9.997345e-01
    outer loop
      vertex 5.930161e+00 -8.359387e+01 3.003251e+00
      vertex 5.929994e+00 -8.300000e+01 3.005142e+00
      vertex 6.017935e+00 -8.355727e+01 3.001364e+00
    endloop
  endfacet
  facet normal -8.498279e-01 -5.251898e-01 4.436483e-02
    outer loop
      vertex 6.184170e+00 -8.597462e+01 1.503354e+00
      vertex 5.947322e+00 -8.561227e+01 1.255834e+00
      vertex 5.954474e+00 -8.565771e+01 8.549997e-01
    endloop
  endfacet
  facet normal -3.337268e-02 -7.507261e-03 -9.994148e-01
    outer loop
      vertex 6.729733e+00 -8.453815e+01 9.116496e-03
      vertex 6.759361e+00 -8.418925e+01 5.506285e-03
      vertex 6.882998e+00 -8.476283e+01 5.686325e-03
    endloop
  endfacet
  facet normal -1.269009e-01 9.426277e-01 3.087868e-01
    outer loop
      vertex 5.929996e+00 -8.594593e+01 4.644723e-03
      vertex 6.118924e+00 -8.595768e+01 1.181545e-01
      vertex 6.078651e+00 -8.592476e+01 1.106984e-03
    endloop
  endfacet
  facet normal 1.269009e-01 -9.426277e-01 -3.087868e-01
    outer loop
      vertex 5.929996e+00 -8.594593e+01 4.644723e-03
      vertex 6.078651e+00 -8.592476e+01 1.106984e-03
      vertex 6.118924e+00 -8.595768e+01 1.181545e-01
    endloop
  endfacet
  facet normal -3.183780e-01 -9.479588e-01 3.077132e-03
    outer loop
      vertex 6.178435e+00 -8.597038e+01 2.214433e+00
      vertex 6.184170e+00 -8.597462e+01 1.503354e+00
      vertex 6.449582e+00 -8.606257e+01 1.869565e+00
    endloop
  endfacet
  facet normal 4.940842e-01 -8.693609e-01 9.603797e-03
    outer loop
      vertex 6.739494e+00 -8.597831e+01 7.885447e-01
      vertex 6.742687e+00 -8.597962e+01 5.054914e-01
      vertex 6.777540e+00 -8.596395e+01 1.309540e-01
    endloop
  endfacet
  facet normal -4.940842e-01 8.693609e-01 -9.603797e-03
    outer loop
      vertex 6.739494e+00 -8.597831e+01 7.885447e-01
      vertex 6.777540e+00 -8.596395e+01 1.309540e-01
      vertex 6.742687e+00 -8.597962e+01 5.054914e-01
    endloop
  endfacet
  facet normal -1.876142e-03 8.153246e-04 -9.999979e-01
    outer loop
      vertex 6.820273e+00 -8.353096e+01 4.652866e-03
      vertex 6.499792e+00 -8.384266e+01 4.999999e-03
      vertex 6.462410e+00 -8.351984e+01 5.333333e-03
    endloop
  endfacet
  facet normal -7.475848e-02 -5.259893e-03 -9.971877e-01
    outer loop
      vertex 6.446072e+00 -8.380953e+01 3.007142e+00
      vertex 6.397777e+00 -8.300000e+01 3.006493e+00
      vertex 6.482529e+00 -8.349068e+01 3.002727e+00
    endloop
  endfacet
  facet normal 7.969387e-01 -5.984864e-01 8.187113e-02
    outer loop
      vertex 6.977509e+00 -8.562941e+01 1.806308e+00
      vertex 6.755234e+00 -8.596683e+01 1.503387e+00
      vertex 6.973844e+00 -8.567606e+01 1.500939e+00
    endloop
  endfacet
  facet normal 6.550510e-02 -1.588608e-02 -9.977258e-01
    outer loop
      vertex 6.860802e+00 -8.393591e+01 8.132669e-03
      vertex 6.729733e+00 -8.453815e+01 9.116496e-03
      vertex 6.759361e+00 -8.418925e+01 5.506285e-03
    endloop
  endfacet
  facet normal 5.327419e-03 1.131350e-02 -9.999219e-01
    outer loop
      vertex 6.020619e+00 -8.418018e+01 3.000682e+00
      vertex 6.446072e+00 -8.380953e+01 3.007142e+00
      vertex 6.409545e+00 -8.417110e+01 3.002857e+00
    endloop
  endfacet
  facet normal 8.018998e-01 -3.437405e-01 -4.886710e-01
    outer loop
      vertex 6.894939e+00 -8.550562e+01 1.206213e-03
      vertex 6.968727e+00 -8.569032e+01 2.522074e-01
      vertex 6.777540e+00 -8.596395e+01 1.309540e-01
    endloop
  endfacet
  facet normal -9.379736e-01 -3.462519e-01 -1.775824e-02
    outer loop
      vertex 6.884023e+00 -8.526845e+01 7.850745e-01
      vertex 6.863533e+00 -8.519867e+01 5.067990e-01
      vertex 6.863987e+00 -8.517852e+01 8.992495e-02
    endloop
  endfacet
  facet normal 9.379736e-01 3.462519e-01 1.775824e-02
    outer loop
      vertex 6.884023e+00 -8.526845e+01 7.850745e-01
      vertex 6.863987e+00 -8.517852e+01 8.992495e-02
      vertex 6.863533e+00 -8.519867e+01 5.067990e-01
    endloop
  endfacet
  facet normal 2.131651e-02 4.443615e-03 -9.997629e-01
    outer loop
      vertex 6.057989e+00 -8.357954e+01 4.749998e-03
      vertex 5.930000e+00 -8.379162e+01 1.078431e-03
      vertex 5.929993e+00 -8.300000e+01 4.596770e-03
    endloop
  endfacet
  facet normal 3.136563e-01 -9.494644e-01 -1.171104e-02
    outer loop
      vertex 6.449582e+00 -8.606257e+01 1.869565e+00
      vertex 6.757999e+00 -8.596491e+01 2.212481e+00
      vertex 6.456927e+00 -8.606483e+01 2.250000e+00
    endloop
  endfacet
  facet normal -7.053945e-01 7.080369e-01 -3.320123e-02
    outer loop
      vertex 6.464857e+00 -8.602282e+01 2.977521e+00
      vertex 6.456927e+00 -8.606483e+01 2.250000e+00
      vertex 6.447458e+00 -8.606255e+01 2.500000e+00
    endloop
  endfacet
  facet normal 7.053945e-01 -7.080369e-01 3.320123e-02
    outer loop
      vertex 6.464857e+00 -8.602282e+01 2.977521e+00
      vertex 6.447458e+00 -8.606255e+01 2.500000e+00
      vertex 6.456927e+00 -8.606483e+01 2.250000e+00
    endloop
  endfacet
  facet normal -3.851554e-01 2.057888e-01 -8.996146e-01
    outer loop
      vertex 6.046965e+00 -8.478005e+01 3.004091e+00
      vertex 6.188467e+00 -8.452061e+01 3.002858e+00
      vertex 6.052780e+00 -8.503841e+01 2.942500e+00
    endloop
  endfacet
  facet normal -1.877951e-02 2.453759e-03 -9.998206e-01
    outer loop
      vertex 6.860802e+00 -8.393591e+01 8.132669e-03
      vertex 6.882998e+00 -8.476283e+01 5.686325e-03
      vertex 6.729733e+00 -8.453815e+01 9.116496e-03
    endloop
  endfacet
  facet normal 9.410001e-01 3.383550e-01 5.897096e-03
    outer loop
      vertex 6.884023e+00 -8.526845e+01 7.850745e-01
      vertex 6.849556e+00 -8.518079e+01 1.255132e+00
      vertex 6.872792e+00 -8.524973e+01 1.503325e+00
    endloop
  endfacet
  facet normal -9.410001e-01 -3.383550e-01 -5.897096e-03
    outer loop
      vertex 6.884023e+00 -8.526845e+01 7.850745e-01
      vertex 6.872792e+00 -8.524973e+01 1.503325e+00
      vertex 6.849556e+00 -8.518079e+01 1.255132e+00
    endloop
  endfacet
  facet normal 1.652684e-02 -3.976003e-03 -9.998556e-01
    outer loop
      vertex 6.166111e+00 -8.383334e+01 3.009999e+00
      vertex 6.111527e+00 -8.322222e+01 3.006667e+00
      vertex 6.146584e+00 -8.300000e+01 3.006363e+00
    endloop
  endfacet
  facet normal -1.621268e-01 -2.106491e-01 -9.640238e-01
    outer loop
      vertex 6.460855e+00 -8.501878e+01 6.208024e-02
      vertex 6.147111e+00 -8.452441e+01 6.818176e-03
      vertex 6.493357e+00 -8.478049e+01 4.545455e-03
    endloop
  endfacet
  facet normal -8.285367e-02 -2.350804e-02 -9.962844e-01
    outer loop
      vertex 6.147111e+00 -8.452441e+01 6.818176e-03
      vertex 6.049674e+00 -8.420232e+01 7.321422e-03
      vertex 6.406199e+00 -8.514860e+01 0.000000e+00
    endloop
  endfacet
  facet normal 5.134354e-01 8.580087e-01 -1.432848e-02
    outer loop
      vertex 6.884023e+00 -8.526845e+01 7.850745e-01
      vertex 6.478591e+00 -8.501797e+01 1.255833e+00
      vertex 6.872792e+00 -8.524973e+01 1.503325e+00
    endloop
  endfacet
  facet normal 1.895437e-02 1.108570e-01 -9.936556e-01
    outer loop
      vertex 6.188467e+00 -8.452061e+01 3.002858e+00
      vertex 6.461123e+00 -8.501987e+01 2.952358e+00
      vertex 6.052780e+00 -8.503841e+01 2.942500e+00
    endloop
  endfacet
  facet normal -4.341272e-02 -2.320427e-03 -9.990545e-01
    outer loop
      vertex 6.020619e+00 -8.418018e+01 3.000682e+00
      vertex 5.930006e+00 -8.426343e+01 3.004813e+00
      vertex 5.930161e+00 -8.359387e+01 3.003251e+00
    endloop
  endfacet
  facet normal 9.585849e-01 2.847064e-01 7.569931e-03
    outer loop
      vertex 6.884023e+00 -8.526845e+01 7.850745e-01
      vertex 6.872792e+00 -8.524973e+01 1.503325e+00
      vertex 6.982308e+00 -8.561175e+01 1.250667e+00
    endloop
  endfacet
  facet normal -9.585849e-01 -2.847064e-01 -7.569931e-03
    outer loop
      vertex 6.884023e+00 -8.526845e+01 7.850745e-01
      vertex 6.982308e+00 -8.561175e+01 1.250667e+00
      vertex 6.872792e+00 -8.524973e+01 1.503325e+00
    endloop
  endfacet
  facet normal -3.124236e-01 -9.499226e-01 6.213194e-03
    outer loop
      vertex 6.065573e+00 -8.592847e+01 2.947748e+00
      vertex 6.178435e+00 -8.597038e+01 2.214433e+00
      vertex 6.158625e+00 -8.596199e+01 2.501410e+00
    endloop
  endfacet
  facet normal 3.124236e-01 9.499226e-01 -6.213194e-03
    outer loop
      vertex 6.065573e+00 -8.592847e+01 2.947748e+00
      vertex 6.158625e+00 -8.596199e+01 2.501410e+00
      vertex 6.178435e+00 -8.597038e+01 2.214433e+00
    endloop
  endfacet
  facet normal -7.543532e-01 -1.599863e-01 6.366754e-01
    outer loop
      vertex 6.860595e+00 -8.503321e+01 2.961067e+00
      vertex 6.961883e+00 -8.565820e+01 2.924028e+00
      vertex 6.931612e+00 -8.533920e+01 2.968319e+00
    endloop
  endfacet
  facet normal 7.543532e-01 1.599863e-01 -6.366754e-01
    outer loop
      vertex 6.860595e+00 -8.503321e+01 2.961067e+00
      vertex 6.931612e+00 -8.533920e+01 2.968319e+00
      vertex 6.961883e+00 -8.565820e+01 2.924028e+00
    endloop
  endfacet
  facet normal -9.720426e-01 2.194507e-01 8.351400e-02
    outer loop
      vertex 6.047303e+00 -8.526424e+01 1.505001e+00
      vertex 5.947322e+00 -8.561227e+01 1.255834e+00
      vertex 5.954933e+00 -8.567339e+01 1.505001e+00
    endloop
  endfacet
  facet normal 4.768515e-01 8.788269e-01 -1.661689e-02
    outer loop
      vertex 6.452707e+00 -8.501705e+01 1.754166e+00
      vertex 6.872792e+00 -8.524973e+01 1.503325e+00
      vertex 6.447975e+00 -8.501920e+01 1.504999e+00
    endloop
  endfacet
  facet normal 8.358189e-01 -5.490024e-01 -1.777270e-03
    outer loop
      vertex 6.977509e+00 -8.562941e+01 1.806308e+00
      vertex 6.757999e+00 -8.596491e+01 2.212481e+00
      vertex 6.755234e+00 -8.596683e+01 1.503387e+00
    endloop
  endfacet
  facet normal -3.440546e-01 -2.927243e-01 -8.921542e-01
    outer loop
      vertex 6.065573e+00 -8.592847e+01 2.947748e+00
      vertex 5.929996e+00 -8.594640e+01 3.005918e+00
      vertex 5.947841e+00 -8.567089e+01 2.908638e+00
    endloop
  endfacet
  facet normal 9.701061e-01 2.421712e-01 1.572536e-02
    outer loop
      vertex 6.869940e+00 -8.524386e+01 2.215248e+00
      vertex 6.961883e+00 -8.565820e+01 2.924028e+00
      vertex 6.973046e+00 -8.567541e+01 2.500426e+00
    endloop
  endfacet
  facet normal -8.067997e-03 -3.183732e-03 -9.999623e-01
    outer loop
      vertex 6.814547e+00 -8.381580e+01 3.008101e+00
      vertex 6.774206e+00 -8.300000e+01 3.005829e+00
      vertex 6.851249e+00 -8.326788e+01 3.006061e+00
    endloop
  endfacet
  facet normal 5.066502e-01 8.594131e-01 6.866387e-02
    outer loop
      vertex 6.884023e+00 -8.526845e+01 7.850745e-01
      vertex 6.493204e+00 -8.501594e+01 5.083333e-01
      vertex 6.454853e+00 -8.501783e+01 8.149997e-01
    endloop
  endfacet
  facet normal -1.285339e-01 -9.653100e-01 -2.272787e-01
    outer loop
      vertex 6.447581e+00 -8.597364e+01 7.636990e-05
      vertex 6.118924e+00 -8.595768e+01 1.181545e-01
      vertex 6.078651e+00 -8.592476e+01 1.106984e-03
    endloop
  endfacet
  facet normal 1.285339e-01 9.653100e-01 2.272787e-01
    outer loop
      vertex 6.447581e+00 -8.597364e+01 7.636990e-05
      vertex 6.078651e+00 -8.592476e+01 1.106984e-03
      vertex 6.118924e+00 -8.595768e+01 1.181545e-01
    endloop
  endfacet
  facet normal -9.999084e-01 -7.294712e-05 -1.353158e-02
    outer loop
      vertex 5.930015e+00 -8.483184e+01 7.617591e-03
      vertex 5.930006e+00 -8.426343e+01 5.187587e-03
      vertex 5.930054e+00 -8.450233e+01 2.916667e-03
    endloop
  endfacet
  facet normal 9.999084e-01 7.294712e-05 1.353158e-02
    outer loop
      vertex 5.930015e+00 -8.483184e+01 7.617591e-03
      vertex 5.930054e+00 -8.450233e+01 2.916667e-03
      vertex 5.930006e+00 -8.426343e+01 5.187587e-03
    endloop
  endfacet
  facet normal -9.999465e-01 -1.032407e-04 -1.034552e-02
    outer loop
      vertex 5.930006e+00 -8.426343e+01 5.187587e-03
      vertex 5.930000e+00 -8.379162e+01 1.078431e-03
      vertex 5.930054e+00 -8.450233e+01 2.916667e-03
    endloop
  endfacet
  facet normal 3.505855e-01 -1.596083e-01 -9.228299e-01
    outer loop
      vertex 6.147111e+00 -8.452441e+01 6.818176e-03
      vertex 6.059618e+00 -8.503651e+01 6.215116e-02
      vertex 6.010812e+00 -8.481569e+01 5.416662e-03
    endloop
  endfacet
  facet normal -2.344492e-01 -8.635404e-01 4.464656e-01
    outer loop
      vertex 6.460167e+00 -8.501814e+01 2.197807e+00
      vertex 6.108567e+00 -8.515205e+01 1.754167e+00
      vertex 6.047303e+00 -8.526424e+01 1.505001e+00
    endloop
  endfacet
  facet normal 7.210578e-01 6.907826e-01 -5.380562e-02
    outer loop
      vertex 6.187606e+00 -8.597677e+01 7.935053e-01
      vertex 6.118924e+00 -8.595768e+01 1.181545e-01
      vertex 6.078651e+00 -8.592476e+01 1.106984e-03
    endloop
  endfacet
  facet normal -7.210578e-01 -6.907826e-01 5.380562e-02
    outer loop
      vertex 6.187606e+00 -8.597677e+01 7.935053e-01
      vertex 6.078651e+00 -8.592476e+01 1.106984e-03
      vertex 6.118924e+00 -8.595768e+01 1.181545e-01
    endloop
  endfacet
  facet normal 9.910159e-01 1.337200e-01 2.526027e-03
    outer loop
      vertex 5.954474e+00 -8.565771e+01 8.549997e-01
      vertex 5.947322e+00 -8.561227e+01 1.255834e+00
      vertex 5.954933e+00 -8.567339e+01 1.505001e+00
    endloop
  endfacet
  facet normal -9.910159e-01 -1.337200e-01 -2.526027e-03
    outer loop
      vertex 5.954474e+00 -8.565771e+01 8.549997e-01
      vertex 5.954933e+00 -8.567339e+01 1.505001e+00
      vertex 5.947322e+00 -8.561227e+01 1.255834e+00
    endloop
  endfacet
  facet normal 7.923511e-01 -5.967920e-01 -1.265664e-01
    outer loop
      vertex 6.755234e+00 -8.596683e+01 1.503387e+00
      vertex 6.982308e+00 -8.561175e+01 1.250667e+00
      vertex 6.973844e+00 -8.567606e+01 1.500939e+00
    endloop
  endfacet
  facet normal 4.217102e-03 2.838165e-03 -9.999871e-01
    outer loop
      vertex 6.147111e+00 -8.452441e+01 6.818176e-03
      vertex 6.010812e+00 -8.481569e+01 5.416662e-03
      vertex 6.049674e+00 -8.420232e+01 7.321422e-03
    endloop
  endfacet
  facet normal 1.694046e-03 -1.704964e-03 -9.999971e-01
    outer loop
      vertex 6.462410e+00 -8.351984e+01 5.333333e-03
      vertex 6.390885e+00 -8.412856e+01 6.250000e-03
      vertex 6.057989e+00 -8.357954e+01 4.749998e-03
    endloop
  endfacet
  facet normal 9.555306e-01 2.926300e-01 3.645486e-02
    outer loop
      vertex 6.872792e+00 -8.524973e+01 1.503325e+00
      vertex 6.975633e+00 -8.566825e+01 2.167250e+00
      vertex 6.977509e+00 -8.562941e+01 1.806308e+00
    endloop
  endfacet
  facet normal -1.088005e-02 -2.273911e-04 -9.999409e-01
    outer loop
      vertex 6.462410e+00 -8.351984e+01 5.333333e-03
      vertex 6.499792e+00 -8.384266e+01 4.999999e-03
      vertex 6.390885e+00 -8.412856e+01 6.250000e-03
    endloop
  endfacet
  facet normal 2.585255e-02 -9.996642e-01 -1.720877e-03
    outer loop
      vertex 6.447975e+00 -8.501920e+01 1.504999e+00
      vertex 6.454853e+00 -8.501783e+01 8.149997e-01
      vertex 6.478591e+00 -8.501797e+01 1.255833e+00
    endloop
  endfacet
  facet normal -2.585255e-02 9.996642e-01 1.720877e-03
    outer loop
      vertex 6.447975e+00 -8.501920e+01 1.504999e+00
      vertex 6.478591e+00 -8.501797e+01 1.255833e+00
      vertex 6.454853e+00 -8.501783e+01 8.149997e-01
    endloop
  endfacet
  facet normal 8.968531e-03 -9.643880e-03 -9.999132e-01
    outer loop
      vertex 6.046965e+00 -8.478005e+01 3.004091e+00
      vertex 6.188467e+00 -8.452061e+01 3.002858e+00
      vertex 6.146667e+00 -8.530000e+01 3.010000e+00
    endloop
  endfacet
  facet normal 1.478008e-02 8.389892e-03 -9.998556e-01
    outer loop
      vertex 6.057989e+00 -8.357954e+01 4.749998e-03
      vertex 5.975333e+00 -8.400000e+01 0.000000e+00
      vertex 5.930000e+00 -8.379162e+01 1.078431e-03
    endloop
  endfacet
  facet normal 9.706175e-01 2.402925e-01 1.269738e-02
    outer loop
      vertex 6.869940e+00 -8.524386e+01 2.215248e+00
      vertex 6.973046e+00 -8.567541e+01 2.500426e+00
      vertex 6.975633e+00 -8.566825e+01 2.167250e+00
    endloop
  endfacet
  facet normal -4.555397e-01 8.902140e-01 1.642460e-03
    outer loop
      vertex 6.453312e+00 -8.606470e+01 1.500000e+00
      vertex 6.456615e+00 -8.606255e+01 1.250000e+00
      vertex 6.451807e+00 -8.606421e+01 8.138298e-01
    endloop
  endfacet
  facet normal 4.555397e-01 -8.902140e-01 -1.642460e-03
    outer loop
      vertex 6.453312e+00 -8.606470e+01 1.500000e+00
      vertex 6.451807e+00 -8.606421e+01 8.138298e-01
      vertex 6.456615e+00 -8.606255e+01 1.250000e+00
    endloop
  endfacet
  facet normal -9.999979e-01 -6.236415e-06 2.073327e-03
    outer loop
      vertex 5.930015e+00 -8.483184e+01 7.617591e-03
      vertex 5.930006e+00 -8.426343e+01 5.187587e-03
      vertex 5.930008e+00 -8.518073e+01 3.578354e-03
    endloop
  endfacet
  facet normal 9.999979e-01 6.236415e-06 -2.073327e-03
    outer loop
      vertex 5.930015e+00 -8.483184e+01 7.617591e-03
      vertex 5.930008e+00 -8.518073e+01 3.578354e-03
      vertex 5.930006e+00 -8.426343e+01 5.187587e-03
    endloop
  endfacet
  facet normal 8.780580e-01 4.719825e-01 -7.903574e-02
    outer loop
      vertex 6.178435e+00 -8.597038e+01 2.214433e+00
      vertex 5.954933e+00 -8.567339e+01 1.505001e+00
      vertex 5.951356e+00 -8.562501e+01 1.754166e+00
    endloop
  endfacet
  facet normal -5.054588e-01 8.264856e-01 -2.478567e-01
    outer loop
      vertex 6.447975e+00 -8.501920e+01 1.504999e+00
      vertex 6.047303e+00 -8.526424e+01 1.505001e+00
      vertex 6.108567e+00 -8.515205e+01 1.754167e+00
    endloop
  endfacet
  facet normal -9.999084e-01 -7.294614e-05 1.353158e-02
    outer loop
      vertex 5.930054e+00 -8.450233e+01 3.007084e+00
      vertex 5.930006e+00 -8.426343e+01 3.004813e+00
      vertex 5.930015e+00 -8.483184e+01 3.002383e+00
    endloop
  endfacet
  facet normal 9.999084e-01 7.294614e-05 -1.353158e-02
    outer loop
      vertex 5.930054e+00 -8.450233e+01 3.007084e+00
      vertex 5.930015e+00 -8.483184e+01 3.002383e+00
      vertex 5.930006e+00 -8.426343e+01 3.004813e+00
    endloop
  endfacet
  facet normal 8.839026e-01 -9.472166e-02 4.579782e-01
    outer loop
      vertex 6.409545e+00 -8.417110e+01 3.002857e+00
      vertex 6.482529e+00 -8.349068e+01 3.002727e+00
      vertex 6.446072e+00 -8.380953e+01 3.007142e+00
    endloop
  endfacet
  facet normal -8.839026e-01 9.472166e-02 -4.579782e-01
    outer loop
      vertex 6.409545e+00 -8.417110e+01 3.002857e+00
      vertex 6.446072e+00 -8.380953e+01 3.007142e+00
      vertex 6.482529e+00 -8.349068e+01 3.002727e+00
    endloop
  endfacet
  facet normal 2.865249e-01 -9.580584e-01 5.253195e-03
    outer loop
      vertex 6.451807e+00 -8.606421e+01 8.138298e-01
      vertex 6.463097e+00 -8.606255e+01 5.000000e-01
      vertex 6.739494e+00 -8.597831e+01 7.885447e-01
    endloop
  endfacet
  facet normal 7.982084e-01 6.023788e-01 -1.772542e-03
    outer loop
      vertex 6.872792e+00 -8.524973e+01 1.503325e+00
      vertex 6.869940e+00 -8.524386e+01 2.215248e+00
      vertex 6.889248e+00 -8.527081e+01 1.752390e+00
    endloop
  endfacet
  facet normal -7.982084e-01 -6.023788e-01 1.772542e-03
    outer loop
      vertex 6.872792e+00 -8.524973e+01 1.503325e+00
      vertex 6.889248e+00 -8.527081e+01 1.752390e+00
      vertex 6.869940e+00 -8.524386e+01 2.215248e+00
    endloop
  endfacet
  facet normal 3.172477e-01 -9.481168e-01 2.069701e-02
    outer loop
      vertex 6.757999e+00 -8.596491e+01 2.212481e+00
      vertex 6.447458e+00 -8.606255e+01 2.500000e+00
      vertex 6.456927e+00 -8.606483e+01 2.250000e+00
    endloop
  endfacet
  facet normal 1.266898e-03 -8.041072e-04 -9.999989e-01
    outer loop
      vertex 6.188467e+00 -8.452061e+01 3.002858e+00
      vertex 6.409545e+00 -8.417110e+01 3.002857e+00
      vertex 6.773409e+00 -8.453002e+01 3.003606e+00
    endloop
  endfacet
  facet normal -3.698361e-02 9.607598e-01 -2.749053e-01
    outer loop
      vertex 6.055956e+00 -8.524840e+01 2.208206e+00
      vertex 6.052780e+00 -8.503841e+01 2.942500e+00
      vertex 6.461123e+00 -8.501987e+01 2.952358e+00
    endloop
  endfacet
  facet normal -8.110710e-01 -5.826491e-01 -5.180587e-02
    outer loop
      vertex 5.948002e+00 -8.561787e+01 5.083333e-01
      vertex 6.187606e+00 -8.597677e+01 7.935053e-01
      vertex 5.954474e+00 -8.565771e+01 8.549997e-01
    endloop
  endfacet
  facet normal 1.772109e-03 -2.233858e-03 -9.999959e-01
    outer loop
      vertex 6.462410e+00 -8.351984e+01 5.333333e-03
      vertex 6.057989e+00 -8.357954e+01 4.749998e-03
      vertex 6.145149e+00 -8.300000e+01 3.609847e-03
    endloop
  endfacet
  facet normal 9.719104e-01 2.306303e-01 -4.690000e-02
    outer loop
      vertex 6.872792e+00 -8.524973e+01 1.503325e+00
      vertex 6.977509e+00 -8.562941e+01 1.806308e+00
      vertex 6.973844e+00 -8.567606e+01 1.500939e+00
    endloop
  endfacet
  facet normal -9.825301e-01 1.035285e-01 -1.546492e-01
    outer loop
      vertex 5.966860e+00 -8.539247e+01 2.974190e+00
      vertex 5.947841e+00 -8.567089e+01 2.908638e+00
      vertex 5.930000e+00 -8.570003e+01 3.002481e+00
    endloop
  endfacet
  facet normal -4.071924e-01 9.133387e-01 2.621498e-03
    outer loop
      vertex 6.460167e+00 -8.501814e+01 2.197807e+00
      vertex 6.461123e+00 -8.501987e+01 2.952358e+00
      vertex 6.470628e+00 -8.501434e+01 2.501667e+00
    endloop
  endfacet
  facet normal 4.071924e-01 -9.133387e-01 -2.621498e-03
    outer loop
      vertex 6.460167e+00 -8.501814e+01 2.197807e+00
      vertex 6.470628e+00 -8.501434e+01 2.501667e+00
      vertex 6.461123e+00 -8.501987e+01 2.952358e+00
    endloop
  endfacet
  facet normal 4.605710e-03 -1.082008e-01 -9.941184e-01
    outer loop
      vertex 6.460855e+00 -8.501878e+01 6.208024e-02
      vertex 6.059618e+00 -8.503651e+01 6.215116e-02
      vertex 6.147111e+00 -8.452441e+01 6.818176e-03
    endloop
  endfacet
  facet normal 7.515206e-03 1.056786e-02 -9.999159e-01
    outer loop
      vertex 6.493357e+00 -8.478049e+01 4.545455e-03
      vertex 6.406199e+00 -8.514860e+01 0.000000e+00
      vertex 6.049674e+00 -8.420232e+01 7.321422e-03
    endloop
  endfacet
  facet normal -6.338430e-02 9.979876e-01 -1.769359e-03
    outer loop
      vertex 6.460855e+00 -8.501878e+01 6.208024e-02
      vertex 6.454853e+00 -8.501783e+01 8.149997e-01
      vertex 6.493204e+00 -8.501594e+01 5.083333e-01
    endloop
  endfacet
  facet normal 6.338430e-02 -9.979876e-01 1.769359e-03
    outer loop
      vertex 6.460855e+00 -8.501878e+01 6.208024e-02
      vertex 6.493204e+00 -8.501594e+01 5.083333e-01
      vertex 6.454853e+00 -8.501783e+01 8.149997e-01
    endloop
  endfacet
  facet normal 1.152117e-01 2.176883e-02 -9.931024e-01
    outer loop
      vertex 6.054772e+00 -8.529546e+01 0.000000e+00
      vertex 5.930054e+00 -8.450233e+01 2.916667e-03
      vertex 6.010812e+00 -8.481569e+01 5.416662e-03
    endloop
  endfacet
  facet normal -1.801508e-02 -3.887702e-03 -9.998301e-01
    outer loop
      vertex 6.147111e+00 -8.452441e+01 6.818176e-03
      vertex 6.049674e+00 -8.420232e+01 7.321422e-03
      vertex 6.057989e+00 -8.357954e+01 4.749998e-03
    endloop
  endfacet
  facet normal 4.762173e-01 8.770813e-01 6.281216e-02
    outer loop
      vertex 6.447975e+00 -8.501920e+01 1.504999e+00
      vertex 6.872792e+00 -8.524973e+01 1.503325e+00
      vertex 6.478591e+00 -8.501797e+01 1.255833e+00
    endloop
  endfacet
  facet normal 5.802688e-01 -7.998149e-02 -8.104882e-01
    outer loop
      vertex 5.967087e+00 -8.539272e+01 3.105450e-02
      vertex 6.010812e+00 -8.481569e+01 5.416662e-03
      vertex 6.059618e+00 -8.503651e+01 6.215116e-02
    endloop
  endfacet
  facet normal 3.110188e-01 2.622502e-01 -9.135054e-01
    outer loop
      vertex 6.188467e+00 -8.452061e+01 3.002858e+00
      vertex 6.448076e+00 -8.482539e+01 3.003750e+00
      vertex 6.461123e+00 -8.501987e+01 2.952358e+00
    endloop
  endfacet
  facet normal -9.999465e-01 -1.032293e-04 1.034665e-02
    outer loop
      vertex 5.930054e+00 -8.450233e+01 3.007084e+00
      vertex 5.930000e+00 -8.379162e+01 3.008921e+00
      vertex 5.930006e+00 -8.426343e+01 3.004813e+00
    endloop
  endfacet
  facet normal -3.041861e-03 -1.874477e-03 -9.999936e-01
    outer loop
      vertex 6.447581e+00 -8.597364e+01 7.636990e-05
      vertex 6.078651e+00 -8.592476e+01 1.106984e-03
      vertex 6.054772e+00 -8.529546e+01 0.000000e+00
    endloop
  endfacet
  facet normal 4.030126e-03 -8.557737e-04 -9.999915e-01
    outer loop
      vertex 6.462410e+00 -8.351984e+01 5.333333e-03
      vertex 6.145149e+00 -8.300000e+01 3.609847e-03
      vertex 6.452290e+00 -8.317799e+01 4.999999e-03
    endloop
  endfacet
  facet normal 2.168586e-03 1.674419e-02 -9.998574e-01
    outer loop
      vertex 6.493357e+00 -8.478049e+01 4.545455e-03
      vertex 6.729733e+00 -8.453815e+01 9.116496e-03
      vertex 6.882998e+00 -8.476283e+01 5.686325e-03
    endloop
  endfacet
  facet normal -7.535573e-01 -1.600396e-01 6.376038e-01
    outer loop
      vertex 6.931612e+00 -8.533920e+01 2.968319e+00
      vertex 6.961883e+00 -8.565820e+01 2.924028e+00
      vertex 7.000000e+00 -8.553500e+01 3.000000e+00
    endloop
  endfacet
  facet normal 1.000000e+00 -1.689184e-05 -4.794322e-05
    outer loop
      vertex 5.930008e+00 -8.518073e+01 3.578354e-03
      vertex 5.930000e+00 -8.570003e+01 7.518529e-03
      vertex 5.929996e+00 -8.594593e+01 4.644723e-03
    endloop
  endfacet
  facet normal -1.000000e+00 1.689184e-05 4.794322e-05
    outer loop
      vertex 5.930008e+00 -8.518073e+01 3.578354e-03
      vertex 5.929996e+00 -8.594593e+01 4.644723e-03
      vertex 5.930000e+00 -8.570003e+01 7.518529e-03
    endloop
  endfacet
  facet normal -2.253966e-03 -4.098805e-03 -9.999890e-01
    outer loop
      vertex 6.390885e+00 -8.412856e+01 6.250000e-03
      vertex 6.049674e+00 -8.420232e+01 7.321422e-03
      vertex 6.057989e+00 -8.357954e+01 4.749998e-03
    endloop
  endfacet
  facet normal -1.520398e-02 -3.925428e-03 -9.998767e-01
    outer loop
      vertex 6.049674e+00 -8.420232e+01 7.321422e-03
      vertex 5.930162e+00 -8.359387e+01 6.750000e-03
      vertex 6.057989e+00 -8.357954e+01 4.749998e-03
    endloop
  endfacet
  facet normal 4.455267e-01 -8.789508e-01 -1.701512e-01
    outer loop
      vertex 6.739494e+00 -8.597831e+01 7.885447e-01
      vertex 6.463097e+00 -8.606255e+01 5.000000e-01
      vertex 6.447581e+00 -8.597364e+01 7.636990e-05
    endloop
  endfacet
  facet normal 9.978243e-01 -6.590221e-02 -1.907239e-03
    outer loop
      vertex 6.977509e+00 -8.562941e+01 1.806308e+00
      vertex 6.975633e+00 -8.566825e+01 2.167250e+00
      vertex 6.973844e+00 -8.567606e+01 1.500939e+00
    endloop
  endfacet
  facet normal -9.978243e-01 6.590221e-02 1.907239e-03
    outer loop
      vertex 6.977509e+00 -8.562941e+01 1.806308e+00
      vertex 6.973844e+00 -8.567606e+01 1.500939e+00
      vertex 6.975633e+00 -8.566825e+01 2.167250e+00
    endloop
  endfacet
  facet normal 1.577927e-03 -5.613361e-03 -9.999830e-01
    outer loop
      vertex 6.046965e+00 -8.478005e+01 3.004091e+00
      vertex 6.020619e+00 -8.418018e+01 3.000682e+00
      vertex 6.188467e+00 -8.452061e+01 3.002858e+00
    endloop
  endfacet
  facet normal 1.953109e-04 -1.314494e-03 -9.999992e-01
    outer loop
      vertex 6.820273e+00 -8.353096e+01 4.652866e-03
      vertex 6.759361e+00 -8.418925e+01 5.506285e-03
      vertex 6.499792e+00 -8.384266e+01 4.999999e-03
    endloop
  endfacet
  facet normal 9.347546e-01 3.550356e-01 -1.355152e-02
    outer loop
      vertex 6.894939e+00 -8.550562e+01 1.206213e-03
      vertex 6.972760e+00 -8.567898e+01 8.274260e-01
      vertex 6.968727e+00 -8.569032e+01 2.522074e-01
    endloop
  endfacet
  facet normal -9.347546e-01 -3.550356e-01 1.355152e-02
    outer loop
      vertex 6.894939e+00 -8.550562e+01 1.206213e-03
      vertex 6.968727e+00 -8.569032e+01 2.522074e-01
      vertex 6.972760e+00 -8.567898e+01 8.274260e-01
    endloop
  endfacet
  facet normal -2.404951e-01 -9.215932e-01 3.046769e-01
    outer loop
      vertex 6.464857e+00 -8.602282e+01 2.977521e+00
      vertex 6.157273e+00 -8.593182e+01 3.010000e+00
      vertex 6.065573e+00 -8.592847e+01 2.947748e+00
    endloop
  endfacet
  facet normal -5.183471e-01 -8.551704e-01 8.283968e-05
    outer loop
      vertex 6.184170e+00 -8.597462e+01 1.503354e+00
      vertex 6.160290e+00 -8.596017e+01 1.254591e+00
      vertex 6.187606e+00 -8.597677e+01 7.935053e-01
    endloop
  endfacet
  facet normal 5.183471e-01 8.551704e-01 -8.283968e-05
    outer loop
      vertex 6.184170e+00 -8.597462e+01 1.503354e+00
      vertex 6.187606e+00 -8.597677e+01 7.935053e-01
      vertex 6.160290e+00 -8.596017e+01 1.254591e+00
    endloop
  endfacet
  facet normal 2.247235e-01 8.152114e-01 5.337880e-01
    outer loop
      vertex 6.894939e+00 -8.550562e+01 1.206213e-03
      vertex 6.739494e+00 -8.597831e+01 7.885447e-01
      vertex 6.968727e+00 -8.569032e+01 2.522074e-01
    endloop
  endfacet
  facet normal 7.892243e-01 -6.140590e-01 -7.514320e-03
    outer loop
      vertex 6.739494e+00 -8.597831e+01 7.885447e-01
      vertex 6.972760e+00 -8.567898e+01 8.274260e-01
      vertex 6.755234e+00 -8.596683e+01 1.503387e+00
    endloop
  endfacet
  facet normal 4.817943e-01 8.762641e-01 -5.961852e-03
    outer loop
      vertex 6.452707e+00 -8.501705e+01 1.754166e+00
      vertex 6.460167e+00 -8.501814e+01 2.197807e+00
      vertex 6.872792e+00 -8.524973e+01 1.503325e+00
    endloop
  endfacet
  facet normal 4.196465e-02 -1.863004e-02 -9.989454e-01
    outer loop
      vertex 6.774206e+00 -8.300000e+01 3.005829e+00
      vertex 6.446072e+00 -8.380953e+01 3.007142e+00
      vertex 6.482529e+00 -8.349068e+01 3.002727e+00
    endloop
  endfacet
  facet normal -3.137858e-02 -2.948857e-03 -9.995032e-01
    outer loop
      vertex 5.930008e+00 -8.518073e+01 3.578354e-03
      vertex 6.054772e+00 -8.529546e+01 0.000000e+00
      vertex 6.078651e+00 -8.592476e+01 1.106984e-03
    endloop
  endfacet
  facet normal 4.448937e-01 8.602500e-03 -8.955421e-01
    outer loop
      vertex 5.930006e+00 -8.426343e+01 5.187587e-03
      vertex 6.059618e+00 -8.503651e+01 6.215116e-02
      vertex 5.930054e+00 -8.450233e+01 2.916667e-03
    endloop
  endfacet
  facet normal 9.139437e-01 4.051571e-01 -2.355019e-02
    outer loop
      vertex 6.869940e+00 -8.524386e+01 2.215248e+00
      vertex 6.889248e+00 -8.527081e+01 2.500966e+00
      vertex 6.931612e+00 -8.533920e+01 2.968319e+00
    endloop
  endfacet
  facet normal -9.139437e-01 -4.051571e-01 2.355019e-02
    outer loop
      vertex 6.869940e+00 -8.524386e+01 2.215248e+00
      vertex 6.931612e+00 -8.533920e+01 2.968319e+00
      vertex 6.889248e+00 -8.527081e+01 2.500966e+00
    endloop
  endfacet
  facet normal 4.714504e-01 8.862319e-02 -8.774283e-01
    outer loop
      vertex 6.860595e+00 -8.503321e+01 2.961067e+00
      vertex 6.878431e+00 -8.471884e+01 3.002403e+00
      vertex 6.931612e+00 -8.533920e+01 2.968319e+00
    endloop
  endfacet
  facet normal -9.708391e-01 2.293495e-01 -6.978635e-02
    outer loop
      vertex 6.055956e+00 -8.524840e+01 2.208206e+00
      vertex 5.966860e+00 -8.539247e+01 2.974190e+00
      vertex 6.052780e+00 -8.503841e+01 2.942500e+00
    endloop
  endfacet
  facet normal 9.708391e-01 -2.293495e-01 6.978635e-02
    outer loop
      vertex 6.055956e+00 -8.524840e+01 2.208206e+00
      vertex 6.052780e+00 -8.503841e+01 2.942500e+00
      vertex 5.966860e+00 -8.539247e+01 2.974190e+00
    endloop
  endfacet
  facet normal -2.122322e-01 8.498368e-01 4.824260e-01
    outer loop
      vertex 6.464857e+00 -8.602282e+01 2.977521e+00
      vertex 6.806074e+00 -8.595502e+01 3.008205e+00
      vertex 6.849942e+00 -8.591613e+01 2.958987e+00
    endloop
  endfacet
  facet normal 2.122322e-01 -8.498368e-01 -4.824260e-01
    outer loop
      vertex 6.464857e+00 -8.602282e+01 2.977521e+00
      vertex 6.849942e+00 -8.591613e+01 2.958987e+00
      vertex 6.806074e+00 -8.595502e+01 3.008205e+00
    endloop
  endfacet
  facet normal 5.097189e-01 2.534933e-01 -8.221483e-01
    outer loop
      vertex 5.952297e+00 -8.569367e+01 9.625001e-02
      vertex 6.118924e+00 -8.595768e+01 1.181545e-01
      vertex 5.929996e+00 -8.594593e+01 4.644723e-03
    endloop
  endfacet
  facet normal 1.276771e-02 -1.454903e-02 -9.998126e-01
    outer loop
      vertex 6.773409e+00 -8.453002e+01 3.003606e+00
      vertex 6.396667e+00 -8.530000e+01 3.010000e+00
      vertex 6.448076e+00 -8.482539e+01 3.003750e+00
    endloop
  endfacet
  facet normal 7.403898e-03 9.969028e-01 7.829411e-02
    outer loop
      vertex 6.464857e+00 -8.602282e+01 2.977521e+00
      vertex 6.731741e+00 -8.598739e+01 2.501148e+00
      vertex 6.757999e+00 -8.596491e+01 2.212481e+00
    endloop
  endfacet
  facet normal -7.403898e-03 -9.969028e-01 -7.829411e-02
    outer loop
      vertex 6.464857e+00 -8.602282e+01 2.977521e+00
      vertex 6.757999e+00 -8.596491e+01 2.212481e+00
      vertex 6.731741e+00 -8.598739e+01 2.501148e+00
    endloop
  endfacet
  facet normal -4.907170e-01 -8.713182e-01 1.230823e-03
    outer loop
      vertex 6.178435e+00 -8.597038e+01 2.214433e+00
      vertex 6.154750e+00 -8.595770e+01 1.753457e+00
      vertex 6.184170e+00 -8.597462e+01 1.503354e+00
    endloop
  endfacet
  facet normal 4.907170e-01 8.713182e-01 -1.230823e-03
    outer loop
      vertex 6.178435e+00 -8.597038e+01 2.214433e+00
      vertex 6.184170e+00 -8.597462e+01 1.503354e+00
      vertex 6.154750e+00 -8.595770e+01 1.753457e+00
    endloop
  endfacet
  facet normal 9.741861e-01 -2.135683e-01 7.314395e-02
    outer loop
      vertex 6.055956e+00 -8.524840e+01 2.208206e+00
      vertex 5.966860e+00 -8.539247e+01 2.974190e+00
      vertex 5.951358e+00 -8.562502e+01 2.501667e+00
    endloop
  endfacet
  facet normal -9.741861e-01 2.135683e-01 -7.314395e-02
    outer loop
      vertex 6.055956e+00 -8.524840e+01 2.208206e+00
      vertex 5.951358e+00 -8.562502e+01 2.501667e+00
      vertex 5.966860e+00 -8.539247e+01 2.974190e+00
    endloop
  endfacet
  facet normal -9.992597e-01 -3.621776e-02 1.298330e-02
    outer loop
      vertex 6.464857e+00 -8.602282e+01 2.977521e+00
      vertex 6.456927e+00 -8.606483e+01 2.250000e+00
      vertex 6.464652e+00 -8.606532e+01 2.843195e+00
    endloop
  endfacet
  facet normal 9.992597e-01 3.621776e-02 -1.298330e-02
    outer loop
      vertex 6.464857e+00 -8.602282e+01 2.977521e+00
      vertex 6.464652e+00 -8.606532e+01 2.843195e+00
      vertex 6.456927e+00 -8.606483e+01 2.250000e+00
    endloop
  endfacet
  facet normal -3.409823e-02 -2.136903e-02 -9.991900e-01
    outer loop
      vertex 6.493357e+00 -8.478049e+01 4.545455e-03
      vertex 6.049674e+00 -8.420232e+01 7.321422e-03
      vertex 6.449599e+00 -8.449813e+01 0.000000e+00
    endloop
  endfacet
  facet normal -9.668268e-01 -2.486695e-01 -5.838931e-02
    outer loop
      vertex 6.884023e+00 -8.526845e+01 7.850745e-01
      vertex 7.000000e+00 -8.553503e+01 0.000000e+00
      vertex 6.983501e+00 -8.558846e+01 5.007713e-01
    endloop
  endfacet
  facet normal 9.668268e-01 2.486695e-01 5.838931e-02
    outer loop
      vertex 6.884023e+00 -8.526845e+01 7.850745e-01
      vertex 6.983501e+00 -8.558846e+01 5.007713e-01
      vertex 7.000000e+00 -8.553503e+01 0.000000e+00
    endloop
  endfacet
  facet normal -1.821791e-02 -3.761160e-03 -9.998270e-01
    outer loop
      vertex 6.773409e+00 -8.453002e+01 3.003606e+00
      vertex 6.823664e+00 -8.415359e+01 3.001275e+00
      vertex 6.878431e+00 -8.471884e+01 3.002403e+00
    endloop
  endfacet
  facet normal -9.594449e-01 2.817653e-01 -8.582126e-03
    outer loop
      vertex 6.047303e+00 -8.526424e+01 1.505001e+00
      vertex 6.059592e+00 -8.524368e+01 8.062498e-01
      vertex 5.947322e+00 -8.561227e+01 1.255834e+00
    endloop
  endfacet
  facet normal 9.594449e-01 -2.817653e-01 8.582126e-03
    outer loop
      vertex 6.047303e+00 -8.526424e+01 1.505001e+00
      vertex 5.947322e+00 -8.561227e+01 1.255834e+00
      vertex 6.059592e+00 -8.524368e+01 8.062498e-01
    endloop
  endfacet
  facet normal 8.314570e-01 -5.516119e-01 -6.635915e-02
    outer loop
      vertex 6.757999e+00 -8.596491e+01 2.212481e+00
      vertex 6.973046e+00 -8.567541e+01 2.500426e+00
      vertex 6.849942e+00 -8.591613e+01 2.958987e+00
    endloop
  endfacet
  facet normal -4.586888e-03 -6.061217e-03 -9.999711e-01
    outer loop
      vertex 6.145149e+00 -8.300000e+01 3.609847e-03
      vertex 6.077291e+00 -8.317799e+01 5.000000e-03
      vertex 5.929993e+00 -8.300000e+01 4.596770e-03
    endloop
  endfacet
  facet normal 5.104050e-01 -8.599303e-01 2.574263e-03
    outer loop
      vertex 6.739494e+00 -8.597831e+01 7.885447e-01
      vertex 6.773623e+00 -8.595666e+01 1.254587e+00
      vertex 6.755234e+00 -8.596683e+01 1.503387e+00
    endloop
  endfacet
  facet normal -5.104050e-01 8.599303e-01 -2.574263e-03
    outer loop
      vertex 6.739494e+00 -8.597831e+01 7.885447e-01
      vertex 6.755234e+00 -8.596683e+01 1.503387e+00
      vertex 6.773623e+00 -8.595666e+01 1.254587e+00
    endloop
  endfacet
  facet normal -1.554021e-01 1.576684e-02 -9.877255e-01
    outer loop
      vertex 6.814547e+00 -8.381580e+01 3.008101e+00
      vertex 6.887764e+00 -8.351537e+01 3.001377e+00
      vertex 6.823664e+00 -8.415359e+01 3.001275e+00
    endloop
  endfacet
  facet normal 2.069125e-02 1.004452e-02 -9.997354e-01
    outer loop
      vertex 5.929994e+00 -8.300000e+01 3.005142e+00
      vertex 6.111527e+00 -8.322222e+01 3.006667e+00
      vertex 6.017935e+00 -8.355727e+01 3.001364e+00
    endloop
  endfacet
  facet normal 6.970302e-01 -6.839510e-01 2.153134e-01
    outer loop
      vertex 6.464857e+00 -8.602282e+01 2.977521e+00
      vertex 6.464652e+00 -8.606532e+01 2.843195e+00
      vertex 6.757999e+00 -8.596491e+01 2.212481e+00
    endloop
  endfacet
  facet normal -6.970302e-01 6.839510e-01 -2.153134e-01
    outer loop
      vertex 6.464857e+00 -8.602282e+01 2.977521e+00
      vertex 6.757999e+00 -8.596491e+01 2.212481e+00
      vertex 6.464652e+00 -8.606532e+01 2.843195e+00
    endloop
  endfacet
  facet normal 2.776784e-03 1.106242e-03 -9.999955e-01
    outer loop
      vertex 6.020619e+00 -8.418018e+01 3.000682e+00
      vertex 6.017935e+00 -8.355727e+01 3.001364e+00
      vertex 6.482529e+00 -8.349068e+01 3.002727e+00
    endloop
  endfacet
  facet normal -9.738826e-01 2.198661e-01 -5.666924e-02
    outer loop
      vertex 6.047303e+00 -8.526424e+01 1.505001e+00
      vertex 5.954933e+00 -8.567339e+01 1.505001e+00
      vertex 5.951356e+00 -8.562501e+01 1.754166e+00
    endloop
  endfacet
  facet normal 3.714018e-02 -9.991165e-01 -1.966693e-02
    outer loop
      vertex 6.739494e+00 -8.597831e+01 7.885447e-01
      vertex 6.447581e+00 -8.597364e+01 7.636990e-05
      vertex 6.777540e+00 -8.596395e+01 1.309540e-01
    endloop
  endfacet
  facet normal -3.714018e-02 9.991165e-01 1.966693e-02
    outer loop
      vertex 6.739494e+00 -8.597831e+01 7.885447e-01
      vertex 6.777540e+00 -8.596395e+01 1.309540e-01
      vertex 6.447581e+00 -8.597364e+01 7.636990e-05
    endloop
  endfacet
  facet normal -2.016093e-02 9.997932e-01 -2.664311e-03
    outer loop
      vertex 6.187606e+00 -8.597677e+01 7.935053e-01
      vertex 6.447581e+00 -8.597364e+01 7.636990e-05
      vertex 6.185182e+00 -8.597758e+01 5.055128e-01
    endloop
  endfacet
  facet normal 2.016093e-02 -9.997932e-01 2.664311e-03
    outer loop
      vertex 6.187606e+00 -8.597677e+01 7.935053e-01
      vertex 6.185182e+00 -8.597758e+01 5.055128e-01
      vertex 6.447581e+00 -8.597364e+01 7.636990e-05
    endloop
  endfacet
  facet normal 3.785491e-02 -4.798269e-03 -9.992718e-01
    outer loop
      vertex 6.820273e+00 -8.353096e+01 4.652866e-03
      vertex 6.860802e+00 -8.393591e+01 8.132669e-03
      vertex 6.759361e+00 -8.418925e+01 5.506285e-03
    endloop
  endfacet
  facet normal -6.369621e-04 -1.245134e-04 -9.999998e-01
    outer loop
      vertex 6.447581e+00 -8.597364e+01 7.636990e-05
      vertex 6.406199e+00 -8.514860e+01 0.000000e+00
      vertex 6.490977e+00 -8.558229e+01 0.000000e+00
    endloop
  endfacet
  facet normal -5.864532e-01 -8.064086e-01 -7.601117e-02
    outer loop
      vertex 6.884023e+00 -8.526845e+01 7.850745e-01
      vertex 6.447975e+00 -8.501920e+01 1.504999e+00
      vertex 6.478591e+00 -8.501797e+01 1.255833e+00
    endloop
  endfacet
  facet normal -3.682128e-02 -9.506385e-03 -9.992767e-01
    outer loop
      vertex 6.020619e+00 -8.418018e+01 3.000682e+00
      vertex 5.930054e+00 -8.450233e+01 3.007084e+00
      vertex 5.930006e+00 -8.426343e+01 3.004813e+00
    endloop
  endfacet
  facet normal 3.938134e-03 1.488614e-03 -9.999912e-01
    outer loop
      vertex 6.462410e+00 -8.351984e+01 5.333333e-03
      vertex 6.759361e+00 -8.418925e+01 5.506285e-03
      vertex 6.499792e+00 -8.384266e+01 4.999999e-03
    endloop
  endfacet
  facet normal -9.211029e-01 -3.760057e-01 1.009406e-01
    outer loop
      vertex 6.894939e+00 -8.550562e+01 1.206213e-03
      vertex 6.983501e+00 -8.558846e+01 5.007713e-01
      vertex 6.884023e+00 -8.526845e+01 7.850745e-01
    endloop
  endfacet
  facet normal 9.211029e-01 3.760057e-01 -1.009406e-01
    outer loop
      vertex 6.894939e+00 -8.550562e+01 1.206213e-03
      vertex 6.884023e+00 -8.526845e+01 7.850745e-01
      vertex 6.983501e+00 -8.558846e+01 5.007713e-01
    endloop
  endfacet
  facet normal 1.733753e-02 3.423307e-03 -9.998438e-01
    outer loop
      vertex 6.860802e+00 -8.393591e+01 8.132669e-03
      vertex 6.882998e+00 -8.476283e+01 5.686325e-03
      vertex 6.759361e+00 -8.418925e+01 5.506285e-03
    endloop
  endfacet
  facet normal 2.152565e-01 9.764614e-01 -1.369659e-02
    outer loop
      vertex 6.464857e+00 -8.602282e+01 2.977521e+00
      vertex 6.178435e+00 -8.597038e+01 2.214433e+00
      vertex 6.158625e+00 -8.596199e+01 2.501410e+00
    endloop
  endfacet
  facet normal -2.152565e-01 -9.764614e-01 1.369659e-02
    outer loop
      vertex 6.464857e+00 -8.602282e+01 2.977521e+00
      vertex 6.158625e+00 -8.596199e+01 2.501410e+00
      vertex 6.178435e+00 -8.597038e+01 2.214433e+00
    endloop
  endfacet
  facet normal 3.802065e-02 9.617812e-01 -2.711668e-01
    outer loop
      vertex 6.869940e+00 -8.524386e+01 2.215248e+00
      vertex 6.461123e+00 -8.501987e+01 2.952358e+00
      vertex 6.860595e+00 -8.503321e+01 2.961067e+00
    endloop
  endfacet
  facet normal -3.882242e-01 -9.215648e-01 2.637183e-04
    outer loop
      vertex 6.451807e+00 -8.606421e+01 8.138298e-01
      vertex 6.447458e+00 -8.606254e+01 2.500000e-01
      vertex 6.465000e+00 -8.607000e+01 0.000000e+00
    endloop
  endfacet
  facet normal 3.882242e-01 9.215648e-01 -2.637183e-04
    outer loop
      vertex 6.451807e+00 -8.606421e+01 8.138298e-01
      vertex 6.465000e+00 -8.607000e+01 0.000000e+00
      vertex 6.447458e+00 -8.606254e+01 2.500000e-01
    endloop
  endfacet
  facet normal -1.607715e-02 1.167428e-03 -9.998701e-01
    outer loop
      vertex 6.111527e+00 -8.322222e+01 3.006667e+00
      vertex 5.930000e+00 -8.379162e+01 3.008921e+00
      vertex 6.146584e+00 -8.300000e+01 3.006363e+00
    endloop
  endfacet
  facet normal -9.910153e-01 9.081529e-02 -9.818999e-02
    outer loop
      vertex 6.055956e+00 -8.524840e+01 2.208206e+00
      vertex 5.947841e+00 -8.567089e+01 2.908638e+00
      vertex 5.966860e+00 -8.539247e+01 2.974190e+00
    endloop
  endfacet
  facet normal -3.928278e-01 -1.282249e-02 -9.195227e-01
    outer loop
      vertex 6.065573e+00 -8.592847e+01 2.947748e+00
      vertex 5.929996e+00 -8.594640e+01 3.005918e+00
      vertex 5.930000e+00 -8.570003e+01 3.002481e+00
    endloop
  endfacet
  facet normal 2.766336e-02 9.996080e-01 -4.322208e-03
    outer loop
      vertex 6.739494e+00 -8.597831e+01 7.885447e-01
      vertex 6.742687e+00 -8.597962e+01 5.054914e-01
      vertex 6.447581e+00 -8.597364e+01 7.636990e-05
    endloop
  endfacet
  facet normal -2.766336e-02 -9.996080e-01 4.322208e-03
    outer loop
      vertex 6.739494e+00 -8.597831e+01 7.885447e-01
      vertex 6.447581e+00 -8.597364e+01 7.636990e-05
      vertex 6.742687e+00 -8.597962e+01 5.054914e-01
    endloop
  endfacet
  facet normal 1.883222e-02 1.493539e-03 -9.998216e-01
    outer loop
      vertex 6.820273e+00 -8.353096e+01 4.652866e-03
      vertex 6.755438e+00 -8.300000e+01 4.224802e-03
      vertex 6.859822e+00 -8.317962e+01 5.922619e-03
    endloop
  endfacet
  facet normal 9.704084e-01 2.414620e-01 1.895614e-03
    outer loop
      vertex 6.872792e+00 -8.524973e+01 1.503325e+00
      vertex 6.869940e+00 -8.524386e+01 2.215248e+00
      vertex 6.975633e+00 -8.566825e+01 2.167250e+00
    endloop
  endfacet
  facet normal -9.997520e-01 1.808477e-04 2.227294e-02
    outer loop
      vertex 5.930162e+00 -8.359387e+01 6.750000e-03
      vertex 5.930000e+00 -8.379162e+01 1.078431e-03
      vertex 5.930006e+00 -8.426343e+01 5.187587e-03
    endloop
  endfacet
  facet normal 9.997520e-01 -1.808477e-04 -2.227294e-02
    outer loop
      vertex 5.930162e+00 -8.359387e+01 6.750000e-03
      vertex 5.930006e+00 -8.426343e+01 5.187587e-03
      vertex 5.930000e+00 -8.379162e+01 1.078431e-03
    endloop
  endfacet
  facet normal 1.706791e-03 -7.261969e-03 -9.999721e-01
    outer loop
      vertex 6.755438e+00 -8.300000e+01 4.224802e-03
      vertex 6.452290e+00 -8.317799e+01 4.999999e-03
      vertex 6.395149e+00 -8.300000e+01 3.609847e-03
    endloop
  endfacet
  facet normal -2.616125e-02 -8.180529e-03 -9.996243e-01
    outer loop
      vertex 6.773409e+00 -8.453002e+01 3.003606e+00
      vertex 6.878431e+00 -8.471884e+01 3.002403e+00
      vertex 6.770476e+00 -8.530180e+01 3.009999e+00
    endloop
  endfacet
  facet normal 1.050582e-01 -4.437950e-02 -9.934753e-01
    outer loop
      vertex 6.460855e+00 -8.501878e+01 6.208024e-02
      vertex 6.010812e+00 -8.481569e+01 5.416662e-03
      vertex 6.147111e+00 -8.452441e+01 6.818176e-03
    endloop
  endfacet
  facet normal 1.986340e-01 1.166814e-01 -9.731033e-01
    outer loop
      vertex 6.773409e+00 -8.453002e+01 3.003606e+00
      vertex 6.878431e+00 -8.471884e+01 3.002403e+00
      vertex 6.860595e+00 -8.503321e+01 2.961067e+00
    endloop
  endfacet
  facet normal -8.690513e-01 4.904985e-01 -6.450742e-02
    outer loop
      vertex 6.977509e+00 -8.562941e+01 1.806308e+00
      vertex 6.973844e+00 -8.567606e+01 1.500939e+00
      vertex 6.757999e+00 -8.596491e+01 2.212481e+00
    endloop
  endfacet
  facet normal 8.058117e-01 -5.921366e-01 -6.462188e-03
    outer loop
      vertex 6.757999e+00 -8.596491e+01 2.212481e+00
      vertex 6.975633e+00 -8.566825e+01 2.167250e+00
      vertex 6.973046e+00 -8.567541e+01 2.500426e+00
    endloop
  endfacet
  facet normal 9.860812e-01 -1.620871e-01 -3.703402e-02
    outer loop
      vertex 5.967087e+00 -8.539272e+01 3.105450e-02
      vertex 5.954474e+00 -8.565771e+01 8.549997e-01
      vertex 5.948002e+00 -8.561787e+01 5.083333e-01
    endloop
  endfacet
  facet normal -8.825362e-03 1.366334e-03 -9.999601e-01
    outer loop
      vertex 6.482529e+00 -8.349068e+01 3.002727e+00
      vertex 6.146584e+00 -8.300000e+01 3.006363e+00
      vertex 6.459722e+00 -8.319444e+01 3.003333e+00
    endloop
  endfacet
  facet normal -1.157689e-02 1.022809e-02 -9.998807e-01
    outer loop
      vertex 6.147111e+00 -8.452441e+01 6.818176e-03
      vertex 6.054772e+00 -8.529546e+01 0.000000e+00
      vertex 6.010812e+00 -8.481569e+01 5.416662e-03
    endloop
  endfacet
  facet normal 9.579266e-01 2.866911e-01 1.359545e-02
    outer loop
      vertex 6.961883e+00 -8.565820e+01 2.924028e+00
      vertex 6.973046e+00 -8.567541e+01 2.500426e+00
      vertex 6.975633e+00 -8.566825e+01 2.167250e+00
    endloop
  endfacet
  facet normal -9.579266e-01 -2.866911e-01 -1.359545e-02
    outer loop
      vertex 6.961883e+00 -8.565820e+01 2.924028e+00
      vertex 6.975633e+00 -8.566825e+01 2.167250e+00
      vertex 6.973046e+00 -8.567541e+01 2.500426e+00
    endloop
  endfacet
  facet normal -2.227818e-01 9.370415e-01 -2.689265e-01
    outer loop
      vertex 6.055956e+00 -8.524840e+01 2.208206e+00
      vertex 6.052780e+00 -8.503841e+01 2.942500e+00
      vertex 6.109799e+00 -8.515137e+01 2.501667e+00
    endloop
  endfacet
  facet normal 2.227818e-01 -9.370415e-01 2.689265e-01
    outer loop
      vertex 6.055956e+00 -8.524840e+01 2.208206e+00
      vertex 6.109799e+00 -8.515137e+01 2.501667e+00
      vertex 6.052780e+00 -8.503841e+01 2.942500e+00
    endloop
  endfacet
  facet normal -8.164451e-01 2.863699e-01 -5.014076e-01
    outer loop
      vertex 6.961883e+00 -8.565820e+01 2.924028e+00
      vertex 6.849942e+00 -8.591613e+01 2.958987e+00
      vertex 6.806074e+00 -8.595502e+01 3.008205e+00
    endloop
  endfacet
  facet normal 8.164451e-01 -2.863699e-01 5.014076e-01
    outer loop
      vertex 6.961883e+00 -8.565820e+01 2.924028e+00
      vertex 6.806074e+00 -8.595502e+01 3.008205e+00
      vertex 6.849942e+00 -8.591613e+01 2.958987e+00
    endloop
  endfacet
  facet normal -4.331668e-01 3.846539e-03 -9.013056e-01
    outer loop
      vertex 6.052780e+00 -8.503841e+01 2.942500e+00
      vertex 5.930015e+00 -8.483184e+01 3.002383e+00
      vertex 5.930006e+00 -8.426343e+01 3.004813e+00
    endloop
  endfacet
  facet normal 7.359768e-01 -6.346477e-01 -2.357126e-01
    outer loop
      vertex 6.894939e+00 -8.550562e+01 1.206213e-03
      vertex 6.983501e+00 -8.558846e+01 5.007713e-01
      vertex 6.739494e+00 -8.597831e+01 7.885447e-01
    endloop
  endfacet
  facet normal -9.909321e-01 1.343600e-01 1.012553e-03
    outer loop
      vertex 6.972760e+00 -8.567898e+01 8.274260e-01
      vertex 6.973844e+00 -8.567606e+01 1.500939e+00
      vertex 6.982308e+00 -8.561175e+01 1.250667e+00
    endloop
  endfacet
  facet normal 9.909321e-01 -1.343600e-01 -1.012553e-03
    outer loop
      vertex 6.972760e+00 -8.567898e+01 8.274260e-01
      vertex 6.982308e+00 -8.561175e+01 1.250667e+00
      vertex 6.973844e+00 -8.567606e+01 1.500939e+00
    endloop
  endfacet
  facet normal -9.670532e-01 2.452558e-01 6.824578e-02
    outer loop
      vertex 5.967087e+00 -8.539272e+01 3.105450e-02
      vertex 6.059592e+00 -8.524368e+01 8.062498e-01
      vertex 6.059618e+00 -8.503651e+01 6.215116e-02
    endloop
  endfacet
  facet normal 9.670532e-01 -2.452558e-01 -6.824578e-02
    outer loop
      vertex 5.967087e+00 -8.539272e+01 3.105450e-02
      vertex 6.059618e+00 -8.503651e+01 6.215116e-02
      vertex 6.059592e+00 -8.524368e+01 8.062498e-01
    endloop
  endfacet
  facet normal -1.539668e-01 -9.518733e-01 -2.650120e-01
    outer loop
      vertex 6.059592e+00 -8.524368e+01 8.062498e-01
      vertex 6.059618e+00 -8.503651e+01 6.215116e-02
      vertex 6.095606e+00 -8.516656e+01 5.083333e-01
    endloop
  endfacet
  facet normal 1.539668e-01 9.518733e-01 2.650120e-01
    outer loop
      vertex 6.059592e+00 -8.524368e+01 8.062498e-01
      vertex 6.095606e+00 -8.516656e+01 5.083333e-01
      vertex 6.059618e+00 -8.503651e+01 6.215116e-02
    endloop
  endfacet
  facet normal -9.997532e-01 1.802906e-04 -2.221420e-02
    outer loop
      vertex 5.930161e+00 -8.359387e+01 3.003251e+00
      vertex 5.930006e+00 -8.426343e+01 3.004813e+00
      vertex 5.930000e+00 -8.379162e+01 3.008921e+00
    endloop
  endfacet
  facet normal 9.997532e-01 -1.802906e-04 2.221420e-02
    outer loop
      vertex 5.930161e+00 -8.359387e+01 3.003251e+00
      vertex 5.930000e+00 -8.379162e+01 3.008921e+00
      vertex 5.930006e+00 -8.426343e+01 3.004813e+00
    endloop
  endfacet
  facet normal -3.264320e-03 5.749168e-04 -9.999945e-01
    outer loop
      vertex 6.390885e+00 -8.412856e+01 6.250000e-03
      vertex 6.147111e+00 -8.452441e+01 6.818176e-03
      vertex 6.049674e+00 -8.420232e+01 7.321422e-03
    endloop
  endfacet
  facet normal 9.357046e-01 3.522937e-01 1.860523e-02
    outer loop
      vertex 6.884023e+00 -8.526845e+01 7.850745e-01
      vertex 7.000000e+00 -8.553503e+01 0.000000e+00
      vertex 6.863987e+00 -8.517852e+01 8.992495e-02
    endloop
  endfacet
  facet normal -3.173867e-01 -9.482935e-01 2.278294e-03
    outer loop
      vertex 6.453312e+00 -8.606470e+01 1.500000e+00
      vertex 6.449582e+00 -8.606257e+01 1.869565e+00
      vertex 6.184170e+00 -8.597462e+01 1.503354e+00
    endloop
  endfacet
  facet normal -2.530293e-02 1.838729e-03 -9.996781e-01
    outer loop
      vertex 6.057989e+00 -8.357954e+01 4.749998e-03
      vertex 6.077291e+00 -8.317799e+01 5.000000e-03
      vertex 6.145149e+00 -8.300000e+01 3.609847e-03
    endloop
  endfacet
  facet normal 9.770790e-01 2.077512e-01 -4.643467e-02
    outer loop
      vertex 6.869940e+00 -8.524386e+01 2.215248e+00
      vertex 6.860595e+00 -8.503321e+01 2.961067e+00
      vertex 6.889248e+00 -8.527081e+01 2.500966e+00
    endloop
  endfacet
  facet normal -9.770790e-01 -2.077512e-01 4.643467e-02
    outer loop
      vertex 6.869940e+00 -8.524386e+01 2.215248e+00
      vertex 6.889248e+00 -8.527081e+01 2.500966e+00
      vertex 6.860595e+00 -8.503321e+01 2.961067e+00
    endloop
  endfacet
  facet normal -8.776741e-01 4.792579e-01 5.505711e-06
    outer loop
      vertex 6.055956e+00 -8.524840e+01 2.208206e+00
      vertex 6.108567e+00 -8.515205e+01 1.754167e+00
      vertex 6.047303e+00 -8.526424e+01 1.505001e+00
    endloop
  endfacet
  facet normal 8.776741e-01 -4.792579e-01 -5.505711e-06
    outer loop
      vertex 6.055956e+00 -8.524840e+01 2.208206e+00
      vertex 6.047303e+00 -8.526424e+01 1.505001e+00
      vertex 6.108567e+00 -8.515205e+01 1.754167e+00
    endloop
  endfacet
  facet normal -1.921374e-01 -9.813666e-01 1.706891e-03
    outer loop
      vertex 6.456927e+00 -8.606483e+01 2.250000e+00
      vertex 6.464652e+00 -8.606532e+01 2.843195e+00
      vertex 6.447458e+00 -8.606255e+01 2.500000e+00
    endloop
  endfacet
  facet normal 1.921374e-01 9.813666e-01 -1.706891e-03
    outer loop
      vertex 6.456927e+00 -8.606483e+01 2.250000e+00
      vertex 6.447458e+00 -8.606255e+01 2.500000e+00
      vertex 6.464652e+00 -8.606532e+01 2.843195e+00
    endloop
  endfacet
  facet normal -1.000000e+00 1.853902e-05 2.190317e-04
    outer loop
      vertex 5.930010e+00 -8.518073e+01 3.006421e+00
      vertex 5.930000e+00 -8.570003e+01 3.002481e+00
      vertex 5.929996e+00 -8.594640e+01 3.005918e+00
    endloop
  endfacet
  facet normal 1.000000e+00 -1.853902e-05 -2.190317e-04
    outer loop
      vertex 5.930010e+00 -8.518073e+01 3.006421e+00
      vertex 5.929996e+00 -8.594640e+01 3.005918e+00
      vertex 5.930000e+00 -8.570003e+01 3.002481e+00
    endloop
  endfacet
  facet normal -4.594884e-01 -8.859516e-01 -6.292953e-02
    outer loop
      vertex 6.863987e+00 -8.517852e+01 8.992495e-02
      vertex 6.454853e+00 -8.501783e+01 8.149997e-01
      vertex 6.493204e+00 -8.501594e+01 5.083333e-01
    endloop
  endfacet
  facet normal 2.855501e-02 5.581935e-03 -9.995766e-01
    outer loop
      vertex 6.493357e+00 -8.478049e+01 4.545455e-03
      vertex 6.490977e+00 -8.558229e+01 0.000000e+00
      vertex 6.406199e+00 -8.514860e+01 0.000000e+00
    endloop
  endfacet
  facet normal -2.842841e-03 8.011675e-03 -9.999638e-01
    outer loop
      vertex 6.774206e+00 -8.300000e+01 3.005829e+00
      vertex 6.887764e+00 -8.351537e+01 3.001377e+00
      vertex 6.482529e+00 -8.349068e+01 3.002727e+00
    endloop
  endfacet
  facet normal 9.092902e-01 -1.201132e-01 3.984521e-01
    outer loop
      vertex 6.894939e+00 -8.550562e+01 1.206213e-03
      vertex 6.777540e+00 -8.596395e+01 1.309540e-01
      vertex 6.837556e+00 -8.593781e+01 1.874147e-03
    endloop
  endfacet
  facet normal 8.907105e-01 -4.344457e-01 -1.337600e-01
    outer loop
      vertex 6.059592e+00 -8.524368e+01 8.062498e-01
      vertex 5.954933e+00 -8.567339e+01 1.505001e+00
      vertex 5.947322e+00 -8.561227e+01 1.255834e+00
    endloop
  endfacet
  facet normal -3.013052e-01 -9.535025e-01 6.940549e-03
    outer loop
      vertex 6.184170e+00 -8.597462e+01 1.503354e+00
      vertex 6.451807e+00 -8.606421e+01 8.138298e-01
      vertex 6.456615e+00 -8.606255e+01 1.250000e+00
    endloop
  endfacet
  facet normal -3.615499e-01 3.060992e-02 -9.318502e-01
    outer loop
      vertex 6.770476e+00 -8.530180e+01 3.009999e+00
      vertex 6.961883e+00 -8.565820e+01 2.924028e+00
      vertex 6.849942e+00 -8.591613e+01 2.958987e+00
    endloop
  endfacet
  facet normal -3.578725e-03 -5.716476e-03 -9.999772e-01
    outer loop
      vertex 6.773409e+00 -8.453002e+01 3.003606e+00
      vertex 6.409545e+00 -8.417110e+01 3.002857e+00
      vertex 6.823664e+00 -8.415359e+01 3.001275e+00
    endloop
  endfacet
  facet normal 9.994075e-01 -3.408090e-02 4.795391e-03
    outer loop
      vertex 5.952155e+00 -8.565041e+01 2.155002e+00
      vertex 5.951358e+00 -8.562502e+01 2.501667e+00
      vertex 5.947841e+00 -8.567089e+01 2.908638e+00
    endloop
  endfacet
  facet normal -9.994075e-01 3.408090e-02 -4.795391e-03
    outer loop
      vertex 5.952155e+00 -8.565041e+01 2.155002e+00
      vertex 5.947841e+00 -8.567089e+01 2.908638e+00
      vertex 5.951358e+00 -8.562502e+01 2.501667e+00
    endloop
  endfacet
  facet normal 8.120626e-01 -5.825636e-01 3.426337e-02
    outer loop
      vertex 6.739494e+00 -8.597831e+01 7.885447e-01
      vertex 6.777540e+00 -8.596395e+01 1.309540e-01
      vertex 6.968727e+00 -8.569032e+01 2.522074e-01
    endloop
  endfacet
  facet normal 6.368555e-03 2.536150e-03 -9.999765e-01
    outer loop
      vertex 6.774206e+00 -8.300000e+01 3.005829e+00
      vertex 6.482529e+00 -8.349068e+01 3.002727e+00
      vertex 6.459722e+00 -8.319444e+01 3.003333e+00
    endloop
  endfacet
  facet normal -1.196002e-04 -1.818826e-04 -1.000000e+00
    outer loop
      vertex 6.447581e+00 -8.597364e+01 7.636990e-05
      vertex 6.054772e+00 -8.529546e+01 0.000000e+00
      vertex 6.490977e+00 -8.558229e+01 0.000000e+00
    endloop
  endfacet
  facet normal -3.130308e-01 -9.496036e-01 -1.627040e-02
    outer loop
      vertex 6.451807e+00 -8.606421e+01 8.138298e-01
      vertex 6.187606e+00 -8.597677e+01 7.935053e-01
      vertex 6.463097e+00 -8.606255e+01 5.000000e-01
    endloop
  endfacet
  facet normal 6.364132e-02 2.668429e-01 -9.616365e-01
    outer loop
      vertex 6.894939e+00 -8.550562e+01 1.206213e-03
      vertex 6.863987e+00 -8.517852e+01 8.992495e-02
      vertex 7.000000e+00 -8.553503e+01 0.000000e+00
    endloop
  endfacet
  facet normal 2.682129e-01 -9.628959e-01 2.988866e-02
    outer loop
      vertex 6.464857e+00 -8.602282e+01 2.977521e+00
      vertex 6.757999e+00 -8.596491e+01 2.212481e+00
      vertex 6.849942e+00 -8.591613e+01 2.958987e+00
    endloop
  endfacet
  facet normal 9.950117e-01 9.847576e-02 -1.593917e-02
    outer loop
      vertex 6.894939e+00 -8.550562e+01 1.206213e-03
      vertex 6.863987e+00 -8.517852e+01 8.992495e-02
      vertex 6.884023e+00 -8.526845e+01 7.850745e-01
    endloop
  endfacet
  facet normal -9.950117e-01 -9.847576e-02 1.593917e-02
    outer loop
      vertex 6.894939e+00 -8.550562e+01 1.206213e-03
      vertex 6.884023e+00 -8.526845e+01 7.850745e-01
      vertex 6.863987e+00 -8.517852e+01 8.992495e-02
    endloop
  endfacet
  facet normal -4.316609e-01 -8.903139e-01 -1.449483e-01
    outer loop
      vertex 6.187606e+00 -8.597677e+01 7.935053e-01
      vertex 6.447581e+00 -8.597364e+01 7.636990e-05
      vertex 6.463097e+00 -8.606255e+01 5.000000e-01
    endloop
  endfacet
  facet normal -2.147020e-01 2.360262e-01 -9.477313e-01
    outer loop
      vertex 6.773409e+00 -8.453002e+01 3.003606e+00
      vertex 6.461123e+00 -8.501987e+01 2.952358e+00
      vertex 6.448076e+00 -8.482539e+01 3.003750e+00
    endloop
  endfacet
  facet normal 9.620068e-01 -1.622092e-01 -2.196158e-01
    outer loop
      vertex 6.869940e+00 -8.524386e+01 2.215248e+00
      vertex 7.000000e+00 -8.553500e+01 3.000000e+00
      vertex 6.961883e+00 -8.565820e+01 2.924028e+00
    endloop
  endfacet
  facet normal 1.705850e-03 8.576599e-03 -9.999618e-01
    outer loop
      vertex 6.017935e+00 -8.355727e+01 3.001364e+00
      vertex 6.146584e+00 -8.300000e+01 3.006363e+00
      vertex 6.482529e+00 -8.349068e+01 3.002727e+00
    endloop
  endfacet
  facet normal 2.652608e-03 6.073972e-03 -9.999780e-01
    outer loop
      vertex 6.894939e+00 -8.550562e+01 1.206213e-03
      vertex 6.493357e+00 -8.478049e+01 4.545455e-03
      vertex 6.882998e+00 -8.476283e+01 5.686325e-03
    endloop
  endfacet
  facet normal -3.212490e-01 -9.469946e-01 5.620189e-04
    outer loop
      vertex 6.178435e+00 -8.597038e+01 2.214433e+00
      vertex 6.449582e+00 -8.606257e+01 1.869565e+00
      vertex 6.456927e+00 -8.606483e+01 2.250000e+00
    endloop
  endfacet
  facet normal -7.115951e-01 -6.618491e-01 -2.357710e-01
    outer loop
      vertex 6.187606e+00 -8.597677e+01 7.935053e-01
      vertex 6.447581e+00 -8.597364e+01 7.636990e-05
      vertex 6.447458e+00 -8.606254e+01 2.500000e-01
    endloop
  endfacet
  facet normal 7.115951e-01 6.618491e-01 2.357710e-01
    outer loop
      vertex 6.187606e+00 -8.597677e+01 7.935053e-01
      vertex 6.447458e+00 -8.606254e+01 2.500000e-01
      vertex 6.447581e+00 -8.597364e+01 7.636990e-05
    endloop
  endfacet
  facet normal 8.600485e-01 -5.065454e-01 6.106043e-02
    outer loop
      vertex 6.972760e+00 -8.567898e+01 8.274260e-01
      vertex 6.982308e+00 -8.561175e+01 1.250667e+00
      vertex 6.755234e+00 -8.596683e+01 1.503387e+00
    endloop
  endfacet
  facet normal -7.910476e-01 -6.025648e-01 1.056385e-01
    outer loop
      vertex 6.184170e+00 -8.597462e+01 1.503354e+00
      vertex 5.951356e+00 -8.562501e+01 1.754166e+00
      vertex 5.954933e+00 -8.567339e+01 1.505001e+00
    endloop
  endfacet
  facet normal -6.853230e-01 -8.420862e-03 -7.281905e-01
    outer loop
      vertex 5.930010e+00 -8.518073e+01 3.006421e+00
      vertex 5.930015e+00 -8.483184e+01 3.002383e+00
      vertex 5.966860e+00 -8.539247e+01 2.974190e+00
    endloop
  endfacet
  facet normal -9.694781e-01 2.449802e-01 -9.840997e-03
    outer loop
      vertex 6.047303e+00 -8.526424e+01 1.505001e+00
      vertex 6.059592e+00 -8.524368e+01 8.062498e-01
      vertex 5.954474e+00 -8.565771e+01 8.549997e-01
    endloop
  endfacet
  facet normal 9.694781e-01 -2.449802e-01 9.840997e-03
    outer loop
      vertex 6.047303e+00 -8.526424e+01 1.505001e+00
      vertex 5.954474e+00 -8.565771e+01 8.549997e-01
      vertex 6.059592e+00 -8.524368e+01 8.062498e-01
    endloop
  endfacet
  facet normal -2.866096e-01 9.579816e-01 1.123957e-02
    outer loop
      vertex 6.449582e+00 -8.606257e+01 1.869565e+00
      vertex 6.456927e+00 -8.606483e+01 2.250000e+00
      vertex 6.755234e+00 -8.596683e+01 1.503387e+00
    endloop
  endfacet
  facet normal 2.866096e-01 -9.579816e-01 -1.123957e-02
    outer loop
      vertex 6.449582e+00 -8.606257e+01 1.869565e+00
      vertex 6.755234e+00 -8.596683e+01 1.503387e+00
      vertex 6.456927e+00 -8.606483e+01 2.250000e+00
    endloop
  endfacet
  facet normal -4.951971e-01 8.686762e-01 -1.347205e-02
    outer loop
      vertex 6.055956e+00 -8.524840e+01 2.208206e+00
      vertex 6.460167e+00 -8.501814e+01 2.197807e+00
      vertex 6.047303e+00 -8.526424e+01 1.505001e+00
    endloop
  endfacet
  facet normal -2.822163e-01 -1.781238e-01 -9.426696e-01
    outer loop
      vertex 6.729733e+00 -8.453815e+01 9.116496e-03
      vertex 6.882998e+00 -8.476283e+01 5.686325e-03
      vertex 6.863987e+00 -8.517852e+01 8.992495e-02
    endloop
  endfacet
  facet normal 3.278153e-02 -1.312441e-02 -9.993764e-01
    outer loop
      vertex 6.493357e+00 -8.478049e+01 4.545455e-03
      vertex 6.759361e+00 -8.418925e+01 5.506285e-03
      vertex 6.729733e+00 -8.453815e+01 9.116496e-03
    endloop
  endfacet
  facet normal -4.127833e-01 1.866563e-02 -9.106380e-01
    outer loop
      vertex 5.966860e+00 -8.539247e+01 2.974190e+00
      vertex 5.930015e+00 -8.483184e+01 3.002383e+00
      vertex 6.052780e+00 -8.503841e+01 2.942500e+00
    endloop
  endfacet
  facet normal -5.869054e-02 -2.476247e-03 -9.982731e-01
    outer loop
      vertex 6.397777e+00 -8.300000e+01 3.006493e+00
      vertex 6.459722e+00 -8.319444e+01 3.003333e+00
      vertex 6.482529e+00 -8.349068e+01 3.002727e+00
    endloop
  endfacet
  facet normal 8.066357e-01 -5.910298e-01 4.763347e-03
    outer loop
      vertex 6.757999e+00 -8.596491e+01 2.212481e+00
      vertex 6.973844e+00 -8.567606e+01 1.500939e+00
      vertex 6.975633e+00 -8.566825e+01 2.167250e+00
    endloop
  endfacet
  facet normal 6.546304e-01 6.192352e-02 -7.534086e-01
    outer loop
      vertex 6.860595e+00 -8.503321e+01 2.961067e+00
      vertex 6.823664e+00 -8.415359e+01 3.001275e+00
      vertex 6.878431e+00 -8.471884e+01 3.002403e+00
    endloop
  endfacet
  facet normal -8.080767e-01 -2.436192e-01 -5.363409e-01
    outer loop
      vertex 6.147111e+00 -8.452441e+01 6.818176e-03
      vertex 6.049674e+00 -8.420232e+01 7.321422e-03
      vertex 5.930000e+00 -8.379162e+01 1.078431e-03
    endloop
  endfacet
  facet normal -9.036920e-01 4.281703e-01 -3.293561e-03
    outer loop
      vertex 6.047303e+00 -8.526424e+01 1.505001e+00
      vertex 6.094239e+00 -8.516709e+01 1.255834e+00
      vertex 6.059592e+00 -8.524368e+01 8.062498e-01
    endloop
  endfacet
  facet normal 9.036920e-01 -4.281703e-01 3.293561e-03
    outer loop
      vertex 6.047303e+00 -8.526424e+01 1.505001e+00
      vertex 6.059592e+00 -8.524368e+01 8.062498e-01
      vertex 6.094239e+00 -8.516709e+01 1.255834e+00
    endloop
  endfacet
  facet normal -8.814266e-01 -4.494149e-01 -1.453041e-01
    outer loop
      vertex 6.884023e+00 -8.526845e+01 7.850745e-01
      vertex 6.982308e+00 -8.561175e+01 1.250667e+00
      vertex 6.973844e+00 -8.567606e+01 1.500939e+00
    endloop
  endfacet
  facet normal -8.583230e-01 -5.061613e-01 8.415689e-02
    outer loop
      vertex 5.952297e+00 -8.569367e+01 9.625001e-02
      vertex 6.187606e+00 -8.597677e+01 7.935053e-01
      vertex 5.948002e+00 -8.561787e+01 5.083333e-01
    endloop
  endfacet
  facet normal 9.774767e-01 2.110285e-01 -2.485486e-03
    outer loop
      vertex 6.884023e+00 -8.526845e+01 7.850745e-01
      vertex 6.973844e+00 -8.567606e+01 1.500939e+00
      vertex 6.972760e+00 -8.567898e+01 8.274260e-01
    endloop
  endfacet
  facet normal 8.627859e-01 1.891288e-01 -4.688611e-01
    outer loop
      vertex 6.773409e+00 -8.453002e+01 3.003606e+00
      vertex 6.931612e+00 -8.533920e+01 2.968319e+00
      vertex 6.860595e+00 -8.503321e+01 2.961067e+00
    endloop
  endfacet
  facet normal -8.627859e-01 -1.891288e-01 4.688611e-01
    outer loop
      vertex 6.773409e+00 -8.453002e+01 3.003606e+00
      vertex 6.860595e+00 -8.503321e+01 2.961067e+00
      vertex 6.931612e+00 -8.533920e+01 2.968319e+00
    endloop
  endfacet
  facet normal 5.046133e-01 8.633192e-01 6.738332e-03
    outer loop
      vertex 6.884023e+00 -8.526845e+01 7.850745e-01
      vertex 6.454853e+00 -8.501783e+01 8.149997e-01
      vertex 6.447975e+00 -8.501920e+01 1.504999e+00
    endloop
  endfacet
  facet normal 3.298244e-03 4.640529e-04 -9.999944e-01
    outer loop
      vertex 6.057989e+00 -8.357954e+01 4.749998e-03
      vertex 5.929993e+00 -8.300000e+01 4.596770e-03
      vertex 6.077291e+00 -8.317799e+01 5.000000e-03
    endloop
  endfacet
  facet normal 4.685860e-01 8.833943e-01 -6.448501e-03
    outer loop
      vertex 6.187606e+00 -8.597677e+01 7.935053e-01
      vertex 6.185182e+00 -8.597758e+01 5.055128e-01
      vertex 6.078651e+00 -8.592476e+01 1.106984e-03
    endloop
  endfacet
  facet normal -4.685860e-01 -8.833943e-01 6.448501e-03
    outer loop
      vertex 6.187606e+00 -8.597677e+01 7.935053e-01
      vertex 6.078651e+00 -8.592476e+01 1.106984e-03
      vertex 6.185182e+00 -8.597758e+01 5.055128e-01
    endloop
  endfacet
  facet normal 6.742553e-01 -4.042870e-02 -7.373909e-01
    outer loop
      vertex 6.049674e+00 -8.420232e+01 7.321422e-03
      vertex 6.059618e+00 -8.503651e+01 6.215116e-02
      vertex 6.010812e+00 -8.481569e+01 5.416662e-03
    endloop
  endfacet
  facet normal 9.812570e-01 1.539316e-01 1.159305e-01
    outer loop
      vertex 6.493357e+00 -8.478049e+01 4.545455e-03
      vertex 6.449599e+00 -8.449813e+01 0.000000e+00
      vertex 6.390885e+00 -8.412856e+01 6.250000e-03
    endloop
  endfacet
  facet normal -9.812570e-01 -1.539316e-01 -1.159305e-01
    outer loop
      vertex 6.493357e+00 -8.478049e+01 4.545455e-03
      vertex 6.390885e+00 -8.412856e+01 6.250000e-03
      vertex 6.449599e+00 -8.449813e+01 0.000000e+00
    endloop
  endfacet
  facet normal 3.193169e-01 9.476454e-01 -2.255062e-03
    outer loop
      vertex 6.178435e+00 -8.597038e+01 2.214433e+00
      vertex 6.449582e+00 -8.606257e+01 1.869565e+00
      vertex 6.453312e+00 -8.606470e+01 1.500000e+00
    endloop
  endfacet
  facet normal -3.193169e-01 -9.476454e-01 2.255062e-03
    outer loop
      vertex 6.178435e+00 -8.597038e+01 2.214433e+00
      vertex 6.453312e+00 -8.606470e+01 1.500000e+00
      vertex 6.449582e+00 -8.606257e+01 1.869565e+00
    endloop
  endfacet
  facet normal -6.391063e-01 5.848630e-03 -7.690961e-01
    outer loop
      vertex 5.930010e+00 -8.518073e+01 3.006421e+00
      vertex 5.966860e+00 -8.539247e+01 2.974190e+00
      vertex 5.930000e+00 -8.570003e+01 3.002481e+00
    endloop
  endfacet
  facet normal -9.653521e-01 2.608818e-01 6.003003e-03
    outer loop
      vertex 6.055956e+00 -8.524840e+01 2.208206e+00
      vertex 6.047303e+00 -8.526424e+01 1.505001e+00
      vertex 5.951356e+00 -8.562501e+01 1.754166e+00
    endloop
  endfacet
  facet normal 9.653521e-01 -2.608818e-01 -6.003003e-03
    outer loop
      vertex 6.055956e+00 -8.524840e+01 2.208206e+00
      vertex 5.951356e+00 -8.562501e+01 1.754166e+00
      vertex 6.047303e+00 -8.526424e+01 1.505001e+00
    endloop
  endfacet
  facet normal -6.153141e-02 -9.442360e-01 3.234693e-01
    outer loop
      vertex 6.055956e+00 -8.524840e+01 2.208206e+00
      vertex 6.461123e+00 -8.501987e+01 2.952358e+00
      vertex 6.109799e+00 -8.515137e+01 2.501667e+00
    endloop
  endfacet
  facet normal -9.999922e-01 6.361421e-05 -3.959952e-03
    outer loop
      vertex 5.930015e+00 -8.483184e+01 7.617591e-03
      vertex 5.930054e+00 -8.450233e+01 2.916667e-03
      vertex 5.930008e+00 -8.518073e+01 3.578354e-03
    endloop
  endfacet
  facet normal -9.690413e-01 2.468095e-01 6.637055e-03
    outer loop
      vertex 6.059592e+00 -8.524368e+01 8.062498e-01
      vertex 5.954474e+00 -8.565771e+01 8.549997e-01
      vertex 5.954933e+00 -8.567339e+01 1.505001e+00
    endloop
  endfacet
  facet normal 7.897627e-01 -5.973280e-01 -1.395498e-01
    outer loop
      vertex 6.739494e+00 -8.597831e+01 7.885447e-01
      vertex 6.983501e+00 -8.558846e+01 5.007713e-01
      vertex 6.972760e+00 -8.567898e+01 8.274260e-01
    endloop
  endfacet
  facet normal -3.301182e-03 4.925606e-04 -9.999944e-01
    outer loop
      vertex 6.823664e+00 -8.415359e+01 3.001275e+00
      vertex 6.482529e+00 -8.349068e+01 3.002727e+00
      vertex 6.887764e+00 -8.351537e+01 3.001377e+00
    endloop
  endfacet
  facet normal 4.826561e-01 8.757940e-01 -5.293019e-03
    outer loop
      vertex 6.872792e+00 -8.524973e+01 1.503325e+00
      vertex 6.460167e+00 -8.501814e+01 2.197807e+00
      vertex 6.869940e+00 -8.524386e+01 2.215248e+00
    endloop
  endfacet
  facet normal 3.533695e-01 -9.332394e-01 6.476307e-02
    outer loop
      vertex 6.464857e+00 -8.602282e+01 2.977521e+00
      vertex 6.447458e+00 -8.606255e+01 2.500000e+00
      vertex 6.757999e+00 -8.596491e+01 2.212481e+00
    endloop
  endfacet
  facet normal -4.414737e-02 9.990237e-01 -1.617322e-03
    outer loop
      vertex 6.460855e+00 -8.501878e+01 6.208024e-02
      vertex 6.059618e+00 -8.503651e+01 6.215116e-02
      vertex 6.454853e+00 -8.501783e+01 8.149997e-01
    endloop
  endfacet
  facet normal 8.657783e-01 -5.003844e-01 6.587241e-03
    outer loop
      vertex 6.055956e+00 -8.524840e+01 2.208206e+00
      vertex 6.109799e+00 -8.515137e+01 2.501667e+00
      vertex 5.966860e+00 -8.539247e+01 2.974190e+00
    endloop
  endfacet
  facet normal -8.657783e-01 5.003844e-01 -6.587241e-03
    outer loop
      vertex 6.055956e+00 -8.524840e+01 2.208206e+00
      vertex 5.966860e+00 -8.539247e+01 2.974190e+00
      vertex 6.109799e+00 -8.515137e+01 2.501667e+00
    endloop
  endfacet
  facet normal -9.996991e-01 2.326220e-02 7.780346e-03
    outer loop
      vertex 6.451807e+00 -8.606421e+01 8.138298e-01
      vertex 6.447581e+00 -8.597364e+01 7.636990e-05
      vertex 6.447458e+00 -8.606254e+01 2.500000e-01
    endloop
  endfacet
  facet normal 9.996991e-01 -2.326220e-02 -7.780346e-03
    outer loop
      vertex 6.451807e+00 -8.606421e+01 8.138298e-01
      vertex 6.447458e+00 -8.606254e+01 2.500000e-01
      vertex 6.447581e+00 -8.597364e+01 7.636990e-05
    endloop
  endfacet
  facet normal -9.668524e-01 2.509935e-01 4.689065e-02
    outer loop
      vertex 5.948002e+00 -8.561787e+01 5.083333e-01
      vertex 5.954474e+00 -8.565771e+01 8.549997e-01
      vertex 6.059592e+00 -8.524368e+01 8.062498e-01
    endloop
  endfacet
  facet normal -2.340888e-01 -8.146452e-01 -5.306183e-01
    outer loop
      vertex 6.894939e+00 -8.550562e+01 1.206213e-03
      vertex 7.000000e+00 -8.553503e+01 0.000000e+00
      vertex 6.968727e+00 -8.569032e+01 2.522074e-01
    endloop
  endfacet
  facet normal 2.985042e-01 -9.543681e-01 8.756969e-03
    outer loop
      vertex 6.739494e+00 -8.597831e+01 7.885447e-01
      vertex 6.755234e+00 -8.596683e+01 1.503387e+00
      vertex 6.456615e+00 -8.606255e+01 1.250000e+00
    endloop
  endfacet
  facet normal 2.715477e-02 -9.768379e-04 -9.996307e-01
    outer loop
      vertex 5.930008e+00 -8.518073e+01 3.578354e-03
      vertex 5.930054e+00 -8.450233e+01 2.916667e-03
      vertex 6.010812e+00 -8.481569e+01 5.416662e-03
    endloop
  endfacet
  facet normal 9.996706e-01 -4.242366e-05 2.566346e-02
    outer loop
      vertex 5.930008e+00 -8.518073e+01 3.578354e-03
      vertex 5.930054e+00 -8.450233e+01 2.916667e-03
      vertex 5.930006e+00 -8.426343e+01 5.187587e-03
    endloop
  endfacet
  facet normal -9.996706e-01 4.242366e-05 -2.566346e-02
    outer loop
      vertex 5.930008e+00 -8.518073e+01 3.578354e-03
      vertex 5.930006e+00 -8.426343e+01 5.187587e-03
      vertex 5.930054e+00 -8.450233e+01 2.916667e-03
    endloop
  endfacet
  facet normal -2.191372e-02 9.995925e-04 -9.997594e-01
    outer loop
      vertex 6.020619e+00 -8.418018e+01 3.000682e+00
      vertex 5.930161e+00 -8.359387e+01 3.003251e+00
      vertex 6.017935e+00 -8.355727e+01 3.001364e+00
    endloop
  endfacet
  facet normal -4.543763e-03 1.087308e-02 -9.999306e-01
    outer loop
      vertex 6.054772e+00 -8.529546e+01 0.000000e+00
      vertex 6.010812e+00 -8.481569e+01 5.416662e-03
      vertex 6.406199e+00 -8.514860e+01 0.000000e+00
    endloop
  endfacet
  facet normal 5.633705e-03 -2.257726e-03 -9.999816e-01
    outer loop
      vertex 5.929994e+00 -8.300000e+01 3.005142e+00
      vertex 6.146584e+00 -8.300000e+01 3.006363e+00
      vertex 6.111527e+00 -8.322222e+01 3.006667e+00
    endloop
  endfacet
  facet normal -8.334640e-01 -5.525632e-01 -3.431580e-03
    outer loop
      vertex 6.178435e+00 -8.597038e+01 2.214433e+00
      vertex 5.951356e+00 -8.562501e+01 1.754166e+00
      vertex 6.184170e+00 -8.597462e+01 1.503354e+00
    endloop
  endfacet
  facet normal -1.629897e-03 2.358376e-03 -9.999959e-01
    outer loop
      vertex 6.493357e+00 -8.478049e+01 4.545455e-03
      vertex 6.390885e+00 -8.412856e+01 6.250000e-03
      vertex 6.759361e+00 -8.418925e+01 5.506285e-03
    endloop
  endfacet
  facet normal 2.879130e-03 5.628123e-04 -9.999956e-01
    outer loop
      vertex 6.894939e+00 -8.550562e+01 1.206213e-03
      vertex 6.490977e+00 -8.558229e+01 0.000000e+00
      vertex 6.406199e+00 -8.514860e+01 0.000000e+00
    endloop
  endfacet
  facet normal 5.096558e-01 8.601146e-01 2.130501e-02
    outer loop
      vertex 6.869940e+00 -8.524386e+01 2.215248e+00
      vertex 6.470628e+00 -8.501434e+01 2.501667e+00
      vertex 6.461123e+00 -8.501987e+01 2.952358e+00
    endloop
  endfacet
  facet normal 3.082830e-01 -9.512557e-01 8.609960e-03
    outer loop
      vertex 6.453312e+00 -8.606470e+01 1.500000e+00
      vertex 6.755234e+00 -8.596683e+01 1.503387e+00
      vertex 6.449582e+00 -8.606257e+01 1.869565e+00
    endloop
  endfacet
  facet normal -9.979892e-01 -6.335208e-02 -2.025629e-03
    outer loop
      vertex 5.952155e+00 -8.565041e+01 2.155002e+00
      vertex 5.951356e+00 -8.562501e+01 1.754166e+00
      vertex 5.954933e+00 -8.567339e+01 1.505001e+00
    endloop
  endfacet
  facet normal 9.979892e-01 6.335208e-02 2.025629e-03
    outer loop
      vertex 5.952155e+00 -8.565041e+01 2.155002e+00
      vertex 5.954933e+00 -8.567339e+01 1.505001e+00
      vertex 5.951356e+00 -8.562501e+01 1.754166e+00
    endloop
  endfacet
  facet normal -3.207842e-01 -9.471459e-01 -3.479300e-03
    outer loop
      vertex 6.178435e+00 -8.597038e+01 2.214433e+00
      vertex 6.456927e+00 -8.606483e+01 2.250000e+00
      vertex 6.447458e+00 -8.606255e+01 2.500000e+00
    endloop
  endfacet
  facet normal -7.900445e-01 -6.005505e-01 -1.231607e-01
    outer loop
      vertex 6.184170e+00 -8.597462e+01 1.503354e+00
      vertex 5.954933e+00 -8.567339e+01 1.505001e+00
      vertex 5.947322e+00 -8.561227e+01 1.255834e+00
    endloop
  endfacet
  facet normal -4.073445e-01 -9.087849e-01 9.044658e-02
    outer loop
      vertex 6.464857e+00 -8.602282e+01 2.977521e+00
      vertex 6.178435e+00 -8.597038e+01 2.214433e+00
      vertex 6.447458e+00 -8.606255e+01 2.500000e+00
    endloop
  endfacet
  facet normal 8.825625e-01 -4.699571e-01 -1.496202e-02
    outer loop
      vertex 5.967087e+00 -8.539272e+01 3.105450e-02
      vertex 6.095606e+00 -8.516656e+01 5.083333e-01
      vertex 6.059592e+00 -8.524368e+01 8.062498e-01
    endloop
  endfacet
  facet normal -8.825625e-01 4.699571e-01 1.496202e-02
    outer loop
      vertex 5.967087e+00 -8.539272e+01 3.105450e-02
      vertex 6.059592e+00 -8.524368e+01 8.062498e-01
      vertex 6.095606e+00 -8.516656e+01 5.083333e-01
    endloop
  endfacet
  facet normal 6.601209e-02 -9.864324e-01 -1.503118e-01
    outer loop
      vertex 6.065573e+00 -8.592847e+01 2.947748e+00
      vertex 6.157273e+00 -8.593182e+01 3.010000e+00
      vertex 5.929996e+00 -8.594640e+01 3.005918e+00
    endloop
  endfacet
  facet normal -1.762449e-03 1.568562e-02 -9.998754e-01
    outer loop
      vertex 6.774206e+00 -8.300000e+01 3.005829e+00
      vertex 6.459722e+00 -8.319444e+01 3.003333e+00
      vertex 6.397777e+00 -8.300000e+01 3.006493e+00
    endloop
  endfacet
  facet normal -8.690842e-01 -4.831426e-01 -1.061411e-01
    outer loop
      vertex 6.065573e+00 -8.592847e+01 2.947748e+00
      vertex 5.951358e+00 -8.562502e+01 2.501667e+00
      vertex 6.178435e+00 -8.597038e+01 2.214433e+00
    endloop
  endfacet
  facet normal 9.457295e-01 3.242375e-01 -2.158011e-02
    outer loop
      vertex 6.065573e+00 -8.592847e+01 2.947748e+00
      vertex 5.952155e+00 -8.565041e+01 2.155002e+00
      vertex 5.951358e+00 -8.562502e+01 2.501667e+00
    endloop
  endfacet
  facet normal -4.435720e-01 8.961920e-01 -9.158398e-03
    outer loop
      vertex 6.739494e+00 -8.597831e+01 7.885447e-01
      vertex 6.837556e+00 -8.593781e+01 1.874147e-03
      vertex 6.742687e+00 -8.597962e+01 5.054914e-01
    endloop
  endfacet
  facet normal 4.435720e-01 -8.961920e-01 9.158398e-03
    outer loop
      vertex 6.739494e+00 -8.597831e+01 7.885447e-01
      vertex 6.742687e+00 -8.597962e+01 5.054914e-01
      vertex 6.837556e+00 -8.593781e+01 1.874147e-03
    endloop
  endfacet
  facet normal 9.994562e-01 3.881938e-04 3.297077e-02
    outer loop
      vertex 6.983501e+00 -8.558846e+01 5.007713e-01
      vertex 6.972760e+00 -8.567898e+01 8.274260e-01
      vertex 7.000000e+00 -8.553503e+01 0.000000e+00
    endloop
  endfacet
  facet normal 9.711940e-01 2.194959e-01 9.275561e-02
    outer loop
      vertex 6.884023e+00 -8.526845e+01 7.850745e-01
      vertex 6.972760e+00 -8.567898e+01 8.274260e-01
      vertex 6.983501e+00 -8.558846e+01 5.007713e-01
    endloop
  endfacet
  facet normal -4.960528e-01 8.682864e-01 -3.225768e-03
    outer loop
      vertex 6.447975e+00 -8.501920e+01 1.504999e+00
      vertex 6.454853e+00 -8.501783e+01 8.149997e-01
      vertex 6.059592e+00 -8.524368e+01 8.062498e-01
    endloop
  endfacet
  facet normal -3.162775e-01 -9.486516e-01 5.351389e-03
    outer loop
      vertex 6.187606e+00 -8.597677e+01 7.935053e-01
      vertex 6.118924e+00 -8.595768e+01 1.181545e-01
      vertex 6.185182e+00 -8.597758e+01 5.055128e-01
    endloop
  endfacet
  facet normal 3.162775e-01 9.486516e-01 -5.351389e-03
    outer loop
      vertex 6.187606e+00 -8.597677e+01 7.935053e-01
      vertex 6.185182e+00 -8.597758e+01 5.055128e-01
      vertex 6.118924e+00 -8.595768e+01 1.181545e-01
    endloop
  endfacet
  facet normal -9.628991e-01 2.691933e-01 1.898191e-02
    outer loop
      vertex 6.047303e+00 -8.526424e+01 1.505001e+00
      vertex 5.951356e+00 -8.562501e+01 1.754166e+00
      vertex 5.952155e+00 -8.565041e+01 2.155002e+00
    endloop
  endfacet
  facet normal -8.290426e-01 -5.029721e-01 2.443509e-01
    outer loop
      vertex 5.930000e+00 -8.570003e+01 7.518529e-03
      vertex 6.118924e+00 -8.595768e+01 1.181545e-01
      vertex 5.952297e+00 -8.569367e+01 9.625001e-02
    endloop
  endfacet
  facet normal 9.793966e-01 -2.019252e-01 -2.887094e-03
    outer loop
      vertex 6.968727e+00 -8.569032e+01 2.522074e-01
      vertex 7.000000e+00 -8.553503e+01 0.000000e+00
      vertex 6.972760e+00 -8.567898e+01 8.274260e-01
    endloop
  endfacet
  facet normal 1.870546e-02 7.220853e-03 -9.997990e-01
    outer loop
      vertex 6.147111e+00 -8.452441e+01 6.818176e-03
      vertex 5.930054e+00 -8.450233e+01 2.916667e-03
      vertex 6.049674e+00 -8.420232e+01 7.321422e-03
    endloop
  endfacet
  facet normal -2.785398e-01 9.604137e-01 4.585154e-03
    outer loop
      vertex 6.453312e+00 -8.606470e+01 1.500000e+00
      vertex 6.739494e+00 -8.597831e+01 7.885447e-01
      vertex 6.456615e+00 -8.606255e+01 1.250000e+00
    endloop
  endfacet
  facet normal -1.938231e-01 8.076177e-03 -9.810033e-01
    outer loop
      vertex 6.448076e+00 -8.482539e+01 3.003750e+00
      vertex 6.396667e+00 -8.530000e+01 3.010000e+00
      vertex 6.430000e+00 -8.450000e+01 3.010000e+00
    endloop
  endfacet
  facet normal -5.578069e-01 7.836508e-01 2.733913e-01
    outer loop
      vertex 6.059618e+00 -8.503651e+01 6.215116e-02
      vertex 6.095606e+00 -8.516656e+01 5.083333e-01
      vertex 6.454853e+00 -8.501783e+01 8.149997e-01
    endloop
  endfacet
  facet normal 3.087968e-03 -5.375625e-04 -9.999951e-01
    outer loop
      vertex 6.894939e+00 -8.550562e+01 1.206213e-03
      vertex 6.447581e+00 -8.597364e+01 7.636990e-05
      vertex 6.490977e+00 -8.558229e+01 0.000000e+00
    endloop
  endfacet
  facet normal -9.043434e-01 1.104596e-03 -4.268043e-01
    outer loop
      vertex 5.930161e+00 -8.359387e+01 3.003251e+00
      vertex 5.930000e+00 -8.321125e+01 3.004584e+00
      vertex 5.929994e+00 -8.300000e+01 3.005142e+00
    endloop
  endfacet
  facet normal 9.043434e-01 -1.104596e-03 4.268043e-01
    outer loop
      vertex 5.930161e+00 -8.359387e+01 3.003251e+00
      vertex 5.929994e+00 -8.300000e+01 3.005142e+00
      vertex 5.930000e+00 -8.321125e+01 3.004584e+00
    endloop
  endfacet
  facet normal 4.630839e-02 2.181417e-03 -9.989248e-01
    outer loop
      vertex 6.147111e+00 -8.452441e+01 6.818176e-03
      vertex 5.975333e+00 -8.400000e+01 0.000000e+00
      vertex 6.057989e+00 -8.357954e+01 4.749998e-03
    endloop
  endfacet
  facet normal -9.994052e-01 -1.718204e-04 -3.448431e-02
    outer loop
      vertex 5.930161e+00 -8.359387e+01 3.003251e+00
      vertex 5.930000e+00 -8.379162e+01 3.008921e+00
      vertex 5.929994e+00 -8.300000e+01 3.005142e+00
    endloop
  endfacet
  facet normal 0.000000e+00 0.000000e+00 -1.000000e+00
    outer loop
      vertex 6.054772e+00 -8.529546e+01 0.000000e+00
      vertex 6.406199e+00 -8.514860e+01 0.000000e+00
      vertex 6.490977e+00 -8.558229e+01 0.000000e+00
    endloop
  endfacet
  facet normal 2.466324e-02 8.845469e-02 -9.957748e-01
    outer loop
      vertex 6.773409e+00 -8.453002e+01 3.003606e+00
      vertex 6.860595e+00 -8.503321e+01 2.961067e+00
      vertex 6.461123e+00 -8.501987e+01 2.952358e+00
    endloop
  endfacet
  facet normal -9.316102e-01 -3.617286e-01 -3.542166e-02
    outer loop
      vertex 6.451807e+00 -8.606421e+01 8.138298e-01
      vertex 6.447581e+00 -8.597364e+01 7.636990e-05
      vertex 6.463097e+00 -8.606255e+01 5.000000e-01
    endloop
  endfacet
  facet normal 9.316102e-01 3.617286e-01 3.542166e-02
    outer loop
      vertex 6.451807e+00 -8.606421e+01 8.138298e-01
      vertex 6.463097e+00 -8.606255e+01 5.000000e-01
      vertex 6.447581e+00 -8.597364e+01 7.636990e-05
    endloop
  endfacet
  facet normal -8.178194e-01 -5.752287e-01 1.683485e-02
    outer loop
      vertex 6.178435e+00 -8.597038e+01 2.214433e+00
      vertex 5.952155e+00 -8.565041e+01 2.155002e+00
      vertex 5.954933e+00 -8.567339e+01 1.505001e+00
    endloop
  endfacet
  facet normal -4.922647e-01 8.552600e-01 1.618823e-01
    outer loop
      vertex 6.059592e+00 -8.524368e+01 8.062498e-01
      vertex 6.454853e+00 -8.501783e+01 8.149997e-01
      vertex 6.095606e+00 -8.516656e+01 5.083333e-01
    endloop
  endfacet
  facet normal -1.623131e-01 1.555791e-02 -9.866166e-01
    outer loop
      vertex 6.814547e+00 -8.381580e+01 3.008101e+00
      vertex 6.823664e+00 -8.415359e+01 3.001275e+00
      vertex 6.773409e+00 -8.453002e+01 3.003606e+00
    endloop
  endfacet
  facet normal -2.012527e-03 -3.575758e-03 -9.999915e-01
    outer loop
      vertex 6.820273e+00 -8.353096e+01 4.652866e-03
      vertex 6.462410e+00 -8.351984e+01 5.333333e-03
      vertex 6.395149e+00 -8.300000e+01 3.609847e-03
    endloop
  endfacet
  facet normal -3.534753e-01 9.354402e-01 2.604387e-03
    outer loop
      vertex 6.460167e+00 -8.501814e+01 2.197807e+00
      vertex 6.109799e+00 -8.515137e+01 2.501667e+00
      vertex 6.461123e+00 -8.501987e+01 2.952358e+00
    endloop
  endfacet
  facet normal -8.461660e-01 -5.281518e-01 7.112568e-02
    outer loop
      vertex 5.952297e+00 -8.569367e+01 9.625001e-02
      vertex 6.118924e+00 -8.595768e+01 1.181545e-01
      vertex 6.187606e+00 -8.597677e+01 7.935053e-01
    endloop
  endfacet
  facet normal 9.690580e-01 2.291787e-01 9.167099e-02
    outer loop
      vertex 6.872792e+00 -8.524973e+01 1.503325e+00
      vertex 6.973844e+00 -8.567606e+01 1.500939e+00
      vertex 6.982308e+00 -8.561175e+01 1.250667e+00
    endloop
  endfacet
  facet normal 9.452600e-01 3.242869e-01 -3.635357e-02
    outer loop
      vertex 6.869940e+00 -8.524386e+01 2.215248e+00
      vertex 6.931612e+00 -8.533920e+01 2.968319e+00
      vertex 7.000000e+00 -8.553500e+01 3.000000e+00
    endloop
  endfacet
  facet normal -9.730962e-01 -2.246269e-01 5.125090e-02
    outer loop
      vertex 6.869940e+00 -8.524386e+01 2.215248e+00
      vertex 6.931612e+00 -8.533920e+01 2.968319e+00
      vertex 6.860595e+00 -8.503321e+01 2.961067e+00
    endloop
  endfacet
  facet normal 9.730962e-01 2.246269e-01 -5.125090e-02
    outer loop
      vertex 6.869940e+00 -8.524386e+01 2.215248e+00
      vertex 6.860595e+00 -8.503321e+01 2.961067e+00
      vertex 6.931612e+00 -8.533920e+01 2.968319e+00
    endloop
  endfacet
  facet normal 9.587344e-01 1.369904e-02 2.839730e-01
    outer loop
      vertex 6.894939e+00 -8.550562e+01 1.206213e-03
      vertex 6.882998e+00 -8.476283e+01 5.686325e-03
      vertex 6.863987e+00 -8.517852e+01 8.992495e-02
    endloop
  endfacet
  facet normal -9.587344e-01 -1.369904e-02 -2.839730e-01
    outer loop
      vertex 6.894939e+00 -8.550562e+01 1.206213e-03
      vertex 6.863987e+00 -8.517852e+01 8.992495e-02
      vertex 6.882998e+00 -8.476283e+01 5.686325e-03
    endloop
  endfacet
  facet normal -9.084194e-01 -4.177324e-01 -1.655085e-02
    outer loop
      vertex 6.065573e+00 -8.592847e+01 2.947748e+00
      vertex 5.947841e+00 -8.567089e+01 2.908638e+00
      vertex 5.952155e+00 -8.565041e+01 2.155002e+00
    endloop
  endfacet
  facet normal 3.181888e-01 -1.081700e-01 -9.418360e-01
    outer loop
      vertex 6.020619e+00 -8.418018e+01 3.000682e+00
      vertex 6.166111e+00 -8.383334e+01 3.009999e+00
      vertex 5.930054e+00 -8.450233e+01 3.007084e+00
    endloop
  endfacet
  facet normal 9.999999e-01 -1.707287e-05 -4.122567e-04
    outer loop
      vertex 5.930010e+00 -8.518073e+01 3.006421e+00
      vertex 5.930000e+00 -8.570003e+01 3.002481e+00
      vertex 5.930015e+00 -8.483184e+01 3.002383e+00
    endloop
  endfacet
  facet normal -9.999999e-01 1.707287e-05 4.122567e-04
    outer loop
      vertex 5.930010e+00 -8.518073e+01 3.006421e+00
      vertex 5.930015e+00 -8.483184e+01 3.002383e+00
      vertex 5.930000e+00 -8.570003e+01 3.002481e+00
    endloop
  endfacet
  facet normal -2.648857e-01 5.533712e-02 -9.626907e-01
    outer loop
      vertex 6.020619e+00 -8.418018e+01 3.000682e+00
      vertex 6.052780e+00 -8.503841e+01 2.942500e+00
      vertex 5.930054e+00 -8.450233e+01 3.007084e+00
    endloop
  endfacet
  facet normal 3.084210e-01 -9.512411e-01 -4.111420e-03
    outer loop
      vertex 6.453312e+00 -8.606470e+01 1.500000e+00
      vertex 6.456615e+00 -8.606255e+01 1.250000e+00
      vertex 6.755234e+00 -8.596683e+01 1.503387e+00
    endloop
  endfacet
  facet normal 3.682686e-01 9.297178e-01 1.758065e-03
    outer loop
      vertex 6.460855e+00 -8.501878e+01 6.208024e-02
      vertex 6.454853e+00 -8.501783e+01 8.149997e-01
      vertex 6.863987e+00 -8.517852e+01 8.992495e-02
    endloop
  endfacet
  facet normal -8.192989e-01 -5.719684e-01 4.002075e-02
    outer loop
      vertex 6.178435e+00 -8.597038e+01 2.214433e+00
      vertex 5.951358e+00 -8.562502e+01 2.501667e+00
      vertex 5.952155e+00 -8.565041e+01 2.155002e+00
    endloop
  endfacet
  facet normal -6.569223e-03 1.586515e-02 -9.998525e-01
    outer loop
      vertex 6.390885e+00 -8.412856e+01 6.250000e-03
      vertex 6.449599e+00 -8.449813e+01 0.000000e+00
      vertex 6.049674e+00 -8.420232e+01 7.321422e-03
    endloop
  endfacet
  facet normal -8.507909e-01 -4.338935e-01 -2.964646e-01
    outer loop
      vertex 6.065573e+00 -8.592847e+01 2.947748e+00
      vertex 5.930000e+00 -8.570003e+01 3.002481e+00
      vertex 5.947841e+00 -8.567089e+01 2.908638e+00
    endloop
  endfacet
  facet normal -5.654340e-02 -9.981474e-01 -2.246219e-02
    outer loop
      vertex 6.187606e+00 -8.597677e+01 7.935053e-01
      vertex 6.118924e+00 -8.595768e+01 1.181545e-01
      vertex 6.447581e+00 -8.597364e+01 7.636990e-05
    endloop
  endfacet
  facet normal 5.654340e-02 9.981474e-01 2.246219e-02
    outer loop
      vertex 6.187606e+00 -8.597677e+01 7.935053e-01
      vertex 6.447581e+00 -8.597364e+01 7.636990e-05
      vertex 6.118924e+00 -8.595768e+01 1.181545e-01
    endloop
  endfacet
  facet normal -3.175272e-01 -9.481688e-01 -1.235513e-02
    outer loop
      vertex 6.453312e+00 -8.606470e+01 1.500000e+00
      vertex 6.184170e+00 -8.597462e+01 1.503354e+00
      vertex 6.456615e+00 -8.606255e+01 1.250000e+00
    endloop
  endfacet
  facet normal -5.311514e-01 8.471505e-01 -1.463838e-02
    outer loop
      vertex 6.451807e+00 -8.606421e+01 8.138298e-01
      vertex 6.463097e+00 -8.606255e+01 5.000000e-01
      vertex 6.465000e+00 -8.607000e+01 0.000000e+00
    endloop
  endfacet
  facet normal 5.311514e-01 -8.471505e-01 1.463838e-02
    outer loop
      vertex 6.451807e+00 -8.606421e+01 8.138298e-01
      vertex 6.465000e+00 -8.607000e+01 0.000000e+00
      vertex 6.463097e+00 -8.606255e+01 5.000000e-01
    endloop
  endfacet
  facet normal 1.024836e-01 6.332760e-02 -9.927168e-01
    outer loop
      vertex 6.773409e+00 -8.453002e+01 3.003606e+00
      vertex 6.878431e+00 -8.471884e+01 3.002403e+00
      vertex 6.931612e+00 -8.533920e+01 2.968319e+00
    endloop
  endfacet
  facet normal -4.895391e-01 8.507069e-01 -1.914397e-01
    outer loop
      vertex 6.055956e+00 -8.524840e+01 2.208206e+00
      vertex 6.109799e+00 -8.515137e+01 2.501667e+00
      vertex 6.460167e+00 -8.501814e+01 2.197807e+00
    endloop
  endfacet
  facet normal 5.721150e-01 -6.232293e-03 -8.201497e-01
    outer loop
      vertex 5.930008e+00 -8.518073e+01 3.578354e-03
      vertex 5.967087e+00 -8.539272e+01 3.105450e-02
      vertex 5.930000e+00 -8.570003e+01 7.518529e-03
    endloop
  endfacet
  facet normal -4.339824e-03 1.229002e-02 -9.999151e-01
    outer loop
      vertex 6.409545e+00 -8.417110e+01 3.002857e+00
      vertex 6.446072e+00 -8.380953e+01 3.007142e+00
      vertex 6.823664e+00 -8.415359e+01 3.001275e+00
    endloop
  endfacet
  facet normal -9.583182e-01 2.847092e-01 2.381161e-02
    outer loop
      vertex 6.055956e+00 -8.524840e+01 2.208206e+00
      vertex 5.951358e+00 -8.562502e+01 2.501667e+00
      vertex 5.947841e+00 -8.567089e+01 2.908638e+00
    endloop
  endfacet
  facet normal -1.944381e-03 -1.043634e-03 -9.999976e-01
    outer loop
      vertex 6.820273e+00 -8.353096e+01 4.652866e-03
      vertex 6.452290e+00 -8.317799e+01 4.999999e-03
      vertex 6.755438e+00 -8.300000e+01 4.224802e-03
    endloop
  endfacet
  facet normal -9.667683e-01 9.860821e-02 2.358719e-01
    outer loop
      vertex 5.930000e+00 -8.570003e+01 7.518529e-03
      vertex 5.952297e+00 -8.569367e+01 9.625001e-02
      vertex 5.967087e+00 -8.539272e+01 3.105450e-02
    endloop
  endfacet
  facet normal 3.032762e-02 -1.981851e-02 -9.993435e-01
    outer loop
      vertex 6.814547e+00 -8.381580e+01 3.008101e+00
      vertex 6.430000e+00 -8.450000e+01 3.010000e+00
      vertex 6.409545e+00 -8.417110e+01 3.002857e+00
    endloop
  endfacet
  facet normal 4.832064e-01 8.750727e-01 -2.755575e-02
    outer loop
      vertex 6.460167e+00 -8.501814e+01 2.197807e+00
      vertex 6.470628e+00 -8.501434e+01 2.501667e+00
      vertex 6.869940e+00 -8.524386e+01 2.215248e+00
    endloop
  endfacet
  facet normal -8.076181e-01 -5.897019e-01 -2.122016e-03
    outer loop
      vertex 6.184170e+00 -8.597462e+01 1.503354e+00
      vertex 5.954474e+00 -8.565771e+01 8.549997e-01
      vertex 6.187606e+00 -8.597677e+01 7.935053e-01
    endloop
  endfacet
  facet normal -9.987888e-01 4.920118e-02 5.338822e-04
    outer loop
      vertex 5.967087e+00 -8.539272e+01 3.105450e-02
      vertex 5.952297e+00 -8.569367e+01 9.625001e-02
      vertex 5.954474e+00 -8.565771e+01 8.549997e-01
    endloop
  endfacet
  facet normal -3.142945e-01 -9.493245e-01 1.355948e-03
    outer loop
      vertex 6.184170e+00 -8.597462e+01 1.503354e+00
      vertex 6.187606e+00 -8.597677e+01 7.935053e-01
      vertex 6.451807e+00 -8.606421e+01 8.138298e-01
    endloop
  endfacet
  facet normal 9.793418e-03 1.002826e-02 -9.999018e-01
    outer loop
      vertex 6.894939e+00 -8.550562e+01 1.206213e-03
      vertex 6.406199e+00 -8.514860e+01 0.000000e+00
      vertex 6.493357e+00 -8.478049e+01 4.545455e-03
    endloop
  endfacet
  facet normal -6.669512e-02 -6.076681e-03 -9.977548e-01
    outer loop
      vertex 6.814547e+00 -8.381580e+01 3.008101e+00
      vertex 6.774206e+00 -8.300000e+01 3.005829e+00
      vertex 6.887764e+00 -8.351537e+01 3.001377e+00
    endloop
  endfacet
  facet normal -9.996775e-01 3.985329e-05 2.539302e-02
    outer loop
      vertex 5.930010e+00 -8.518073e+01 3.006421e+00
      vertex 5.930054e+00 -8.450233e+01 3.007084e+00
      vertex 5.930006e+00 -8.426343e+01 3.004813e+00
    endloop
  endfacet
  facet normal 9.996775e-01 -3.985329e-05 -2.539302e-02
    outer loop
      vertex 5.930010e+00 -8.518073e+01 3.006421e+00
      vertex 5.930006e+00 -8.426343e+01 3.004813e+00
      vertex 5.930054e+00 -8.450233e+01 3.007084e+00
    endloop
  endfacet
  facet normal -8.880149e-01 4.598051e-01 2.981557e-03
    outer loop
      vertex 6.975633e+00 -8.566825e+01 2.167250e+00
      vertex 6.849942e+00 -8.591613e+01 2.958987e+00
      vertex 6.973046e+00 -8.567541e+01 2.500426e+00
    endloop
  endfacet
  facet normal 3.024389e-02 -1.729612e-02 -9.993929e-01
    outer loop
      vertex 6.020619e+00 -8.418018e+01 3.000682e+00
      vertex 6.482529e+00 -8.349068e+01 3.002727e+00
      vertex 6.446072e+00 -8.380953e+01 3.007142e+00
    endloop
  endfacet
  facet normal -6.921080e-03 8.049817e-03 -9.999437e-01
    outer loop
      vertex 6.147111e+00 -8.452441e+01 6.818176e-03
      vertex 6.406199e+00 -8.514860e+01 0.000000e+00
      vertex 6.010812e+00 -8.481569e+01 5.416662e-03
    endloop
  endfacet
  facet normal -7.109609e-01 -2.751801e-03 -7.032263e-01
    outer loop
      vertex 5.930162e+00 -8.359387e+01 6.750000e-03
      vertex 5.930000e+00 -8.321125e+01 5.416667e-03
      vertex 5.929993e+00 -8.300000e+01 4.596770e-03
    endloop
  endfacet
  facet normal -9.999913e-01 6.059206e-05 4.171805e-03
    outer loop
      vertex 5.930010e+00 -8.518073e+01 3.006421e+00
      vertex 5.930054e+00 -8.450233e+01 3.007084e+00
      vertex 5.930015e+00 -8.483184e+01 3.002383e+00
    endloop
  endfacet
  facet normal 3.004463e-01 -9.537977e-01 1.404007e-03
    outer loop
      vertex 6.449582e+00 -8.606257e+01 1.869565e+00
      vertex 6.755234e+00 -8.596683e+01 1.503387e+00
      vertex 6.757999e+00 -8.596491e+01 2.212481e+00
    endloop
  endfacet
  facet normal 4.810584e-03 -2.184158e-03 -9.999861e-01
    outer loop
      vertex 6.894939e+00 -8.550562e+01 1.206213e-03
      vertex 6.837556e+00 -8.593781e+01 1.874147e-03
      vertex 6.447581e+00 -8.597364e+01 7.636990e-05
    endloop
  endfacet
  facet normal 2.859982e-01 -9.582292e-01 -1.319781e-03
    outer loop
      vertex 6.453312e+00 -8.606470e+01 1.500000e+00
      vertex 6.451807e+00 -8.606421e+01 8.138298e-01
      vertex 6.739494e+00 -8.597831e+01 7.885447e-01
    endloop
  endfacet
  facet normal -2.549029e-02 -1.092670e-02 -9.996154e-01
    outer loop
      vertex 6.823664e+00 -8.415359e+01 3.001275e+00
      vertex 6.446072e+00 -8.380953e+01 3.007142e+00
      vertex 6.482529e+00 -8.349068e+01 3.002727e+00
    endloop
  endfacet
  facet normal -9.994165e-01 -1.602319e-04 3.415551e-02
    outer loop
      vertex 5.930162e+00 -8.359387e+01 6.750000e-03
      vertex 5.929993e+00 -8.300000e+01 4.596770e-03
      vertex 5.930000e+00 -8.379162e+01 1.078431e-03
    endloop
  endfacet
  facet normal 1.033713e-03 4.861246e-04 -9.999993e-01
    outer loop
      vertex 6.447581e+00 -8.597364e+01 7.636990e-05
      vertex 6.240000e+00 -8.568933e+01 0.000000e+00
      vertex 6.054772e+00 -8.529546e+01 0.000000e+00
    endloop
  endfacet
  facet normal -2.359324e-02 -1.392786e-03 -9.997206e-01
    outer loop
      vertex 5.930008e+00 -8.518073e+01 3.578354e-03
      vertex 6.078651e+00 -8.592476e+01 1.106984e-03
      vertex 5.929996e+00 -8.594593e+01 4.644723e-03
    endloop
  endfacet
  facet normal 4.326112e-02 -2.580744e-03 -9.990605e-01
    outer loop
      vertex 6.049674e+00 -8.420232e+01 7.321422e-03
      vertex 5.930054e+00 -8.450233e+01 2.916667e-03
      vertex 5.930000e+00 -8.379162e+01 1.078431e-03
    endloop
  endfacet
  facet normal 0.000000e+00 -7.809880e-03 -9.999695e-01
    outer loop
      vertex 6.452290e+00 -8.317799e+01 4.999999e-03
      vertex 6.145149e+00 -8.300000e+01 3.609847e-03
      vertex 6.395149e+00 -8.300000e+01 3.609847e-03
    endloop
  endfacet
  facet normal -3.613454e-01 9.324190e-01 4.931564e-03
    outer loop
      vertex 6.447975e+00 -8.501920e+01 1.504999e+00
      vertex 6.108567e+00 -8.515205e+01 1.754167e+00
      vertex 6.460167e+00 -8.501814e+01 2.197807e+00
    endloop
  endfacet
endsolid dfki_pipe_raw_binary_solid
