solid hollow_pipe_with_stands
  facet normal -0.9848077530122081 -0.17364817766693053 0.0
    outer loop
      vertex 0.5 0.0 0.0
      vertex 0.5 0.0 0.6
      vertex 0.46984631039295416 0.17101007166283438 0.0
    endloop
  endfacet
  facet normal -0.9848077530122081 -0.17364817766693053 0.0
    outer loop
      vertex 0.5 0.0 0.6
      vertex 0.46984631039295416 0.17101007166283438 0.6
      vertex 0.46984631039295416 0.17101007166283438 0.0
    endloop
  endfacet
  facet normal -0.8660254037844389 -0.4999999999999996 0.0
    outer loop
      vertex 0.46984631039295416 0.17101007166283438 0.0
      vertex 0.46984631039295416 0.17101007166283438 0.6
      vertex 0.3830222215594891 0.3213938048432696 0.0
    endloop
  endfacet
  facet normal -0.8660254037844389 -0.4999999999999996 0.0
    outer loop
      vertex 0.46984631039295416 0.17101007166283438 0.6
      vertex 0.3830222215594891 0.3213938048432696 0.6
      vertex 0.3830222215594891 0.3213938048432696 0.0
    endloop
  endfacet
  facet normal -0.642787609686539 -0.7660444431189783 0.0
    outer loop
      vertex 0.3830222215594891 0.3213938048432696 0.0
      vertex 0.3830222215594891 0.3213938048432696 0.6
      vertex 0.25000000000000006 0.43301270189221924 0.0
    endloop
  endfacet
  facet normal -0.642787609686539 -0.7660444431189783 0.0
    outer loop
      vertex 0.3830222215594891 0.3213938048432696 0.6
      vertex 0.25000000000000006 0.43301270189221924 0.6
      vertex 0.25000000000000006 0.43301270189221924 0.0
    endloop
  endfacet
  facet normal -0.342020143325669 -0.9396926207859082 0.0
    outer loop
      vertex 0.25000000000000006 0.43301270189221924 0.0
      vertex 0.25000000000000006 0.43301270189221924 0.6
      vertex 0.08682408883346522 0.492403876506104 0.0
    endloop
  endfacet
  facet normal -0.342020143325669 -0.9396926207859082 0.0
    outer loop
      vertex 0.25000000000000006 0.43301270189221924 0.6
      vertex 0.08682408883346522 0.492403876506104 0.6
      vertex 0.08682408883346522 0.492403876506104 0.0
    endloop
  endfacet
  facet normal -3.1967597919588986e-16 -1.0 0.0
    outer loop
      vertex 0.08682408883346522 0.492403876506104 0.0
      vertex 0.08682408883346522 0.492403876506104 0.6
      vertex -0.08682408883346517 0.49240387650610407 0.0
    endloop
  endfacet
  facet normal -3.1967597919588986e-16 -1.0 0.0
    outer loop
      vertex 0.08682408883346522 0.492403876506104 0.6
      vertex -0.08682408883346517 0.49240387650610407 0.6
      vertex -0.08682408883346517 0.49240387650610407 0.0
    endloop
  endfacet
  facet normal 0.342020143325669 -0.9396926207859083 0.0
    outer loop
      vertex -0.08682408883346517 0.49240387650610407 0.0
      vertex -0.08682408883346517 0.49240387650610407 0.6
      vertex -0.24999999999999986 0.43301270189221935 0.0
    endloop
  endfacet
  facet normal 0.342020143325669 -0.9396926207859083 0.0
    outer loop
      vertex -0.08682408883346517 0.49240387650610407 0.6
      vertex -0.24999999999999986 0.43301270189221935 0.6
      vertex -0.24999999999999986 0.43301270189221935 0.0
    endloop
  endfacet
  facet normal 0.6427876096865388 -0.7660444431189785 0.0
    outer loop
      vertex -0.24999999999999986 0.43301270189221935 0.0
      vertex -0.24999999999999986 0.43301270189221935 0.6
      vertex -0.383022221559489 0.32139380484326974 0.0
    endloop
  endfacet
  facet normal 0.6427876096865388 -0.7660444431189785 0.0
    outer loop
      vertex -0.24999999999999986 0.43301270189221935 0.6
      vertex -0.383022221559489 0.32139380484326974 0.6
      vertex -0.383022221559489 0.32139380484326974 0.0
    endloop
  endfacet
  facet normal 0.8660254037844386 -0.49999999999999994 0.0
    outer loop
      vertex -0.383022221559489 0.32139380484326974 0.0
      vertex -0.383022221559489 0.32139380484326974 0.6
      vertex -0.46984631039295416 0.17101007166283447 0.0
    endloop
  endfacet
  facet normal 0.8660254037844386 -0.49999999999999994 0.0
    outer loop
      vertex -0.383022221559489 0.32139380484326974 0.6
      vertex -0.46984631039295416 0.17101007166283447 0.6
      vertex -0.46984631039295416 0.17101007166283447 0.0
    endloop
  endfacet
  facet normal 0.9848077530122081 -0.1736481776669305 0.0
    outer loop
      vertex -0.46984631039295416 0.17101007166283447 0.0
      vertex -0.46984631039295416 0.17101007166283447 0.6
      vertex -0.5 6.123233995736766e-17 0.0
    endloop
  endfacet
  facet normal 0.9848077530122081 -0.1736481776669305 0.0
    outer loop
      vertex -0.46984631039295416 0.17101007166283447 0.6
      vertex -0.5 6.123233995736766e-17 0.6
      vertex -0.5 6.123233995736766e-17 0.0
    endloop
  endfacet
  facet normal 0.9848077530122081 0.1736481776669302 -0.0
    outer loop
      vertex -0.5 6.123233995736766e-17 0.0
      vertex -0.5 6.123233995736766e-17 0.6
      vertex -0.4698463103929542 -0.17101007166283436 0.0
    endloop
  endfacet
  facet normal 0.9848077530122081 0.1736481776669302 0.0
    outer loop
      vertex -0.5 6.123233995736766e-17 0.6
      vertex -0.4698463103929542 -0.17101007166283436 0.6
      vertex -0.4698463103929542 -0.17101007166283436 0.0
    endloop
  endfacet
  facet normal 0.8660254037844389 0.4999999999999997 -0.0
    outer loop
      vertex -0.4698463103929542 -0.17101007166283436 0.0
      vertex -0.4698463103929542 -0.17101007166283436 0.6
      vertex -0.38302222155948923 -0.32139380484326946 0.0
    endloop
  endfacet
  facet normal 0.8660254037844389 0.4999999999999997 0.0
    outer loop
      vertex -0.4698463103929542 -0.17101007166283436 0.6
      vertex -0.38302222155948923 -0.32139380484326946 0.6
      vertex -0.38302222155948923 -0.32139380484326946 0.0
    endloop
  endfacet
  facet normal 0.6427876096865393 0.7660444431189781 -0.0
    outer loop
      vertex -0.38302222155948923 -0.32139380484326946 0.0
      vertex -0.38302222155948923 -0.32139380484326946 0.6
      vertex -0.25000000000000017 -0.43301270189221913 0.0
    endloop
  endfacet
  facet normal 0.6427876096865393 0.7660444431189781 0.0
    outer loop
      vertex -0.38302222155948923 -0.32139380484326946 0.6
      vertex -0.25000000000000017 -0.43301270189221913 0.6
      vertex -0.25000000000000017 -0.43301270189221913 0.0
    endloop
  endfacet
  facet normal 0.34202014332566927 0.9396926207859082 -0.0
    outer loop
      vertex -0.25000000000000017 -0.43301270189221913 0.0
      vertex -0.25000000000000017 -0.43301270189221913 0.6
      vertex -0.08682408883346518 -0.492403876506104 0.0
    endloop
  endfacet
  facet normal 0.34202014332566927 0.9396926207859082 0.0
    outer loop
      vertex -0.25000000000000017 -0.43301270189221913 0.6
      vertex -0.08682408883346518 -0.492403876506104 0.6
      vertex -0.08682408883346518 -0.492403876506104 0.0
    endloop
  endfacet
  facet normal 3.1967597919589025e-16 1.0 -0.0
    outer loop
      vertex -0.08682408883346518 -0.492403876506104 0.0
      vertex -0.08682408883346518 -0.492403876506104 0.6
      vertex 0.08682408883346499 -0.49240387650610407 0.0
    endloop
  endfacet
  facet normal 3.1967597919589025e-16 1.0 0.0
    outer loop
      vertex -0.08682408883346518 -0.492403876506104 0.6
      vertex 0.08682408883346499 -0.49240387650610407 0.6
      vertex 0.08682408883346499 -0.49240387650610407 0.0
    endloop
  endfacet
  facet normal -0.3420201433256683 0.9396926207859085 0.0
    outer loop
      vertex 0.08682408883346499 -0.49240387650610407 0.0
      vertex 0.08682408883346499 -0.49240387650610407 0.6
      vertex 0.2499999999999996 -0.4330127018922195 0.0
    endloop
  endfacet
  facet normal -0.3420201433256683 0.9396926207859085 0.0
    outer loop
      vertex 0.08682408883346499 -0.49240387650610407 0.6
      vertex 0.2499999999999996 -0.4330127018922195 0.6
      vertex 0.2499999999999996 -0.4330127018922195 0.0
    endloop
  endfacet
  facet normal -0.6427876096865387 0.7660444431189785 0.0
    outer loop
      vertex 0.2499999999999996 -0.4330127018922195 0.0
      vertex 0.2499999999999996 -0.4330127018922195 0.6
      vertex 0.38302222155948895 -0.32139380484326974 0.0
    endloop
  endfacet
  facet normal -0.6427876096865387 0.7660444431189785 0.0
    outer loop
      vertex 0.2499999999999996 -0.4330127018922195 0.6
      vertex 0.38302222155948895 -0.32139380484326974 0.6
      vertex 0.38302222155948895 -0.32139380484326974 0.0
    endloop
  endfacet
  facet normal -0.8660254037844386 0.5 0.0
    outer loop
      vertex 0.38302222155948895 -0.32139380484326974 0.0
      vertex 0.38302222155948895 -0.32139380484326974 0.6
      vertex 0.4698463103929542 -0.1710100716628343 0.0
    endloop
  endfacet
  facet normal -0.8660254037844386 0.5 0.0
    outer loop
      vertex 0.38302222155948895 -0.32139380484326974 0.6
      vertex 0.4698463103929542 -0.1710100716628343 0.6
      vertex 0.4698463103929542 -0.1710100716628343 0.0
    endloop
  endfacet
  facet normal -0.984807753012208 0.1736481776669303 0.0
    outer loop
      vertex 0.4698463103929542 -0.1710100716628343 0.0
      vertex 0.4698463103929542 -0.1710100716628343 0.6
      vertex 0.5 0.0 0.0
    endloop
  endfacet
  facet normal -0.984807753012208 0.1736481776669303 0.0
    outer loop
      vertex 0.4698463103929542 -0.1710100716628343 0.6
      vertex 0.5 0.0 0.6
      vertex 0.5 0.0 0.0
    endloop
  endfacet
  facet normal -0.9848077530122081 -0.17364817766693053 0.0
    outer loop
      vertex 0.5 0.0 0.6
      vertex 0.5 0.0 1.2
      vertex 0.46984631039295416 0.17101007166283438 0.6
    endloop
  endfacet
  facet normal -0.9848077530122081 -0.17364817766693053 0.0
    outer loop
      vertex 0.5 0.0 1.2
      vertex 0.46984631039295416 0.17101007166283438 1.2
      vertex 0.46984631039295416 0.17101007166283438 0.6
    endloop
  endfacet
  facet normal -0.8660254037844389 -0.4999999999999996 0.0
    outer loop
      vertex 0.46984631039295416 0.17101007166283438 0.6
      vertex 0.46984631039295416 0.17101007166283438 1.2
      vertex 0.3830222215594891 0.3213938048432696 0.6
    endloop
  endfacet
  facet normal -0.8660254037844389 -0.4999999999999996 0.0
    outer loop
      vertex 0.46984631039295416 0.17101007166283438 1.2
      vertex 0.3830222215594891 0.3213938048432696 1.2
      vertex 0.3830222215594891 0.3213938048432696 0.6
    endloop
  endfacet
  facet normal -0.642787609686539 -0.7660444431189783 0.0
    outer loop
      vertex 0.3830222215594891 0.3213938048432696 0.6
      vertex 0.3830222215594891 0.3213938048432696 1.2
      vertex 0.25000000000000006 0.43301270189221924 0.6
    endloop
  endfacet
  facet normal -0.642787609686539 -0.7660444431189783 0.0
    outer loop
      vertex 0.3830222215594891 0.3213938048432696 1.2
      vertex 0.25000000000000006 0.43301270189221924 1.2
      vertex 0.25000000000000006 0.43301270189221924 0.6
    endloop
  endfacet
  facet normal -0.342020143325669 -0.9396926207859082 0.0
    outer loop
      vertex 0.25000000000000006 0.43301270189221924 0.6
      vertex 0.25000000000000006 0.43301270189221924 1.2
      vertex 0.08682408883346522 0.492403876506104 0.6
    endloop
  endfacet
  facet normal -0.342020143325669 -0.9396926207859082 0.0
    outer loop
      vertex 0.25000000000000006 0.43301270189221924 1.2
      vertex 0.08682408883346522 0.492403876506104 1.2
      vertex 0.08682408883346522 0.492403876506104 0.6
    endloop
  endfacet
  facet normal -3.1967597919588986e-16 -1.0 0.0
    outer loop
      vertex 0.08682408883346522 0.492403876506104 0.6
      vertex 0.08682408883346522 0.492403876506104 1.2
      vertex -0.08682408883346517 0.49240387650610407 0.6
    endloop
  endfacet
  facet normal -3.1967597919588986e-16 -1.0 0.0
    outer loop
      vertex 0.08682408883346522 0.492403876506104 1.2
      vertex -0.08682408883346517 0.49240387650610407 1.2
      vertex -0.08682408883346517 0.49240387650610407 0.6
    endloop
  endfacet
  facet normal 0.342020143325669 -0.9396926207859083 0.0
    outer loop
      vertex -0.08682408883346517 0.49240387650610407 0.6
      vertex -0.08682408883346517 0.49240387650610407 1.2
      vertex -0.24999999999999986 0.43301270189221935 0.6
    endloop
  endfacet
  facet normal 0.342020143325669 -0.9396926207859083 0.0
    outer loop
      vertex -0.08682408883346517 0.49240387650610407 1.2
      vertex -0.24999999999999986 0.43301270189221935 1.2
      vertex -0.24999999999999986 0.43301270189221935 0.6
    endloop
  endfacet
  facet normal 0.6427876096865388 -0.7660444431189785 0.0
    outer loop
      vertex -0.24999999999999986 0.43301270189221935 0.6
      vertex -0.24999999999999986 0.43301270189221935 1.2
      vertex -0.383022221559489 0.32139380484326974 0.6
    endloop
  endfacet
  facet normal 0.6427876096865388 -0.7660444431189785 0.0
    outer loop
      vertex -0.24999999999999986 0.43301270189221935 1.2
      vertex -0.383022221559489 0.32139380484326974 1.2
      vertex -0.383022221559489 0.32139380484326974 0.6
    endloop
  endfacet
  facet normal 0.8660254037844386 -0.49999999999999994 0.0
    outer loop
      vertex -0.383022221559489 0.32139380484326974 0.6
      vertex -0.383022221559489 0.32139380484326974 1.2
      vertex -0.46984631039295416 0.17101007166283447 0.6
    endloop
  endfacet
  facet normal 0.8660254037844386 -0.49999999999999994 0.0
    outer loop
      vertex -0.383022221559489 0.32139380484326974 1.2
      vertex -0.46984631039295416 0.17101007166283447 1.2
      vertex -0.46984631039295416 0.17101007166283447 0.6
    endloop
  endfacet
  facet normal 0.9848077530122081 -0.1736481776669305 0.0
    outer loop
      vertex -0.46984631039295416 0.17101007166283447 0.6
      vertex -0.46984631039295416 0.17101007166283447 1.2
      vertex -0.5 6.123233995736766e-17 0.6
    endloop
  endfacet
  facet normal 0.9848077530122081 -0.1736481776669305 0.0
    outer loop
      vertex -0.46984631039295416 0.17101007166283447 1.2
      vertex -0.5 6.123233995736766e-17 1.2
      vertex -0.5 6.123233995736766e-17 0.6
    endloop
  endfacet
  facet normal 0.9848077530122081 0.1736481776669302 -0.0
    outer loop
      vertex -0.5 6.123233995736766e-17 0.6
      vertex -0.5 6.123233995736766e-17 1.2
      vertex -0.4698463103929542 -0.17101007166283436 0.6
    endloop
  endfacet
  facet normal 0.9848077530122081 0.1736481776669302 0.0
    outer loop
      vertex -0.5 6.123233995736766e-17 1.2
      vertex -0.4698463103929542 -0.17101007166283436 1.2
      vertex -0.4698463103929542 -0.17101007166283436 0.6
    endloop
  endfacet
  facet normal 0.8660254037844389 0.4999999999999997 -0.0
    outer loop
      vertex -0.4698463103929542 -0.17101007166283436 0.6
      vertex -0.4698463103929542 -0.17101007166283436 1.2
      vertex -0.38302222155948923 -0.32139380484326946 0.6
    endloop
  endfacet
  facet normal 0.8660254037844389 0.4999999999999997 0.0
    outer loop
      vertex -0.4698463103929542 -0.17101007166283436 1.2
      vertex -0.38302222155948923 -0.32139380484326946 1.2
      vertex -0.38302222155948923 -0.32139380484326946 0.6
    endloop
  endfacet
  facet normal 0.6427876096865393 0.7660444431189781 -0.0
    outer loop
      vertex -0.38302222155948923 -0.32139380484326946 0.6
      vertex -0.38302222155948923 -0.32139380484326946 1.2
      vertex -0.25000000000000017 -0.43301270189221913 0.6
    endloop
  endfacet
  facet normal 0.6427876096865393 0.7660444431189781 0.0
    outer loop
      vertex -0.38302222155948923 -0.32139380484326946 1.2
      vertex -0.25000000000000017 -0.43301270189221913 1.2
      vertex -0.25000000000000017 -0.43301270189221913 0.6
    endloop
  endfacet
  facet normal 0.34202014332566927 0.9396926207859082 -0.0
    outer loop
      vertex -0.25000000000000017 -0.43301270189221913 0.6
      vertex -0.25000000000000017 -0.43301270189221913 1.2
      vertex -0.08682408883346518 -0.492403876506104 0.6
    endloop
  endfacet
  facet normal 0.34202014332566927 0.9396926207859082 0.0
    outer loop
      vertex -0.25000000000000017 -0.43301270189221913 1.2
      vertex -0.08682408883346518 -0.492403876506104 1.2
      vertex -0.08682408883346518 -0.492403876506104 0.6
    endloop
  endfacet
  facet normal 3.1967597919589025e-16 1.0 -0.0
    outer loop
      vertex -0.08682408883346518 -0.492403876506104 0.6
      vertex -0.08682408883346518 -0.492403876506104 1.2
      vertex 0.08682408883346499 -0.49240387650610407 0.6
    endloop
  endfacet
  facet normal 3.1967597919589025e-16 1.0 0.0
    outer loop
      vertex -0.08682408883346518 -0.492403876506104 1.2
      vertex 0.08682408883346499 -0.49240387650610407 1.2
      vertex 0.08682408883346499 -0.49240387650610407 0.6
    endloop
  endfacet
  facet normal -0.3420201433256683 0.9396926207859085 0.0
    outer loop
      vertex 0.08682408883346499 -0.49240387650610407 0.6
      vertex 0.08682408883346499 -0.49240387650610407 1.2
      vertex 0.2499999999999996 -0.4330127018922195 0.6
    endloop
  endfacet
  facet normal -0.3420201433256683 0.9396926207859085 0.0
    outer loop
      vertex 0.08682408883346499 -0.49240387650610407 1.2
      vertex 0.2499999999999996 -0.4330127018922195 1.2
      vertex 0.2499999999999996 -0.4330127018922195 0.6
    endloop
  endfacet
  facet normal -0.6427876096865387 0.7660444431189785 0.0
    outer loop
      vertex 0.2499999999999996 -0.4330127018922195 0.6
      vertex 0.2499999999999996 -0.4330127018922195 1.2
      vertex 0.38302222155948895 -0.32139380484326974 0.6
    endloop
  endfacet
  facet normal -0.6427876096865387 0.7660444431189785 0.0
    outer loop
      vertex 0.2499999999999996 -0.4330127018922195 1.2
      vertex 0.38302222155948895 -0.32139380484326974 1.2
      vertex 0.38302222155948895 -0.32139380484326974 0.6
    endloop
  endfacet
  facet normal -0.8660254037844386 0.5 0.0
    outer loop
      vertex 0.38302222155948895 -0.32139380484326974 0.6
      vertex 0.38302222155948895 -0.32139380484326974 1.2
      vertex 0.4698463103929542 -0.1710100716628343 0.6
    endloop
  endfacet
  facet normal -0.8660254037844386 0.5 0.0
    outer loop
      vertex 0.38302222155948895 -0.32139380484326974 1.2
      vertex 0.4698463103929542 -0.1710100716628343 1.2
      vertex 0.4698463103929542 -0.1710100716628343 0.6
    endloop
  endfacet
  facet normal -0.984807753012208 0.1736481776669303 0.0
    outer loop
      vertex 0.4698463103929542 -0.1710100716628343 0.6
      vertex 0.4698463103929542 -0.1710100716628343 1.2
      vertex 0.5 0.0 0.6
    endloop
  endfacet
  facet normal -0.984807753012208 0.1736481776669303 0.0
    outer loop
      vertex 0.4698463103929542 -0.1710100716628343 1.2
      vertex 0.5 0.0 1.2
      vertex 0.5 0.0 0.6
    endloop
  endfacet
  facet normal -0.9848077530122081 -0.17364817766693053 0.0
    outer loop
      vertex 0.5 0.0 1.2
      vertex 0.5 0.0 1.8
      vertex 0.46984631039295416 0.17101007166283438 1.2
    endloop
  endfacet
  facet normal -0.9848077530122081 -0.17364817766693053 0.0
    outer loop
      vertex 0.5 0.0 1.8
      vertex 0.46984631039295416 0.17101007166283438 1.8
      vertex 0.46984631039295416 0.17101007166283438 1.2
    endloop
  endfacet
  facet normal -0.8660254037844389 -0.49999999999999956 0.0
    outer loop
      vertex 0.46984631039295416 0.17101007166283438 1.2
      vertex 0.46984631039295416 0.17101007166283438 1.8
      vertex 0.3830222215594891 0.3213938048432696 1.2
    endloop
  endfacet
  facet normal -0.8660254037844389 -0.49999999999999956 0.0
    outer loop
      vertex 0.46984631039295416 0.17101007166283438 1.8
      vertex 0.3830222215594891 0.3213938048432696 1.8
      vertex 0.3830222215594891 0.3213938048432696 1.2
    endloop
  endfacet
  facet normal -0.642787609686539 -0.7660444431189783 0.0
    outer loop
      vertex 0.3830222215594891 0.3213938048432696 1.2
      vertex 0.3830222215594891 0.3213938048432696 1.8
      vertex 0.25000000000000006 0.43301270189221924 1.2
    endloop
  endfacet
  facet normal -0.642787609686539 -0.7660444431189783 0.0
    outer loop
      vertex 0.3830222215594891 0.3213938048432696 1.8
      vertex 0.25000000000000006 0.43301270189221924 1.8
      vertex 0.25000000000000006 0.43301270189221924 1.2
    endloop
  endfacet
  facet normal -0.34202014332566905 -0.9396926207859083 0.0
    outer loop
      vertex 0.25000000000000006 0.43301270189221924 1.2
      vertex 0.25000000000000006 0.43301270189221924 1.8
      vertex 0.08682408883346522 0.492403876506104 1.2
    endloop
  endfacet
  facet normal -0.34202014332566905 -0.9396926207859083 0.0
    outer loop
      vertex 0.25000000000000006 0.43301270189221924 1.8
      vertex 0.08682408883346522 0.492403876506104 1.8
      vertex 0.08682408883346522 0.492403876506104 1.2
    endloop
  endfacet
  facet normal -3.1967597919588986e-16 -1.0 0.0
    outer loop
      vertex 0.08682408883346522 0.492403876506104 1.2
      vertex 0.08682408883346522 0.492403876506104 1.8
      vertex -0.08682408883346517 0.49240387650610407 1.2
    endloop
  endfacet
  facet normal -3.1967597919588986e-16 -1.0 0.0
    outer loop
      vertex 0.08682408883346522 0.492403876506104 1.8
      vertex -0.08682408883346517 0.49240387650610407 1.8
      vertex -0.08682408883346517 0.49240387650610407 1.2
    endloop
  endfacet
  facet normal 0.34202014332566905 -0.9396926207859083 0.0
    outer loop
      vertex -0.08682408883346517 0.49240387650610407 1.2
      vertex -0.08682408883346517 0.49240387650610407 1.8
      vertex -0.24999999999999986 0.43301270189221935 1.2
    endloop
  endfacet
  facet normal 0.34202014332566905 -0.9396926207859083 0.0
    outer loop
      vertex -0.08682408883346517 0.49240387650610407 1.8
      vertex -0.24999999999999986 0.43301270189221935 1.8
      vertex -0.24999999999999986 0.43301270189221935 1.2
    endloop
  endfacet
  facet normal 0.6427876096865388 -0.7660444431189785 0.0
    outer loop
      vertex -0.24999999999999986 0.43301270189221935 1.2
      vertex -0.24999999999999986 0.43301270189221935 1.8
      vertex -0.383022221559489 0.32139380484326974 1.2
    endloop
  endfacet
  facet normal 0.6427876096865388 -0.7660444431189785 0.0
    outer loop
      vertex -0.24999999999999986 0.43301270189221935 1.8
      vertex -0.383022221559489 0.32139380484326974 1.8
      vertex -0.383022221559489 0.32139380484326974 1.2
    endloop
  endfacet
  facet normal 0.8660254037844387 -0.5 0.0
    outer loop
      vertex -0.383022221559489 0.32139380484326974 1.2
      vertex -0.383022221559489 0.32139380484326974 1.8
      vertex -0.46984631039295416 0.17101007166283447 1.2
    endloop
  endfacet
  facet normal 0.8660254037844387 -0.5 0.0
    outer loop
      vertex -0.383022221559489 0.32139380484326974 1.8
      vertex -0.46984631039295416 0.17101007166283447 1.8
      vertex -0.46984631039295416 0.17101007166283447 1.2
    endloop
  endfacet
  facet normal 0.9848077530122081 -0.1736481776669305 0.0
    outer loop
      vertex -0.46984631039295416 0.17101007166283447 1.2
      vertex -0.46984631039295416 0.17101007166283447 1.8
      vertex -0.5 6.123233995736766e-17 1.2
    endloop
  endfacet
  facet normal 0.9848077530122081 -0.1736481776669305 0.0
    outer loop
      vertex -0.46984631039295416 0.17101007166283447 1.8
      vertex -0.5 6.123233995736766e-17 1.8
      vertex -0.5 6.123233995736766e-17 1.2
    endloop
  endfacet
  facet normal 0.9848077530122082 0.17364817766693022 -0.0
    outer loop
      vertex -0.5 6.123233995736766e-17 1.2
      vertex -0.5 6.123233995736766e-17 1.8
      vertex -0.4698463103929542 -0.17101007166283436 1.2
    endloop
  endfacet
  facet normal 0.9848077530122082 0.17364817766693022 0.0
    outer loop
      vertex -0.5 6.123233995736766e-17 1.8
      vertex -0.4698463103929542 -0.17101007166283436 1.8
      vertex -0.4698463103929542 -0.17101007166283436 1.2
    endloop
  endfacet
  facet normal 0.8660254037844388 0.49999999999999967 -0.0
    outer loop
      vertex -0.4698463103929542 -0.17101007166283436 1.2
      vertex -0.4698463103929542 -0.17101007166283436 1.8
      vertex -0.38302222155948923 -0.32139380484326946 1.2
    endloop
  endfacet
  facet normal 0.8660254037844388 0.49999999999999967 0.0
    outer loop
      vertex -0.4698463103929542 -0.17101007166283436 1.8
      vertex -0.38302222155948923 -0.32139380484326946 1.8
      vertex -0.38302222155948923 -0.32139380484326946 1.2
    endloop
  endfacet
  facet normal 0.6427876096865393 0.7660444431189781 -0.0
    outer loop
      vertex -0.38302222155948923 -0.32139380484326946 1.2
      vertex -0.38302222155948923 -0.32139380484326946 1.8
      vertex -0.25000000000000017 -0.43301270189221913 1.2
    endloop
  endfacet
  facet normal 0.6427876096865393 0.7660444431189781 0.0
    outer loop
      vertex -0.38302222155948923 -0.32139380484326946 1.8
      vertex -0.25000000000000017 -0.43301270189221913 1.8
      vertex -0.25000000000000017 -0.43301270189221913 1.2
    endloop
  endfacet
  facet normal 0.34202014332566927 0.9396926207859082 -0.0
    outer loop
      vertex -0.25000000000000017 -0.43301270189221913 1.2
      vertex -0.25000000000000017 -0.43301270189221913 1.8
      vertex -0.08682408883346518 -0.492403876506104 1.2
    endloop
  endfacet
  facet normal 0.34202014332566927 0.9396926207859082 0.0
    outer loop
      vertex -0.25000000000000017 -0.43301270189221913 1.8
      vertex -0.08682408883346518 -0.492403876506104 1.8
      vertex -0.08682408883346518 -0.492403876506104 1.2
    endloop
  endfacet
  facet normal 3.196759791958903e-16 1.0 -0.0
    outer loop
      vertex -0.08682408883346518 -0.492403876506104 1.2
      vertex -0.08682408883346518 -0.492403876506104 1.8
      vertex 0.08682408883346499 -0.49240387650610407 1.2
    endloop
  endfacet
  facet normal 3.196759791958903e-16 1.0 0.0
    outer loop
      vertex -0.08682408883346518 -0.492403876506104 1.8
      vertex 0.08682408883346499 -0.49240387650610407 1.8
      vertex 0.08682408883346499 -0.49240387650610407 1.2
    endloop
  endfacet
  facet normal -0.3420201433256683 0.9396926207859085 0.0
    outer loop
      vertex 0.08682408883346499 -0.49240387650610407 1.2
      vertex 0.08682408883346499 -0.49240387650610407 1.8
      vertex 0.2499999999999996 -0.4330127018922195 1.2
    endloop
  endfacet
  facet normal -0.3420201433256683 0.9396926207859085 0.0
    outer loop
      vertex 0.08682408883346499 -0.49240387650610407 1.8
      vertex 0.2499999999999996 -0.4330127018922195 1.8
      vertex 0.2499999999999996 -0.4330127018922195 1.2
    endloop
  endfacet
  facet normal -0.6427876096865388 0.7660444431189785 0.0
    outer loop
      vertex 0.2499999999999996 -0.4330127018922195 1.2
      vertex 0.2499999999999996 -0.4330127018922195 1.8
      vertex 0.38302222155948895 -0.32139380484326974 1.2
    endloop
  endfacet
  facet normal -0.6427876096865388 0.7660444431189785 0.0
    outer loop
      vertex 0.2499999999999996 -0.4330127018922195 1.8
      vertex 0.38302222155948895 -0.32139380484326974 1.8
      vertex 0.38302222155948895 -0.32139380484326974 1.2
    endloop
  endfacet
  facet normal -0.8660254037844386 0.5000000000000001 0.0
    outer loop
      vertex 0.38302222155948895 -0.32139380484326974 1.2
      vertex 0.38302222155948895 -0.32139380484326974 1.8
      vertex 0.4698463103929542 -0.1710100716628343 1.2
    endloop
  endfacet
  facet normal -0.8660254037844386 0.5000000000000001 0.0
    outer loop
      vertex 0.38302222155948895 -0.32139380484326974 1.8
      vertex 0.4698463103929542 -0.1710100716628343 1.8
      vertex 0.4698463103929542 -0.1710100716628343 1.2
    endloop
  endfacet
  facet normal -0.984807753012208 0.1736481776669303 0.0
    outer loop
      vertex 0.4698463103929542 -0.1710100716628343 1.2
      vertex 0.4698463103929542 -0.1710100716628343 1.8
      vertex 0.5 0.0 1.2
    endloop
  endfacet
  facet normal -0.984807753012208 0.1736481776669303 0.0
    outer loop
      vertex 0.4698463103929542 -0.1710100716628343 1.8
      vertex 0.5 0.0 1.8
      vertex 0.5 0.0 1.2
    endloop
  endfacet
  facet normal -0.984807753012208 -0.17364817766693053 0.0
    outer loop
      vertex 0.5 0.0 1.8
      vertex 0.5 0.0 2.4
      vertex 0.46984631039295416 0.17101007166283438 1.8
    endloop
  endfacet
  facet normal -0.984807753012208 -0.17364817766693053 0.0
    outer loop
      vertex 0.5 0.0 2.4
      vertex 0.46984631039295416 0.17101007166283438 2.4
      vertex 0.46984631039295416 0.17101007166283438 1.8
    endloop
  endfacet
  facet normal -0.8660254037844389 -0.4999999999999996 0.0
    outer loop
      vertex 0.46984631039295416 0.17101007166283438 1.8
      vertex 0.46984631039295416 0.17101007166283438 2.4
      vertex 0.3830222215594891 0.3213938048432696 1.8
    endloop
  endfacet
  facet normal -0.8660254037844389 -0.4999999999999996 0.0
    outer loop
      vertex 0.46984631039295416 0.17101007166283438 2.4
      vertex 0.3830222215594891 0.3213938048432696 2.4
      vertex 0.3830222215594891 0.3213938048432696 1.8
    endloop
  endfacet
  facet normal -0.6427876096865389 -0.7660444431189782 0.0
    outer loop
      vertex 0.3830222215594891 0.3213938048432696 1.8
      vertex 0.3830222215594891 0.3213938048432696 2.4
      vertex 0.25000000000000006 0.43301270189221924 1.8
    endloop
  endfacet
  facet normal -0.6427876096865389 -0.7660444431189782 0.0
    outer loop
      vertex 0.3830222215594891 0.3213938048432696 2.4
      vertex 0.25000000000000006 0.43301270189221924 2.4
      vertex 0.25000000000000006 0.43301270189221924 1.8
    endloop
  endfacet
  facet normal -0.34202014332566905 -0.9396926207859083 0.0
    outer loop
      vertex 0.25000000000000006 0.43301270189221924 1.8
      vertex 0.25000000000000006 0.43301270189221924 2.4
      vertex 0.08682408883346522 0.492403876506104 1.8
    endloop
  endfacet
  facet normal -0.34202014332566905 -0.9396926207859083 0.0
    outer loop
      vertex 0.25000000000000006 0.43301270189221924 2.4
      vertex 0.08682408883346522 0.492403876506104 2.4
      vertex 0.08682408883346522 0.492403876506104 1.8
    endloop
  endfacet
  facet normal -3.1967597919588986e-16 -1.0 0.0
    outer loop
      vertex 0.08682408883346522 0.492403876506104 1.8
      vertex 0.08682408883346522 0.492403876506104 2.4
      vertex -0.08682408883346517 0.49240387650610407 1.8
    endloop
  endfacet
  facet normal -3.1967597919588986e-16 -1.0 0.0
    outer loop
      vertex 0.08682408883346522 0.492403876506104 2.4
      vertex -0.08682408883346517 0.49240387650610407 2.4
      vertex -0.08682408883346517 0.49240387650610407 1.8
    endloop
  endfacet
  facet normal 0.34202014332566905 -0.9396926207859083 0.0
    outer loop
      vertex -0.08682408883346517 0.49240387650610407 1.8
      vertex -0.08682408883346517 0.49240387650610407 2.4
      vertex -0.24999999999999986 0.43301270189221935 1.8
    endloop
  endfacet
  facet normal 0.34202014332566905 -0.9396926207859083 0.0
    outer loop
      vertex -0.08682408883346517 0.49240387650610407 2.4
      vertex -0.24999999999999986 0.43301270189221935 2.4
      vertex -0.24999999999999986 0.43301270189221935 1.8
    endloop
  endfacet
  facet normal 0.6427876096865388 -0.7660444431189785 0.0
    outer loop
      vertex -0.24999999999999986 0.43301270189221935 1.8
      vertex -0.24999999999999986 0.43301270189221935 2.4
      vertex -0.383022221559489 0.32139380484326974 1.8
    endloop
  endfacet
  facet normal 0.6427876096865388 -0.7660444431189785 0.0
    outer loop
      vertex -0.24999999999999986 0.43301270189221935 2.4
      vertex -0.383022221559489 0.32139380484326974 2.4
      vertex -0.383022221559489 0.32139380484326974 1.8
    endloop
  endfacet
  facet normal 0.8660254037844387 -0.5 0.0
    outer loop
      vertex -0.383022221559489 0.32139380484326974 1.8
      vertex -0.383022221559489 0.32139380484326974 2.4
      vertex -0.46984631039295416 0.17101007166283447 1.8
    endloop
  endfacet
  facet normal 0.8660254037844387 -0.5 0.0
    outer loop
      vertex -0.383022221559489 0.32139380484326974 2.4
      vertex -0.46984631039295416 0.17101007166283447 2.4
      vertex -0.46984631039295416 0.17101007166283447 1.8
    endloop
  endfacet
  facet normal 0.9848077530122081 -0.1736481776669305 0.0
    outer loop
      vertex -0.46984631039295416 0.17101007166283447 1.8
      vertex -0.46984631039295416 0.17101007166283447 2.4
      vertex -0.5 6.123233995736766e-17 1.8
    endloop
  endfacet
  facet normal 0.9848077530122081 -0.1736481776669305 0.0
    outer loop
      vertex -0.46984631039295416 0.17101007166283447 2.4
      vertex -0.5 6.123233995736766e-17 2.4
      vertex -0.5 6.123233995736766e-17 1.8
    endloop
  endfacet
  facet normal 0.9848077530122082 0.17364817766693022 -0.0
    outer loop
      vertex -0.5 6.123233995736766e-17 1.8
      vertex -0.5 6.123233995736766e-17 2.4
      vertex -0.4698463103929542 -0.17101007166283436 1.8
    endloop
  endfacet
  facet normal 0.9848077530122082 0.17364817766693022 0.0
    outer loop
      vertex -0.5 6.123233995736766e-17 2.4
      vertex -0.4698463103929542 -0.17101007166283436 2.4
      vertex -0.4698463103929542 -0.17101007166283436 1.8
    endloop
  endfacet
  facet normal 0.8660254037844388 0.49999999999999967 -0.0
    outer loop
      vertex -0.4698463103929542 -0.17101007166283436 1.8
      vertex -0.4698463103929542 -0.17101007166283436 2.4
      vertex -0.38302222155948923 -0.32139380484326946 1.8
    endloop
  endfacet
  facet normal 0.8660254037844388 0.49999999999999967 0.0
    outer loop
      vertex -0.4698463103929542 -0.17101007166283436 2.4
      vertex -0.38302222155948923 -0.32139380484326946 2.4
      vertex -0.38302222155948923 -0.32139380484326946 1.8
    endloop
  endfacet
  facet normal 0.6427876096865391 0.766044443118978 -0.0
    outer loop
      vertex -0.38302222155948923 -0.32139380484326946 1.8
      vertex -0.38302222155948923 -0.32139380484326946 2.4
      vertex -0.25000000000000017 -0.43301270189221913 1.8
    endloop
  endfacet
  facet normal 0.6427876096865391 0.766044443118978 0.0
    outer loop
      vertex -0.38302222155948923 -0.32139380484326946 2.4
      vertex -0.25000000000000017 -0.43301270189221913 2.4
      vertex -0.25000000000000017 -0.43301270189221913 1.8
    endloop
  endfacet
  facet normal 0.34202014332566927 0.9396926207859081 -0.0
    outer loop
      vertex -0.25000000000000017 -0.43301270189221913 1.8
      vertex -0.25000000000000017 -0.43301270189221913 2.4
      vertex -0.08682408883346518 -0.492403876506104 1.8
    endloop
  endfacet
  facet normal 0.34202014332566927 0.9396926207859081 0.0
    outer loop
      vertex -0.25000000000000017 -0.43301270189221913 2.4
      vertex -0.08682408883346518 -0.492403876506104 2.4
      vertex -0.08682408883346518 -0.492403876506104 1.8
    endloop
  endfacet
  facet normal 3.196759791958903e-16 1.0 -0.0
    outer loop
      vertex -0.08682408883346518 -0.492403876506104 1.8
      vertex -0.08682408883346518 -0.492403876506104 2.4
      vertex 0.08682408883346499 -0.49240387650610407 1.8
    endloop
  endfacet
  facet normal 3.196759791958903e-16 1.0 0.0
    outer loop
      vertex -0.08682408883346518 -0.492403876506104 2.4
      vertex 0.08682408883346499 -0.49240387650610407 2.4
      vertex 0.08682408883346499 -0.49240387650610407 1.8
    endloop
  endfacet
  facet normal -0.34202014332566827 0.9396926207859085 0.0
    outer loop
      vertex 0.08682408883346499 -0.49240387650610407 1.8
      vertex 0.08682408883346499 -0.49240387650610407 2.4
      vertex 0.2499999999999996 -0.4330127018922195 1.8
    endloop
  endfacet
  facet normal -0.34202014332566827 0.9396926207859085 0.0
    outer loop
      vertex 0.08682408883346499 -0.49240387650610407 2.4
      vertex 0.2499999999999996 -0.4330127018922195 2.4
      vertex 0.2499999999999996 -0.4330127018922195 1.8
    endloop
  endfacet
  facet normal -0.6427876096865388 0.7660444431189785 0.0
    outer loop
      vertex 0.2499999999999996 -0.4330127018922195 1.8
      vertex 0.2499999999999996 -0.4330127018922195 2.4
      vertex 0.38302222155948895 -0.32139380484326974 1.8
    endloop
  endfacet
  facet normal -0.6427876096865388 0.7660444431189785 0.0
    outer loop
      vertex 0.2499999999999996 -0.4330127018922195 2.4
      vertex 0.38302222155948895 -0.32139380484326974 2.4
      vertex 0.38302222155948895 -0.32139380484326974 1.8
    endloop
  endfacet
  facet normal -0.8660254037844387 0.5000000000000001 0.0
    outer loop
      vertex 0.38302222155948895 -0.32139380484326974 1.8
      vertex 0.38302222155948895 -0.32139380484326974 2.4
      vertex 0.4698463103929542 -0.1710100716628343 1.8
    endloop
  endfacet
  facet normal -0.8660254037844387 0.5000000000000001 0.0
    outer loop
      vertex 0.38302222155948895 -0.32139380484326974 2.4
      vertex 0.4698463103929542 -0.1710100716628343 2.4
      vertex 0.4698463103929542 -0.1710100716628343 1.8
    endloop
  endfacet
  facet normal -0.984807753012208 0.1736481776669303 0.0
    outer loop
      vertex 0.4698463103929542 -0.1710100716628343 1.8
      vertex 0.4698463103929542 -0.1710100716628343 2.4
      vertex 0.5 0.0 1.8
    endloop
  endfacet
  facet normal -0.984807753012208 0.1736481776669303 0.0
    outer loop
      vertex 0.4698463103929542 -0.1710100716628343 2.4
      vertex 0.5 0.0 2.4
      vertex 0.5 0.0 1.8
    endloop
  endfacet
  facet normal -0.9848077530122081 -0.17364817766693053 0.0
    outer loop
      vertex 0.5 0.0 2.4
      vertex 0.5 0.0 3.0
      vertex 0.46984631039295416 0.17101007166283438 2.4
    endloop
  endfacet
  facet normal -0.9848077530122081 -0.17364817766693053 0.0
    outer loop
      vertex 0.5 0.0 3.0
      vertex 0.46984631039295416 0.17101007166283438 3.0
      vertex 0.46984631039295416 0.17101007166283438 2.4
    endloop
  endfacet
  facet normal -0.8660254037844389 -0.49999999999999956 0.0
    outer loop
      vertex 0.46984631039295416 0.17101007166283438 2.4
      vertex 0.46984631039295416 0.17101007166283438 3.0
      vertex 0.3830222215594891 0.3213938048432696 2.4
    endloop
  endfacet
  facet normal -0.8660254037844389 -0.49999999999999956 0.0
    outer loop
      vertex 0.46984631039295416 0.17101007166283438 3.0
      vertex 0.3830222215594891 0.3213938048432696 3.0
      vertex 0.3830222215594891 0.3213938048432696 2.4
    endloop
  endfacet
  facet normal -0.642787609686539 -0.7660444431189783 0.0
    outer loop
      vertex 0.3830222215594891 0.3213938048432696 2.4
      vertex 0.3830222215594891 0.3213938048432696 3.0
      vertex 0.25000000000000006 0.43301270189221924 2.4
    endloop
  endfacet
  facet normal -0.642787609686539 -0.7660444431189783 0.0
    outer loop
      vertex 0.3830222215594891 0.3213938048432696 3.0
      vertex 0.25000000000000006 0.43301270189221924 3.0
      vertex 0.25000000000000006 0.43301270189221924 2.4
    endloop
  endfacet
  facet normal -0.34202014332566905 -0.9396926207859083 0.0
    outer loop
      vertex 0.25000000000000006 0.43301270189221924 2.4
      vertex 0.25000000000000006 0.43301270189221924 3.0
      vertex 0.08682408883346522 0.492403876506104 2.4
    endloop
  endfacet
  facet normal -0.34202014332566905 -0.9396926207859083 0.0
    outer loop
      vertex 0.25000000000000006 0.43301270189221924 3.0
      vertex 0.08682408883346522 0.492403876506104 3.0
      vertex 0.08682408883346522 0.492403876506104 2.4
    endloop
  endfacet
  facet normal -3.1967597919588986e-16 -1.0 0.0
    outer loop
      vertex 0.08682408883346522 0.492403876506104 2.4
      vertex 0.08682408883346522 0.492403876506104 3.0
      vertex -0.08682408883346517 0.49240387650610407 2.4
    endloop
  endfacet
  facet normal -3.1967597919588986e-16 -1.0 0.0
    outer loop
      vertex 0.08682408883346522 0.492403876506104 3.0
      vertex -0.08682408883346517 0.49240387650610407 3.0
      vertex -0.08682408883346517 0.49240387650610407 2.4
    endloop
  endfacet
  facet normal 0.34202014332566905 -0.9396926207859083 0.0
    outer loop
      vertex -0.08682408883346517 0.49240387650610407 2.4
      vertex -0.08682408883346517 0.49240387650610407 3.0
      vertex -0.24999999999999986 0.43301270189221935 2.4
    endloop
  endfacet
  facet normal 0.34202014332566905 -0.9396926207859083 0.0
    outer loop
      vertex -0.08682408883346517 0.49240387650610407 3.0
      vertex -0.24999999999999986 0.43301270189221935 3.0
      vertex -0.24999999999999986 0.43301270189221935 2.4
    endloop
  endfacet
  facet normal 0.6427876096865388 -0.7660444431189785 0.0
    outer loop
      vertex -0.24999999999999986 0.43301270189221935 2.4
      vertex -0.24999999999999986 0.43301270189221935 3.0
      vertex -0.383022221559489 0.32139380484326974 2.4
    endloop
  endfacet
  facet normal 0.6427876096865388 -0.7660444431189785 0.0
    outer loop
      vertex -0.24999999999999986 0.43301270189221935 3.0
      vertex -0.383022221559489 0.32139380484326974 3.0
      vertex -0.383022221559489 0.32139380484326974 2.4
    endloop
  endfacet
  facet normal 0.8660254037844387 -0.5 0.0
    outer loop
      vertex -0.383022221559489 0.32139380484326974 2.4
      vertex -0.383022221559489 0.32139380484326974 3.0
      vertex -0.46984631039295416 0.17101007166283447 2.4
    endloop
  endfacet
  facet normal 0.8660254037844387 -0.5 0.0
    outer loop
      vertex -0.383022221559489 0.32139380484326974 3.0
      vertex -0.46984631039295416 0.17101007166283447 3.0
      vertex -0.46984631039295416 0.17101007166283447 2.4
    endloop
  endfacet
  facet normal 0.9848077530122081 -0.1736481776669305 0.0
    outer loop
      vertex -0.46984631039295416 0.17101007166283447 2.4
      vertex -0.46984631039295416 0.17101007166283447 3.0
      vertex -0.5 6.123233995736766e-17 2.4
    endloop
  endfacet
  facet normal 0.9848077530122081 -0.1736481776669305 0.0
    outer loop
      vertex -0.46984631039295416 0.17101007166283447 3.0
      vertex -0.5 6.123233995736766e-17 3.0
      vertex -0.5 6.123233995736766e-17 2.4
    endloop
  endfacet
  facet normal 0.9848077530122082 0.17364817766693022 -0.0
    outer loop
      vertex -0.5 6.123233995736766e-17 2.4
      vertex -0.5 6.123233995736766e-17 3.0
      vertex -0.4698463103929542 -0.17101007166283436 2.4
    endloop
  endfacet
  facet normal 0.9848077530122082 0.17364817766693022 0.0
    outer loop
      vertex -0.5 6.123233995736766e-17 3.0
      vertex -0.4698463103929542 -0.17101007166283436 3.0
      vertex -0.4698463103929542 -0.17101007166283436 2.4
    endloop
  endfacet
  facet normal 0.8660254037844388 0.49999999999999967 -0.0
    outer loop
      vertex -0.4698463103929542 -0.17101007166283436 2.4
      vertex -0.4698463103929542 -0.17101007166283436 3.0
      vertex -0.38302222155948923 -0.32139380484326946 2.4
    endloop
  endfacet
  facet normal 0.8660254037844388 0.49999999999999967 0.0
    outer loop
      vertex -0.4698463103929542 -0.17101007166283436 3.0
      vertex -0.38302222155948923 -0.32139380484326946 3.0
      vertex -0.38302222155948923 -0.32139380484326946 2.4
    endloop
  endfacet
  facet normal 0.6427876096865393 0.7660444431189781 -0.0
    outer loop
      vertex -0.38302222155948923 -0.32139380484326946 2.4
      vertex -0.38302222155948923 -0.32139380484326946 3.0
      vertex -0.25000000000000017 -0.43301270189221913 2.4
    endloop
  endfacet
  facet normal 0.6427876096865393 0.7660444431189781 0.0
    outer loop
      vertex -0.38302222155948923 -0.32139380484326946 3.0
      vertex -0.25000000000000017 -0.43301270189221913 3.0
      vertex -0.25000000000000017 -0.43301270189221913 2.4
    endloop
  endfacet
  facet normal 0.34202014332566927 0.9396926207859082 -0.0
    outer loop
      vertex -0.25000000000000017 -0.43301270189221913 2.4
      vertex -0.25000000000000017 -0.43301270189221913 3.0
      vertex -0.08682408883346518 -0.492403876506104 2.4
    endloop
  endfacet
  facet normal 0.34202014332566927 0.9396926207859082 0.0
    outer loop
      vertex -0.25000000000000017 -0.43301270189221913 3.0
      vertex -0.08682408883346518 -0.492403876506104 3.0
      vertex -0.08682408883346518 -0.492403876506104 2.4
    endloop
  endfacet
  facet normal 3.196759791958903e-16 1.0 -0.0
    outer loop
      vertex -0.08682408883346518 -0.492403876506104 2.4
      vertex -0.08682408883346518 -0.492403876506104 3.0
      vertex 0.08682408883346499 -0.49240387650610407 2.4
    endloop
  endfacet
  facet normal 3.196759791958903e-16 1.0 0.0
    outer loop
      vertex -0.08682408883346518 -0.492403876506104 3.0
      vertex 0.08682408883346499 -0.49240387650610407 3.0
      vertex 0.08682408883346499 -0.49240387650610407 2.4
    endloop
  endfacet
  facet normal -0.3420201433256683 0.9396926207859085 0.0
    outer loop
      vertex 0.08682408883346499 -0.49240387650610407 2.4
      vertex 0.08682408883346499 -0.49240387650610407 3.0
      vertex 0.2499999999999996 -0.4330127018922195 2.4
    endloop
  endfacet
  facet normal -0.3420201433256683 0.9396926207859085 0.0
    outer loop
      vertex 0.08682408883346499 -0.49240387650610407 3.0
      vertex 0.2499999999999996 -0.4330127018922195 3.0
      vertex 0.2499999999999996 -0.4330127018922195 2.4
    endloop
  endfacet
  facet normal -0.6427876096865388 0.7660444431189785 0.0
    outer loop
      vertex 0.2499999999999996 -0.4330127018922195 2.4
      vertex 0.2499999999999996 -0.4330127018922195 3.0
      vertex 0.38302222155948895 -0.32139380484326974 2.4
    endloop
  endfacet
  facet normal -0.6427876096865388 0.7660444431189785 0.0
    outer loop
      vertex 0.2499999999999996 -0.4330127018922195 3.0
      vertex 0.38302222155948895 -0.32139380484326974 3.0
      vertex 0.38302222155948895 -0.32139380484326974 2.4
    endloop
  endfacet
  facet normal -0.8660254037844386 0.5000000000000001 0.0
    outer loop
      vertex 0.38302222155948895 -0.32139380484326974 2.4
      vertex 0.38302222155948895 -0.32139380484326974 3.0
      vertex 0.4698463103929542 -0.1710100716628343 2.4
    endloop
  endfacet
  facet normal -0.8660254037844386 0.5000000000000001 0.0
    outer loop
      vertex 0.38302222155948895 -0.32139380484326974 3.0
      vertex 0.4698463103929542 -0.1710100716628343 3.0
      vertex 0.4698463103929542 -0.1710100716628343 2.4
    endloop
  endfacet
  facet normal -0.984807753012208 0.1736481776669303 0.0
    outer loop
      vertex 0.4698463103929542 -0.1710100716628343 2.4
      vertex 0.4698463103929542 -0.1710100716628343 3.0
      vertex 0.5 0.0 2.4
    endloop
  endfacet
  facet normal -0.984807753012208 0.1736481776669303 0.0
    outer loop
      vertex 0.4698463103929542 -0.1710100716628343 3.0
      vertex 0.5 0.0 3.0
      vertex 0.5 0.0 2.4
    endloop
  endfacet
  facet normal 0.984807753012208 0.17364817766693041 0.0
    outer loop
      vertex 0.37587704831436336 0.13680805733026752 0.0
      vertex 0.4 0.0 0.6
      vertex 0.4 0.0 0.0
    endloop
  endfacet
  facet normal 0.984807753012208 0.17364817766693041 -0.0
    outer loop
      vertex 0.37587704831436336 0.13680805733026752 0.0
      vertex 0.37587704831436336 0.13680805733026752 0.6
      vertex 0.4 0.0 0.6
    endloop
  endfacet
  facet normal 0.8660254037844389 0.4999999999999995 0.0
    outer loop
      vertex 0.30641777724759134 0.2571150438746157 0.0
      vertex 0.37587704831436336 0.13680805733026752 0.6
      vertex 0.37587704831436336 0.13680805733026752 0.0
    endloop
  endfacet
  facet normal 0.8660254037844389 0.4999999999999995 -0.0
    outer loop
      vertex 0.30641777724759134 0.2571150438746157 0.0
      vertex 0.30641777724759134 0.2571150438746157 0.6
      vertex 0.37587704831436336 0.13680805733026752 0.6
    endloop
  endfacet
  facet normal 0.642787609686539 0.7660444431189783 0.0
    outer loop
      vertex 0.20000000000000007 0.3464101615137754 0.0
      vertex 0.30641777724759134 0.2571150438746157 0.6
      vertex 0.30641777724759134 0.2571150438746157 0.0
    endloop
  endfacet
  facet normal 0.642787609686539 0.7660444431189783 -0.0
    outer loop
      vertex 0.20000000000000007 0.3464101615137754 0.0
      vertex 0.20000000000000007 0.3464101615137754 0.6
      vertex 0.30641777724759134 0.2571150438746157 0.6
    endloop
  endfacet
  facet normal 0.342020143325669 0.9396926207859083 0.0
    outer loop
      vertex 0.06945927106677217 0.3939231012048832 0.0
      vertex 0.20000000000000007 0.3464101615137754 0.6
      vertex 0.20000000000000007 0.3464101615137754 0.0
    endloop
  endfacet
  facet normal 0.342020143325669 0.9396926207859083 -0.0
    outer loop
      vertex 0.06945927106677217 0.3939231012048832 0.0
      vertex 0.06945927106677217 0.3939231012048832 0.6
      vertex 0.20000000000000007 0.3464101615137754 0.6
    endloop
  endfacet
  facet normal 3.995949739948623e-16 1.0 0.0
    outer loop
      vertex -0.06945927106677213 0.3939231012048833 0.0
      vertex 0.06945927106677217 0.3939231012048832 0.6
      vertex 0.06945927106677217 0.3939231012048832 0.0
    endloop
  endfacet
  facet normal 3.995949739948623e-16 1.0 -0.0
    outer loop
      vertex -0.06945927106677213 0.3939231012048833 0.0
      vertex -0.06945927106677213 0.3939231012048833 0.6
      vertex 0.06945927106677217 0.3939231012048832 0.6
    endloop
  endfacet
  facet normal -0.3420201433256689 0.9396926207859083 0.0
    outer loop
      vertex -0.1999999999999999 0.3464101615137755 0.0
      vertex -0.06945927106677213 0.3939231012048833 0.6
      vertex -0.06945927106677213 0.3939231012048833 0.0
    endloop
  endfacet
  facet normal -0.3420201433256689 0.9396926207859083 0.0
    outer loop
      vertex -0.1999999999999999 0.3464101615137755 0.0
      vertex -0.1999999999999999 0.3464101615137755 0.6
      vertex -0.06945927106677213 0.3939231012048833 0.6
    endloop
  endfacet
  facet normal -0.6427876096865388 0.7660444431189786 0.0
    outer loop
      vertex -0.3064177772475912 0.2571150438746158 0.0
      vertex -0.1999999999999999 0.3464101615137755 0.6
      vertex -0.1999999999999999 0.3464101615137755 0.0
    endloop
  endfacet
  facet normal -0.6427876096865388 0.7660444431189786 0.0
    outer loop
      vertex -0.3064177772475912 0.2571150438746158 0.0
      vertex -0.3064177772475912 0.2571150438746158 0.6
      vertex -0.1999999999999999 0.3464101615137755 0.6
    endloop
  endfacet
  facet normal -0.8660254037844387 0.5 0.0
    outer loop
      vertex -0.37587704831436336 0.13680805733026757 0.0
      vertex -0.3064177772475912 0.2571150438746158 0.6
      vertex -0.3064177772475912 0.2571150438746158 0.0
    endloop
  endfacet
  facet normal -0.8660254037844387 0.5 0.0
    outer loop
      vertex -0.37587704831436336 0.13680805733026757 0.0
      vertex -0.37587704831436336 0.13680805733026757 0.6
      vertex -0.3064177772475912 0.2571150438746158 0.6
    endloop
  endfacet
  facet normal -0.984807753012208 0.17364817766693041 0.0
    outer loop
      vertex -0.4 4.898587196589413e-17 0.0
      vertex -0.37587704831436336 0.13680805733026757 0.6
      vertex -0.37587704831436336 0.13680805733026757 0.0
    endloop
  endfacet
  facet normal -0.984807753012208 0.17364817766693041 0.0
    outer loop
      vertex -0.4 4.898587196589413e-17 0.0
      vertex -0.4 4.898587196589413e-17 0.6
      vertex -0.37587704831436336 0.13680805733026757 0.6
    endloop
  endfacet
  facet normal -0.984807753012208 -0.17364817766692997 0.0
    outer loop
      vertex -0.3758770483143634 -0.1368080573302675 0.0
      vertex -0.4 4.898587196589413e-17 0.6
      vertex -0.4 4.898587196589413e-17 0.0
    endloop
  endfacet
  facet normal -0.984807753012208 -0.17364817766692997 0.0
    outer loop
      vertex -0.3758770483143634 -0.1368080573302675 0.0
      vertex -0.3758770483143634 -0.1368080573302675 0.6
      vertex -0.4 4.898587196589413e-17 0.6
    endloop
  endfacet
  facet normal -0.8660254037844388 -0.49999999999999983 0.0
    outer loop
      vertex -0.3064177772475914 -0.2571150438746156 0.0
      vertex -0.3758770483143634 -0.1368080573302675 0.6
      vertex -0.3758770483143634 -0.1368080573302675 0.0
    endloop
  endfacet
  facet normal -0.8660254037844388 -0.49999999999999983 0.0
    outer loop
      vertex -0.3064177772475914 -0.2571150438746156 0.0
      vertex -0.3064177772475914 -0.2571150438746156 0.6
      vertex -0.3758770483143634 -0.1368080573302675 0.6
    endloop
  endfacet
  facet normal -0.6427876096865394 -0.766044443118978 0.0
    outer loop
      vertex -0.20000000000000015 -0.34641016151377535 0.0
      vertex -0.3064177772475914 -0.2571150438746156 0.6
      vertex -0.3064177772475914 -0.2571150438746156 0.0
    endloop
  endfacet
  facet normal -0.6427876096865394 -0.766044443118978 0.0
    outer loop
      vertex -0.20000000000000015 -0.34641016151377535 0.0
      vertex -0.20000000000000015 -0.34641016151377535 0.6
      vertex -0.3064177772475914 -0.2571150438746156 0.6
    endloop
  endfacet
  facet normal -0.3420201433256691 -0.9396926207859082 0.0
    outer loop
      vertex -0.06945927106677215 -0.3939231012048832 0.0
      vertex -0.20000000000000015 -0.34641016151377535 0.6
      vertex -0.20000000000000015 -0.34641016151377535 0.0
    endloop
  endfacet
  facet normal -0.3420201433256691 -0.9396926207859082 0.0
    outer loop
      vertex -0.06945927106677215 -0.3939231012048832 0.0
      vertex -0.06945927106677215 -0.3939231012048832 0.6
      vertex -0.20000000000000015 -0.34641016151377535 0.6
    endloop
  endfacet
  facet normal -3.995949739948628e-16 -1.0 0.0
    outer loop
      vertex 0.069459271066772 -0.3939231012048833 0.0
      vertex -0.06945927106677215 -0.3939231012048832 0.6
      vertex -0.06945927106677215 -0.3939231012048832 0.0
    endloop
  endfacet
  facet normal -3.995949739948628e-16 -1.0 0.0
    outer loop
      vertex 0.069459271066772 -0.3939231012048833 0.0
      vertex 0.069459271066772 -0.3939231012048833 0.6
      vertex -0.06945927106677215 -0.3939231012048832 0.6
    endloop
  endfacet
  facet normal 0.3420201433256684 -0.9396926207859085 0.0
    outer loop
      vertex 0.1999999999999997 -0.3464101615137756 0.0
      vertex 0.069459271066772 -0.3939231012048833 0.6
      vertex 0.069459271066772 -0.3939231012048833 0.0
    endloop
  endfacet
  facet normal 0.3420201433256684 -0.9396926207859085 0.0
    outer loop
      vertex 0.1999999999999997 -0.3464101615137756 0.0
      vertex 0.1999999999999997 -0.3464101615137756 0.6
      vertex 0.069459271066772 -0.3939231012048833 0.6
    endloop
  endfacet
  facet normal 0.6427876096865388 -0.7660444431189786 0.0
    outer loop
      vertex 0.30641777724759117 -0.2571150438746158 0.0
      vertex 0.1999999999999997 -0.3464101615137756 0.6
      vertex 0.1999999999999997 -0.3464101615137756 0.0
    endloop
  endfacet
  facet normal 0.6427876096865388 -0.7660444431189786 0.0
    outer loop
      vertex 0.30641777724759117 -0.2571150438746158 0.0
      vertex 0.30641777724759117 -0.2571150438746158 0.6
      vertex 0.1999999999999997 -0.3464101615137756 0.6
    endloop
  endfacet
  facet normal 0.8660254037844385 -0.5000000000000001 0.0
    outer loop
      vertex 0.3758770483143634 -0.13680805733026744 0.0
      vertex 0.30641777724759117 -0.2571150438746158 0.6
      vertex 0.30641777724759117 -0.2571150438746158 0.0
    endloop
  endfacet
  facet normal 0.8660254037844385 -0.5000000000000001 0.0
    outer loop
      vertex 0.3758770483143634 -0.13680805733026744 0.0
      vertex 0.3758770483143634 -0.13680805733026744 0.6
      vertex 0.30641777724759117 -0.2571150438746158 0.6
    endloop
  endfacet
  facet normal 0.984807753012208 -0.17364817766693014 0.0
    outer loop
      vertex 0.4 0.0 0.0
      vertex 0.3758770483143634 -0.13680805733026744 0.6
      vertex 0.3758770483143634 -0.13680805733026744 0.0
    endloop
  endfacet
  facet normal 0.984807753012208 -0.17364817766693014 0.0
    outer loop
      vertex 0.4 0.0 0.0
      vertex 0.4 0.0 0.6
      vertex 0.3758770483143634 -0.13680805733026744 0.6
    endloop
  endfacet
  facet normal 0.984807753012208 0.17364817766693041 0.0
    outer loop
      vertex 0.37587704831436336 0.13680805733026752 0.6
      vertex 0.4 0.0 1.2
      vertex 0.4 0.0 0.6
    endloop
  endfacet
  facet normal 0.984807753012208 0.17364817766693041 -0.0
    outer loop
      vertex 0.37587704831436336 0.13680805733026752 0.6
      vertex 0.37587704831436336 0.13680805733026752 1.2
      vertex 0.4 0.0 1.2
    endloop
  endfacet
  facet normal 0.8660254037844389 0.4999999999999995 0.0
    outer loop
      vertex 0.30641777724759134 0.2571150438746157 0.6
      vertex 0.37587704831436336 0.13680805733026752 1.2
      vertex 0.37587704831436336 0.13680805733026752 0.6
    endloop
  endfacet
  facet normal 0.8660254037844389 0.4999999999999995 -0.0
    outer loop
      vertex 0.30641777724759134 0.2571150438746157 0.6
      vertex 0.30641777724759134 0.2571150438746157 1.2
      vertex 0.37587704831436336 0.13680805733026752 1.2
    endloop
  endfacet
  facet normal 0.642787609686539 0.7660444431189783 0.0
    outer loop
      vertex 0.20000000000000007 0.3464101615137754 0.6
      vertex 0.30641777724759134 0.2571150438746157 1.2
      vertex 0.30641777724759134 0.2571150438746157 0.6
    endloop
  endfacet
  facet normal 0.642787609686539 0.7660444431189783 -0.0
    outer loop
      vertex 0.20000000000000007 0.3464101615137754 0.6
      vertex 0.20000000000000007 0.3464101615137754 1.2
      vertex 0.30641777724759134 0.2571150438746157 1.2
    endloop
  endfacet
  facet normal 0.342020143325669 0.9396926207859083 0.0
    outer loop
      vertex 0.06945927106677217 0.3939231012048832 0.6
      vertex 0.20000000000000007 0.3464101615137754 1.2
      vertex 0.20000000000000007 0.3464101615137754 0.6
    endloop
  endfacet
  facet normal 0.342020143325669 0.9396926207859083 -0.0
    outer loop
      vertex 0.06945927106677217 0.3939231012048832 0.6
      vertex 0.06945927106677217 0.3939231012048832 1.2
      vertex 0.20000000000000007 0.3464101615137754 1.2
    endloop
  endfacet
  facet normal 3.995949739948623e-16 1.0 0.0
    outer loop
      vertex -0.06945927106677213 0.3939231012048833 0.6
      vertex 0.06945927106677217 0.3939231012048832 1.2
      vertex 0.06945927106677217 0.3939231012048832 0.6
    endloop
  endfacet
  facet normal 3.995949739948623e-16 1.0 -0.0
    outer loop
      vertex -0.06945927106677213 0.3939231012048833 0.6
      vertex -0.06945927106677213 0.3939231012048833 1.2
      vertex 0.06945927106677217 0.3939231012048832 1.2
    endloop
  endfacet
  facet normal -0.3420201433256689 0.9396926207859083 0.0
    outer loop
      vertex -0.1999999999999999 0.3464101615137755 0.6
      vertex -0.06945927106677213 0.3939231012048833 1.2
      vertex -0.06945927106677213 0.3939231012048833 0.6
    endloop
  endfacet
  facet normal -0.3420201433256689 0.9396926207859083 0.0
    outer loop
      vertex -0.1999999999999999 0.3464101615137755 0.6
      vertex -0.1999999999999999 0.3464101615137755 1.2
      vertex -0.06945927106677213 0.3939231012048833 1.2
    endloop
  endfacet
  facet normal -0.6427876096865388 0.7660444431189786 0.0
    outer loop
      vertex -0.3064177772475912 0.2571150438746158 0.6
      vertex -0.1999999999999999 0.3464101615137755 1.2
      vertex -0.1999999999999999 0.3464101615137755 0.6
    endloop
  endfacet
  facet normal -0.6427876096865388 0.7660444431189786 0.0
    outer loop
      vertex -0.3064177772475912 0.2571150438746158 0.6
      vertex -0.3064177772475912 0.2571150438746158 1.2
      vertex -0.1999999999999999 0.3464101615137755 1.2
    endloop
  endfacet
  facet normal -0.8660254037844387 0.5 0.0
    outer loop
      vertex -0.37587704831436336 0.13680805733026757 0.6
      vertex -0.3064177772475912 0.2571150438746158 1.2
      vertex -0.3064177772475912 0.2571150438746158 0.6
    endloop
  endfacet
  facet normal -0.8660254037844387 0.5 0.0
    outer loop
      vertex -0.37587704831436336 0.13680805733026757 0.6
      vertex -0.37587704831436336 0.13680805733026757 1.2
      vertex -0.3064177772475912 0.2571150438746158 1.2
    endloop
  endfacet
  facet normal -0.984807753012208 0.17364817766693041 0.0
    outer loop
      vertex -0.4 4.898587196589413e-17 0.6
      vertex -0.37587704831436336 0.13680805733026757 1.2
      vertex -0.37587704831436336 0.13680805733026757 0.6
    endloop
  endfacet
  facet normal -0.984807753012208 0.17364817766693041 0.0
    outer loop
      vertex -0.4 4.898587196589413e-17 0.6
      vertex -0.4 4.898587196589413e-17 1.2
      vertex -0.37587704831436336 0.13680805733026757 1.2
    endloop
  endfacet
  facet normal -0.984807753012208 -0.17364817766692997 0.0
    outer loop
      vertex -0.3758770483143634 -0.1368080573302675 0.6
      vertex -0.4 4.898587196589413e-17 1.2
      vertex -0.4 4.898587196589413e-17 0.6
    endloop
  endfacet
  facet normal -0.984807753012208 -0.17364817766692997 0.0
    outer loop
      vertex -0.3758770483143634 -0.1368080573302675 0.6
      vertex -0.3758770483143634 -0.1368080573302675 1.2
      vertex -0.4 4.898587196589413e-17 1.2
    endloop
  endfacet
  facet normal -0.8660254037844388 -0.49999999999999983 0.0
    outer loop
      vertex -0.3064177772475914 -0.2571150438746156 0.6
      vertex -0.3758770483143634 -0.1368080573302675 1.2
      vertex -0.3758770483143634 -0.1368080573302675 0.6
    endloop
  endfacet
  facet normal -0.8660254037844388 -0.49999999999999983 0.0
    outer loop
      vertex -0.3064177772475914 -0.2571150438746156 0.6
      vertex -0.3064177772475914 -0.2571150438746156 1.2
      vertex -0.3758770483143634 -0.1368080573302675 1.2
    endloop
  endfacet
  facet normal -0.6427876096865394 -0.766044443118978 0.0
    outer loop
      vertex -0.20000000000000015 -0.34641016151377535 0.6
      vertex -0.3064177772475914 -0.2571150438746156 1.2
      vertex -0.3064177772475914 -0.2571150438746156 0.6
    endloop
  endfacet
  facet normal -0.6427876096865394 -0.766044443118978 0.0
    outer loop
      vertex -0.20000000000000015 -0.34641016151377535 0.6
      vertex -0.20000000000000015 -0.34641016151377535 1.2
      vertex -0.3064177772475914 -0.2571150438746156 1.2
    endloop
  endfacet
  facet normal -0.3420201433256691 -0.9396926207859082 0.0
    outer loop
      vertex -0.06945927106677215 -0.3939231012048832 0.6
      vertex -0.20000000000000015 -0.34641016151377535 1.2
      vertex -0.20000000000000015 -0.34641016151377535 0.6
    endloop
  endfacet
  facet normal -0.3420201433256691 -0.9396926207859082 0.0
    outer loop
      vertex -0.06945927106677215 -0.3939231012048832 0.6
      vertex -0.06945927106677215 -0.3939231012048832 1.2
      vertex -0.20000000000000015 -0.34641016151377535 1.2
    endloop
  endfacet
  facet normal -3.995949739948628e-16 -1.0 0.0
    outer loop
      vertex 0.069459271066772 -0.3939231012048833 0.6
      vertex -0.06945927106677215 -0.3939231012048832 1.2
      vertex -0.06945927106677215 -0.3939231012048832 0.6
    endloop
  endfacet
  facet normal -3.995949739948628e-16 -1.0 0.0
    outer loop
      vertex 0.069459271066772 -0.3939231012048833 0.6
      vertex 0.069459271066772 -0.3939231012048833 1.2
      vertex -0.06945927106677215 -0.3939231012048832 1.2
    endloop
  endfacet
  facet normal 0.3420201433256684 -0.9396926207859085 0.0
    outer loop
      vertex 0.1999999999999997 -0.3464101615137756 0.6
      vertex 0.069459271066772 -0.3939231012048833 1.2
      vertex 0.069459271066772 -0.3939231012048833 0.6
    endloop
  endfacet
  facet normal 0.3420201433256684 -0.9396926207859085 0.0
    outer loop
      vertex 0.1999999999999997 -0.3464101615137756 0.6
      vertex 0.1999999999999997 -0.3464101615137756 1.2
      vertex 0.069459271066772 -0.3939231012048833 1.2
    endloop
  endfacet
  facet normal 0.6427876096865388 -0.7660444431189786 0.0
    outer loop
      vertex 0.30641777724759117 -0.2571150438746158 0.6
      vertex 0.1999999999999997 -0.3464101615137756 1.2
      vertex 0.1999999999999997 -0.3464101615137756 0.6
    endloop
  endfacet
  facet normal 0.6427876096865388 -0.7660444431189786 0.0
    outer loop
      vertex 0.30641777724759117 -0.2571150438746158 0.6
      vertex 0.30641777724759117 -0.2571150438746158 1.2
      vertex 0.1999999999999997 -0.3464101615137756 1.2
    endloop
  endfacet
  facet normal 0.8660254037844385 -0.5000000000000001 0.0
    outer loop
      vertex 0.3758770483143634 -0.13680805733026744 0.6
      vertex 0.30641777724759117 -0.2571150438746158 1.2
      vertex 0.30641777724759117 -0.2571150438746158 0.6
    endloop
  endfacet
  facet normal 0.8660254037844385 -0.5000000000000001 0.0
    outer loop
      vertex 0.3758770483143634 -0.13680805733026744 0.6
      vertex 0.3758770483143634 -0.13680805733026744 1.2
      vertex 0.30641777724759117 -0.2571150438746158 1.2
    endloop
  endfacet
  facet normal 0.984807753012208 -0.17364817766693014 0.0
    outer loop
      vertex 0.4 0.0 0.6
      vertex 0.3758770483143634 -0.13680805733026744 1.2
      vertex 0.3758770483143634 -0.13680805733026744 0.6
    endloop
  endfacet
  facet normal 0.984807753012208 -0.17364817766693014 0.0
    outer loop
      vertex 0.4 0.0 0.6
      vertex 0.4 0.0 1.2
      vertex 0.3758770483143634 -0.13680805733026744 1.2
    endloop
  endfacet
  facet normal 0.984807753012208 0.17364817766693041 0.0
    outer loop
      vertex 0.37587704831436336 0.13680805733026752 1.2
      vertex 0.4 0.0 1.8
      vertex 0.4 0.0 1.2
    endloop
  endfacet
  facet normal 0.984807753012208 0.17364817766693041 -0.0
    outer loop
      vertex 0.37587704831436336 0.13680805733026752 1.2
      vertex 0.37587704831436336 0.13680805733026752 1.8
      vertex 0.4 0.0 1.8
    endloop
  endfacet
  facet normal 0.8660254037844389 0.4999999999999995 0.0
    outer loop
      vertex 0.30641777724759134 0.2571150438746157 1.2
      vertex 0.37587704831436336 0.13680805733026752 1.8
      vertex 0.37587704831436336 0.13680805733026752 1.2
    endloop
  endfacet
  facet normal 0.8660254037844389 0.4999999999999995 -0.0
    outer loop
      vertex 0.30641777724759134 0.2571150438746157 1.2
      vertex 0.30641777724759134 0.2571150438746157 1.8
      vertex 0.37587704831436336 0.13680805733026752 1.8
    endloop
  endfacet
  facet normal 0.642787609686539 0.7660444431189782 0.0
    outer loop
      vertex 0.20000000000000007 0.3464101615137754 1.2
      vertex 0.30641777724759134 0.2571150438746157 1.8
      vertex 0.30641777724759134 0.2571150438746157 1.2
    endloop
  endfacet
  facet normal 0.642787609686539 0.7660444431189782 -0.0
    outer loop
      vertex 0.20000000000000007 0.3464101615137754 1.2
      vertex 0.20000000000000007 0.3464101615137754 1.8
      vertex 0.30641777724759134 0.2571150438746157 1.8
    endloop
  endfacet
  facet normal 0.342020143325669 0.9396926207859083 0.0
    outer loop
      vertex 0.06945927106677217 0.3939231012048832 1.2
      vertex 0.20000000000000007 0.3464101615137754 1.8
      vertex 0.20000000000000007 0.3464101615137754 1.2
    endloop
  endfacet
  facet normal 0.342020143325669 0.9396926207859083 -0.0
    outer loop
      vertex 0.06945927106677217 0.3939231012048832 1.2
      vertex 0.06945927106677217 0.3939231012048832 1.8
      vertex 0.20000000000000007 0.3464101615137754 1.8
    endloop
  endfacet
  facet normal 3.995949739948623e-16 1.0 0.0
    outer loop
      vertex -0.06945927106677213 0.3939231012048833 1.2
      vertex 0.06945927106677217 0.3939231012048832 1.8
      vertex 0.06945927106677217 0.3939231012048832 1.2
    endloop
  endfacet
  facet normal 3.995949739948623e-16 1.0 -0.0
    outer loop
      vertex -0.06945927106677213 0.3939231012048833 1.2
      vertex -0.06945927106677213 0.3939231012048833 1.8
      vertex 0.06945927106677217 0.3939231012048832 1.8
    endloop
  endfacet
  facet normal -0.3420201433256689 0.9396926207859083 0.0
    outer loop
      vertex -0.1999999999999999 0.3464101615137755 1.2
      vertex -0.06945927106677213 0.3939231012048833 1.8
      vertex -0.06945927106677213 0.3939231012048833 1.2
    endloop
  endfacet
  facet normal -0.3420201433256689 0.9396926207859083 0.0
    outer loop
      vertex -0.1999999999999999 0.3464101615137755 1.2
      vertex -0.1999999999999999 0.3464101615137755 1.8
      vertex -0.06945927106677213 0.3939231012048833 1.8
    endloop
  endfacet
  facet normal -0.6427876096865388 0.7660444431189785 0.0
    outer loop
      vertex -0.3064177772475912 0.2571150438746158 1.2
      vertex -0.1999999999999999 0.3464101615137755 1.8
      vertex -0.1999999999999999 0.3464101615137755 1.2
    endloop
  endfacet
  facet normal -0.6427876096865388 0.7660444431189785 0.0
    outer loop
      vertex -0.3064177772475912 0.2571150438746158 1.2
      vertex -0.3064177772475912 0.2571150438746158 1.8
      vertex -0.1999999999999999 0.3464101615137755 1.8
    endloop
  endfacet
  facet normal -0.8660254037844386 0.49999999999999994 0.0
    outer loop
      vertex -0.37587704831436336 0.13680805733026757 1.2
      vertex -0.3064177772475912 0.2571150438746158 1.8
      vertex -0.3064177772475912 0.2571150438746158 1.2
    endloop
  endfacet
  facet normal -0.8660254037844386 0.49999999999999994 0.0
    outer loop
      vertex -0.37587704831436336 0.13680805733026757 1.2
      vertex -0.37587704831436336 0.13680805733026757 1.8
      vertex -0.3064177772475912 0.2571150438746158 1.8
    endloop
  endfacet
  facet normal -0.984807753012208 0.17364817766693041 0.0
    outer loop
      vertex -0.4 4.898587196589413e-17 1.2
      vertex -0.37587704831436336 0.13680805733026757 1.8
      vertex -0.37587704831436336 0.13680805733026757 1.2
    endloop
  endfacet
  facet normal -0.984807753012208 0.17364817766693041 0.0
    outer loop
      vertex -0.4 4.898587196589413e-17 1.2
      vertex -0.4 4.898587196589413e-17 1.8
      vertex -0.37587704831436336 0.13680805733026757 1.8
    endloop
  endfacet
  facet normal -0.9848077530122082 -0.17364817766693003 0.0
    outer loop
      vertex -0.3758770483143634 -0.1368080573302675 1.2
      vertex -0.4 4.898587196589413e-17 1.8
      vertex -0.4 4.898587196589413e-17 1.2
    endloop
  endfacet
  facet normal -0.9848077530122082 -0.17364817766693003 0.0
    outer loop
      vertex -0.3758770483143634 -0.1368080573302675 1.2
      vertex -0.3758770483143634 -0.1368080573302675 1.8
      vertex -0.4 4.898587196589413e-17 1.8
    endloop
  endfacet
  facet normal -0.8660254037844387 -0.4999999999999998 0.0
    outer loop
      vertex -0.3064177772475914 -0.2571150438746156 1.2
      vertex -0.3758770483143634 -0.1368080573302675 1.8
      vertex -0.3758770483143634 -0.1368080573302675 1.2
    endloop
  endfacet
  facet normal -0.8660254037844387 -0.4999999999999998 0.0
    outer loop
      vertex -0.3064177772475914 -0.2571150438746156 1.2
      vertex -0.3064177772475914 -0.2571150438746156 1.8
      vertex -0.3758770483143634 -0.1368080573302675 1.8
    endloop
  endfacet
  facet normal -0.6427876096865395 -0.766044443118978 0.0
    outer loop
      vertex -0.20000000000000015 -0.34641016151377535 1.2
      vertex -0.3064177772475914 -0.2571150438746156 1.8
      vertex -0.3064177772475914 -0.2571150438746156 1.2
    endloop
  endfacet
  facet normal -0.6427876096865395 -0.766044443118978 0.0
    outer loop
      vertex -0.20000000000000015 -0.34641016151377535 1.2
      vertex -0.20000000000000015 -0.34641016151377535 1.8
      vertex -0.3064177772475914 -0.2571150438746156 1.8
    endloop
  endfacet
  facet normal -0.3420201433256691 -0.9396926207859082 0.0
    outer loop
      vertex -0.06945927106677215 -0.3939231012048832 1.2
      vertex -0.20000000000000015 -0.34641016151377535 1.8
      vertex -0.20000000000000015 -0.34641016151377535 1.2
    endloop
  endfacet
  facet normal -0.3420201433256691 -0.9396926207859082 0.0
    outer loop
      vertex -0.06945927106677215 -0.3939231012048832 1.2
      vertex -0.06945927106677215 -0.3939231012048832 1.8
      vertex -0.20000000000000015 -0.34641016151377535 1.8
    endloop
  endfacet
  facet normal -3.995949739948628e-16 -1.0 0.0
    outer loop
      vertex 0.069459271066772 -0.3939231012048833 1.2
      vertex -0.06945927106677215 -0.3939231012048832 1.8
      vertex -0.06945927106677215 -0.3939231012048832 1.2
    endloop
  endfacet
  facet normal -3.995949739948628e-16 -1.0 0.0
    outer loop
      vertex 0.069459271066772 -0.3939231012048833 1.2
      vertex 0.069459271066772 -0.3939231012048833 1.8
      vertex -0.06945927106677215 -0.3939231012048832 1.8
    endloop
  endfacet
  facet normal 0.3420201433256684 -0.9396926207859085 0.0
    outer loop
      vertex 0.1999999999999997 -0.3464101615137756 1.2
      vertex 0.069459271066772 -0.3939231012048833 1.8
      vertex 0.069459271066772 -0.3939231012048833 1.2
    endloop
  endfacet
  facet normal 0.3420201433256684 -0.9396926207859085 0.0
    outer loop
      vertex 0.1999999999999997 -0.3464101615137756 1.2
      vertex 0.1999999999999997 -0.3464101615137756 1.8
      vertex 0.069459271066772 -0.3939231012048833 1.8
    endloop
  endfacet
  facet normal 0.6427876096865388 -0.7660444431189786 0.0
    outer loop
      vertex 0.30641777724759117 -0.2571150438746158 1.2
      vertex 0.1999999999999997 -0.3464101615137756 1.8
      vertex 0.1999999999999997 -0.3464101615137756 1.2
    endloop
  endfacet
  facet normal 0.6427876096865388 -0.7660444431189786 0.0
    outer loop
      vertex 0.30641777724759117 -0.2571150438746158 1.2
      vertex 0.30641777724759117 -0.2571150438746158 1.8
      vertex 0.1999999999999997 -0.3464101615137756 1.8
    endloop
  endfacet
  facet normal 0.8660254037844385 -0.5000000000000001 0.0
    outer loop
      vertex 0.3758770483143634 -0.13680805733026744 1.2
      vertex 0.30641777724759117 -0.2571150438746158 1.8
      vertex 0.30641777724759117 -0.2571150438746158 1.2
    endloop
  endfacet
  facet normal 0.8660254037844385 -0.5000000000000001 0.0
    outer loop
      vertex 0.3758770483143634 -0.13680805733026744 1.2
      vertex 0.3758770483143634 -0.13680805733026744 1.8
      vertex 0.30641777724759117 -0.2571150438746158 1.8
    endloop
  endfacet
  facet normal 0.984807753012208 -0.17364817766693014 0.0
    outer loop
      vertex 0.4 0.0 1.2
      vertex 0.3758770483143634 -0.13680805733026744 1.8
      vertex 0.3758770483143634 -0.13680805733026744 1.2
    endloop
  endfacet
  facet normal 0.984807753012208 -0.17364817766693014 0.0
    outer loop
      vertex 0.4 0.0 1.2
      vertex 0.4 0.0 1.8
      vertex 0.3758770483143634 -0.13680805733026744 1.8
    endloop
  endfacet
  facet normal 0.984807753012208 0.17364817766693044 0.0
    outer loop
      vertex 0.37587704831436336 0.13680805733026752 1.8
      vertex 0.4 0.0 2.4
      vertex 0.4 0.0 1.8
    endloop
  endfacet
  facet normal 0.984807753012208 0.17364817766693044 -0.0
    outer loop
      vertex 0.37587704831436336 0.13680805733026752 1.8
      vertex 0.37587704831436336 0.13680805733026752 2.4
      vertex 0.4 0.0 2.4
    endloop
  endfacet
  facet normal 0.8660254037844389 0.4999999999999995 0.0
    outer loop
      vertex 0.30641777724759134 0.2571150438746157 1.8
      vertex 0.37587704831436336 0.13680805733026752 2.4
      vertex 0.37587704831436336 0.13680805733026752 1.8
    endloop
  endfacet
  facet normal 0.8660254037844389 0.4999999999999995 -0.0
    outer loop
      vertex 0.30641777724759134 0.2571150438746157 1.8
      vertex 0.30641777724759134 0.2571150438746157 2.4
      vertex 0.37587704831436336 0.13680805733026752 2.4
    endloop
  endfacet
  facet normal 0.642787609686539 0.7660444431189783 0.0
    outer loop
      vertex 0.20000000000000007 0.3464101615137754 1.8
      vertex 0.30641777724759134 0.2571150438746157 2.4
      vertex 0.30641777724759134 0.2571150438746157 1.8
    endloop
  endfacet
  facet normal 0.642787609686539 0.7660444431189783 -0.0
    outer loop
      vertex 0.20000000000000007 0.3464101615137754 1.8
      vertex 0.20000000000000007 0.3464101615137754 2.4
      vertex 0.30641777724759134 0.2571150438746157 2.4
    endloop
  endfacet
  facet normal 0.342020143325669 0.9396926207859083 0.0
    outer loop
      vertex 0.06945927106677217 0.3939231012048832 1.8
      vertex 0.20000000000000007 0.3464101615137754 2.4
      vertex 0.20000000000000007 0.3464101615137754 1.8
    endloop
  endfacet
  facet normal 0.342020143325669 0.9396926207859083 -0.0
    outer loop
      vertex 0.06945927106677217 0.3939231012048832 1.8
      vertex 0.06945927106677217 0.3939231012048832 2.4
      vertex 0.20000000000000007 0.3464101615137754 2.4
    endloop
  endfacet
  facet normal 3.995949739948623e-16 1.0 0.0
    outer loop
      vertex -0.06945927106677213 0.3939231012048833 1.8
      vertex 0.06945927106677217 0.3939231012048832 2.4
      vertex 0.06945927106677217 0.3939231012048832 1.8
    endloop
  endfacet
  facet normal 3.995949739948623e-16 1.0 -0.0
    outer loop
      vertex -0.06945927106677213 0.3939231012048833 1.8
      vertex -0.06945927106677213 0.3939231012048833 2.4
      vertex 0.06945927106677217 0.3939231012048832 2.4
    endloop
  endfacet
  facet normal -0.3420201433256689 0.9396926207859083 0.0
    outer loop
      vertex -0.1999999999999999 0.3464101615137755 1.8
      vertex -0.06945927106677213 0.3939231012048833 2.4
      vertex -0.06945927106677213 0.3939231012048833 1.8
    endloop
  endfacet
  facet normal -0.3420201433256689 0.9396926207859083 0.0
    outer loop
      vertex -0.1999999999999999 0.3464101615137755 1.8
      vertex -0.1999999999999999 0.3464101615137755 2.4
      vertex -0.06945927106677213 0.3939231012048833 2.4
    endloop
  endfacet
  facet normal -0.6427876096865389 0.7660444431189785 0.0
    outer loop
      vertex -0.3064177772475912 0.2571150438746158 1.8
      vertex -0.1999999999999999 0.3464101615137755 2.4
      vertex -0.1999999999999999 0.3464101615137755 1.8
    endloop
  endfacet
  facet normal -0.6427876096865389 0.7660444431189785 0.0
    outer loop
      vertex -0.3064177772475912 0.2571150438746158 1.8
      vertex -0.3064177772475912 0.2571150438746158 2.4
      vertex -0.1999999999999999 0.3464101615137755 2.4
    endloop
  endfacet
  facet normal -0.8660254037844386 0.5 0.0
    outer loop
      vertex -0.37587704831436336 0.13680805733026757 1.8
      vertex -0.3064177772475912 0.2571150438746158 2.4
      vertex -0.3064177772475912 0.2571150438746158 1.8
    endloop
  endfacet
  facet normal -0.8660254037844386 0.5 0.0
    outer loop
      vertex -0.37587704831436336 0.13680805733026757 1.8
      vertex -0.37587704831436336 0.13680805733026757 2.4
      vertex -0.3064177772475912 0.2571150438746158 2.4
    endloop
  endfacet
  facet normal -0.984807753012208 0.17364817766693044 0.0
    outer loop
      vertex -0.4 4.898587196589413e-17 1.8
      vertex -0.37587704831436336 0.13680805733026757 2.4
      vertex -0.37587704831436336 0.13680805733026757 1.8
    endloop
  endfacet
  facet normal -0.984807753012208 0.17364817766693044 0.0
    outer loop
      vertex -0.4 4.898587196589413e-17 1.8
      vertex -0.4 4.898587196589413e-17 2.4
      vertex -0.37587704831436336 0.13680805733026757 2.4
    endloop
  endfacet
  facet normal -0.984807753012208 -0.17364817766693 0.0
    outer loop
      vertex -0.3758770483143634 -0.1368080573302675 1.8
      vertex -0.4 4.898587196589413e-17 2.4
      vertex -0.4 4.898587196589413e-17 1.8
    endloop
  endfacet
  facet normal -0.984807753012208 -0.17364817766693 0.0
    outer loop
      vertex -0.3758770483143634 -0.1368080573302675 1.8
      vertex -0.3758770483143634 -0.1368080573302675 2.4
      vertex -0.4 4.898587196589413e-17 2.4
    endloop
  endfacet
  facet normal -0.8660254037844388 -0.49999999999999983 0.0
    outer loop
      vertex -0.3064177772475914 -0.2571150438746156 1.8
      vertex -0.3758770483143634 -0.1368080573302675 2.4
      vertex -0.3758770483143634 -0.1368080573302675 1.8
    endloop
  endfacet
  facet normal -0.8660254037844388 -0.49999999999999983 0.0
    outer loop
      vertex -0.3064177772475914 -0.2571150438746156 1.8
      vertex -0.3064177772475914 -0.2571150438746156 2.4
      vertex -0.3758770483143634 -0.1368080573302675 2.4
    endloop
  endfacet
  facet normal -0.6427876096865394 -0.766044443118978 0.0
    outer loop
      vertex -0.20000000000000015 -0.34641016151377535 1.8
      vertex -0.3064177772475914 -0.2571150438746156 2.4
      vertex -0.3064177772475914 -0.2571150438746156 1.8
    endloop
  endfacet
  facet normal -0.6427876096865394 -0.766044443118978 0.0
    outer loop
      vertex -0.20000000000000015 -0.34641016151377535 1.8
      vertex -0.20000000000000015 -0.34641016151377535 2.4
      vertex -0.3064177772475914 -0.2571150438746156 2.4
    endloop
  endfacet
  facet normal -0.3420201433256691 -0.9396926207859082 0.0
    outer loop
      vertex -0.06945927106677215 -0.3939231012048832 1.8
      vertex -0.20000000000000015 -0.34641016151377535 2.4
      vertex -0.20000000000000015 -0.34641016151377535 1.8
    endloop
  endfacet
  facet normal -0.3420201433256691 -0.9396926207859082 0.0
    outer loop
      vertex -0.06945927106677215 -0.3939231012048832 1.8
      vertex -0.06945927106677215 -0.3939231012048832 2.4
      vertex -0.20000000000000015 -0.34641016151377535 2.4
    endloop
  endfacet
  facet normal -3.9959497399486276e-16 -1.0 0.0
    outer loop
      vertex 0.069459271066772 -0.3939231012048833 1.8
      vertex -0.06945927106677215 -0.3939231012048832 2.4
      vertex -0.06945927106677215 -0.3939231012048832 1.8
    endloop
  endfacet
  facet normal -3.9959497399486276e-16 -1.0 0.0
    outer loop
      vertex 0.069459271066772 -0.3939231012048833 1.8
      vertex 0.069459271066772 -0.3939231012048833 2.4
      vertex -0.06945927106677215 -0.3939231012048832 2.4
    endloop
  endfacet
  facet normal 0.3420201433256683 -0.9396926207859085 0.0
    outer loop
      vertex 0.1999999999999997 -0.3464101615137756 1.8
      vertex 0.069459271066772 -0.3939231012048833 2.4
      vertex 0.069459271066772 -0.3939231012048833 1.8
    endloop
  endfacet
  facet normal 0.3420201433256683 -0.9396926207859085 0.0
    outer loop
      vertex 0.1999999999999997 -0.3464101615137756 1.8
      vertex 0.1999999999999997 -0.3464101615137756 2.4
      vertex 0.069459271066772 -0.3939231012048833 2.4
    endloop
  endfacet
  facet normal 0.6427876096865388 -0.7660444431189785 0.0
    outer loop
      vertex 0.30641777724759117 -0.2571150438746158 1.8
      vertex 0.1999999999999997 -0.3464101615137756 2.4
      vertex 0.1999999999999997 -0.3464101615137756 1.8
    endloop
  endfacet
  facet normal 0.6427876096865388 -0.7660444431189785 0.0
    outer loop
      vertex 0.30641777724759117 -0.2571150438746158 1.8
      vertex 0.30641777724759117 -0.2571150438746158 2.4
      vertex 0.1999999999999997 -0.3464101615137756 2.4
    endloop
  endfacet
  facet normal 0.8660254037844386 -0.5000000000000001 0.0
    outer loop
      vertex 0.3758770483143634 -0.13680805733026744 1.8
      vertex 0.30641777724759117 -0.2571150438746158 2.4
      vertex 0.30641777724759117 -0.2571150438746158 1.8
    endloop
  endfacet
  facet normal 0.8660254037844386 -0.5000000000000001 0.0
    outer loop
      vertex 0.3758770483143634 -0.13680805733026744 1.8
      vertex 0.3758770483143634 -0.13680805733026744 2.4
      vertex 0.30641777724759117 -0.2571150438746158 2.4
    endloop
  endfacet
  facet normal 0.984807753012208 -0.17364817766693014 0.0
    outer loop
      vertex 0.4 0.0 1.8
      vertex 0.3758770483143634 -0.13680805733026744 2.4
      vertex 0.3758770483143634 -0.13680805733026744 1.8
    endloop
  endfacet
  facet normal 0.984807753012208 -0.17364817766693014 0.0
    outer loop
      vertex 0.4 0.0 1.8
      vertex 0.4 0.0 2.4
      vertex 0.3758770483143634 -0.13680805733026744 2.4
    endloop
  endfacet
  facet normal 0.984807753012208 0.17364817766693041 0.0
    outer loop
      vertex 0.37587704831436336 0.13680805733026752 2.4
      vertex 0.4 0.0 3.0
      vertex 0.4 0.0 2.4
    endloop
  endfacet
  facet normal 0.984807753012208 0.17364817766693041 -0.0
    outer loop
      vertex 0.37587704831436336 0.13680805733026752 2.4
      vertex 0.37587704831436336 0.13680805733026752 3.0
      vertex 0.4 0.0 3.0
    endloop
  endfacet
  facet normal 0.8660254037844389 0.4999999999999995 0.0
    outer loop
      vertex 0.30641777724759134 0.2571150438746157 2.4
      vertex 0.37587704831436336 0.13680805733026752 3.0
      vertex 0.37587704831436336 0.13680805733026752 2.4
    endloop
  endfacet
  facet normal 0.8660254037844389 0.4999999999999995 -0.0
    outer loop
      vertex 0.30641777724759134 0.2571150438746157 2.4
      vertex 0.30641777724759134 0.2571150438746157 3.0
      vertex 0.37587704831436336 0.13680805733026752 3.0
    endloop
  endfacet
  facet normal 0.642787609686539 0.7660444431189782 0.0
    outer loop
      vertex 0.20000000000000007 0.3464101615137754 2.4
      vertex 0.30641777724759134 0.2571150438746157 3.0
      vertex 0.30641777724759134 0.2571150438746157 2.4
    endloop
  endfacet
  facet normal 0.642787609686539 0.7660444431189782 -0.0
    outer loop
      vertex 0.20000000000000007 0.3464101615137754 2.4
      vertex 0.20000000000000007 0.3464101615137754 3.0
      vertex 0.30641777724759134 0.2571150438746157 3.0
    endloop
  endfacet
  facet normal 0.342020143325669 0.9396926207859083 0.0
    outer loop
      vertex 0.06945927106677217 0.3939231012048832 2.4
      vertex 0.20000000000000007 0.3464101615137754 3.0
      vertex 0.20000000000000007 0.3464101615137754 2.4
    endloop
  endfacet
  facet normal 0.342020143325669 0.9396926207859083 -0.0
    outer loop
      vertex 0.06945927106677217 0.3939231012048832 2.4
      vertex 0.06945927106677217 0.3939231012048832 3.0
      vertex 0.20000000000000007 0.3464101615137754 3.0
    endloop
  endfacet
  facet normal 3.995949739948623e-16 1.0 0.0
    outer loop
      vertex -0.06945927106677213 0.3939231012048833 2.4
      vertex 0.06945927106677217 0.3939231012048832 3.0
      vertex 0.06945927106677217 0.3939231012048832 2.4
    endloop
  endfacet
  facet normal 3.995949739948623e-16 1.0 -0.0
    outer loop
      vertex -0.06945927106677213 0.3939231012048833 2.4
      vertex -0.06945927106677213 0.3939231012048833 3.0
      vertex 0.06945927106677217 0.3939231012048832 3.0
    endloop
  endfacet
  facet normal -0.3420201433256689 0.9396926207859083 0.0
    outer loop
      vertex -0.1999999999999999 0.3464101615137755 2.4
      vertex -0.06945927106677213 0.3939231012048833 3.0
      vertex -0.06945927106677213 0.3939231012048833 2.4
    endloop
  endfacet
  facet normal -0.3420201433256689 0.9396926207859083 0.0
    outer loop
      vertex -0.1999999999999999 0.3464101615137755 2.4
      vertex -0.1999999999999999 0.3464101615137755 3.0
      vertex -0.06945927106677213 0.3939231012048833 3.0
    endloop
  endfacet
  facet normal -0.6427876096865388 0.7660444431189785 0.0
    outer loop
      vertex -0.3064177772475912 0.2571150438746158 2.4
      vertex -0.1999999999999999 0.3464101615137755 3.0
      vertex -0.1999999999999999 0.3464101615137755 2.4
    endloop
  endfacet
  facet normal -0.6427876096865388 0.7660444431189785 0.0
    outer loop
      vertex -0.3064177772475912 0.2571150438746158 2.4
      vertex -0.3064177772475912 0.2571150438746158 3.0
      vertex -0.1999999999999999 0.3464101615137755 3.0
    endloop
  endfacet
  facet normal -0.8660254037844386 0.49999999999999994 0.0
    outer loop
      vertex -0.37587704831436336 0.13680805733026757 2.4
      vertex -0.3064177772475912 0.2571150438746158 3.0
      vertex -0.3064177772475912 0.2571150438746158 2.4
    endloop
  endfacet
  facet normal -0.8660254037844386 0.49999999999999994 0.0
    outer loop
      vertex -0.37587704831436336 0.13680805733026757 2.4
      vertex -0.37587704831436336 0.13680805733026757 3.0
      vertex -0.3064177772475912 0.2571150438746158 3.0
    endloop
  endfacet
  facet normal -0.984807753012208 0.17364817766693041 0.0
    outer loop
      vertex -0.4 4.898587196589413e-17 2.4
      vertex -0.37587704831436336 0.13680805733026757 3.0
      vertex -0.37587704831436336 0.13680805733026757 2.4
    endloop
  endfacet
  facet normal -0.984807753012208 0.17364817766693041 0.0
    outer loop
      vertex -0.4 4.898587196589413e-17 2.4
      vertex -0.4 4.898587196589413e-17 3.0
      vertex -0.37587704831436336 0.13680805733026757 3.0
    endloop
  endfacet
  facet normal -0.9848077530122082 -0.17364817766693003 0.0
    outer loop
      vertex -0.3758770483143634 -0.1368080573302675 2.4
      vertex -0.4 4.898587196589413e-17 3.0
      vertex -0.4 4.898587196589413e-17 2.4
    endloop
  endfacet
  facet normal -0.9848077530122082 -0.17364817766693003 0.0
    outer loop
      vertex -0.3758770483143634 -0.1368080573302675 2.4
      vertex -0.3758770483143634 -0.1368080573302675 3.0
      vertex -0.4 4.898587196589413e-17 3.0
    endloop
  endfacet
  facet normal -0.8660254037844387 -0.4999999999999998 0.0
    outer loop
      vertex -0.3064177772475914 -0.2571150438746156 2.4
      vertex -0.3758770483143634 -0.1368080573302675 3.0
      vertex -0.3758770483143634 -0.1368080573302675 2.4
    endloop
  endfacet
  facet normal -0.8660254037844387 -0.4999999999999998 0.0
    outer loop
      vertex -0.3064177772475914 -0.2571150438746156 2.4
      vertex -0.3064177772475914 -0.2571150438746156 3.0
      vertex -0.3758770483143634 -0.1368080573302675 3.0
    endloop
  endfacet
  facet normal -0.6427876096865395 -0.766044443118978 0.0
    outer loop
      vertex -0.20000000000000015 -0.34641016151377535 2.4
      vertex -0.3064177772475914 -0.2571150438746156 3.0
      vertex -0.3064177772475914 -0.2571150438746156 2.4
    endloop
  endfacet
  facet normal -0.6427876096865395 -0.766044443118978 0.0
    outer loop
      vertex -0.20000000000000015 -0.34641016151377535 2.4
      vertex -0.20000000000000015 -0.34641016151377535 3.0
      vertex -0.3064177772475914 -0.2571150438746156 3.0
    endloop
  endfacet
  facet normal -0.3420201433256691 -0.9396926207859082 0.0
    outer loop
      vertex -0.06945927106677215 -0.3939231012048832 2.4
      vertex -0.20000000000000015 -0.34641016151377535 3.0
      vertex -0.20000000000000015 -0.34641016151377535 2.4
    endloop
  endfacet
  facet normal -0.3420201433256691 -0.9396926207859082 0.0
    outer loop
      vertex -0.06945927106677215 -0.3939231012048832 2.4
      vertex -0.06945927106677215 -0.3939231012048832 3.0
      vertex -0.20000000000000015 -0.34641016151377535 3.0
    endloop
  endfacet
  facet normal -3.995949739948628e-16 -1.0 0.0
    outer loop
      vertex 0.069459271066772 -0.3939231012048833 2.4
      vertex -0.06945927106677215 -0.3939231012048832 3.0
      vertex -0.06945927106677215 -0.3939231012048832 2.4
    endloop
  endfacet
  facet normal -3.995949739948628e-16 -1.0 0.0
    outer loop
      vertex 0.069459271066772 -0.3939231012048833 2.4
      vertex 0.069459271066772 -0.3939231012048833 3.0
      vertex -0.06945927106677215 -0.3939231012048832 3.0
    endloop
  endfacet
  facet normal 0.3420201433256684 -0.9396926207859085 0.0
    outer loop
      vertex 0.1999999999999997 -0.3464101615137756 2.4
      vertex 0.069459271066772 -0.3939231012048833 3.0
      vertex 0.069459271066772 -0.3939231012048833 2.4
    endloop
  endfacet
  facet normal 0.3420201433256684 -0.9396926207859085 0.0
    outer loop
      vertex 0.1999999999999997 -0.3464101615137756 2.4
      vertex 0.1999999999999997 -0.3464101615137756 3.0
      vertex 0.069459271066772 -0.3939231012048833 3.0
    endloop
  endfacet
  facet normal 0.6427876096865388 -0.7660444431189786 0.0
    outer loop
      vertex 0.30641777724759117 -0.2571150438746158 2.4
      vertex 0.1999999999999997 -0.3464101615137756 3.0
      vertex 0.1999999999999997 -0.3464101615137756 2.4
    endloop
  endfacet
  facet normal 0.6427876096865388 -0.7660444431189786 0.0
    outer loop
      vertex 0.30641777724759117 -0.2571150438746158 2.4
      vertex 0.30641777724759117 -0.2571150438746158 3.0
      vertex 0.1999999999999997 -0.3464101615137756 3.0
    endloop
  endfacet
  facet normal 0.8660254037844385 -0.5000000000000001 0.0
    outer loop
      vertex 0.3758770483143634 -0.13680805733026744 2.4
      vertex 0.30641777724759117 -0.2571150438746158 3.0
      vertex 0.30641777724759117 -0.2571150438746158 2.4
    endloop
  endfacet
  facet normal 0.8660254037844385 -0.5000000000000001 0.0
    outer loop
      vertex 0.3758770483143634 -0.13680805733026744 2.4
      vertex 0.3758770483143634 -0.13680805733026744 3.0
      vertex 0.30641777724759117 -0.2571150438746158 3.0
    endloop
  endfacet
  facet normal 0.984807753012208 -0.17364817766693014 0.0
    outer loop
      vertex 0.4 0.0 2.4
      vertex 0.3758770483143634 -0.13680805733026744 3.0
      vertex 0.3758770483143634 -0.13680805733026744 2.4
    endloop
  endfacet
  facet normal 0.984807753012208 -0.17364817766693014 0.0
    outer loop
      vertex 0.4 0.0 2.4
      vertex 0.4 0.0 3.0
      vertex 0.3758770483143634 -0.13680805733026744 3.0
    endloop
  endfacet
  facet normal 0.0 0.0 1.0
    outer loop
      vertex 0 0 0
      vertex 0.5 0.0 0
      vertex 0.46984631039295416 0.17101007166283438 0
    endloop
  endfacet
  facet normal 0.0 0.0 -1.0
    outer loop
      vertex 0 0 0
      vertex 0.37587704831436336 0.13680805733026752 0
      vertex 0.4 0.0 0
    endloop
  endfacet
  facet normal 0.0 0.0 1.0
    outer loop
      vertex 0 0 0
      vertex 0.46984631039295416 0.17101007166283438 0
      vertex 0.3830222215594891 0.3213938048432696 0
    endloop
  endfacet
  facet normal 0.0 0.0 -1.0
    outer loop
      vertex 0 0 0
      vertex 0.30641777724759134 0.2571150438746157 0
      vertex 0.37587704831436336 0.13680805733026752 0
    endloop
  endfacet
  facet normal 0.0 0.0 1.0
    outer loop
      vertex 0 0 0
      vertex 0.3830222215594891 0.3213938048432696 0
      vertex 0.25000000000000006 0.43301270189221924 0
    endloop
  endfacet
  facet normal 0.0 0.0 -1.0
    outer loop
      vertex 0 0 0
      vertex 0.20000000000000007 0.3464101615137754 0
      vertex 0.30641777724759134 0.2571150438746157 0
    endloop
  endfacet
  facet normal 0.0 0.0 1.0
    outer loop
      vertex 0 0 0
      vertex 0.25000000000000006 0.43301270189221924 0
      vertex 0.08682408883346522 0.492403876506104 0
    endloop
  endfacet
  facet normal 0.0 0.0 -1.0
    outer loop
      vertex 0 0 0
      vertex 0.06945927106677217 0.3939231012048832 0
      vertex 0.20000000000000007 0.3464101615137754 0
    endloop
  endfacet
  facet normal 0.0 -0.0 1.0
    outer loop
      vertex 0 0 0
      vertex 0.08682408883346522 0.492403876506104 0
      vertex -0.08682408883346517 0.49240387650610407 0
    endloop
  endfacet
  facet normal 0.0 0.0 -1.0
    outer loop
      vertex 0 0 0
      vertex -0.06945927106677213 0.3939231012048833 0
      vertex 0.06945927106677217 0.3939231012048832 0
    endloop
  endfacet
  facet normal 0.0 0.0 1.0
    outer loop
      vertex 0 0 0
      vertex -0.08682408883346517 0.49240387650610407 0
      vertex -0.24999999999999986 0.43301270189221935 0
    endloop
  endfacet
  facet normal 0.0 0.0 -1.0
    outer loop
      vertex 0 0 0
      vertex -0.1999999999999999 0.3464101615137755 0
      vertex -0.06945927106677213 0.3939231012048833 0
    endloop
  endfacet
  facet normal 0.0 0.0 1.0
    outer loop
      vertex 0 0 0
      vertex -0.24999999999999986 0.43301270189221935 0
      vertex -0.383022221559489 0.32139380484326974 0
    endloop
  endfacet
  facet normal 0.0 0.0 -1.0
    outer loop
      vertex 0 0 0
      vertex -0.3064177772475912 0.2571150438746158 0
      vertex -0.1999999999999999 0.3464101615137755 0
    endloop
  endfacet
  facet normal 0.0 0.0 1.0
    outer loop
      vertex 0 0 0
      vertex -0.383022221559489 0.32139380484326974 0
      vertex -0.46984631039295416 0.17101007166283447 0
    endloop
  endfacet
  facet normal 0.0 0.0 -1.0
    outer loop
      vertex 0 0 0
      vertex -0.37587704831436336 0.13680805733026757 0
      vertex -0.3064177772475912 0.2571150438746158 0
    endloop
  endfacet
  facet normal 0.0 0.0 1.0
    outer loop
      vertex 0 0 0
      vertex -0.46984631039295416 0.17101007166283447 0
      vertex -0.5 6.123233995736766e-17 0
    endloop
  endfacet
  facet normal 0.0 0.0 -1.0
    outer loop
      vertex 0 0 0
      vertex -0.4 4.898587196589413e-17 0
      vertex -0.37587704831436336 0.13680805733026757 0
    endloop
  endfacet
  facet normal 0.0 0.0 1.0
    outer loop
      vertex 0 0 0
      vertex -0.5 6.123233995736766e-17 0
      vertex -0.4698463103929542 -1.1710100716628344 0
    endloop
  endfacet
  facet normal -0.0 0.0 -1.0
    outer loop
      vertex 0 0 0
      vertex -0.3758770483143634 -0.1368080573302675 0
      vertex -0.4 4.898587196589413e-17 0
    endloop
  endfacet
  facet normal 0.0 0.0 1.0
    outer loop
      vertex 0 0 0
      vertex -0.4698463103929542 -1.1710100716628344 0
      vertex -0.38302222155948923 -1.3213938048432694 0
    endloop
  endfacet
  facet normal 0.0 0.0 -1.0
    outer loop
      vertex 0 0 0
      vertex -0.3064177772475914 -0.2571150438746156 0
      vertex -0.3758770483143634 -0.1368080573302675 0
    endloop
  endfacet
  facet normal 0.0 0.0 1.0
    outer loop
      vertex 0 0 0
      vertex -0.38302222155948923 -1.3213938048432694 0
      vertex -0.25000000000000017 -1.4330127018922192 0
    endloop
  endfacet
  facet normal 0.0 0.0 -1.0
    outer loop
      vertex 0 0 0
      vertex -0.20000000000000015 -0.34641016151377535 0
      vertex -0.3064177772475914 -0.2571150438746156 0
    endloop
  endfacet
  facet normal 0.0 0.0 1.0
    outer loop
      vertex 0 0 0
      vertex -0.25000000000000017 -1.4330127018922192 0
      vertex -0.08682408883346518 -1.492403876506104 0
    endloop
  endfacet
  facet normal 0.0 0.0 -1.0
    outer loop
      vertex 0 0 0
      vertex -0.06945927106677215 -0.3939231012048832 0
      vertex -0.20000000000000015 -0.34641016151377535 0
    endloop
  endfacet
  facet normal 0.0 0.0 1.0
    outer loop
      vertex 0 0 0
      vertex -0.08682408883346518 -1.492403876506104 0
      vertex 0.08682408883346499 -1.492403876506104 0
    endloop
  endfacet
  facet normal 0.0 -0.0 -1.0
    outer loop
      vertex 0 0 0
      vertex 0.069459271066772 -0.3939231012048833 0
      vertex -0.06945927106677215 -0.3939231012048832 0
    endloop
  endfacet
  facet normal 0.0 0.0 1.0
    outer loop
      vertex 0 0 0
      vertex 0.08682408883346499 -1.492403876506104 0
      vertex 0.2499999999999996 -1.4330127018922196 0
    endloop
  endfacet
  facet normal 0.0 0.0 -1.0
    outer loop
      vertex 0 0 0
      vertex 0.1999999999999997 -0.3464101615137756 0
      vertex 0.069459271066772 -0.3939231012048833 0
    endloop
  endfacet
  facet normal 0.0 0.0 1.0
    outer loop
      vertex 0 0 0
      vertex 0.2499999999999996 -1.4330127018922196 0
      vertex 0.38302222155948895 -1.3213938048432698 0
    endloop
  endfacet
  facet normal 0.0 0.0 -1.0
    outer loop
      vertex 0 0 0
      vertex 0.30641777724759117 -0.2571150438746158 0
      vertex 0.1999999999999997 -0.3464101615137756 0
    endloop
  endfacet
  facet normal 0.0 0.0 1.0
    outer loop
      vertex 0 0 0
      vertex 0.38302222155948895 -1.3213938048432698 0
      vertex 0.4698463103929542 -1.1710100716628342 0
    endloop
  endfacet
  facet normal 0.0 0.0 -1.0
    outer loop
      vertex 0 0 0
      vertex 0.3758770483143634 -0.13680805733026744 0
      vertex 0.30641777724759117 -0.2571150438746158 0
    endloop
  endfacet
  facet normal -0.0 0.0 1.0
    outer loop
      vertex 0 0 0
      vertex 0.4698463103929542 -1.1710100716628342 0
      vertex 0.5 0.0 0
    endloop
  endfacet
  facet normal 0.0 0.0 -1.0
    outer loop
      vertex 0 0 0
      vertex 0.4 0.0 0
      vertex 0.3758770483143634 -0.13680805733026744 0
    endloop
  endfacet
  facet normal 0.0 0.0 -1.0
    outer loop
      vertex 0 0 3.0
      vertex 0.46984631039295416 0.17101007166283438 3.0
      vertex 0.5 0.0 3.0
    endloop
  endfacet
  facet normal 0.0 0.0 1.0
    outer loop
      vertex 0 0 3.0
      vertex 0.4 0.0 3.0
      vertex 0.37587704831436336 0.13680805733026752 3.0
    endloop
  endfacet
  facet normal 0.0 0.0 -1.0
    outer loop
      vertex 0 0 3.0
      vertex 0.3830222215594891 0.3213938048432696 3.0
      vertex 0.46984631039295416 0.17101007166283438 3.0
    endloop
  endfacet
  facet normal 0.0 0.0 1.0
    outer loop
      vertex 0 0 3.0
      vertex 0.37587704831436336 0.13680805733026752 3.0
      vertex 0.30641777724759134 0.2571150438746157 3.0
    endloop
  endfacet
  facet normal 0.0 0.0 -1.0
    outer loop
      vertex 0 0 3.0
      vertex 0.25000000000000006 0.43301270189221924 3.0
      vertex 0.3830222215594891 0.3213938048432696 3.0
    endloop
  endfacet
  facet normal 0.0 0.0 1.0
    outer loop
      vertex 0 0 3.0
      vertex 0.30641777724759134 0.2571150438746157 3.0
      vertex 0.20000000000000007 0.3464101615137754 3.0
    endloop
  endfacet
  facet normal 0.0 0.0 -1.0
    outer loop
      vertex 0 0 3.0
      vertex 0.08682408883346522 0.492403876506104 3.0
      vertex 0.25000000000000006 0.43301270189221924 3.0
    endloop
  endfacet
  facet normal 0.0 0.0 1.0
    outer loop
      vertex 0 0 3.0
      vertex 0.20000000000000007 0.3464101615137754 3.0
      vertex 0.06945927106677217 0.3939231012048832 3.0
    endloop
  endfacet
  facet normal 0.0 0.0 -1.0
    outer loop
      vertex 0 0 3.0
      vertex -0.08682408883346517 0.49240387650610407 3.0
      vertex 0.08682408883346522 0.492403876506104 3.0
    endloop
  endfacet
  facet normal 0.0 -0.0 1.0
    outer loop
      vertex 0 0 3.0
      vertex 0.06945927106677217 0.3939231012048832 3.0
      vertex -0.06945927106677213 0.3939231012048833 3.0
    endloop
  endfacet
  facet normal 0.0 0.0 -1.0
    outer loop
      vertex 0 0 3.0
      vertex -0.24999999999999986 0.43301270189221935 3.0
      vertex -0.08682408883346517 0.49240387650610407 3.0
    endloop
  endfacet
  facet normal 0.0 0.0 1.0
    outer loop
      vertex 0 0 3.0
      vertex -0.06945927106677213 0.3939231012048833 3.0
      vertex -0.1999999999999999 0.3464101615137755 3.0
    endloop
  endfacet
  facet normal 0.0 0.0 -1.0
    outer loop
      vertex 0 0 3.0
      vertex -0.383022221559489 0.32139380484326974 3.0
      vertex -0.24999999999999986 0.43301270189221935 3.0
    endloop
  endfacet
  facet normal 0.0 0.0 1.0
    outer loop
      vertex 0 0 3.0
      vertex -0.1999999999999999 0.3464101615137755 3.0
      vertex -0.3064177772475912 0.2571150438746158 3.0
    endloop
  endfacet
  facet normal 0.0 0.0 -1.0
    outer loop
      vertex 0 0 3.0
      vertex -0.46984631039295416 0.17101007166283447 3.0
      vertex -0.383022221559489 0.32139380484326974 3.0
    endloop
  endfacet
  facet normal 0.0 0.0 1.0
    outer loop
      vertex 0 0 3.0
      vertex -0.3064177772475912 0.2571150438746158 3.0
      vertex -0.37587704831436336 0.13680805733026757 3.0
    endloop
  endfacet
  facet normal 0.0 0.0 -1.0
    outer loop
      vertex 0 0 3.0
      vertex -0.5 6.123233995736766e-17 3.0
      vertex -0.46984631039295416 0.17101007166283447 3.0
    endloop
  endfacet
  facet normal 0.0 0.0 1.0
    outer loop
      vertex 0 0 3.0
      vertex -0.37587704831436336 0.13680805733026757 3.0
      vertex -0.4 4.898587196589413e-17 3.0
    endloop
  endfacet
  facet normal -0.0 0.0 -1.0
    outer loop
      vertex 0 0 3.0
      vertex -0.4698463103929542 -1.1710100716628344 3.0
      vertex -0.5 6.123233995736766e-17 3.0
    endloop
  endfacet
  facet normal 0.0 0.0 1.0
    outer loop
      vertex 0 0 3.0
      vertex -0.4 4.898587196589413e-17 3.0
      vertex -0.3758770483143634 -0.1368080573302675 3.0
    endloop
  endfacet
  facet normal 0.0 0.0 -1.0
    outer loop
      vertex 0 0 3.0
      vertex -0.38302222155948923 -1.3213938048432694 3.0
      vertex -0.4698463103929542 -1.1710100716628344 3.0
    endloop
  endfacet
  facet normal 0.0 0.0 1.0
    outer loop
      vertex 0 0 3.0
      vertex -0.3758770483143634 -0.1368080573302675 3.0
      vertex -0.3064177772475914 -0.2571150438746156 3.0
    endloop
  endfacet
  facet normal 0.0 0.0 -1.0
    outer loop
      vertex 0 0 3.0
      vertex -0.25000000000000017 -1.4330127018922192 3.0
      vertex -0.38302222155948923 -1.3213938048432694 3.0
    endloop
  endfacet
  facet normal 0.0 0.0 1.0
    outer loop
      vertex 0 0 3.0
      vertex -0.3064177772475914 -0.2571150438746156 3.0
      vertex -0.20000000000000015 -0.34641016151377535 3.0
    endloop
  endfacet
  facet normal 0.0 0.0 -1.0
    outer loop
      vertex 0 0 3.0
      vertex -0.08682408883346518 -1.492403876506104 3.0
      vertex -0.25000000000000017 -1.4330127018922192 3.0
    endloop
  endfacet
  facet normal 0.0 0.0 1.0
    outer loop
      vertex 0 0 3.0
      vertex -0.20000000000000015 -0.34641016151377535 3.0
      vertex -0.06945927106677215 -0.3939231012048832 3.0
    endloop
  endfacet
  facet normal 0.0 -0.0 -1.0
    outer loop
      vertex 0 0 3.0
      vertex 0.08682408883346499 -1.492403876506104 3.0
      vertex -0.08682408883346518 -1.492403876506104 3.0
    endloop
  endfacet
  facet normal 0.0 0.0 1.0
    outer loop
      vertex 0 0 3.0
      vertex -0.06945927106677215 -0.3939231012048832 3.0
      vertex 0.069459271066772 -0.3939231012048833 3.0
    endloop
  endfacet
  facet normal 0.0 0.0 -1.0
    outer loop
      vertex 0 0 3.0
      vertex 0.2499999999999996 -1.4330127018922196 3.0
      vertex 0.08682408883346499 -1.492403876506104 3.0
    endloop
  endfacet
  facet normal 0.0 0.0 1.0
    outer loop
      vertex 0 0 3.0
      vertex 0.069459271066772 -0.3939231012048833 3.0
      vertex 0.1999999999999997 -0.3464101615137756 3.0
    endloop
  endfacet
  facet normal 0.0 0.0 -1.0
    outer loop
      vertex 0 0 3.0
      vertex 0.38302222155948895 -1.3213938048432698 3.0
      vertex 0.2499999999999996 -1.4330127018922196 3.0
    endloop
  endfacet
  facet normal 0.0 0.0 1.0
    outer loop
      vertex 0 0 3.0
      vertex 0.1999999999999997 -0.3464101615137756 3.0
      vertex 0.30641777724759117 -0.2571150438746158 3.0
    endloop
  endfacet
  facet normal 0.0 0.0 -1.0
    outer loop
      vertex 0 0 3.0
      vertex 0.4698463103929542 -1.1710100716628342 3.0
      vertex 0.38302222155948895 -1.3213938048432698 3.0
    endloop
  endfacet
  facet normal 0.0 0.0 1.0
    outer loop
      vertex 0 0 3.0
      vertex 0.30641777724759117 -0.2571150438746158 3.0
      vertex 0.3758770483143634 -0.13680805733026744 3.0
    endloop
  endfacet
  facet normal 0.0 0.0 -1.0
    outer loop
      vertex 0 0 3.0
      vertex 0.5 0.0 3.0
      vertex 0.4698463103929542 -1.1710100716628342 3.0
    endloop
  endfacet
  facet normal -0.0 0.0 1.0
    outer loop
      vertex 0 0 3.0
      vertex 0.3758770483143634 -0.13680805733026744 3.0
      vertex 0.4 0.0 3.0
    endloop
  endfacet
  facet normal nan nan nan
    outer loop
      vertex 0.5 0.0 0.0
      vertex 0.5 0.0 0
      vertex 0.46984631039295416 0.17101007166283438 0.0
    endloop
  endfacet
  facet normal nan nan nan
    outer loop
      vertex 0.5 0.0 0
      vertex 0.46984631039295416 0.17101007166283438 0
      vertex 0.46984631039295416 0.17101007166283438 0.0
    endloop
  endfacet
  facet normal nan nan nan
    outer loop
      vertex 0.5 0.0 3.0
      vertex 0.46984631039295416 0.17101007166283438 3.0
      vertex 0.5 0.0 3.0
    endloop
  endfacet
  facet normal nan nan nan
    outer loop
      vertex 0.5 0.0 3.0
      vertex 0.46984631039295416 0.17101007166283438 3.0
      vertex 0.46984631039295416 0.17101007166283438 3.0
    endloop
  endfacet
  facet normal nan nan nan
    outer loop
      vertex 0.4 0.0 0.0
      vertex 0.37587704831436336 0.13680805733026752 0.0
      vertex 0.4 0.0 0
    endloop
  endfacet
  facet normal nan nan nan
    outer loop
      vertex 0.4 0.0 0
      vertex 0.37587704831436336 0.13680805733026752 0.0
      vertex 0.37587704831436336 0.13680805733026752 0
    endloop
  endfacet
  facet normal nan nan nan
    outer loop
      vertex 0.4 0.0 3.0
      vertex 0.4 0.0 3.0
      vertex 0.37587704831436336 0.13680805733026752 3.0
    endloop
  endfacet
  facet normal nan nan nan
    outer loop
      vertex 0.37587704831436336 0.13680805733026752 3.0
      vertex 0.4 0.0 3.0
      vertex 0.37587704831436336 0.13680805733026752 3.0
    endloop
  endfacet
  facet normal nan nan nan
    outer loop
      vertex 0.46984631039295416 0.17101007166283438 0.0
      vertex 0.46984631039295416 0.17101007166283438 0
      vertex 0.3830222215594891 0.3213938048432696 0.0
    endloop
  endfacet
  facet normal nan nan nan
    outer loop
      vertex 0.46984631039295416 0.17101007166283438 0
      vertex 0.3830222215594891 0.3213938048432696 0
      vertex 0.3830222215594891 0.3213938048432696 0.0
    endloop
  endfacet
  facet normal nan nan nan
    outer loop
      vertex 0.46984631039295416 0.17101007166283438 3.0
      vertex 0.3830222215594891 0.3213938048432696 3.0
      vertex 0.46984631039295416 0.17101007166283438 3.0
    endloop
  endfacet
  facet normal nan nan nan
    outer loop
      vertex 0.46984631039295416 0.17101007166283438 3.0
      vertex 0.3830222215594891 0.3213938048432696 3.0
      vertex 0.3830222215594891 0.3213938048432696 3.0
    endloop
  endfacet
  facet normal nan nan nan
    outer loop
      vertex 0.37587704831436336 0.13680805733026752 0.0
      vertex 0.30641777724759134 0.2571150438746157 0.0
      vertex 0.37587704831436336 0.13680805733026752 0
    endloop
  endfacet
  facet normal nan nan nan
    outer loop
      vertex 0.37587704831436336 0.13680805733026752 0
      vertex 0.30641777724759134 0.2571150438746157 0.0
      vertex 0.30641777724759134 0.2571150438746157 0
    endloop
  endfacet
  facet normal nan nan nan
    outer loop
      vertex 0.37587704831436336 0.13680805733026752 3.0
      vertex 0.37587704831436336 0.13680805733026752 3.0
      vertex 0.30641777724759134 0.2571150438746157 3.0
    endloop
  endfacet
  facet normal nan nan nan
    outer loop
      vertex 0.30641777724759134 0.2571150438746157 3.0
      vertex 0.37587704831436336 0.13680805733026752 3.0
      vertex 0.30641777724759134 0.2571150438746157 3.0
    endloop
  endfacet
  facet normal nan nan nan
    outer loop
      vertex 0.3830222215594891 0.3213938048432696 0.0
      vertex 0.3830222215594891 0.3213938048432696 0
      vertex 0.25000000000000006 0.43301270189221924 0.0
    endloop
  endfacet
  facet normal nan nan nan
    outer loop
      vertex 0.3830222215594891 0.3213938048432696 0
      vertex 0.25000000000000006 0.43301270189221924 0
      vertex 0.25000000000000006 0.43301270189221924 0.0
    endloop
  endfacet
  facet normal nan nan nan
    outer loop
      vertex 0.3830222215594891 0.3213938048432696 3.0
      vertex 0.25000000000000006 0.43301270189221924 3.0
      vertex 0.3830222215594891 0.3213938048432696 3.0
    endloop
  endfacet
  facet normal nan nan nan
    outer loop
      vertex 0.3830222215594891 0.3213938048432696 3.0
      vertex 0.25000000000000006 0.43301270189221924 3.0
      vertex 0.25000000000000006 0.43301270189221924 3.0
    endloop
  endfacet
  facet normal nan nan nan
    outer loop
      vertex 0.30641777724759134 0.2571150438746157 0.0
      vertex 0.20000000000000007 0.3464101615137754 0.0
      vertex 0.30641777724759134 0.2571150438746157 0
    endloop
  endfacet
  facet normal nan nan nan
    outer loop
      vertex 0.30641777724759134 0.2571150438746157 0
      vertex 0.20000000000000007 0.3464101615137754 0.0
      vertex 0.20000000000000007 0.3464101615137754 0
    endloop
  endfacet
  facet normal nan nan nan
    outer loop
      vertex 0.30641777724759134 0.2571150438746157 3.0
      vertex 0.30641777724759134 0.2571150438746157 3.0
      vertex 0.20000000000000007 0.3464101615137754 3.0
    endloop
  endfacet
  facet normal nan nan nan
    outer loop
      vertex 0.20000000000000007 0.3464101615137754 3.0
      vertex 0.30641777724759134 0.2571150438746157 3.0
      vertex 0.20000000000000007 0.3464101615137754 3.0
    endloop
  endfacet
  facet normal nan nan nan
    outer loop
      vertex 0.25000000000000006 0.43301270189221924 0.0
      vertex 0.25000000000000006 0.43301270189221924 0
      vertex 0.08682408883346522 0.492403876506104 0.0
    endloop
  endfacet
  facet normal nan nan nan
    outer loop
      vertex 0.25000000000000006 0.43301270189221924 0
      vertex 0.08682408883346522 0.492403876506104 0
      vertex 0.08682408883346522 0.492403876506104 0.0
    endloop
  endfacet
  facet normal nan nan nan
    outer loop
      vertex 0.25000000000000006 0.43301270189221924 3.0
      vertex 0.08682408883346522 0.492403876506104 3.0
      vertex 0.25000000000000006 0.43301270189221924 3.0
    endloop
  endfacet
  facet normal nan nan nan
    outer loop
      vertex 0.25000000000000006 0.43301270189221924 3.0
      vertex 0.08682408883346522 0.492403876506104 3.0
      vertex 0.08682408883346522 0.492403876506104 3.0
    endloop
  endfacet
  facet normal nan nan nan
    outer loop
      vertex 0.20000000000000007 0.3464101615137754 0.0
      vertex 0.06945927106677217 0.3939231012048832 0.0
      vertex 0.20000000000000007 0.3464101615137754 0
    endloop
  endfacet
  facet normal nan nan nan
    outer loop
      vertex 0.20000000000000007 0.3464101615137754 0
      vertex 0.06945927106677217 0.3939231012048832 0.0
      vertex 0.06945927106677217 0.3939231012048832 0
    endloop
  endfacet
  facet normal nan nan nan
    outer loop
      vertex 0.20000000000000007 0.3464101615137754 3.0
      vertex 0.20000000000000007 0.3464101615137754 3.0
      vertex 0.06945927106677217 0.3939231012048832 3.0
    endloop
  endfacet
  facet normal nan nan nan
    outer loop
      vertex 0.06945927106677217 0.3939231012048832 3.0
      vertex 0.20000000000000007 0.3464101615137754 3.0
      vertex 0.06945927106677217 0.3939231012048832 3.0
    endloop
  endfacet
  facet normal nan nan nan
    outer loop
      vertex 0.08682408883346522 0.492403876506104 0.0
      vertex 0.08682408883346522 0.492403876506104 0
      vertex -0.08682408883346517 0.49240387650610407 0.0
    endloop
  endfacet
  facet normal nan nan nan
    outer loop
      vertex 0.08682408883346522 0.492403876506104 0
      vertex -0.08682408883346517 0.49240387650610407 0
      vertex -0.08682408883346517 0.49240387650610407 0.0
    endloop
  endfacet
  facet normal nan nan nan
    outer loop
      vertex 0.08682408883346522 0.492403876506104 3.0
      vertex -0.08682408883346517 0.49240387650610407 3.0
      vertex 0.08682408883346522 0.492403876506104 3.0
    endloop
  endfacet
  facet normal nan nan nan
    outer loop
      vertex 0.08682408883346522 0.492403876506104 3.0
      vertex -0.08682408883346517 0.49240387650610407 3.0
      vertex -0.08682408883346517 0.49240387650610407 3.0
    endloop
  endfacet
  facet normal nan nan nan
    outer loop
      vertex 0.06945927106677217 0.3939231012048832 0.0
      vertex -0.06945927106677213 0.3939231012048833 0.0
      vertex 0.06945927106677217 0.3939231012048832 0
    endloop
  endfacet
  facet normal nan nan nan
    outer loop
      vertex 0.06945927106677217 0.3939231012048832 0
      vertex -0.06945927106677213 0.3939231012048833 0.0
      vertex -0.06945927106677213 0.3939231012048833 0
    endloop
  endfacet
  facet normal nan nan nan
    outer loop
      vertex 0.06945927106677217 0.3939231012048832 3.0
      vertex 0.06945927106677217 0.3939231012048832 3.0
      vertex -0.06945927106677213 0.3939231012048833 3.0
    endloop
  endfacet
  facet normal nan nan nan
    outer loop
      vertex -0.06945927106677213 0.3939231012048833 3.0
      vertex 0.06945927106677217 0.3939231012048832 3.0
      vertex -0.06945927106677213 0.3939231012048833 3.0
    endloop
  endfacet
  facet normal nan nan nan
    outer loop
      vertex -0.08682408883346517 0.49240387650610407 0.0
      vertex -0.08682408883346517 0.49240387650610407 0
      vertex -0.24999999999999986 0.43301270189221935 0.0
    endloop
  endfacet
  facet normal nan nan nan
    outer loop
      vertex -0.08682408883346517 0.49240387650610407 0
      vertex -0.24999999999999986 0.43301270189221935 0
      vertex -0.24999999999999986 0.43301270189221935 0.0
    endloop
  endfacet
  facet normal nan nan nan
    outer loop
      vertex -0.08682408883346517 0.49240387650610407 3.0
      vertex -0.24999999999999986 0.43301270189221935 3.0
      vertex -0.08682408883346517 0.49240387650610407 3.0
    endloop
  endfacet
  facet normal nan nan nan
    outer loop
      vertex -0.08682408883346517 0.49240387650610407 3.0
      vertex -0.24999999999999986 0.43301270189221935 3.0
      vertex -0.24999999999999986 0.43301270189221935 3.0
    endloop
  endfacet
  facet normal nan nan nan
    outer loop
      vertex -0.06945927106677213 0.3939231012048833 0.0
      vertex -0.1999999999999999 0.3464101615137755 0.0
      vertex -0.06945927106677213 0.3939231012048833 0
    endloop
  endfacet
  facet normal nan nan nan
    outer loop
      vertex -0.06945927106677213 0.3939231012048833 0
      vertex -0.1999999999999999 0.3464101615137755 0.0
      vertex -0.1999999999999999 0.3464101615137755 0
    endloop
  endfacet
  facet normal nan nan nan
    outer loop
      vertex -0.06945927106677213 0.3939231012048833 3.0
      vertex -0.06945927106677213 0.3939231012048833 3.0
      vertex -0.1999999999999999 0.3464101615137755 3.0
    endloop
  endfacet
  facet normal nan nan nan
    outer loop
      vertex -0.1999999999999999 0.3464101615137755 3.0
      vertex -0.06945927106677213 0.3939231012048833 3.0
      vertex -0.1999999999999999 0.3464101615137755 3.0
    endloop
  endfacet
  facet normal nan nan nan
    outer loop
      vertex -0.24999999999999986 0.43301270189221935 0.0
      vertex -0.24999999999999986 0.43301270189221935 0
      vertex -0.383022221559489 0.32139380484326974 0.0
    endloop
  endfacet
  facet normal nan nan nan
    outer loop
      vertex -0.24999999999999986 0.43301270189221935 0
      vertex -0.383022221559489 0.32139380484326974 0
      vertex -0.383022221559489 0.32139380484326974 0.0
    endloop
  endfacet
  facet normal nan nan nan
    outer loop
      vertex -0.24999999999999986 0.43301270189221935 3.0
      vertex -0.383022221559489 0.32139380484326974 3.0
      vertex -0.24999999999999986 0.43301270189221935 3.0
    endloop
  endfacet
  facet normal nan nan nan
    outer loop
      vertex -0.24999999999999986 0.43301270189221935 3.0
      vertex -0.383022221559489 0.32139380484326974 3.0
      vertex -0.383022221559489 0.32139380484326974 3.0
    endloop
  endfacet
  facet normal nan nan nan
    outer loop
      vertex -0.1999999999999999 0.3464101615137755 0.0
      vertex -0.3064177772475912 0.2571150438746158 0.0
      vertex -0.1999999999999999 0.3464101615137755 0
    endloop
  endfacet
  facet normal nan nan nan
    outer loop
      vertex -0.1999999999999999 0.3464101615137755 0
      vertex -0.3064177772475912 0.2571150438746158 0.0
      vertex -0.3064177772475912 0.2571150438746158 0
    endloop
  endfacet
  facet normal nan nan nan
    outer loop
      vertex -0.1999999999999999 0.3464101615137755 3.0
      vertex -0.1999999999999999 0.3464101615137755 3.0
      vertex -0.3064177772475912 0.2571150438746158 3.0
    endloop
  endfacet
  facet normal nan nan nan
    outer loop
      vertex -0.3064177772475912 0.2571150438746158 3.0
      vertex -0.1999999999999999 0.3464101615137755 3.0
      vertex -0.3064177772475912 0.2571150438746158 3.0
    endloop
  endfacet
  facet normal nan nan nan
    outer loop
      vertex -0.383022221559489 0.32139380484326974 0.0
      vertex -0.383022221559489 0.32139380484326974 0
      vertex -0.46984631039295416 0.17101007166283447 0.0
    endloop
  endfacet
  facet normal nan nan nan
    outer loop
      vertex -0.383022221559489 0.32139380484326974 0
      vertex -0.46984631039295416 0.17101007166283447 0
      vertex -0.46984631039295416 0.17101007166283447 0.0
    endloop
  endfacet
  facet normal nan nan nan
    outer loop
      vertex -0.383022221559489 0.32139380484326974 3.0
      vertex -0.46984631039295416 0.17101007166283447 3.0
      vertex -0.383022221559489 0.32139380484326974 3.0
    endloop
  endfacet
  facet normal nan nan nan
    outer loop
      vertex -0.383022221559489 0.32139380484326974 3.0
      vertex -0.46984631039295416 0.17101007166283447 3.0
      vertex -0.46984631039295416 0.17101007166283447 3.0
    endloop
  endfacet
  facet normal nan nan nan
    outer loop
      vertex -0.3064177772475912 0.2571150438746158 0.0
      vertex -0.37587704831436336 0.13680805733026757 0.0
      vertex -0.3064177772475912 0.2571150438746158 0
    endloop
  endfacet
  facet normal nan nan nan
    outer loop
      vertex -0.3064177772475912 0.2571150438746158 0
      vertex -0.37587704831436336 0.13680805733026757 0.0
      vertex -0.37587704831436336 0.13680805733026757 0
    endloop
  endfacet
  facet normal nan nan nan
    outer loop
      vertex -0.3064177772475912 0.2571150438746158 3.0
      vertex -0.3064177772475912 0.2571150438746158 3.0
      vertex -0.37587704831436336 0.13680805733026757 3.0
    endloop
  endfacet
  facet normal nan nan nan
    outer loop
      vertex -0.37587704831436336 0.13680805733026757 3.0
      vertex -0.3064177772475912 0.2571150438746158 3.0
      vertex -0.37587704831436336 0.13680805733026757 3.0
    endloop
  endfacet
  facet normal nan nan nan
    outer loop
      vertex -0.46984631039295416 0.17101007166283447 0.0
      vertex -0.46984631039295416 0.17101007166283447 0
      vertex -0.5 6.123233995736766e-17 0.0
    endloop
  endfacet
  facet normal nan nan nan
    outer loop
      vertex -0.46984631039295416 0.17101007166283447 0
      vertex -0.5 6.123233995736766e-17 0
      vertex -0.5 6.123233995736766e-17 0.0
    endloop
  endfacet
  facet normal nan nan nan
    outer loop
      vertex -0.46984631039295416 0.17101007166283447 3.0
      vertex -0.5 6.123233995736766e-17 3.0
      vertex -0.46984631039295416 0.17101007166283447 3.0
    endloop
  endfacet
  facet normal nan nan nan
    outer loop
      vertex -0.46984631039295416 0.17101007166283447 3.0
      vertex -0.5 6.123233995736766e-17 3.0
      vertex -0.5 6.123233995736766e-17 3.0
    endloop
  endfacet
  facet normal nan nan nan
    outer loop
      vertex -0.37587704831436336 0.13680805733026757 0.0
      vertex -0.4 4.898587196589413e-17 0.0
      vertex -0.37587704831436336 0.13680805733026757 0
    endloop
  endfacet
  facet normal nan nan nan
    outer loop
      vertex -0.37587704831436336 0.13680805733026757 0
      vertex -0.4 4.898587196589413e-17 0.0
      vertex -0.4 4.898587196589413e-17 0
    endloop
  endfacet
  facet normal nan nan nan
    outer loop
      vertex -0.37587704831436336 0.13680805733026757 3.0
      vertex -0.37587704831436336 0.13680805733026757 3.0
      vertex -0.4 4.898587196589413e-17 3.0
    endloop
  endfacet
  facet normal nan nan nan
    outer loop
      vertex -0.4 4.898587196589413e-17 3.0
      vertex -0.37587704831436336 0.13680805733026757 3.0
      vertex -0.4 4.898587196589413e-17 3.0
    endloop
  endfacet
  facet normal nan nan nan
    outer loop
      vertex -0.5 6.123233995736766e-17 0.0
      vertex -0.5 6.123233995736766e-17 0
      vertex -0.4698463103929542 -0.17101007166283436 0.0
    endloop
  endfacet
  facet normal 0.0 0.0 1.0
    outer loop
      vertex -0.5 6.123233995736766e-17 0
      vertex -0.4698463103929542 -1.1710100716628344 0
      vertex -0.4698463103929542 -0.17101007166283436 0.0
    endloop
  endfacet
  facet normal nan nan nan
    outer loop
      vertex -0.5 6.123233995736766e-17 3.0
      vertex -0.4698463103929542 -0.17101007166283436 3.0
      vertex -0.5 6.123233995736766e-17 3.0
    endloop
  endfacet
  facet normal 0.0 0.0 -1.0
    outer loop
      vertex -0.5 6.123233995736766e-17 3.0
      vertex -0.4698463103929542 -0.17101007166283436 3.0
      vertex -0.4698463103929542 -1.1710100716628344 3.0
    endloop
  endfacet
  facet normal nan nan nan
    outer loop
      vertex -0.4 4.898587196589413e-17 0.0
      vertex -0.3758770483143634 -0.1368080573302675 0.0
      vertex -0.4 4.898587196589413e-17 0
    endloop
  endfacet
  facet normal nan nan nan
    outer loop
      vertex -0.4 4.898587196589413e-17 0
      vertex -0.3758770483143634 -0.1368080573302675 0.0
      vertex -0.3758770483143634 -0.1368080573302675 0
    endloop
  endfacet
  facet normal nan nan nan
    outer loop
      vertex -0.4 4.898587196589413e-17 3.0
      vertex -0.4 4.898587196589413e-17 3.0
      vertex -0.3758770483143634 -0.1368080573302675 3.0
    endloop
  endfacet
  facet normal nan nan nan
    outer loop
      vertex -0.3758770483143634 -0.1368080573302675 3.0
      vertex -0.4 4.898587196589413e-17 3.0
      vertex -0.3758770483143634 -0.1368080573302675 3.0
    endloop
  endfacet
  facet normal 0.0 0.0 1.0
    outer loop
      vertex -0.4698463103929542 -0.17101007166283436 0.0
      vertex -0.4698463103929542 -1.1710100716628344 0
      vertex -0.38302222155948923 -0.32139380484326946 0.0
    endloop
  endfacet
  facet normal -0.0 0.0 1.0
    outer loop
      vertex -0.4698463103929542 -1.1710100716628344 0
      vertex -0.38302222155948923 -1.3213938048432694 0
      vertex -0.38302222155948923 -0.32139380484326946 0.0
    endloop
  endfacet
  facet normal 0.0 0.0 -1.0
    outer loop
      vertex -0.4698463103929542 -0.17101007166283436 3.0
      vertex -0.38302222155948923 -0.32139380484326946 3.0
      vertex -0.4698463103929542 -1.1710100716628344 3.0
    endloop
  endfacet
  facet normal 0.0 0.0 -1.0
    outer loop
      vertex -0.4698463103929542 -1.1710100716628344 3.0
      vertex -0.38302222155948923 -0.32139380484326946 3.0
      vertex -0.38302222155948923 -1.3213938048432694 3.0
    endloop
  endfacet
  facet normal nan nan nan
    outer loop
      vertex -0.3758770483143634 -0.1368080573302675 0.0
      vertex -0.3064177772475914 -0.2571150438746156 0.0
      vertex -0.3758770483143634 -0.1368080573302675 0
    endloop
  endfacet
  facet normal nan nan nan
    outer loop
      vertex -0.3758770483143634 -0.1368080573302675 0
      vertex -0.3064177772475914 -0.2571150438746156 0.0
      vertex -0.3064177772475914 -0.2571150438746156 0
    endloop
  endfacet
  facet normal nan nan nan
    outer loop
      vertex -0.3758770483143634 -0.1368080573302675 3.0
      vertex -0.3758770483143634 -0.1368080573302675 3.0
      vertex -0.3064177772475914 -0.2571150438746156 3.0
    endloop
  endfacet
  facet normal nan nan nan
    outer loop
      vertex -0.3064177772475914 -0.2571150438746156 3.0
      vertex -0.3758770483143634 -0.1368080573302675 3.0
      vertex -0.3064177772475914 -0.2571150438746156 3.0
    endloop
  endfacet
  facet normal 0.0 0.0 1.0
    outer loop
      vertex -0.38302222155948923 -0.32139380484326946 0.0
      vertex -0.38302222155948923 -1.3213938048432694 0
      vertex -0.25000000000000017 -0.43301270189221913 0.0
    endloop
  endfacet
  facet normal -0.0 0.0 1.0
    outer loop
      vertex -0.38302222155948923 -1.3213938048432694 0
      vertex -0.25000000000000017 -1.4330127018922192 0
      vertex -0.25000000000000017 -0.43301270189221913 0.0
    endloop
  endfacet
  facet normal 0.0 0.0 -1.0
    outer loop
      vertex -0.38302222155948923 -0.32139380484326946 3.0
      vertex -0.25000000000000017 -0.43301270189221913 3.0
      vertex -0.38302222155948923 -1.3213938048432694 3.0
    endloop
  endfacet
  facet normal 0.0 0.0 -1.0
    outer loop
      vertex -0.38302222155948923 -1.3213938048432694 3.0
      vertex -0.25000000000000017 -0.43301270189221913 3.0
      vertex -0.25000000000000017 -1.4330127018922192 3.0
    endloop
  endfacet
  facet normal nan nan nan
    outer loop
      vertex -0.3064177772475914 -0.2571150438746156 0.0
      vertex -0.20000000000000015 -0.34641016151377535 0.0
      vertex -0.3064177772475914 -0.2571150438746156 0
    endloop
  endfacet
  facet normal nan nan nan
    outer loop
      vertex -0.3064177772475914 -0.2571150438746156 0
      vertex -0.20000000000000015 -0.34641016151377535 0.0
      vertex -0.20000000000000015 -0.34641016151377535 0
    endloop
  endfacet
  facet normal nan nan nan
    outer loop
      vertex -0.3064177772475914 -0.2571150438746156 3.0
      vertex -0.3064177772475914 -0.2571150438746156 3.0
      vertex -0.20000000000000015 -0.34641016151377535 3.0
    endloop
  endfacet
  facet normal nan nan nan
    outer loop
      vertex -0.20000000000000015 -0.34641016151377535 3.0
      vertex -0.3064177772475914 -0.2571150438746156 3.0
      vertex -0.20000000000000015 -0.34641016151377535 3.0
    endloop
  endfacet
  facet normal 0.0 0.0 1.0
    outer loop
      vertex -0.25000000000000017 -0.43301270189221913 0.0
      vertex -0.25000000000000017 -1.4330127018922192 0
      vertex -0.08682408883346518 -0.492403876506104 0.0
    endloop
  endfacet
  facet normal -0.0 0.0 1.0
    outer loop
      vertex -0.25000000000000017 -1.4330127018922192 0
      vertex -0.08682408883346518 -1.492403876506104 0
      vertex -0.08682408883346518 -0.492403876506104 0.0
    endloop
  endfacet
  facet normal 0.0 0.0 -1.0
    outer loop
      vertex -0.25000000000000017 -0.43301270189221913 3.0
      vertex -0.08682408883346518 -0.492403876506104 3.0
      vertex -0.25000000000000017 -1.4330127018922192 3.0
    endloop
  endfacet
  facet normal 0.0 0.0 -1.0
    outer loop
      vertex -0.25000000000000017 -1.4330127018922192 3.0
      vertex -0.08682408883346518 -0.492403876506104 3.0
      vertex -0.08682408883346518 -1.492403876506104 3.0
    endloop
  endfacet
  facet normal nan nan nan
    outer loop
      vertex -0.20000000000000015 -0.34641016151377535 0.0
      vertex -0.06945927106677215 -0.3939231012048832 0.0
      vertex -0.20000000000000015 -0.34641016151377535 0
    endloop
  endfacet
  facet normal nan nan nan
    outer loop
      vertex -0.20000000000000015 -0.34641016151377535 0
      vertex -0.06945927106677215 -0.3939231012048832 0.0
      vertex -0.06945927106677215 -0.3939231012048832 0
    endloop
  endfacet
  facet normal nan nan nan
    outer loop
      vertex -0.20000000000000015 -0.34641016151377535 3.0
      vertex -0.20000000000000015 -0.34641016151377535 3.0
      vertex -0.06945927106677215 -0.3939231012048832 3.0
    endloop
  endfacet
  facet normal nan nan nan
    outer loop
      vertex -0.06945927106677215 -0.3939231012048832 3.0
      vertex -0.20000000000000015 -0.34641016151377535 3.0
      vertex -0.06945927106677215 -0.3939231012048832 3.0
    endloop
  endfacet
  facet normal 0.0 0.0 1.0
    outer loop
      vertex -0.08682408883346518 -0.492403876506104 0.0
      vertex -0.08682408883346518 -1.492403876506104 0
      vertex 0.08682408883346499 -0.49240387650610407 0.0
    endloop
  endfacet
  facet normal 0.0 0.0 1.0
    outer loop
      vertex -0.08682408883346518 -1.492403876506104 0
      vertex 0.08682408883346499 -1.492403876506104 0
      vertex 0.08682408883346499 -0.49240387650610407 0.0
    endloop
  endfacet
  facet normal 0.0 0.0 -1.0
    outer loop
      vertex -0.08682408883346518 -0.492403876506104 3.0
      vertex 0.08682408883346499 -0.49240387650610407 3.0
      vertex -0.08682408883346518 -1.492403876506104 3.0
    endloop
  endfacet
  facet normal 0.0 0.0 -1.0
    outer loop
      vertex -0.08682408883346518 -1.492403876506104 3.0
      vertex 0.08682408883346499 -0.49240387650610407 3.0
      vertex 0.08682408883346499 -1.492403876506104 3.0
    endloop
  endfacet
  facet normal nan nan nan
    outer loop
      vertex -0.06945927106677215 -0.3939231012048832 0.0
      vertex 0.069459271066772 -0.3939231012048833 0.0
      vertex -0.06945927106677215 -0.3939231012048832 0
    endloop
  endfacet
  facet normal nan nan nan
    outer loop
      vertex -0.06945927106677215 -0.3939231012048832 0
      vertex 0.069459271066772 -0.3939231012048833 0.0
      vertex 0.069459271066772 -0.3939231012048833 0
    endloop
  endfacet
  facet normal nan nan nan
    outer loop
      vertex -0.06945927106677215 -0.3939231012048832 3.0
      vertex -0.06945927106677215 -0.3939231012048832 3.0
      vertex 0.069459271066772 -0.3939231012048833 3.0
    endloop
  endfacet
  facet normal nan nan nan
    outer loop
      vertex 0.069459271066772 -0.3939231012048833 3.0
      vertex -0.06945927106677215 -0.3939231012048832 3.0
      vertex 0.069459271066772 -0.3939231012048833 3.0
    endloop
  endfacet
  facet normal -0.0 0.0 1.0
    outer loop
      vertex 0.08682408883346499 -0.49240387650610407 0.0
      vertex 0.08682408883346499 -1.492403876506104 0
      vertex 0.2499999999999996 -0.4330127018922195 0.0
    endloop
  endfacet
  facet normal 0.0 0.0 1.0
    outer loop
      vertex 0.08682408883346499 -1.492403876506104 0
      vertex 0.2499999999999996 -1.4330127018922196 0
      vertex 0.2499999999999996 -0.4330127018922195 0.0
    endloop
  endfacet
  facet normal 0.0 0.0 -1.0
    outer loop
      vertex 0.08682408883346499 -0.49240387650610407 3.0
      vertex 0.2499999999999996 -0.4330127018922195 3.0
      vertex 0.08682408883346499 -1.492403876506104 3.0
    endloop
  endfacet
  facet normal 0.0 0.0 -1.0
    outer loop
      vertex 0.08682408883346499 -1.492403876506104 3.0
      vertex 0.2499999999999996 -0.4330127018922195 3.0
      vertex 0.2499999999999996 -1.4330127018922196 3.0
    endloop
  endfacet
  facet normal nan nan nan
    outer loop
      vertex 0.069459271066772 -0.3939231012048833 0.0
      vertex 0.1999999999999997 -0.3464101615137756 0.0
      vertex 0.069459271066772 -0.3939231012048833 0
    endloop
  endfacet
  facet normal nan nan nan
    outer loop
      vertex 0.069459271066772 -0.3939231012048833 0
      vertex 0.1999999999999997 -0.3464101615137756 0.0
      vertex 0.1999999999999997 -0.3464101615137756 0
    endloop
  endfacet
  facet normal nan nan nan
    outer loop
      vertex 0.069459271066772 -0.3939231012048833 3.0
      vertex 0.069459271066772 -0.3939231012048833 3.0
      vertex 0.1999999999999997 -0.3464101615137756 3.0
    endloop
  endfacet
  facet normal nan nan nan
    outer loop
      vertex 0.1999999999999997 -0.3464101615137756 3.0
      vertex 0.069459271066772 -0.3939231012048833 3.0
      vertex 0.1999999999999997 -0.3464101615137756 3.0
    endloop
  endfacet
  facet normal -0.0 0.0 1.0
    outer loop
      vertex 0.2499999999999996 -0.4330127018922195 0.0
      vertex 0.2499999999999996 -1.4330127018922196 0
      vertex 0.38302222155948895 -0.32139380484326974 0.0
    endloop
  endfacet
  facet normal 0.0 0.0 1.0
    outer loop
      vertex 0.2499999999999996 -1.4330127018922196 0
      vertex 0.38302222155948895 -1.3213938048432698 0
      vertex 0.38302222155948895 -0.32139380484326974 0.0
    endloop
  endfacet
  facet normal 0.0 0.0 -1.0
    outer loop
      vertex 0.2499999999999996 -0.4330127018922195 3.0
      vertex 0.38302222155948895 -0.32139380484326974 3.0
      vertex 0.2499999999999996 -1.4330127018922196 3.0
    endloop
  endfacet
  facet normal 0.0 0.0 -1.0
    outer loop
      vertex 0.2499999999999996 -1.4330127018922196 3.0
      vertex 0.38302222155948895 -0.32139380484326974 3.0
      vertex 0.38302222155948895 -1.3213938048432698 3.0
    endloop
  endfacet
  facet normal nan nan nan
    outer loop
      vertex 0.1999999999999997 -0.3464101615137756 0.0
      vertex 0.30641777724759117 -0.2571150438746158 0.0
      vertex 0.1999999999999997 -0.3464101615137756 0
    endloop
  endfacet
  facet normal nan nan nan
    outer loop
      vertex 0.1999999999999997 -0.3464101615137756 0
      vertex 0.30641777724759117 -0.2571150438746158 0.0
      vertex 0.30641777724759117 -0.2571150438746158 0
    endloop
  endfacet
  facet normal nan nan nan
    outer loop
      vertex 0.1999999999999997 -0.3464101615137756 3.0
      vertex 0.1999999999999997 -0.3464101615137756 3.0
      vertex 0.30641777724759117 -0.2571150438746158 3.0
    endloop
  endfacet
  facet normal nan nan nan
    outer loop
      vertex 0.30641777724759117 -0.2571150438746158 3.0
      vertex 0.1999999999999997 -0.3464101615137756 3.0
      vertex 0.30641777724759117 -0.2571150438746158 3.0
    endloop
  endfacet
  facet normal -0.0 0.0 1.0
    outer loop
      vertex 0.38302222155948895 -0.32139380484326974 0.0
      vertex 0.38302222155948895 -1.3213938048432698 0
      vertex 0.4698463103929542 -0.1710100716628343 0.0
    endloop
  endfacet
  facet normal 0.0 0.0 1.0
    outer loop
      vertex 0.38302222155948895 -1.3213938048432698 0
      vertex 0.4698463103929542 -1.1710100716628342 0
      vertex 0.4698463103929542 -0.1710100716628343 0.0
    endloop
  endfacet
  facet normal 0.0 0.0 -1.0
    outer loop
      vertex 0.38302222155948895 -0.32139380484326974 3.0
      vertex 0.4698463103929542 -0.1710100716628343 3.0
      vertex 0.38302222155948895 -1.3213938048432698 3.0
    endloop
  endfacet
  facet normal 0.0 0.0 -1.0
    outer loop
      vertex 0.38302222155948895 -1.3213938048432698 3.0
      vertex 0.4698463103929542 -0.1710100716628343 3.0
      vertex 0.4698463103929542 -1.1710100716628342 3.0
    endloop
  endfacet
  facet normal nan nan nan
    outer loop
      vertex 0.30641777724759117 -0.2571150438746158 0.0
      vertex 0.3758770483143634 -0.13680805733026744 0.0
      vertex 0.30641777724759117 -0.2571150438746158 0
    endloop
  endfacet
  facet normal nan nan nan
    outer loop
      vertex 0.30641777724759117 -0.2571150438746158 0
      vertex 0.3758770483143634 -0.13680805733026744 0.0
      vertex 0.3758770483143634 -0.13680805733026744 0
    endloop
  endfacet
  facet normal nan nan nan
    outer loop
      vertex 0.30641777724759117 -0.2571150438746158 3.0
      vertex 0.30641777724759117 -0.2571150438746158 3.0
      vertex 0.3758770483143634 -0.13680805733026744 3.0
    endloop
  endfacet
  facet normal nan nan nan
    outer loop
      vertex 0.3758770483143634 -0.13680805733026744 3.0
      vertex 0.30641777724759117 -0.2571150438746158 3.0
      vertex 0.3758770483143634 -0.13680805733026744 3.0
    endloop
  endfacet
  facet normal -0.0 0.0 1.0
    outer loop
      vertex 0.4698463103929542 -0.1710100716628343 0.0
      vertex 0.4698463103929542 -1.1710100716628342 0
      vertex 0.5 0.0 0.0
    endloop
  endfacet
  facet normal nan nan nan
    outer loop
      vertex 0.4698463103929542 -1.1710100716628342 0
      vertex 0.5 0.0 0
      vertex 0.5 0.0 0.0
    endloop
  endfacet
  facet normal 0.0 0.0 -1.0
    outer loop
      vertex 0.4698463103929542 -0.1710100716628343 3.0
      vertex 0.5 0.0 3.0
      vertex 0.4698463103929542 -1.1710100716628342 3.0
    endloop
  endfacet
  facet normal nan nan nan
    outer loop
      vertex 0.4698463103929542 -1.1710100716628342 3.0
      vertex 0.5 0.0 3.0
      vertex 0.5 0.0 3.0
    endloop
  endfacet
  facet normal nan nan nan
    outer loop
      vertex 0.3758770483143634 -0.13680805733026744 0.0
      vertex 0.4 0.0 0.0
      vertex 0.3758770483143634 -0.13680805733026744 0
    endloop
  endfacet
  facet normal nan nan nan
    outer loop
      vertex 0.3758770483143634 -0.13680805733026744 0
      vertex 0.4 0.0 0.0
      vertex 0.4 0.0 0
    endloop
  endfacet
  facet normal nan nan nan
    outer loop
      vertex 0.3758770483143634 -0.13680805733026744 3.0
      vertex 0.3758770483143634 -0.13680805733026744 3.0
      vertex 0.4 0.0 3.0
    endloop
  endfacet
  facet normal nan nan nan
    outer loop
      vertex 0.4 0.0 3.0
      vertex 0.3758770483143634 -0.13680805733026744 3.0
      vertex 0.4 0.0 3.0
    endloop
  endfacet
endsolid hollow_pipe_with_stands
