solid hollow_pipe_thick_ends
  facet normal -9.848078e-01 -1.736482e-01 0.000000e+00
    outer loop
      vertex 5.000000e-01 0.000000e+00 0.000000e+00
      vertex 5.000000e-01 0.000000e+00 6.000000e-01
      vertex 4.698463e-01 1.710101e-01 0.000000e+00
    endloop
  endfacet
  facet normal -9.848078e-01 -1.736482e-01 0.000000e+00
    outer loop
      vertex 5.000000e-01 0.000000e+00 6.000000e-01
      vertex 4.698463e-01 1.710101e-01 6.000000e-01
      vertex 4.698463e-01 1.710101e-01 0.000000e+00
    endloop
  endfacet
  facet normal -8.660254e-01 -5.000000e-01 0.000000e+00
    outer loop
      vertex 4.698463e-01 1.710101e-01 0.000000e+00
      vertex 4.698463e-01 1.710101e-01 6.000000e-01
      vertex 3.830222e-01 3.213938e-01 0.000000e+00
    endloop
  endfacet
  facet normal -8.660254e-01 -5.000000e-01 0.000000e+00
    outer loop
      vertex 4.698463e-01 1.710101e-01 6.000000e-01
      vertex 3.830222e-01 3.213938e-01 6.000000e-01
      vertex 3.830222e-01 3.213938e-01 0.000000e+00
    endloop
  endfacet
  facet normal -6.427876e-01 -7.660444e-01 0.000000e+00
    outer loop
      vertex 3.830222e-01 3.213938e-01 0.000000e+00
      vertex 3.830222e-01 3.213938e-01 6.000000e-01
      vertex 2.500000e-01 4.330127e-01 0.000000e+00
    endloop
  endfacet
  facet normal -6.427876e-01 -7.660444e-01 0.000000e+00
    outer loop
      vertex 3.830222e-01 3.213938e-01 6.000000e-01
      vertex 2.500000e-01 4.330127e-01 6.000000e-01
      vertex 2.500000e-01 4.330127e-01 0.000000e+00
    endloop
  endfacet
  facet normal -3.420201e-01 -9.396926e-01 0.000000e+00
    outer loop
      vertex 2.500000e-01 4.330127e-01 0.000000e+00
      vertex 2.500000e-01 4.330127e-01 6.000000e-01
      vertex 8.682409e-02 4.924039e-01 0.000000e+00
    endloop
  endfacet
  facet normal -3.420201e-01 -9.396926e-01 0.000000e+00
    outer loop
      vertex 2.500000e-01 4.330127e-01 6.000000e-01
      vertex 8.682409e-02 4.924039e-01 6.000000e-01
      vertex 8.682409e-02 4.924039e-01 0.000000e+00
    endloop
  endfacet
  facet normal -3.196760e-16 -1.000000e+00 0.000000e+00
    outer loop
      vertex 8.682409e-02 4.924039e-01 0.000000e+00
      vertex 8.682409e-02 4.924039e-01 6.000000e-01
      vertex -8.682409e-02 4.924039e-01 0.000000e+00
    endloop
  endfacet
  facet normal -3.196760e-16 -1.000000e+00 0.000000e+00
    outer loop
      vertex 8.682409e-02 4.924039e-01 6.000000e-01
      vertex -8.682409e-02 4.924039e-01 6.000000e-01
      vertex -8.682409e-02 4.924039e-01 0.000000e+00
    endloop
  endfacet
  facet normal 3.420201e-01 -9.396926e-01 0.000000e+00
    outer loop
      vertex -8.682409e-02 4.924039e-01 0.000000e+00
      vertex -8.682409e-02 4.924039e-01 6.000000e-01
      vertex -2.500000e-01 4.330127e-01 0.000000e+00
    endloop
  endfacet
  facet normal 3.420201e-01 -9.396926e-01 0.000000e+00
    outer loop
      vertex -8.682409e-02 4.924039e-01 6.000000e-01
      vertex -2.500000e-01 4.330127e-01 6.000000e-01
      vertex -2.500000e-01 4.330127e-01 0.000000e+00
    endloop
  endfacet
  facet normal 6.427876e-01 -7.660444e-01 0.000000e+00
    outer loop
      vertex -2.500000e-01 4.330127e-01 0.000000e+00
      vertex -2.500000e-01 4.330127e-01 6.000000e-01
      vertex -3.830222e-01 3.213938e-01 0.000000e+00
    endloop
  endfacet
  facet normal 6.427876e-01 -7.660444e-01 0.000000e+00
    outer loop
      vertex -2.500000e-01 4.330127e-01 6.000000e-01
      vertex -3.830222e-01 3.213938e-01 6.000000e-01
      vertex -3.830222e-01 3.213938e-01 0.000000e+00
    endloop
  endfacet
  facet normal 8.660254e-01 -5.000000e-01 0.000000e+00
    outer loop
      vertex -3.830222e-01 3.213938e-01 0.000000e+00
      vertex -3.830222e-01 3.213938e-01 6.000000e-01
      vertex -4.698463e-01 1.710101e-01 0.000000e+00
    endloop
  endfacet
  facet normal 8.660254e-01 -5.000000e-01 0.000000e+00
    outer loop
      vertex -3.830222e-01 3.213938e-01 6.000000e-01
      vertex -4.698463e-01 1.710101e-01 6.000000e-01
      vertex -4.698463e-01 1.710101e-01 0.000000e+00
    endloop
  endfacet
  facet normal 9.848078e-01 -1.736482e-01 0.000000e+00
    outer loop
      vertex -4.698463e-01 1.710101e-01 0.000000e+00
      vertex -4.698463e-01 1.710101e-01 6.000000e-01
      vertex -5.000000e-01 6.123234e-17 0.000000e+00
    endloop
  endfacet
  facet normal 9.848078e-01 -1.736482e-01 0.000000e+00
    outer loop
      vertex -4.698463e-01 1.710101e-01 6.000000e-01
      vertex -5.000000e-01 6.123234e-17 6.000000e-01
      vertex -5.000000e-01 6.123234e-17 0.000000e+00
    endloop
  endfacet
  facet normal 9.848078e-01 1.736482e-01 -0.000000e+00
    outer loop
      vertex -5.000000e-01 6.123234e-17 0.000000e+00
      vertex -5.000000e-01 6.123234e-17 6.000000e-01
      vertex -4.698463e-01 -1.710101e-01 0.000000e+00
    endloop
  endfacet
  facet normal 9.848078e-01 1.736482e-01 0.000000e+00
    outer loop
      vertex -5.000000e-01 6.123234e-17 6.000000e-01
      vertex -4.698463e-01 -1.710101e-01 6.000000e-01
      vertex -4.698463e-01 -1.710101e-01 0.000000e+00
    endloop
  endfacet
  facet normal 8.660254e-01 5.000000e-01 -0.000000e+00
    outer loop
      vertex -4.698463e-01 -1.710101e-01 0.000000e+00
      vertex -4.698463e-01 -1.710101e-01 6.000000e-01
      vertex -3.830222e-01 -3.213938e-01 0.000000e+00
    endloop
  endfacet
  facet normal 8.660254e-01 5.000000e-01 0.000000e+00
    outer loop
      vertex -4.698463e-01 -1.710101e-01 6.000000e-01
      vertex -3.830222e-01 -3.213938e-01 6.000000e-01
      vertex -3.830222e-01 -3.213938e-01 0.000000e+00
    endloop
  endfacet
  facet normal 6.427876e-01 7.660444e-01 -0.000000e+00
    outer loop
      vertex -3.830222e-01 -3.213938e-01 0.000000e+00
      vertex -3.830222e-01 -3.213938e-01 6.000000e-01
      vertex -2.500000e-01 -4.330127e-01 0.000000e+00
    endloop
  endfacet
  facet normal 6.427876e-01 7.660444e-01 0.000000e+00
    outer loop
      vertex -3.830222e-01 -3.213938e-01 6.000000e-01
      vertex -2.500000e-01 -4.330127e-01 6.000000e-01
      vertex -2.500000e-01 -4.330127e-01 0.000000e+00
    endloop
  endfacet
  facet normal 3.420201e-01 9.396926e-01 -0.000000e+00
    outer loop
      vertex -2.500000e-01 -4.330127e-01 0.000000e+00
      vertex -2.500000e-01 -4.330127e-01 6.000000e-01
      vertex -8.682409e-02 -4.924039e-01 0.000000e+00
    endloop
  endfacet
  facet normal 3.420201e-01 9.396926e-01 0.000000e+00
    outer loop
      vertex -2.500000e-01 -4.330127e-01 6.000000e-01
      vertex -8.682409e-02 -4.924039e-01 6.000000e-01
      vertex -8.682409e-02 -4.924039e-01 0.000000e+00
    endloop
  endfacet
  facet normal 3.196760e-16 1.000000e+00 -0.000000e+00
    outer loop
      vertex -8.682409e-02 -4.924039e-01 0.000000e+00
      vertex -8.682409e-02 -4.924039e-01 6.000000e-01
      vertex 8.682409e-02 -4.924039e-01 0.000000e+00
    endloop
  endfacet
  facet normal 3.196760e-16 1.000000e+00 0.000000e+00
    outer loop
      vertex -8.682409e-02 -4.924039e-01 6.000000e-01
      vertex 8.682409e-02 -4.924039e-01 6.000000e-01
      vertex 8.682409e-02 -4.924039e-01 0.000000e+00
    endloop
  endfacet
  facet normal -3.420201e-01 9.396926e-01 0.000000e+00
    outer loop
      vertex 8.682409e-02 -4.924039e-01 0.000000e+00
      vertex 8.682409e-02 -4.924039e-01 6.000000e-01
      vertex 2.500000e-01 -4.330127e-01 0.000000e+00
    endloop
  endfacet
  facet normal -3.420201e-01 9.396926e-01 0.000000e+00
    outer loop
      vertex 8.682409e-02 -4.924039e-01 6.000000e-01
      vertex 2.500000e-01 -4.330127e-01 6.000000e-01
      vertex 2.500000e-01 -4.330127e-01 0.000000e+00
    endloop
  endfacet
  facet normal -6.427876e-01 7.660444e-01 0.000000e+00
    outer loop
      vertex 2.500000e-01 -4.330127e-01 0.000000e+00
      vertex 2.500000e-01 -4.330127e-01 6.000000e-01
      vertex 3.830222e-01 -3.213938e-01 0.000000e+00
    endloop
  endfacet
  facet normal -6.427876e-01 7.660444e-01 0.000000e+00
    outer loop
      vertex 2.500000e-01 -4.330127e-01 6.000000e-01
      vertex 3.830222e-01 -3.213938e-01 6.000000e-01
      vertex 3.830222e-01 -3.213938e-01 0.000000e+00
    endloop
  endfacet
  facet normal -8.660254e-01 5.000000e-01 0.000000e+00
    outer loop
      vertex 3.830222e-01 -3.213938e-01 0.000000e+00
      vertex 3.830222e-01 -3.213938e-01 6.000000e-01
      vertex 4.698463e-01 -1.710101e-01 0.000000e+00
    endloop
  endfacet
  facet normal -8.660254e-01 5.000000e-01 0.000000e+00
    outer loop
      vertex 3.830222e-01 -3.213938e-01 6.000000e-01
      vertex 4.698463e-01 -1.710101e-01 6.000000e-01
      vertex 4.698463e-01 -1.710101e-01 0.000000e+00
    endloop
  endfacet
  facet normal -9.848078e-01 1.736482e-01 0.000000e+00
    outer loop
      vertex 4.698463e-01 -1.710101e-01 0.000000e+00
      vertex 4.698463e-01 -1.710101e-01 6.000000e-01
      vertex 5.000000e-01 0.000000e+00 0.000000e+00
    endloop
  endfacet
  facet normal -9.848078e-01 1.736482e-01 0.000000e+00
    outer loop
      vertex 4.698463e-01 -1.710101e-01 6.000000e-01
      vertex 5.000000e-01 0.000000e+00 6.000000e-01
      vertex 5.000000e-01 0.000000e+00 0.000000e+00
    endloop
  endfacet
  facet normal -9.848078e-01 -1.736482e-01 0.000000e+00
    outer loop
      vertex 5.000000e-01 0.000000e+00 6.000000e-01
      vertex 5.000000e-01 0.000000e+00 1.200000e+00
      vertex 4.698463e-01 1.710101e-01 6.000000e-01
    endloop
  endfacet
  facet normal -9.848078e-01 -1.736482e-01 0.000000e+00
    outer loop
      vertex 5.000000e-01 0.000000e+00 1.200000e+00
      vertex 4.698463e-01 1.710101e-01 1.200000e+00
      vertex 4.698463e-01 1.710101e-01 6.000000e-01
    endloop
  endfacet
  facet normal -8.660254e-01 -5.000000e-01 0.000000e+00
    outer loop
      vertex 4.698463e-01 1.710101e-01 6.000000e-01
      vertex 4.698463e-01 1.710101e-01 1.200000e+00
      vertex 3.830222e-01 3.213938e-01 6.000000e-01
    endloop
  endfacet
  facet normal -8.660254e-01 -5.000000e-01 0.000000e+00
    outer loop
      vertex 4.698463e-01 1.710101e-01 1.200000e+00
      vertex 3.830222e-01 3.213938e-01 1.200000e+00
      vertex 3.830222e-01 3.213938e-01 6.000000e-01
    endloop
  endfacet
  facet normal -6.427876e-01 -7.660444e-01 0.000000e+00
    outer loop
      vertex 3.830222e-01 3.213938e-01 6.000000e-01
      vertex 3.830222e-01 3.213938e-01 1.200000e+00
      vertex 2.500000e-01 4.330127e-01 6.000000e-01
    endloop
  endfacet
  facet normal -6.427876e-01 -7.660444e-01 0.000000e+00
    outer loop
      vertex 3.830222e-01 3.213938e-01 1.200000e+00
      vertex 2.500000e-01 4.330127e-01 1.200000e+00
      vertex 2.500000e-01 4.330127e-01 6.000000e-01
    endloop
  endfacet
  facet normal -3.420201e-01 -9.396926e-01 0.000000e+00
    outer loop
      vertex 2.500000e-01 4.330127e-01 6.000000e-01
      vertex 2.500000e-01 4.330127e-01 1.200000e+00
      vertex 8.682409e-02 4.924039e-01 6.000000e-01
    endloop
  endfacet
  facet normal -3.420201e-01 -9.396926e-01 0.000000e+00
    outer loop
      vertex 2.500000e-01 4.330127e-01 1.200000e+00
      vertex 8.682409e-02 4.924039e-01 1.200000e+00
      vertex 8.682409e-02 4.924039e-01 6.000000e-01
    endloop
  endfacet
  facet normal -3.196760e-16 -1.000000e+00 0.000000e+00
    outer loop
      vertex 8.682409e-02 4.924039e-01 6.000000e-01
      vertex 8.682409e-02 4.924039e-01 1.200000e+00
      vertex -8.682409e-02 4.924039e-01 6.000000e-01
    endloop
  endfacet
  facet normal -3.196760e-16 -1.000000e+00 0.000000e+00
    outer loop
      vertex 8.682409e-02 4.924039e-01 1.200000e+00
      vertex -8.682409e-02 4.924039e-01 1.200000e+00
      vertex -8.682409e-02 4.924039e-01 6.000000e-01
    endloop
  endfacet
  facet normal 3.420201e-01 -9.396926e-01 0.000000e+00
    outer loop
      vertex -8.682409e-02 4.924039e-01 6.000000e-01
      vertex -8.682409e-02 4.924039e-01 1.200000e+00
      vertex -2.500000e-01 4.330127e-01 6.000000e-01
    endloop
  endfacet
  facet normal 3.420201e-01 -9.396926e-01 0.000000e+00
    outer loop
      vertex -8.682409e-02 4.924039e-01 1.200000e+00
      vertex -2.500000e-01 4.330127e-01 1.200000e+00
      vertex -2.500000e-01 4.330127e-01 6.000000e-01
    endloop
  endfacet
  facet normal 6.427876e-01 -7.660444e-01 0.000000e+00
    outer loop
      vertex -2.500000e-01 4.330127e-01 6.000000e-01
      vertex -2.500000e-01 4.330127e-01 1.200000e+00
      vertex -3.830222e-01 3.213938e-01 6.000000e-01
    endloop
  endfacet
  facet normal 6.427876e-01 -7.660444e-01 0.000000e+00
    outer loop
      vertex -2.500000e-01 4.330127e-01 1.200000e+00
      vertex -3.830222e-01 3.213938e-01 1.200000e+00
      vertex -3.830222e-01 3.213938e-01 6.000000e-01
    endloop
  endfacet
  facet normal 8.660254e-01 -5.000000e-01 0.000000e+00
    outer loop
      vertex -3.830222e-01 3.213938e-01 6.000000e-01
      vertex -3.830222e-01 3.213938e-01 1.200000e+00
      vertex -4.698463e-01 1.710101e-01 6.000000e-01
    endloop
  endfacet
  facet normal 8.660254e-01 -5.000000e-01 0.000000e+00
    outer loop
      vertex -3.830222e-01 3.213938e-01 1.200000e+00
      vertex -4.698463e-01 1.710101e-01 1.200000e+00
      vertex -4.698463e-01 1.710101e-01 6.000000e-01
    endloop
  endfacet
  facet normal 9.848078e-01 -1.736482e-01 0.000000e+00
    outer loop
      vertex -4.698463e-01 1.710101e-01 6.000000e-01
      vertex -4.698463e-01 1.710101e-01 1.200000e+00
      vertex -5.000000e-01 6.123234e-17 6.000000e-01
    endloop
  endfacet
  facet normal 9.848078e-01 -1.736482e-01 0.000000e+00
    outer loop
      vertex -4.698463e-01 1.710101e-01 1.200000e+00
      vertex -5.000000e-01 6.123234e-17 1.200000e+00
      vertex -5.000000e-01 6.123234e-17 6.000000e-01
    endloop
  endfacet
  facet normal 9.848078e-01 1.736482e-01 -0.000000e+00
    outer loop
      vertex -5.000000e-01 6.123234e-17 6.000000e-01
      vertex -5.000000e-01 6.123234e-17 1.200000e+00
      vertex -4.698463e-01 -1.710101e-01 6.000000e-01
    endloop
  endfacet
  facet normal 9.848078e-01 1.736482e-01 0.000000e+00
    outer loop
      vertex -5.000000e-01 6.123234e-17 1.200000e+00
      vertex -4.698463e-01 -1.710101e-01 1.200000e+00
      vertex -4.698463e-01 -1.710101e-01 6.000000e-01
    endloop
  endfacet
  facet normal 8.660254e-01 5.000000e-01 -0.000000e+00
    outer loop
      vertex -4.698463e-01 -1.710101e-01 6.000000e-01
      vertex -4.698463e-01 -1.710101e-01 1.200000e+00
      vertex -3.830222e-01 -3.213938e-01 6.000000e-01
    endloop
  endfacet
  facet normal 8.660254e-01 5.000000e-01 0.000000e+00
    outer loop
      vertex -4.698463e-01 -1.710101e-01 1.200000e+00
      vertex -3.830222e-01 -3.213938e-01 1.200000e+00
      vertex -3.830222e-01 -3.213938e-01 6.000000e-01
    endloop
  endfacet
  facet normal 6.427876e-01 7.660444e-01 -0.000000e+00
    outer loop
      vertex -3.830222e-01 -3.213938e-01 6.000000e-01
      vertex -3.830222e-01 -3.213938e-01 1.200000e+00
      vertex -2.500000e-01 -4.330127e-01 6.000000e-01
    endloop
  endfacet
  facet normal 6.427876e-01 7.660444e-01 0.000000e+00
    outer loop
      vertex -3.830222e-01 -3.213938e-01 1.200000e+00
      vertex -2.500000e-01 -4.330127e-01 1.200000e+00
      vertex -2.500000e-01 -4.330127e-01 6.000000e-01
    endloop
  endfacet
  facet normal 3.420201e-01 9.396926e-01 -0.000000e+00
    outer loop
      vertex -2.500000e-01 -4.330127e-01 6.000000e-01
      vertex -2.500000e-01 -4.330127e-01 1.200000e+00
      vertex -8.682409e-02 -4.924039e-01 6.000000e-01
    endloop
  endfacet
  facet normal 3.420201e-01 9.396926e-01 0.000000e+00
    outer loop
      vertex -2.500000e-01 -4.330127e-01 1.200000e+00
      vertex -8.682409e-02 -4.924039e-01 1.200000e+00
      vertex -8.682409e-02 -4.924039e-01 6.000000e-01
    endloop
  endfacet
  facet normal 3.196760e-16 1.000000e+00 -0.000000e+00
    outer loop
      vertex -8.682409e-02 -4.924039e-01 6.000000e-01
      vertex -8.682409e-02 -4.924039e-01 1.200000e+00
      vertex 8.682409e-02 -4.924039e-01 6.000000e-01
    endloop
  endfacet
  facet normal 3.196760e-16 1.000000e+00 0.000000e+00
    outer loop
      vertex -8.682409e-02 -4.924039e-01 1.200000e+00
      vertex 8.682409e-02 -4.924039e-01 1.200000e+00
      vertex 8.682409e-02 -4.924039e-01 6.000000e-01
    endloop
  endfacet
  facet normal -3.420201e-01 9.396926e-01 0.000000e+00
    outer loop
      vertex 8.682409e-02 -4.924039e-01 6.000000e-01
      vertex 8.682409e-02 -4.924039e-01 1.200000e+00
      vertex 2.500000e-01 -4.330127e-01 6.000000e-01
    endloop
  endfacet
  facet normal -3.420201e-01 9.396926e-01 0.000000e+00
    outer loop
      vertex 8.682409e-02 -4.924039e-01 1.200000e+00
      vertex 2.500000e-01 -4.330127e-01 1.200000e+00
      vertex 2.500000e-01 -4.330127e-01 6.000000e-01
    endloop
  endfacet
  facet normal -6.427876e-01 7.660444e-01 0.000000e+00
    outer loop
      vertex 2.500000e-01 -4.330127e-01 6.000000e-01
      vertex 2.500000e-01 -4.330127e-01 1.200000e+00
      vertex 3.830222e-01 -3.213938e-01 6.000000e-01
    endloop
  endfacet
  facet normal -6.427876e-01 7.660444e-01 0.000000e+00
    outer loop
      vertex 2.500000e-01 -4.330127e-01 1.200000e+00
      vertex 3.830222e-01 -3.213938e-01 1.200000e+00
      vertex 3.830222e-01 -3.213938e-01 6.000000e-01
    endloop
  endfacet
  facet normal -8.660254e-01 5.000000e-01 0.000000e+00
    outer loop
      vertex 3.830222e-01 -3.213938e-01 6.000000e-01
      vertex 3.830222e-01 -3.213938e-01 1.200000e+00
      vertex 4.698463e-01 -1.710101e-01 6.000000e-01
    endloop
  endfacet
  facet normal -8.660254e-01 5.000000e-01 0.000000e+00
    outer loop
      vertex 3.830222e-01 -3.213938e-01 1.200000e+00
      vertex 4.698463e-01 -1.710101e-01 1.200000e+00
      vertex 4.698463e-01 -1.710101e-01 6.000000e-01
    endloop
  endfacet
  facet normal -9.848078e-01 1.736482e-01 0.000000e+00
    outer loop
      vertex 4.698463e-01 -1.710101e-01 6.000000e-01
      vertex 4.698463e-01 -1.710101e-01 1.200000e+00
      vertex 5.000000e-01 0.000000e+00 6.000000e-01
    endloop
  endfacet
  facet normal -9.848078e-01 1.736482e-01 0.000000e+00
    outer loop
      vertex 4.698463e-01 -1.710101e-01 1.200000e+00
      vertex 5.000000e-01 0.000000e+00 1.200000e+00
      vertex 5.000000e-01 0.000000e+00 6.000000e-01
    endloop
  endfacet
  facet normal -9.848078e-01 -1.736482e-01 0.000000e+00
    outer loop
      vertex 5.000000e-01 0.000000e+00 1.200000e+00
      vertex 5.000000e-01 0.000000e+00 1.800000e+00
      vertex 4.698463e-01 1.710101e-01 1.200000e+00
    endloop
  endfacet
  facet normal -9.848078e-01 -1.736482e-01 0.000000e+00
    outer loop
      vertex 5.000000e-01 0.000000e+00 1.800000e+00
      vertex 4.698463e-01 1.710101e-01 1.800000e+00
      vertex 4.698463e-01 1.710101e-01 1.200000e+00
    endloop
  endfacet
  facet normal -8.660254e-01 -5.000000e-01 0.000000e+00
    outer loop
      vertex 4.698463e-01 1.710101e-01 1.200000e+00
      vertex 4.698463e-01 1.710101e-01 1.800000e+00
      vertex 3.830222e-01 3.213938e-01 1.200000e+00
    endloop
  endfacet
  facet normal -8.660254e-01 -5.000000e-01 0.000000e+00
    outer loop
      vertex 4.698463e-01 1.710101e-01 1.800000e+00
      vertex 3.830222e-01 3.213938e-01 1.800000e+00
      vertex 3.830222e-01 3.213938e-01 1.200000e+00
    endloop
  endfacet
  facet normal -6.427876e-01 -7.660444e-01 0.000000e+00
    outer loop
      vertex 3.830222e-01 3.213938e-01 1.200000e+00
      vertex 3.830222e-01 3.213938e-01 1.800000e+00
      vertex 2.500000e-01 4.330127e-01 1.200000e+00
    endloop
  endfacet
  facet normal -6.427876e-01 -7.660444e-01 0.000000e+00
    outer loop
      vertex 3.830222e-01 3.213938e-01 1.800000e+00
      vertex 2.500000e-01 4.330127e-01 1.800000e+00
      vertex 2.500000e-01 4.330127e-01 1.200000e+00
    endloop
  endfacet
  facet normal -3.420201e-01 -9.396926e-01 0.000000e+00
    outer loop
      vertex 2.500000e-01 4.330127e-01 1.200000e+00
      vertex 2.500000e-01 4.330127e-01 1.800000e+00
      vertex 8.682409e-02 4.924039e-01 1.200000e+00
    endloop
  endfacet
  facet normal -3.420201e-01 -9.396926e-01 0.000000e+00
    outer loop
      vertex 2.500000e-01 4.330127e-01 1.800000e+00
      vertex 8.682409e-02 4.924039e-01 1.800000e+00
      vertex 8.682409e-02 4.924039e-01 1.200000e+00
    endloop
  endfacet
  facet normal -3.196760e-16 -1.000000e+00 0.000000e+00
    outer loop
      vertex 8.682409e-02 4.924039e-01 1.200000e+00
      vertex 8.682409e-02 4.924039e-01 1.800000e+00
      vertex -8.682409e-02 4.924039e-01 1.200000e+00
    endloop
  endfacet
  facet normal -3.196760e-16 -1.000000e+00 0.000000e+00
    outer loop
      vertex 8.682409e-02 4.924039e-01 1.800000e+00
      vertex -8.682409e-02 4.924039e-01 1.800000e+00
      vertex -8.682409e-02 4.924039e-01 1.200000e+00
    endloop
  endfacet
  facet normal 3.420201e-01 -9.396926e-01 0.000000e+00
    outer loop
      vertex -8.682409e-02 4.924039e-01 1.200000e+00
      vertex -8.682409e-02 4.924039e-01 1.800000e+00
      vertex -2.500000e-01 4.330127e-01 1.200000e+00
    endloop
  endfacet
  facet normal 3.420201e-01 -9.396926e-01 0.000000e+00
    outer loop
      vertex -8.682409e-02 4.924039e-01 1.800000e+00
      vertex -2.500000e-01 4.330127e-01 1.800000e+00
      vertex -2.500000e-01 4.330127e-01 1.200000e+00
    endloop
  endfacet
  facet normal 6.427876e-01 -7.660444e-01 0.000000e+00
    outer loop
      vertex -2.500000e-01 4.330127e-01 1.200000e+00
      vertex -2.500000e-01 4.330127e-01 1.800000e+00
      vertex -3.830222e-01 3.213938e-01 1.200000e+00
    endloop
  endfacet
  facet normal 6.427876e-01 -7.660444e-01 0.000000e+00
    outer loop
      vertex -2.500000e-01 4.330127e-01 1.800000e+00
      vertex -3.830222e-01 3.213938e-01 1.800000e+00
      vertex -3.830222e-01 3.213938e-01 1.200000e+00
    endloop
  endfacet
  facet normal 8.660254e-01 -5.000000e-01 0.000000e+00
    outer loop
      vertex -3.830222e-01 3.213938e-01 1.200000e+00
      vertex -3.830222e-01 3.213938e-01 1.800000e+00
      vertex -4.698463e-01 1.710101e-01 1.200000e+00
    endloop
  endfacet
  facet normal 8.660254e-01 -5.000000e-01 0.000000e+00
    outer loop
      vertex -3.830222e-01 3.213938e-01 1.800000e+00
      vertex -4.698463e-01 1.710101e-01 1.800000e+00
      vertex -4.698463e-01 1.710101e-01 1.200000e+00
    endloop
  endfacet
  facet normal 9.848078e-01 -1.736482e-01 0.000000e+00
    outer loop
      vertex -4.698463e-01 1.710101e-01 1.200000e+00
      vertex -4.698463e-01 1.710101e-01 1.800000e+00
      vertex -5.000000e-01 6.123234e-17 1.200000e+00
    endloop
  endfacet
  facet normal 9.848078e-01 -1.736482e-01 0.000000e+00
    outer loop
      vertex -4.698463e-01 1.710101e-01 1.800000e+00
      vertex -5.000000e-01 6.123234e-17 1.800000e+00
      vertex -5.000000e-01 6.123234e-17 1.200000e+00
    endloop
  endfacet
  facet normal 9.848078e-01 1.736482e-01 -0.000000e+00
    outer loop
      vertex -5.000000e-01 6.123234e-17 1.200000e+00
      vertex -5.000000e-01 6.123234e-17 1.800000e+00
      vertex -4.698463e-01 -1.710101e-01 1.200000e+00
    endloop
  endfacet
  facet normal 9.848078e-01 1.736482e-01 0.000000e+00
    outer loop
      vertex -5.000000e-01 6.123234e-17 1.800000e+00
      vertex -4.698463e-01 -1.710101e-01 1.800000e+00
      vertex -4.698463e-01 -1.710101e-01 1.200000e+00
    endloop
  endfacet
  facet normal 8.660254e-01 5.000000e-01 -0.000000e+00
    outer loop
      vertex -4.698463e-01 -1.710101e-01 1.200000e+00
      vertex -4.698463e-01 -1.710101e-01 1.800000e+00
      vertex -3.830222e-01 -3.213938e-01 1.200000e+00
    endloop
  endfacet
  facet normal 8.660254e-01 5.000000e-01 0.000000e+00
    outer loop
      vertex -4.698463e-01 -1.710101e-01 1.800000e+00
      vertex -3.830222e-01 -3.213938e-01 1.800000e+00
      vertex -3.830222e-01 -3.213938e-01 1.200000e+00
    endloop
  endfacet
  facet normal 6.427876e-01 7.660444e-01 -0.000000e+00
    outer loop
      vertex -3.830222e-01 -3.213938e-01 1.200000e+00
      vertex -3.830222e-01 -3.213938e-01 1.800000e+00
      vertex -2.500000e-01 -4.330127e-01 1.200000e+00
    endloop
  endfacet
  facet normal 6.427876e-01 7.660444e-01 0.000000e+00
    outer loop
      vertex -3.830222e-01 -3.213938e-01 1.800000e+00
      vertex -2.500000e-01 -4.330127e-01 1.800000e+00
      vertex -2.500000e-01 -4.330127e-01 1.200000e+00
    endloop
  endfacet
  facet normal 3.420201e-01 9.396926e-01 -0.000000e+00
    outer loop
      vertex -2.500000e-01 -4.330127e-01 1.200000e+00
      vertex -2.500000e-01 -4.330127e-01 1.800000e+00
      vertex -8.682409e-02 -4.924039e-01 1.200000e+00
    endloop
  endfacet
  facet normal 3.420201e-01 9.396926e-01 0.000000e+00
    outer loop
      vertex -2.500000e-01 -4.330127e-01 1.800000e+00
      vertex -8.682409e-02 -4.924039e-01 1.800000e+00
      vertex -8.682409e-02 -4.924039e-01 1.200000e+00
    endloop
  endfacet
  facet normal 3.196760e-16 1.000000e+00 -0.000000e+00
    outer loop
      vertex -8.682409e-02 -4.924039e-01 1.200000e+00
      vertex -8.682409e-02 -4.924039e-01 1.800000e+00
      vertex 8.682409e-02 -4.924039e-01 1.200000e+00
    endloop
  endfacet
  facet normal 3.196760e-16 1.000000e+00 0.000000e+00
    outer loop
      vertex -8.682409e-02 -4.924039e-01 1.800000e+00
      vertex 8.682409e-02 -4.924039e-01 1.800000e+00
      vertex 8.682409e-02 -4.924039e-01 1.200000e+00
    endloop
  endfacet
  facet normal -3.420201e-01 9.396926e-01 0.000000e+00
    outer loop
      vertex 8.682409e-02 -4.924039e-01 1.200000e+00
      vertex 8.682409e-02 -4.924039e-01 1.800000e+00
      vertex 2.500000e-01 -4.330127e-01 1.200000e+00
    endloop
  endfacet
  facet normal -3.420201e-01 9.396926e-01 0.000000e+00
    outer loop
      vertex 8.682409e-02 -4.924039e-01 1.800000e+00
      vertex 2.500000e-01 -4.330127e-01 1.800000e+00
      vertex 2.500000e-01 -4.330127e-01 1.200000e+00
    endloop
  endfacet
  facet normal -6.427876e-01 7.660444e-01 0.000000e+00
    outer loop
      vertex 2.500000e-01 -4.330127e-01 1.200000e+00
      vertex 2.500000e-01 -4.330127e-01 1.800000e+00
      vertex 3.830222e-01 -3.213938e-01 1.200000e+00
    endloop
  endfacet
  facet normal -6.427876e-01 7.660444e-01 0.000000e+00
    outer loop
      vertex 2.500000e-01 -4.330127e-01 1.800000e+00
      vertex 3.830222e-01 -3.213938e-01 1.800000e+00
      vertex 3.830222e-01 -3.213938e-01 1.200000e+00
    endloop
  endfacet
  facet normal -8.660254e-01 5.000000e-01 0.000000e+00
    outer loop
      vertex 3.830222e-01 -3.213938e-01 1.200000e+00
      vertex 3.830222e-01 -3.213938e-01 1.800000e+00
      vertex 4.698463e-01 -1.710101e-01 1.200000e+00
    endloop
  endfacet
  facet normal -8.660254e-01 5.000000e-01 0.000000e+00
    outer loop
      vertex 3.830222e-01 -3.213938e-01 1.800000e+00
      vertex 4.698463e-01 -1.710101e-01 1.800000e+00
      vertex 4.698463e-01 -1.710101e-01 1.200000e+00
    endloop
  endfacet
  facet normal -9.848078e-01 1.736482e-01 0.000000e+00
    outer loop
      vertex 4.698463e-01 -1.710101e-01 1.200000e+00
      vertex 4.698463e-01 -1.710101e-01 1.800000e+00
      vertex 5.000000e-01 0.000000e+00 1.200000e+00
    endloop
  endfacet
  facet normal -9.848078e-01 1.736482e-01 0.000000e+00
    outer loop
      vertex 4.698463e-01 -1.710101e-01 1.800000e+00
      vertex 5.000000e-01 0.000000e+00 1.800000e+00
      vertex 5.000000e-01 0.000000e+00 1.200000e+00
    endloop
  endfacet
  facet normal -9.848078e-01 -1.736482e-01 0.000000e+00
    outer loop
      vertex 5.000000e-01 0.000000e+00 1.800000e+00
      vertex 5.000000e-01 0.000000e+00 2.400000e+00
      vertex 4.698463e-01 1.710101e-01 1.800000e+00
    endloop
  endfacet
  facet normal -9.848078e-01 -1.736482e-01 0.000000e+00
    outer loop
      vertex 5.000000e-01 0.000000e+00 2.400000e+00
      vertex 4.698463e-01 1.710101e-01 2.400000e+00
      vertex 4.698463e-01 1.710101e-01 1.800000e+00
    endloop
  endfacet
  facet normal -8.660254e-01 -5.000000e-01 0.000000e+00
    outer loop
      vertex 4.698463e-01 1.710101e-01 1.800000e+00
      vertex 4.698463e-01 1.710101e-01 2.400000e+00
      vertex 3.830222e-01 3.213938e-01 1.800000e+00
    endloop
  endfacet
  facet normal -8.660254e-01 -5.000000e-01 0.000000e+00
    outer loop
      vertex 4.698463e-01 1.710101e-01 2.400000e+00
      vertex 3.830222e-01 3.213938e-01 2.400000e+00
      vertex 3.830222e-01 3.213938e-01 1.800000e+00
    endloop
  endfacet
  facet normal -6.427876e-01 -7.660444e-01 0.000000e+00
    outer loop
      vertex 3.830222e-01 3.213938e-01 1.800000e+00
      vertex 3.830222e-01 3.213938e-01 2.400000e+00
      vertex 2.500000e-01 4.330127e-01 1.800000e+00
    endloop
  endfacet
  facet normal -6.427876e-01 -7.660444e-01 0.000000e+00
    outer loop
      vertex 3.830222e-01 3.213938e-01 2.400000e+00
      vertex 2.500000e-01 4.330127e-01 2.400000e+00
      vertex 2.500000e-01 4.330127e-01 1.800000e+00
    endloop
  endfacet
  facet normal -3.420201e-01 -9.396926e-01 0.000000e+00
    outer loop
      vertex 2.500000e-01 4.330127e-01 1.800000e+00
      vertex 2.500000e-01 4.330127e-01 2.400000e+00
      vertex 8.682409e-02 4.924039e-01 1.800000e+00
    endloop
  endfacet
  facet normal -3.420201e-01 -9.396926e-01 0.000000e+00
    outer loop
      vertex 2.500000e-01 4.330127e-01 2.400000e+00
      vertex 8.682409e-02 4.924039e-01 2.400000e+00
      vertex 8.682409e-02 4.924039e-01 1.800000e+00
    endloop
  endfacet
  facet normal -3.196760e-16 -1.000000e+00 0.000000e+00
    outer loop
      vertex 8.682409e-02 4.924039e-01 1.800000e+00
      vertex 8.682409e-02 4.924039e-01 2.400000e+00
      vertex -8.682409e-02 4.924039e-01 1.800000e+00
    endloop
  endfacet
  facet normal -3.196760e-16 -1.000000e+00 0.000000e+00
    outer loop
      vertex 8.682409e-02 4.924039e-01 2.400000e+00
      vertex -8.682409e-02 4.924039e-01 2.400000e+00
      vertex -8.682409e-02 4.924039e-01 1.800000e+00
    endloop
  endfacet
  facet normal 3.420201e-01 -9.396926e-01 0.000000e+00
    outer loop
      vertex -8.682409e-02 4.924039e-01 1.800000e+00
      vertex -8.682409e-02 4.924039e-01 2.400000e+00
      vertex -2.500000e-01 4.330127e-01 1.800000e+00
    endloop
  endfacet
  facet normal 3.420201e-01 -9.396926e-01 0.000000e+00
    outer loop
      vertex -8.682409e-02 4.924039e-01 2.400000e+00
      vertex -2.500000e-01 4.330127e-01 2.400000e+00
      vertex -2.500000e-01 4.330127e-01 1.800000e+00
    endloop
  endfacet
  facet normal 6.427876e-01 -7.660444e-01 0.000000e+00
    outer loop
      vertex -2.500000e-01 4.330127e-01 1.800000e+00
      vertex -2.500000e-01 4.330127e-01 2.400000e+00
      vertex -3.830222e-01 3.213938e-01 1.800000e+00
    endloop
  endfacet
  facet normal 6.427876e-01 -7.660444e-01 0.000000e+00
    outer loop
      vertex -2.500000e-01 4.330127e-01 2.400000e+00
      vertex -3.830222e-01 3.213938e-01 2.400000e+00
      vertex -3.830222e-01 3.213938e-01 1.800000e+00
    endloop
  endfacet
  facet normal 8.660254e-01 -5.000000e-01 0.000000e+00
    outer loop
      vertex -3.830222e-01 3.213938e-01 1.800000e+00
      vertex -3.830222e-01 3.213938e-01 2.400000e+00
      vertex -4.698463e-01 1.710101e-01 1.800000e+00
    endloop
  endfacet
  facet normal 8.660254e-01 -5.000000e-01 0.000000e+00
    outer loop
      vertex -3.830222e-01 3.213938e-01 2.400000e+00
      vertex -4.698463e-01 1.710101e-01 2.400000e+00
      vertex -4.698463e-01 1.710101e-01 1.800000e+00
    endloop
  endfacet
  facet normal 9.848078e-01 -1.736482e-01 0.000000e+00
    outer loop
      vertex -4.698463e-01 1.710101e-01 1.800000e+00
      vertex -4.698463e-01 1.710101e-01 2.400000e+00
      vertex -5.000000e-01 6.123234e-17 1.800000e+00
    endloop
  endfacet
  facet normal 9.848078e-01 -1.736482e-01 0.000000e+00
    outer loop
      vertex -4.698463e-01 1.710101e-01 2.400000e+00
      vertex -5.000000e-01 6.123234e-17 2.400000e+00
      vertex -5.000000e-01 6.123234e-17 1.800000e+00
    endloop
  endfacet
  facet normal 9.848078e-01 1.736482e-01 -0.000000e+00
    outer loop
      vertex -5.000000e-01 6.123234e-17 1.800000e+00
      vertex -5.000000e-01 6.123234e-17 2.400000e+00
      vertex -4.698463e-01 -1.710101e-01 1.800000e+00
    endloop
  endfacet
  facet normal 9.848078e-01 1.736482e-01 0.000000e+00
    outer loop
      vertex -5.000000e-01 6.123234e-17 2.400000e+00
      vertex -4.698463e-01 -1.710101e-01 2.400000e+00
      vertex -4.698463e-01 -1.710101e-01 1.800000e+00
    endloop
  endfacet
  facet normal 8.660254e-01 5.000000e-01 -0.000000e+00
    outer loop
      vertex -4.698463e-01 -1.710101e-01 1.800000e+00
      vertex -4.698463e-01 -1.710101e-01 2.400000e+00
      vertex -3.830222e-01 -3.213938e-01 1.800000e+00
    endloop
  endfacet
  facet normal 8.660254e-01 5.000000e-01 0.000000e+00
    outer loop
      vertex -4.698463e-01 -1.710101e-01 2.400000e+00
      vertex -3.830222e-01 -3.213938e-01 2.400000e+00
      vertex -3.830222e-01 -3.213938e-01 1.800000e+00
    endloop
  endfacet
  facet normal 6.427876e-01 7.660444e-01 -0.000000e+00
    outer loop
      vertex -3.830222e-01 -3.213938e-01 1.800000e+00
      vertex -3.830222e-01 -3.213938e-01 2.400000e+00
      vertex -2.500000e-01 -4.330127e-01 1.800000e+00
    endloop
  endfacet
  facet normal 6.427876e-01 7.660444e-01 0.000000e+00
    outer loop
      vertex -3.830222e-01 -3.213938e-01 2.400000e+00
      vertex -2.500000e-01 -4.330127e-01 2.400000e+00
      vertex -2.500000e-01 -4.330127e-01 1.800000e+00
    endloop
  endfacet
  facet normal 3.420201e-01 9.396926e-01 -0.000000e+00
    outer loop
      vertex -2.500000e-01 -4.330127e-01 1.800000e+00
      vertex -2.500000e-01 -4.330127e-01 2.400000e+00
      vertex -8.682409e-02 -4.924039e-01 1.800000e+00
    endloop
  endfacet
  facet normal 3.420201e-01 9.396926e-01 0.000000e+00
    outer loop
      vertex -2.500000e-01 -4.330127e-01 2.400000e+00
      vertex -8.682409e-02 -4.924039e-01 2.400000e+00
      vertex -8.682409e-02 -4.924039e-01 1.800000e+00
    endloop
  endfacet
  facet normal 3.196760e-16 1.000000e+00 -0.000000e+00
    outer loop
      vertex -8.682409e-02 -4.924039e-01 1.800000e+00
      vertex -8.682409e-02 -4.924039e-01 2.400000e+00
      vertex 8.682409e-02 -4.924039e-01 1.800000e+00
    endloop
  endfacet
  facet normal 3.196760e-16 1.000000e+00 0.000000e+00
    outer loop
      vertex -8.682409e-02 -4.924039e-01 2.400000e+00
      vertex 8.682409e-02 -4.924039e-01 2.400000e+00
      vertex 8.682409e-02 -4.924039e-01 1.800000e+00
    endloop
  endfacet
  facet normal -3.420201e-01 9.396926e-01 0.000000e+00
    outer loop
      vertex 8.682409e-02 -4.924039e-01 1.800000e+00
      vertex 8.682409e-02 -4.924039e-01 2.400000e+00
      vertex 2.500000e-01 -4.330127e-01 1.800000e+00
    endloop
  endfacet
  facet normal -3.420201e-01 9.396926e-01 0.000000e+00
    outer loop
      vertex 8.682409e-02 -4.924039e-01 2.400000e+00
      vertex 2.500000e-01 -4.330127e-01 2.400000e+00
      vertex 2.500000e-01 -4.330127e-01 1.800000e+00
    endloop
  endfacet
  facet normal -6.427876e-01 7.660444e-01 0.000000e+00
    outer loop
      vertex 2.500000e-01 -4.330127e-01 1.800000e+00
      vertex 2.500000e-01 -4.330127e-01 2.400000e+00
      vertex 3.830222e-01 -3.213938e-01 1.800000e+00
    endloop
  endfacet
  facet normal -6.427876e-01 7.660444e-01 0.000000e+00
    outer loop
      vertex 2.500000e-01 -4.330127e-01 2.400000e+00
      vertex 3.830222e-01 -3.213938e-01 2.400000e+00
      vertex 3.830222e-01 -3.213938e-01 1.800000e+00
    endloop
  endfacet
  facet normal -8.660254e-01 5.000000e-01 0.000000e+00
    outer loop
      vertex 3.830222e-01 -3.213938e-01 1.800000e+00
      vertex 3.830222e-01 -3.213938e-01 2.400000e+00
      vertex 4.698463e-01 -1.710101e-01 1.800000e+00
    endloop
  endfacet
  facet normal -8.660254e-01 5.000000e-01 0.000000e+00
    outer loop
      vertex 3.830222e-01 -3.213938e-01 2.400000e+00
      vertex 4.698463e-01 -1.710101e-01 2.400000e+00
      vertex 4.698463e-01 -1.710101e-01 1.800000e+00
    endloop
  endfacet
  facet normal -9.848078e-01 1.736482e-01 0.000000e+00
    outer loop
      vertex 4.698463e-01 -1.710101e-01 1.800000e+00
      vertex 4.698463e-01 -1.710101e-01 2.400000e+00
      vertex 5.000000e-01 0.000000e+00 1.800000e+00
    endloop
  endfacet
  facet normal -9.848078e-01 1.736482e-01 0.000000e+00
    outer loop
      vertex 4.698463e-01 -1.710101e-01 2.400000e+00
      vertex 5.000000e-01 0.000000e+00 2.400000e+00
      vertex 5.000000e-01 0.000000e+00 1.800000e+00
    endloop
  endfacet
  facet normal -9.848078e-01 -1.736482e-01 0.000000e+00
    outer loop
      vertex 5.000000e-01 0.000000e+00 2.400000e+00
      vertex 5.000000e-01 0.000000e+00 3.000000e+00
      vertex 4.698463e-01 1.710101e-01 2.400000e+00
    endloop
  endfacet
  facet normal -9.848078e-01 -1.736482e-01 0.000000e+00
    outer loop
      vertex 5.000000e-01 0.000000e+00 3.000000e+00
      vertex 4.698463e-01 1.710101e-01 3.000000e+00
      vertex 4.698463e-01 1.710101e-01 2.400000e+00
    endloop
  endfacet
  facet normal -8.660254e-01 -5.000000e-01 0.000000e+00
    outer loop
      vertex 4.698463e-01 1.710101e-01 2.400000e+00
      vertex 4.698463e-01 1.710101e-01 3.000000e+00
      vertex 3.830222e-01 3.213938e-01 2.400000e+00
    endloop
  endfacet
  facet normal -8.660254e-01 -5.000000e-01 0.000000e+00
    outer loop
      vertex 4.698463e-01 1.710101e-01 3.000000e+00
      vertex 3.830222e-01 3.213938e-01 3.000000e+00
      vertex 3.830222e-01 3.213938e-01 2.400000e+00
    endloop
  endfacet
  facet normal -6.427876e-01 -7.660444e-01 0.000000e+00
    outer loop
      vertex 3.830222e-01 3.213938e-01 2.400000e+00
      vertex 3.830222e-01 3.213938e-01 3.000000e+00
      vertex 2.500000e-01 4.330127e-01 2.400000e+00
    endloop
  endfacet
  facet normal -6.427876e-01 -7.660444e-01 0.000000e+00
    outer loop
      vertex 3.830222e-01 3.213938e-01 3.000000e+00
      vertex 2.500000e-01 4.330127e-01 3.000000e+00
      vertex 2.500000e-01 4.330127e-01 2.400000e+00
    endloop
  endfacet
  facet normal -3.420201e-01 -9.396926e-01 0.000000e+00
    outer loop
      vertex 2.500000e-01 4.330127e-01 2.400000e+00
      vertex 2.500000e-01 4.330127e-01 3.000000e+00
      vertex 8.682409e-02 4.924039e-01 2.400000e+00
    endloop
  endfacet
  facet normal -3.420201e-01 -9.396926e-01 0.000000e+00
    outer loop
      vertex 2.500000e-01 4.330127e-01 3.000000e+00
      vertex 8.682409e-02 4.924039e-01 3.000000e+00
      vertex 8.682409e-02 4.924039e-01 2.400000e+00
    endloop
  endfacet
  facet normal -3.196760e-16 -1.000000e+00 0.000000e+00
    outer loop
      vertex 8.682409e-02 4.924039e-01 2.400000e+00
      vertex 8.682409e-02 4.924039e-01 3.000000e+00
      vertex -8.682409e-02 4.924039e-01 2.400000e+00
    endloop
  endfacet
  facet normal -3.196760e-16 -1.000000e+00 0.000000e+00
    outer loop
      vertex 8.682409e-02 4.924039e-01 3.000000e+00
      vertex -8.682409e-02 4.924039e-01 3.000000e+00
      vertex -8.682409e-02 4.924039e-01 2.400000e+00
    endloop
  endfacet
  facet normal 3.420201e-01 -9.396926e-01 0.000000e+00
    outer loop
      vertex -8.682409e-02 4.924039e-01 2.400000e+00
      vertex -8.682409e-02 4.924039e-01 3.000000e+00
      vertex -2.500000e-01 4.330127e-01 2.400000e+00
    endloop
  endfacet
  facet normal 3.420201e-01 -9.396926e-01 0.000000e+00
    outer loop
      vertex -8.682409e-02 4.924039e-01 3.000000e+00
      vertex -2.500000e-01 4.330127e-01 3.000000e+00
      vertex -2.500000e-01 4.330127e-01 2.400000e+00
    endloop
  endfacet
  facet normal 6.427876e-01 -7.660444e-01 0.000000e+00
    outer loop
      vertex -2.500000e-01 4.330127e-01 2.400000e+00
      vertex -2.500000e-01 4.330127e-01 3.000000e+00
      vertex -3.830222e-01 3.213938e-01 2.400000e+00
    endloop
  endfacet
  facet normal 6.427876e-01 -7.660444e-01 0.000000e+00
    outer loop
      vertex -2.500000e-01 4.330127e-01 3.000000e+00
      vertex -3.830222e-01 3.213938e-01 3.000000e+00
      vertex -3.830222e-01 3.213938e-01 2.400000e+00
    endloop
  endfacet
  facet normal 8.660254e-01 -5.000000e-01 0.000000e+00
    outer loop
      vertex -3.830222e-01 3.213938e-01 2.400000e+00
      vertex -3.830222e-01 3.213938e-01 3.000000e+00
      vertex -4.698463e-01 1.710101e-01 2.400000e+00
    endloop
  endfacet
  facet normal 8.660254e-01 -5.000000e-01 0.000000e+00
    outer loop
      vertex -3.830222e-01 3.213938e-01 3.000000e+00
      vertex -4.698463e-01 1.710101e-01 3.000000e+00
      vertex -4.698463e-01 1.710101e-01 2.400000e+00
    endloop
  endfacet
  facet normal 9.848078e-01 -1.736482e-01 0.000000e+00
    outer loop
      vertex -4.698463e-01 1.710101e-01 2.400000e+00
      vertex -4.698463e-01 1.710101e-01 3.000000e+00
      vertex -5.000000e-01 6.123234e-17 2.400000e+00
    endloop
  endfacet
  facet normal 9.848078e-01 -1.736482e-01 0.000000e+00
    outer loop
      vertex -4.698463e-01 1.710101e-01 3.000000e+00
      vertex -5.000000e-01 6.123234e-17 3.000000e+00
      vertex -5.000000e-01 6.123234e-17 2.400000e+00
    endloop
  endfacet
  facet normal 9.848078e-01 1.736482e-01 -0.000000e+00
    outer loop
      vertex -5.000000e-01 6.123234e-17 2.400000e+00
      vertex -5.000000e-01 6.123234e-17 3.000000e+00
      vertex -4.698463e-01 -1.710101e-01 2.400000e+00
    endloop
  endfacet
  facet normal 9.848078e-01 1.736482e-01 0.000000e+00
    outer loop
      vertex -5.000000e-01 6.123234e-17 3.000000e+00
      vertex -4.698463e-01 -1.710101e-01 3.000000e+00
      vertex -4.698463e-01 -1.710101e-01 2.400000e+00
    endloop
  endfacet
  facet normal 8.660254e-01 5.000000e-01 -0.000000e+00
    outer loop
      vertex -4.698463e-01 -1.710101e-01 2.400000e+00
      vertex -4.698463e-01 -1.710101e-01 3.000000e+00
      vertex -3.830222e-01 -3.213938e-01 2.400000e+00
    endloop
  endfacet
  facet normal 8.660254e-01 5.000000e-01 0.000000e+00
    outer loop
      vertex -4.698463e-01 -1.710101e-01 3.000000e+00
      vertex -3.830222e-01 -3.213938e-01 3.000000e+00
      vertex -3.830222e-01 -3.213938e-01 2.400000e+00
    endloop
  endfacet
  facet normal 6.427876e-01 7.660444e-01 -0.000000e+00
    outer loop
      vertex -3.830222e-01 -3.213938e-01 2.400000e+00
      vertex -3.830222e-01 -3.213938e-01 3.000000e+00
      vertex -2.500000e-01 -4.330127e-01 2.400000e+00
    endloop
  endfacet
  facet normal 6.427876e-01 7.660444e-01 0.000000e+00
    outer loop
      vertex -3.830222e-01 -3.213938e-01 3.000000e+00
      vertex -2.500000e-01 -4.330127e-01 3.000000e+00
      vertex -2.500000e-01 -4.330127e-01 2.400000e+00
    endloop
  endfacet
  facet normal 3.420201e-01 9.396926e-01 -0.000000e+00
    outer loop
      vertex -2.500000e-01 -4.330127e-01 2.400000e+00
      vertex -2.500000e-01 -4.330127e-01 3.000000e+00
      vertex -8.682409e-02 -4.924039e-01 2.400000e+00
    endloop
  endfacet
  facet normal 3.420201e-01 9.396926e-01 0.000000e+00
    outer loop
      vertex -2.500000e-01 -4.330127e-01 3.000000e+00
      vertex -8.682409e-02 -4.924039e-01 3.000000e+00
      vertex -8.682409e-02 -4.924039e-01 2.400000e+00
    endloop
  endfacet
  facet normal 3.196760e-16 1.000000e+00 -0.000000e+00
    outer loop
      vertex -8.682409e-02 -4.924039e-01 2.400000e+00
      vertex -8.682409e-02 -4.924039e-01 3.000000e+00
      vertex 8.682409e-02 -4.924039e-01 2.400000e+00
    endloop
  endfacet
  facet normal 3.196760e-16 1.000000e+00 0.000000e+00
    outer loop
      vertex -8.682409e-02 -4.924039e-01 3.000000e+00
      vertex 8.682409e-02 -4.924039e-01 3.000000e+00
      vertex 8.682409e-02 -4.924039e-01 2.400000e+00
    endloop
  endfacet
  facet normal -3.420201e-01 9.396926e-01 0.000000e+00
    outer loop
      vertex 8.682409e-02 -4.924039e-01 2.400000e+00
      vertex 8.682409e-02 -4.924039e-01 3.000000e+00
      vertex 2.500000e-01 -4.330127e-01 2.400000e+00
    endloop
  endfacet
  facet normal -3.420201e-01 9.396926e-01 0.000000e+00
    outer loop
      vertex 8.682409e-02 -4.924039e-01 3.000000e+00
      vertex 2.500000e-01 -4.330127e-01 3.000000e+00
      vertex 2.500000e-01 -4.330127e-01 2.400000e+00
    endloop
  endfacet
  facet normal -6.427876e-01 7.660444e-01 0.000000e+00
    outer loop
      vertex 2.500000e-01 -4.330127e-01 2.400000e+00
      vertex 2.500000e-01 -4.330127e-01 3.000000e+00
      vertex 3.830222e-01 -3.213938e-01 2.400000e+00
    endloop
  endfacet
  facet normal -6.427876e-01 7.660444e-01 0.000000e+00
    outer loop
      vertex 2.500000e-01 -4.330127e-01 3.000000e+00
      vertex 3.830222e-01 -3.213938e-01 3.000000e+00
      vertex 3.830222e-01 -3.213938e-01 2.400000e+00
    endloop
  endfacet
  facet normal -8.660254e-01 5.000000e-01 0.000000e+00
    outer loop
      vertex 3.830222e-01 -3.213938e-01 2.400000e+00
      vertex 3.830222e-01 -3.213938e-01 3.000000e+00
      vertex 4.698463e-01 -1.710101e-01 2.400000e+00
    endloop
  endfacet
  facet normal -8.660254e-01 5.000000e-01 0.000000e+00
    outer loop
      vertex 3.830222e-01 -3.213938e-01 3.000000e+00
      vertex 4.698463e-01 -1.710101e-01 3.000000e+00
      vertex 4.698463e-01 -1.710101e-01 2.400000e+00
    endloop
  endfacet
  facet normal -9.848078e-01 1.736482e-01 0.000000e+00
    outer loop
      vertex 4.698463e-01 -1.710101e-01 2.400000e+00
      vertex 4.698463e-01 -1.710101e-01 3.000000e+00
      vertex 5.000000e-01 0.000000e+00 2.400000e+00
    endloop
  endfacet
  facet normal -9.848078e-01 1.736482e-01 0.000000e+00
    outer loop
      vertex 4.698463e-01 -1.710101e-01 3.000000e+00
      vertex 5.000000e-01 0.000000e+00 3.000000e+00
      vertex 5.000000e-01 0.000000e+00 2.400000e+00
    endloop
  endfacet
  facet normal 9.848078e-01 1.736482e-01 0.000000e+00
    outer loop
      vertex 3.758770e-01 1.368081e-01 0.000000e+00
      vertex 4.000000e-01 0.000000e+00 6.000000e-01
      vertex 4.000000e-01 0.000000e+00 0.000000e+00
    endloop
  endfacet
  facet normal 9.848078e-01 1.736482e-01 -0.000000e+00
    outer loop
      vertex 3.758770e-01 1.368081e-01 0.000000e+00
      vertex 3.758770e-01 1.368081e-01 6.000000e-01
      vertex 4.000000e-01 0.000000e+00 6.000000e-01
    endloop
  endfacet
  facet normal 8.660254e-01 5.000000e-01 0.000000e+00
    outer loop
      vertex 3.064178e-01 2.571150e-01 0.000000e+00
      vertex 3.758770e-01 1.368081e-01 6.000000e-01
      vertex 3.758770e-01 1.368081e-01 0.000000e+00
    endloop
  endfacet
  facet normal 8.660254e-01 5.000000e-01 -0.000000e+00
    outer loop
      vertex 3.064178e-01 2.571150e-01 0.000000e+00
      vertex 3.064178e-01 2.571150e-01 6.000000e-01
      vertex 3.758770e-01 1.368081e-01 6.000000e-01
    endloop
  endfacet
  facet normal 6.427876e-01 7.660444e-01 0.000000e+00
    outer loop
      vertex 2.000000e-01 3.464102e-01 0.000000e+00
      vertex 3.064178e-01 2.571150e-01 6.000000e-01
      vertex 3.064178e-01 2.571150e-01 0.000000e+00
    endloop
  endfacet
  facet normal 6.427876e-01 7.660444e-01 -0.000000e+00
    outer loop
      vertex 2.000000e-01 3.464102e-01 0.000000e+00
      vertex 2.000000e-01 3.464102e-01 6.000000e-01
      vertex 3.064178e-01 2.571150e-01 6.000000e-01
    endloop
  endfacet
  facet normal 3.420201e-01 9.396926e-01 0.000000e+00
    outer loop
      vertex 6.945927e-02 3.939231e-01 0.000000e+00
      vertex 2.000000e-01 3.464102e-01 6.000000e-01
      vertex 2.000000e-01 3.464102e-01 0.000000e+00
    endloop
  endfacet
  facet normal 3.420201e-01 9.396926e-01 -0.000000e+00
    outer loop
      vertex 6.945927e-02 3.939231e-01 0.000000e+00
      vertex 6.945927e-02 3.939231e-01 6.000000e-01
      vertex 2.000000e-01 3.464102e-01 6.000000e-01
    endloop
  endfacet
  facet normal 3.995950e-16 1.000000e+00 0.000000e+00
    outer loop
      vertex -6.945927e-02 3.939231e-01 0.000000e+00
      vertex 6.945927e-02 3.939231e-01 6.000000e-01
      vertex 6.945927e-02 3.939231e-01 0.000000e+00
    endloop
  endfacet
  facet normal 3.995950e-16 1.000000e+00 -0.000000e+00
    outer loop
      vertex -6.945927e-02 3.939231e-01 0.000000e+00
      vertex -6.945927e-02 3.939231e-01 6.000000e-01
      vertex 6.945927e-02 3.939231e-01 6.000000e-01
    endloop
  endfacet
  facet normal -3.420201e-01 9.396926e-01 0.000000e+00
    outer loop
      vertex -2.000000e-01 3.464102e-01 0.000000e+00
      vertex -6.945927e-02 3.939231e-01 6.000000e-01
      vertex -6.945927e-02 3.939231e-01 0.000000e+00
    endloop
  endfacet
  facet normal -3.420201e-01 9.396926e-01 0.000000e+00
    outer loop
      vertex -2.000000e-01 3.464102e-01 0.000000e+00
      vertex -2.000000e-01 3.464102e-01 6.000000e-01
      vertex -6.945927e-02 3.939231e-01 6.000000e-01
    endloop
  endfacet
  facet normal -6.427876e-01 7.660444e-01 0.000000e+00
    outer loop
      vertex -3.064178e-01 2.571150e-01 0.000000e+00
      vertex -2.000000e-01 3.464102e-01 6.000000e-01
      vertex -2.000000e-01 3.464102e-01 0.000000e+00
    endloop
  endfacet
  facet normal -6.427876e-01 7.660444e-01 0.000000e+00
    outer loop
      vertex -3.064178e-01 2.571150e-01 0.000000e+00
      vertex -3.064178e-01 2.571150e-01 6.000000e-01
      vertex -2.000000e-01 3.464102e-01 6.000000e-01
    endloop
  endfacet
  facet normal -8.660254e-01 5.000000e-01 0.000000e+00
    outer loop
      vertex -3.758770e-01 1.368081e-01 0.000000e+00
      vertex -3.064178e-01 2.571150e-01 6.000000e-01
      vertex -3.064178e-01 2.571150e-01 0.000000e+00
    endloop
  endfacet
  facet normal -8.660254e-01 5.000000e-01 0.000000e+00
    outer loop
      vertex -3.758770e-01 1.368081e-01 0.000000e+00
      vertex -3.758770e-01 1.368081e-01 6.000000e-01
      vertex -3.064178e-01 2.571150e-01 6.000000e-01
    endloop
  endfacet
  facet normal -9.848078e-01 1.736482e-01 0.000000e+00
    outer loop
      vertex -4.000000e-01 4.898587e-17 0.000000e+00
      vertex -3.758770e-01 1.368081e-01 6.000000e-01
      vertex -3.758770e-01 1.368081e-01 0.000000e+00
    endloop
  endfacet
  facet normal -9.848078e-01 1.736482e-01 0.000000e+00
    outer loop
      vertex -4.000000e-01 4.898587e-17 0.000000e+00
      vertex -4.000000e-01 4.898587e-17 6.000000e-01
      vertex -3.758770e-01 1.368081e-01 6.000000e-01
    endloop
  endfacet
  facet normal -9.848078e-01 -1.736482e-01 0.000000e+00
    outer loop
      vertex -3.758770e-01 -1.368081e-01 0.000000e+00
      vertex -4.000000e-01 4.898587e-17 6.000000e-01
      vertex -4.000000e-01 4.898587e-17 0.000000e+00
    endloop
  endfacet
  facet normal -9.848078e-01 -1.736482e-01 0.000000e+00
    outer loop
      vertex -3.758770e-01 -1.368081e-01 0.000000e+00
      vertex -3.758770e-01 -1.368081e-01 6.000000e-01
      vertex -4.000000e-01 4.898587e-17 6.000000e-01
    endloop
  endfacet
  facet normal -8.660254e-01 -5.000000e-01 0.000000e+00
    outer loop
      vertex -3.064178e-01 -2.571150e-01 0.000000e+00
      vertex -3.758770e-01 -1.368081e-01 6.000000e-01
      vertex -3.758770e-01 -1.368081e-01 0.000000e+00
    endloop
  endfacet
  facet normal -8.660254e-01 -5.000000e-01 0.000000e+00
    outer loop
      vertex -3.064178e-01 -2.571150e-01 0.000000e+00
      vertex -3.064178e-01 -2.571150e-01 6.000000e-01
      vertex -3.758770e-01 -1.368081e-01 6.000000e-01
    endloop
  endfacet
  facet normal -6.427876e-01 -7.660444e-01 0.000000e+00
    outer loop
      vertex -2.000000e-01 -3.464102e-01 0.000000e+00
      vertex -3.064178e-01 -2.571150e-01 6.000000e-01
      vertex -3.064178e-01 -2.571150e-01 0.000000e+00
    endloop
  endfacet
  facet normal -6.427876e-01 -7.660444e-01 0.000000e+00
    outer loop
      vertex -2.000000e-01 -3.464102e-01 0.000000e+00
      vertex -2.000000e-01 -3.464102e-01 6.000000e-01
      vertex -3.064178e-01 -2.571150e-01 6.000000e-01
    endloop
  endfacet
  facet normal -3.420201e-01 -9.396926e-01 0.000000e+00
    outer loop
      vertex -6.945927e-02 -3.939231e-01 0.000000e+00
      vertex -2.000000e-01 -3.464102e-01 6.000000e-01
      vertex -2.000000e-01 -3.464102e-01 0.000000e+00
    endloop
  endfacet
  facet normal -3.420201e-01 -9.396926e-01 0.000000e+00
    outer loop
      vertex -6.945927e-02 -3.939231e-01 0.000000e+00
      vertex -6.945927e-02 -3.939231e-01 6.000000e-01
      vertex -2.000000e-01 -3.464102e-01 6.000000e-01
    endloop
  endfacet
  facet normal -3.995950e-16 -1.000000e+00 0.000000e+00
    outer loop
      vertex 6.945927e-02 -3.939231e-01 0.000000e+00
      vertex -6.945927e-02 -3.939231e-01 6.000000e-01
      vertex -6.945927e-02 -3.939231e-01 0.000000e+00
    endloop
  endfacet
  facet normal -3.995950e-16 -1.000000e+00 0.000000e+00
    outer loop
      vertex 6.945927e-02 -3.939231e-01 0.000000e+00
      vertex 6.945927e-02 -3.939231e-01 6.000000e-01
      vertex -6.945927e-02 -3.939231e-01 6.000000e-01
    endloop
  endfacet
  facet normal 3.420201e-01 -9.396926e-01 0.000000e+00
    outer loop
      vertex 2.000000e-01 -3.464102e-01 0.000000e+00
      vertex 6.945927e-02 -3.939231e-01 6.000000e-01
      vertex 6.945927e-02 -3.939231e-01 0.000000e+00
    endloop
  endfacet
  facet normal 3.420201e-01 -9.396926e-01 0.000000e+00
    outer loop
      vertex 2.000000e-01 -3.464102e-01 0.000000e+00
      vertex 2.000000e-01 -3.464102e-01 6.000000e-01
      vertex 6.945927e-02 -3.939231e-01 6.000000e-01
    endloop
  endfacet
  facet normal 6.427876e-01 -7.660444e-01 0.000000e+00
    outer loop
      vertex 3.064178e-01 -2.571150e-01 0.000000e+00
      vertex 2.000000e-01 -3.464102e-01 6.000000e-01
      vertex 2.000000e-01 -3.464102e-01 0.000000e+00
    endloop
  endfacet
  facet normal 6.427876e-01 -7.660444e-01 0.000000e+00
    outer loop
      vertex 3.064178e-01 -2.571150e-01 0.000000e+00
      vertex 3.064178e-01 -2.571150e-01 6.000000e-01
      vertex 2.000000e-01 -3.464102e-01 6.000000e-01
    endloop
  endfacet
  facet normal 8.660254e-01 -5.000000e-01 0.000000e+00
    outer loop
      vertex 3.758770e-01 -1.368081e-01 0.000000e+00
      vertex 3.064178e-01 -2.571150e-01 6.000000e-01
      vertex 3.064178e-01 -2.571150e-01 0.000000e+00
    endloop
  endfacet
  facet normal 8.660254e-01 -5.000000e-01 0.000000e+00
    outer loop
      vertex 3.758770e-01 -1.368081e-01 0.000000e+00
      vertex 3.758770e-01 -1.368081e-01 6.000000e-01
      vertex 3.064178e-01 -2.571150e-01 6.000000e-01
    endloop
  endfacet
  facet normal 9.848078e-01 -1.736482e-01 0.000000e+00
    outer loop
      vertex 4.000000e-01 0.000000e+00 0.000000e+00
      vertex 3.758770e-01 -1.368081e-01 6.000000e-01
      vertex 3.758770e-01 -1.368081e-01 0.000000e+00
    endloop
  endfacet
  facet normal 9.848078e-01 -1.736482e-01 0.000000e+00
    outer loop
      vertex 4.000000e-01 0.000000e+00 0.000000e+00
      vertex 4.000000e-01 0.000000e+00 6.000000e-01
      vertex 3.758770e-01 -1.368081e-01 6.000000e-01
    endloop
  endfacet
  facet normal 9.848078e-01 1.736482e-01 0.000000e+00
    outer loop
      vertex 3.758770e-01 1.368081e-01 6.000000e-01
      vertex 4.000000e-01 0.000000e+00 1.200000e+00
      vertex 4.000000e-01 0.000000e+00 6.000000e-01
    endloop
  endfacet
  facet normal 9.848078e-01 1.736482e-01 -0.000000e+00
    outer loop
      vertex 3.758770e-01 1.368081e-01 6.000000e-01
      vertex 3.758770e-01 1.368081e-01 1.200000e+00
      vertex 4.000000e-01 0.000000e+00 1.200000e+00
    endloop
  endfacet
  facet normal 8.660254e-01 5.000000e-01 0.000000e+00
    outer loop
      vertex 3.064178e-01 2.571150e-01 6.000000e-01
      vertex 3.758770e-01 1.368081e-01 1.200000e+00
      vertex 3.758770e-01 1.368081e-01 6.000000e-01
    endloop
  endfacet
  facet normal 8.660254e-01 5.000000e-01 -0.000000e+00
    outer loop
      vertex 3.064178e-01 2.571150e-01 6.000000e-01
      vertex 3.064178e-01 2.571150e-01 1.200000e+00
      vertex 3.758770e-01 1.368081e-01 1.200000e+00
    endloop
  endfacet
  facet normal 6.427876e-01 7.660444e-01 0.000000e+00
    outer loop
      vertex 2.000000e-01 3.464102e-01 6.000000e-01
      vertex 3.064178e-01 2.571150e-01 1.200000e+00
      vertex 3.064178e-01 2.571150e-01 6.000000e-01
    endloop
  endfacet
  facet normal 6.427876e-01 7.660444e-01 -0.000000e+00
    outer loop
      vertex 2.000000e-01 3.464102e-01 6.000000e-01
      vertex 2.000000e-01 3.464102e-01 1.200000e+00
      vertex 3.064178e-01 2.571150e-01 1.200000e+00
    endloop
  endfacet
  facet normal 3.420201e-01 9.396926e-01 0.000000e+00
    outer loop
      vertex 6.945927e-02 3.939231e-01 6.000000e-01
      vertex 2.000000e-01 3.464102e-01 1.200000e+00
      vertex 2.000000e-01 3.464102e-01 6.000000e-01
    endloop
  endfacet
  facet normal 3.420201e-01 9.396926e-01 -0.000000e+00
    outer loop
      vertex 6.945927e-02 3.939231e-01 6.000000e-01
      vertex 6.945927e-02 3.939231e-01 1.200000e+00
      vertex 2.000000e-01 3.464102e-01 1.200000e+00
    endloop
  endfacet
  facet normal 3.995950e-16 1.000000e+00 0.000000e+00
    outer loop
      vertex -6.945927e-02 3.939231e-01 6.000000e-01
      vertex 6.945927e-02 3.939231e-01 1.200000e+00
      vertex 6.945927e-02 3.939231e-01 6.000000e-01
    endloop
  endfacet
  facet normal 3.995950e-16 1.000000e+00 -0.000000e+00
    outer loop
      vertex -6.945927e-02 3.939231e-01 6.000000e-01
      vertex -6.945927e-02 3.939231e-01 1.200000e+00
      vertex 6.945927e-02 3.939231e-01 1.200000e+00
    endloop
  endfacet
  facet normal -3.420201e-01 9.396926e-01 0.000000e+00
    outer loop
      vertex -2.000000e-01 3.464102e-01 6.000000e-01
      vertex -6.945927e-02 3.939231e-01 1.200000e+00
      vertex -6.945927e-02 3.939231e-01 6.000000e-01
    endloop
  endfacet
  facet normal -3.420201e-01 9.396926e-01 0.000000e+00
    outer loop
      vertex -2.000000e-01 3.464102e-01 6.000000e-01
      vertex -2.000000e-01 3.464102e-01 1.200000e+00
      vertex -6.945927e-02 3.939231e-01 1.200000e+00
    endloop
  endfacet
  facet normal -6.427876e-01 7.660444e-01 0.000000e+00
    outer loop
      vertex -3.064178e-01 2.571150e-01 6.000000e-01
      vertex -2.000000e-01 3.464102e-01 1.200000e+00
      vertex -2.000000e-01 3.464102e-01 6.000000e-01
    endloop
  endfacet
  facet normal -6.427876e-01 7.660444e-01 0.000000e+00
    outer loop
      vertex -3.064178e-01 2.571150e-01 6.000000e-01
      vertex -3.064178e-01 2.571150e-01 1.200000e+00
      vertex -2.000000e-01 3.464102e-01 1.200000e+00
    endloop
  endfacet
  facet normal -8.660254e-01 5.000000e-01 0.000000e+00
    outer loop
      vertex -3.758770e-01 1.368081e-01 6.000000e-01
      vertex -3.064178e-01 2.571150e-01 1.200000e+00
      vertex -3.064178e-01 2.571150e-01 6.000000e-01
    endloop
  endfacet
  facet normal -8.660254e-01 5.000000e-01 0.000000e+00
    outer loop
      vertex -3.758770e-01 1.368081e-01 6.000000e-01
      vertex -3.758770e-01 1.368081e-01 1.200000e+00
      vertex -3.064178e-01 2.571150e-01 1.200000e+00
    endloop
  endfacet
  facet normal -9.848078e-01 1.736482e-01 0.000000e+00
    outer loop
      vertex -4.000000e-01 4.898587e-17 6.000000e-01
      vertex -3.758770e-01 1.368081e-01 1.200000e+00
      vertex -3.758770e-01 1.368081e-01 6.000000e-01
    endloop
  endfacet
  facet normal -9.848078e-01 1.736482e-01 0.000000e+00
    outer loop
      vertex -4.000000e-01 4.898587e-17 6.000000e-01
      vertex -4.000000e-01 4.898587e-17 1.200000e+00
      vertex -3.758770e-01 1.368081e-01 1.200000e+00
    endloop
  endfacet
  facet normal -9.848078e-01 -1.736482e-01 0.000000e+00
    outer loop
      vertex -3.758770e-01 -1.368081e-01 6.000000e-01
      vertex -4.000000e-01 4.898587e-17 1.200000e+00
      vertex -4.000000e-01 4.898587e-17 6.000000e-01
    endloop
  endfacet
  facet normal -9.848078e-01 -1.736482e-01 0.000000e+00
    outer loop
      vertex -3.758770e-01 -1.368081e-01 6.000000e-01
      vertex -3.758770e-01 -1.368081e-01 1.200000e+00
      vertex -4.000000e-01 4.898587e-17 1.200000e+00
    endloop
  endfacet
  facet normal -8.660254e-01 -5.000000e-01 0.000000e+00
    outer loop
      vertex -3.064178e-01 -2.571150e-01 6.000000e-01
      vertex -3.758770e-01 -1.368081e-01 1.200000e+00
      vertex -3.758770e-01 -1.368081e-01 6.000000e-01
    endloop
  endfacet
  facet normal -8.660254e-01 -5.000000e-01 0.000000e+00
    outer loop
      vertex -3.064178e-01 -2.571150e-01 6.000000e-01
      vertex -3.064178e-01 -2.571150e-01 1.200000e+00
      vertex -3.758770e-01 -1.368081e-01 1.200000e+00
    endloop
  endfacet
  facet normal -6.427876e-01 -7.660444e-01 0.000000e+00
    outer loop
      vertex -2.000000e-01 -3.464102e-01 6.000000e-01
      vertex -3.064178e-01 -2.571150e-01 1.200000e+00
      vertex -3.064178e-01 -2.571150e-01 6.000000e-01
    endloop
  endfacet
  facet normal -6.427876e-01 -7.660444e-01 0.000000e+00
    outer loop
      vertex -2.000000e-01 -3.464102e-01 6.000000e-01
      vertex -2.000000e-01 -3.464102e-01 1.200000e+00
      vertex -3.064178e-01 -2.571150e-01 1.200000e+00
    endloop
  endfacet
  facet normal -3.420201e-01 -9.396926e-01 0.000000e+00
    outer loop
      vertex -6.945927e-02 -3.939231e-01 6.000000e-01
      vertex -2.000000e-01 -3.464102e-01 1.200000e+00
      vertex -2.000000e-01 -3.464102e-01 6.000000e-01
    endloop
  endfacet
  facet normal -3.420201e-01 -9.396926e-01 0.000000e+00
    outer loop
      vertex -6.945927e-02 -3.939231e-01 6.000000e-01
      vertex -6.945927e-02 -3.939231e-01 1.200000e+00
      vertex -2.000000e-01 -3.464102e-01 1.200000e+00
    endloop
  endfacet
  facet normal -3.995950e-16 -1.000000e+00 0.000000e+00
    outer loop
      vertex 6.945927e-02 -3.939231e-01 6.000000e-01
      vertex -6.945927e-02 -3.939231e-01 1.200000e+00
      vertex -6.945927e-02 -3.939231e-01 6.000000e-01
    endloop
  endfacet
  facet normal -3.995950e-16 -1.000000e+00 0.000000e+00
    outer loop
      vertex 6.945927e-02 -3.939231e-01 6.000000e-01
      vertex 6.945927e-02 -3.939231e-01 1.200000e+00
      vertex -6.945927e-02 -3.939231e-01 1.200000e+00
    endloop
  endfacet
  facet normal 3.420201e-01 -9.396926e-01 0.000000e+00
    outer loop
      vertex 2.000000e-01 -3.464102e-01 6.000000e-01
      vertex 6.945927e-02 -3.939231e-01 1.200000e+00
      vertex 6.945927e-02 -3.939231e-01 6.000000e-01
    endloop
  endfacet
  facet normal 3.420201e-01 -9.396926e-01 0.000000e+00
    outer loop
      vertex 2.000000e-01 -3.464102e-01 6.000000e-01
      vertex 2.000000e-01 -3.464102e-01 1.200000e+00
      vertex 6.945927e-02 -3.939231e-01 1.200000e+00
    endloop
  endfacet
  facet normal 6.427876e-01 -7.660444e-01 0.000000e+00
    outer loop
      vertex 3.064178e-01 -2.571150e-01 6.000000e-01
      vertex 2.000000e-01 -3.464102e-01 1.200000e+00
      vertex 2.000000e-01 -3.464102e-01 6.000000e-01
    endloop
  endfacet
  facet normal 6.427876e-01 -7.660444e-01 0.000000e+00
    outer loop
      vertex 3.064178e-01 -2.571150e-01 6.000000e-01
      vertex 3.064178e-01 -2.571150e-01 1.200000e+00
      vertex 2.000000e-01 -3.464102e-01 1.200000e+00
    endloop
  endfacet
  facet normal 8.660254e-01 -5.000000e-01 0.000000e+00
    outer loop
      vertex 3.758770e-01 -1.368081e-01 6.000000e-01
      vertex 3.064178e-01 -2.571150e-01 1.200000e+00
      vertex 3.064178e-01 -2.571150e-01 6.000000e-01
    endloop
  endfacet
  facet normal 8.660254e-01 -5.000000e-01 0.000000e+00
    outer loop
      vertex 3.758770e-01 -1.368081e-01 6.000000e-01
      vertex 3.758770e-01 -1.368081e-01 1.200000e+00
      vertex 3.064178e-01 -2.571150e-01 1.200000e+00
    endloop
  endfacet
  facet normal 9.848078e-01 -1.736482e-01 0.000000e+00
    outer loop
      vertex 4.000000e-01 0.000000e+00 6.000000e-01
      vertex 3.758770e-01 -1.368081e-01 1.200000e+00
      vertex 3.758770e-01 -1.368081e-01 6.000000e-01
    endloop
  endfacet
  facet normal 9.848078e-01 -1.736482e-01 0.000000e+00
    outer loop
      vertex 4.000000e-01 0.000000e+00 6.000000e-01
      vertex 4.000000e-01 0.000000e+00 1.200000e+00
      vertex 3.758770e-01 -1.368081e-01 1.200000e+00
    endloop
  endfacet
  facet normal 9.848078e-01 1.736482e-01 0.000000e+00
    outer loop
      vertex 3.758770e-01 1.368081e-01 1.200000e+00
      vertex 4.000000e-01 0.000000e+00 1.800000e+00
      vertex 4.000000e-01 0.000000e+00 1.200000e+00
    endloop
  endfacet
  facet normal 9.848078e-01 1.736482e-01 -0.000000e+00
    outer loop
      vertex 3.758770e-01 1.368081e-01 1.200000e+00
      vertex 3.758770e-01 1.368081e-01 1.800000e+00
      vertex 4.000000e-01 0.000000e+00 1.800000e+00
    endloop
  endfacet
  facet normal 8.660254e-01 5.000000e-01 0.000000e+00
    outer loop
      vertex 3.064178e-01 2.571150e-01 1.200000e+00
      vertex 3.758770e-01 1.368081e-01 1.800000e+00
      vertex 3.758770e-01 1.368081e-01 1.200000e+00
    endloop
  endfacet
  facet normal 8.660254e-01 5.000000e-01 -0.000000e+00
    outer loop
      vertex 3.064178e-01 2.571150e-01 1.200000e+00
      vertex 3.064178e-01 2.571150e-01 1.800000e+00
      vertex 3.758770e-01 1.368081e-01 1.800000e+00
    endloop
  endfacet
  facet normal 6.427876e-01 7.660444e-01 0.000000e+00
    outer loop
      vertex 2.000000e-01 3.464102e-01 1.200000e+00
      vertex 3.064178e-01 2.571150e-01 1.800000e+00
      vertex 3.064178e-01 2.571150e-01 1.200000e+00
    endloop
  endfacet
  facet normal 6.427876e-01 7.660444e-01 -0.000000e+00
    outer loop
      vertex 2.000000e-01 3.464102e-01 1.200000e+00
      vertex 2.000000e-01 3.464102e-01 1.800000e+00
      vertex 3.064178e-01 2.571150e-01 1.800000e+00
    endloop
  endfacet
  facet normal 3.420201e-01 9.396926e-01 0.000000e+00
    outer loop
      vertex 6.945927e-02 3.939231e-01 1.200000e+00
      vertex 2.000000e-01 3.464102e-01 1.800000e+00
      vertex 2.000000e-01 3.464102e-01 1.200000e+00
    endloop
  endfacet
  facet normal 3.420201e-01 9.396926e-01 -0.000000e+00
    outer loop
      vertex 6.945927e-02 3.939231e-01 1.200000e+00
      vertex 6.945927e-02 3.939231e-01 1.800000e+00
      vertex 2.000000e-01 3.464102e-01 1.800000e+00
    endloop
  endfacet
  facet normal 3.995950e-16 1.000000e+00 0.000000e+00
    outer loop
      vertex -6.945927e-02 3.939231e-01 1.200000e+00
      vertex 6.945927e-02 3.939231e-01 1.800000e+00
      vertex 6.945927e-02 3.939231e-01 1.200000e+00
    endloop
  endfacet
  facet normal 3.995950e-16 1.000000e+00 -0.000000e+00
    outer loop
      vertex -6.945927e-02 3.939231e-01 1.200000e+00
      vertex -6.945927e-02 3.939231e-01 1.800000e+00
      vertex 6.945927e-02 3.939231e-01 1.800000e+00
    endloop
  endfacet
  facet normal -3.420201e-01 9.396926e-01 0.000000e+00
    outer loop
      vertex -2.000000e-01 3.464102e-01 1.200000e+00
      vertex -6.945927e-02 3.939231e-01 1.800000e+00
      vertex -6.945927e-02 3.939231e-01 1.200000e+00
    endloop
  endfacet
  facet normal -3.420201e-01 9.396926e-01 0.000000e+00
    outer loop
      vertex -2.000000e-01 3.464102e-01 1.200000e+00
      vertex -2.000000e-01 3.464102e-01 1.800000e+00
      vertex -6.945927e-02 3.939231e-01 1.800000e+00
    endloop
  endfacet
  facet normal -6.427876e-01 7.660444e-01 0.000000e+00
    outer loop
      vertex -3.064178e-01 2.571150e-01 1.200000e+00
      vertex -2.000000e-01 3.464102e-01 1.800000e+00
      vertex -2.000000e-01 3.464102e-01 1.200000e+00
    endloop
  endfacet
  facet normal -6.427876e-01 7.660444e-01 0.000000e+00
    outer loop
      vertex -3.064178e-01 2.571150e-01 1.200000e+00
      vertex -3.064178e-01 2.571150e-01 1.800000e+00
      vertex -2.000000e-01 3.464102e-01 1.800000e+00
    endloop
  endfacet
  facet normal -8.660254e-01 5.000000e-01 0.000000e+00
    outer loop
      vertex -3.758770e-01 1.368081e-01 1.200000e+00
      vertex -3.064178e-01 2.571150e-01 1.800000e+00
      vertex -3.064178e-01 2.571150e-01 1.200000e+00
    endloop
  endfacet
  facet normal -8.660254e-01 5.000000e-01 0.000000e+00
    outer loop
      vertex -3.758770e-01 1.368081e-01 1.200000e+00
      vertex -3.758770e-01 1.368081e-01 1.800000e+00
      vertex -3.064178e-01 2.571150e-01 1.800000e+00
    endloop
  endfacet
  facet normal -9.848078e-01 1.736482e-01 0.000000e+00
    outer loop
      vertex -4.000000e-01 4.898587e-17 1.200000e+00
      vertex -3.758770e-01 1.368081e-01 1.800000e+00
      vertex -3.758770e-01 1.368081e-01 1.200000e+00
    endloop
  endfacet
  facet normal -9.848078e-01 1.736482e-01 0.000000e+00
    outer loop
      vertex -4.000000e-01 4.898587e-17 1.200000e+00
      vertex -4.000000e-01 4.898587e-17 1.800000e+00
      vertex -3.758770e-01 1.368081e-01 1.800000e+00
    endloop
  endfacet
  facet normal -9.848078e-01 -1.736482e-01 0.000000e+00
    outer loop
      vertex -3.758770e-01 -1.368081e-01 1.200000e+00
      vertex -4.000000e-01 4.898587e-17 1.800000e+00
      vertex -4.000000e-01 4.898587e-17 1.200000e+00
    endloop
  endfacet
  facet normal -9.848078e-01 -1.736482e-01 0.000000e+00
    outer loop
      vertex -3.758770e-01 -1.368081e-01 1.200000e+00
      vertex -3.758770e-01 -1.368081e-01 1.800000e+00
      vertex -4.000000e-01 4.898587e-17 1.800000e+00
    endloop
  endfacet
  facet normal -8.660254e-01 -5.000000e-01 0.000000e+00
    outer loop
      vertex -3.064178e-01 -2.571150e-01 1.200000e+00
      vertex -3.758770e-01 -1.368081e-01 1.800000e+00
      vertex -3.758770e-01 -1.368081e-01 1.200000e+00
    endloop
  endfacet
  facet normal -8.660254e-01 -5.000000e-01 0.000000e+00
    outer loop
      vertex -3.064178e-01 -2.571150e-01 1.200000e+00
      vertex -3.064178e-01 -2.571150e-01 1.800000e+00
      vertex -3.758770e-01 -1.368081e-01 1.800000e+00
    endloop
  endfacet
  facet normal -6.427876e-01 -7.660444e-01 0.000000e+00
    outer loop
      vertex -2.000000e-01 -3.464102e-01 1.200000e+00
      vertex -3.064178e-01 -2.571150e-01 1.800000e+00
      vertex -3.064178e-01 -2.571150e-01 1.200000e+00
    endloop
  endfacet
  facet normal -6.427876e-01 -7.660444e-01 0.000000e+00
    outer loop
      vertex -2.000000e-01 -3.464102e-01 1.200000e+00
      vertex -2.000000e-01 -3.464102e-01 1.800000e+00
      vertex -3.064178e-01 -2.571150e-01 1.800000e+00
    endloop
  endfacet
  facet normal -3.420201e-01 -9.396926e-01 0.000000e+00
    outer loop
      vertex -6.945927e-02 -3.939231e-01 1.200000e+00
      vertex -2.000000e-01 -3.464102e-01 1.800000e+00
      vertex -2.000000e-01 -3.464102e-01 1.200000e+00
    endloop
  endfacet
  facet normal -3.420201e-01 -9.396926e-01 0.000000e+00
    outer loop
      vertex -6.945927e-02 -3.939231e-01 1.200000e+00
      vertex -6.945927e-02 -3.939231e-01 1.800000e+00
      vertex -2.000000e-01 -3.464102e-01 1.800000e+00
    endloop
  endfacet
  facet normal -3.995950e-16 -1.000000e+00 0.000000e+00
    outer loop
      vertex 6.945927e-02 -3.939231e-01 1.200000e+00
      vertex -6.945927e-02 -3.939231e-01 1.800000e+00
      vertex -6.945927e-02 -3.939231e-01 1.200000e+00
    endloop
  endfacet
  facet normal -3.995950e-16 -1.000000e+00 0.000000e+00
    outer loop
      vertex 6.945927e-02 -3.939231e-01 1.200000e+00
      vertex 6.945927e-02 -3.939231e-01 1.800000e+00
      vertex -6.945927e-02 -3.939231e-01 1.800000e+00
    endloop
  endfacet
  facet normal 3.420201e-01 -9.396926e-01 0.000000e+00
    outer loop
      vertex 2.000000e-01 -3.464102e-01 1.200000e+00
      vertex 6.945927e-02 -3.939231e-01 1.800000e+00
      vertex 6.945927e-02 -3.939231e-01 1.200000e+00
    endloop
  endfacet
  facet normal 3.420201e-01 -9.396926e-01 0.000000e+00
    outer loop
      vertex 2.000000e-01 -3.464102e-01 1.200000e+00
      vertex 2.000000e-01 -3.464102e-01 1.800000e+00
      vertex 6.945927e-02 -3.939231e-01 1.800000e+00
    endloop
  endfacet
  facet normal 6.427876e-01 -7.660444e-01 0.000000e+00
    outer loop
      vertex 3.064178e-01 -2.571150e-01 1.200000e+00
      vertex 2.000000e-01 -3.464102e-01 1.800000e+00
      vertex 2.000000e-01 -3.464102e-01 1.200000e+00
    endloop
  endfacet
  facet normal 6.427876e-01 -7.660444e-01 0.000000e+00
    outer loop
      vertex 3.064178e-01 -2.571150e-01 1.200000e+00
      vertex 3.064178e-01 -2.571150e-01 1.800000e+00
      vertex 2.000000e-01 -3.464102e-01 1.800000e+00
    endloop
  endfacet
  facet normal 8.660254e-01 -5.000000e-01 0.000000e+00
    outer loop
      vertex 3.758770e-01 -1.368081e-01 1.200000e+00
      vertex 3.064178e-01 -2.571150e-01 1.800000e+00
      vertex 3.064178e-01 -2.571150e-01 1.200000e+00
    endloop
  endfacet
  facet normal 8.660254e-01 -5.000000e-01 0.000000e+00
    outer loop
      vertex 3.758770e-01 -1.368081e-01 1.200000e+00
      vertex 3.758770e-01 -1.368081e-01 1.800000e+00
      vertex 3.064178e-01 -2.571150e-01 1.800000e+00
    endloop
  endfacet
  facet normal 9.848078e-01 -1.736482e-01 0.000000e+00
    outer loop
      vertex 4.000000e-01 0.000000e+00 1.200000e+00
      vertex 3.758770e-01 -1.368081e-01 1.800000e+00
      vertex 3.758770e-01 -1.368081e-01 1.200000e+00
    endloop
  endfacet
  facet normal 9.848078e-01 -1.736482e-01 0.000000e+00
    outer loop
      vertex 4.000000e-01 0.000000e+00 1.200000e+00
      vertex 4.000000e-01 0.000000e+00 1.800000e+00
      vertex 3.758770e-01 -1.368081e-01 1.800000e+00
    endloop
  endfacet
  facet normal 9.848078e-01 1.736482e-01 0.000000e+00
    outer loop
      vertex 3.758770e-01 1.368081e-01 1.800000e+00
      vertex 4.000000e-01 0.000000e+00 2.400000e+00
      vertex 4.000000e-01 0.000000e+00 1.800000e+00
    endloop
  endfacet
  facet normal 9.848078e-01 1.736482e-01 -0.000000e+00
    outer loop
      vertex 3.758770e-01 1.368081e-01 1.800000e+00
      vertex 3.758770e-01 1.368081e-01 2.400000e+00
      vertex 4.000000e-01 0.000000e+00 2.400000e+00
    endloop
  endfacet
  facet normal 8.660254e-01 5.000000e-01 0.000000e+00
    outer loop
      vertex 3.064178e-01 2.571150e-01 1.800000e+00
      vertex 3.758770e-01 1.368081e-01 2.400000e+00
      vertex 3.758770e-01 1.368081e-01 1.800000e+00
    endloop
  endfacet
  facet normal 8.660254e-01 5.000000e-01 -0.000000e+00
    outer loop
      vertex 3.064178e-01 2.571150e-01 1.800000e+00
      vertex 3.064178e-01 2.571150e-01 2.400000e+00
      vertex 3.758770e-01 1.368081e-01 2.400000e+00
    endloop
  endfacet
  facet normal 6.427876e-01 7.660444e-01 0.000000e+00
    outer loop
      vertex 2.000000e-01 3.464102e-01 1.800000e+00
      vertex 3.064178e-01 2.571150e-01 2.400000e+00
      vertex 3.064178e-01 2.571150e-01 1.800000e+00
    endloop
  endfacet
  facet normal 6.427876e-01 7.660444e-01 -0.000000e+00
    outer loop
      vertex 2.000000e-01 3.464102e-01 1.800000e+00
      vertex 2.000000e-01 3.464102e-01 2.400000e+00
      vertex 3.064178e-01 2.571150e-01 2.400000e+00
    endloop
  endfacet
  facet normal 3.420201e-01 9.396926e-01 0.000000e+00
    outer loop
      vertex 6.945927e-02 3.939231e-01 1.800000e+00
      vertex 2.000000e-01 3.464102e-01 2.400000e+00
      vertex 2.000000e-01 3.464102e-01 1.800000e+00
    endloop
  endfacet
  facet normal 3.420201e-01 9.396926e-01 -0.000000e+00
    outer loop
      vertex 6.945927e-02 3.939231e-01 1.800000e+00
      vertex 6.945927e-02 3.939231e-01 2.400000e+00
      vertex 2.000000e-01 3.464102e-01 2.400000e+00
    endloop
  endfacet
  facet normal 3.995950e-16 1.000000e+00 0.000000e+00
    outer loop
      vertex -6.945927e-02 3.939231e-01 1.800000e+00
      vertex 6.945927e-02 3.939231e-01 2.400000e+00
      vertex 6.945927e-02 3.939231e-01 1.800000e+00
    endloop
  endfacet
  facet normal 3.995950e-16 1.000000e+00 -0.000000e+00
    outer loop
      vertex -6.945927e-02 3.939231e-01 1.800000e+00
      vertex -6.945927e-02 3.939231e-01 2.400000e+00
      vertex 6.945927e-02 3.939231e-01 2.400000e+00
    endloop
  endfacet
  facet normal -3.420201e-01 9.396926e-01 0.000000e+00
    outer loop
      vertex -2.000000e-01 3.464102e-01 1.800000e+00
      vertex -6.945927e-02 3.939231e-01 2.400000e+00
      vertex -6.945927e-02 3.939231e-01 1.800000e+00
    endloop
  endfacet
  facet normal -3.420201e-01 9.396926e-01 0.000000e+00
    outer loop
      vertex -2.000000e-01 3.464102e-01 1.800000e+00
      vertex -2.000000e-01 3.464102e-01 2.400000e+00
      vertex -6.945927e-02 3.939231e-01 2.400000e+00
    endloop
  endfacet
  facet normal -6.427876e-01 7.660444e-01 0.000000e+00
    outer loop
      vertex -3.064178e-01 2.571150e-01 1.800000e+00
      vertex -2.000000e-01 3.464102e-01 2.400000e+00
      vertex -2.000000e-01 3.464102e-01 1.800000e+00
    endloop
  endfacet
  facet normal -6.427876e-01 7.660444e-01 0.000000e+00
    outer loop
      vertex -3.064178e-01 2.571150e-01 1.800000e+00
      vertex -3.064178e-01 2.571150e-01 2.400000e+00
      vertex -2.000000e-01 3.464102e-01 2.400000e+00
    endloop
  endfacet
  facet normal -8.660254e-01 5.000000e-01 0.000000e+00
    outer loop
      vertex -3.758770e-01 1.368081e-01 1.800000e+00
      vertex -3.064178e-01 2.571150e-01 2.400000e+00
      vertex -3.064178e-01 2.571150e-01 1.800000e+00
    endloop
  endfacet
  facet normal -8.660254e-01 5.000000e-01 0.000000e+00
    outer loop
      vertex -3.758770e-01 1.368081e-01 1.800000e+00
      vertex -3.758770e-01 1.368081e-01 2.400000e+00
      vertex -3.064178e-01 2.571150e-01 2.400000e+00
    endloop
  endfacet
  facet normal -9.848078e-01 1.736482e-01 0.000000e+00
    outer loop
      vertex -4.000000e-01 4.898587e-17 1.800000e+00
      vertex -3.758770e-01 1.368081e-01 2.400000e+00
      vertex -3.758770e-01 1.368081e-01 1.800000e+00
    endloop
  endfacet
  facet normal -9.848078e-01 1.736482e-01 0.000000e+00
    outer loop
      vertex -4.000000e-01 4.898587e-17 1.800000e+00
      vertex -4.000000e-01 4.898587e-17 2.400000e+00
      vertex -3.758770e-01 1.368081e-01 2.400000e+00
    endloop
  endfacet
  facet normal -9.848078e-01 -1.736482e-01 0.000000e+00
    outer loop
      vertex -3.758770e-01 -1.368081e-01 1.800000e+00
      vertex -4.000000e-01 4.898587e-17 2.400000e+00
      vertex -4.000000e-01 4.898587e-17 1.800000e+00
    endloop
  endfacet
  facet normal -9.848078e-01 -1.736482e-01 0.000000e+00
    outer loop
      vertex -3.758770e-01 -1.368081e-01 1.800000e+00
      vertex -3.758770e-01 -1.368081e-01 2.400000e+00
      vertex -4.000000e-01 4.898587e-17 2.400000e+00
    endloop
  endfacet
  facet normal -8.660254e-01 -5.000000e-01 0.000000e+00
    outer loop
      vertex -3.064178e-01 -2.571150e-01 1.800000e+00
      vertex -3.758770e-01 -1.368081e-01 2.400000e+00
      vertex -3.758770e-01 -1.368081e-01 1.800000e+00
    endloop
  endfacet
  facet normal -8.660254e-01 -5.000000e-01 0.000000e+00
    outer loop
      vertex -3.064178e-01 -2.571150e-01 1.800000e+00
      vertex -3.064178e-01 -2.571150e-01 2.400000e+00
      vertex -3.758770e-01 -1.368081e-01 2.400000e+00
    endloop
  endfacet
  facet normal -6.427876e-01 -7.660444e-01 0.000000e+00
    outer loop
      vertex -2.000000e-01 -3.464102e-01 1.800000e+00
      vertex -3.064178e-01 -2.571150e-01 2.400000e+00
      vertex -3.064178e-01 -2.571150e-01 1.800000e+00
    endloop
  endfacet
  facet normal -6.427876e-01 -7.660444e-01 0.000000e+00
    outer loop
      vertex -2.000000e-01 -3.464102e-01 1.800000e+00
      vertex -2.000000e-01 -3.464102e-01 2.400000e+00
      vertex -3.064178e-01 -2.571150e-01 2.400000e+00
    endloop
  endfacet
  facet normal -3.420201e-01 -9.396926e-01 0.000000e+00
    outer loop
      vertex -6.945927e-02 -3.939231e-01 1.800000e+00
      vertex -2.000000e-01 -3.464102e-01 2.400000e+00
      vertex -2.000000e-01 -3.464102e-01 1.800000e+00
    endloop
  endfacet
  facet normal -3.420201e-01 -9.396926e-01 0.000000e+00
    outer loop
      vertex -6.945927e-02 -3.939231e-01 1.800000e+00
      vertex -6.945927e-02 -3.939231e-01 2.400000e+00
      vertex -2.000000e-01 -3.464102e-01 2.400000e+00
    endloop
  endfacet
  facet normal -3.995950e-16 -1.000000e+00 0.000000e+00
    outer loop
      vertex 6.945927e-02 -3.939231e-01 1.800000e+00
      vertex -6.945927e-02 -3.939231e-01 2.400000e+00
      vertex -6.945927e-02 -3.939231e-01 1.800000e+00
    endloop
  endfacet
  facet normal -3.995950e-16 -1.000000e+00 0.000000e+00
    outer loop
      vertex 6.945927e-02 -3.939231e-01 1.800000e+00
      vertex 6.945927e-02 -3.939231e-01 2.400000e+00
      vertex -6.945927e-02 -3.939231e-01 2.400000e+00
    endloop
  endfacet
  facet normal 3.420201e-01 -9.396926e-01 0.000000e+00
    outer loop
      vertex 2.000000e-01 -3.464102e-01 1.800000e+00
      vertex 6.945927e-02 -3.939231e-01 2.400000e+00
      vertex 6.945927e-02 -3.939231e-01 1.800000e+00
    endloop
  endfacet
  facet normal 3.420201e-01 -9.396926e-01 0.000000e+00
    outer loop
      vertex 2.000000e-01 -3.464102e-01 1.800000e+00
      vertex 2.000000e-01 -3.464102e-01 2.400000e+00
      vertex 6.945927e-02 -3.939231e-01 2.400000e+00
    endloop
  endfacet
  facet normal 6.427876e-01 -7.660444e-01 0.000000e+00
    outer loop
      vertex 3.064178e-01 -2.571150e-01 1.800000e+00
      vertex 2.000000e-01 -3.464102e-01 2.400000e+00
      vertex 2.000000e-01 -3.464102e-01 1.800000e+00
    endloop
  endfacet
  facet normal 6.427876e-01 -7.660444e-01 0.000000e+00
    outer loop
      vertex 3.064178e-01 -2.571150e-01 1.800000e+00
      vertex 3.064178e-01 -2.571150e-01 2.400000e+00
      vertex 2.000000e-01 -3.464102e-01 2.400000e+00
    endloop
  endfacet
  facet normal 8.660254e-01 -5.000000e-01 0.000000e+00
    outer loop
      vertex 3.758770e-01 -1.368081e-01 1.800000e+00
      vertex 3.064178e-01 -2.571150e-01 2.400000e+00
      vertex 3.064178e-01 -2.571150e-01 1.800000e+00
    endloop
  endfacet
  facet normal 8.660254e-01 -5.000000e-01 0.000000e+00
    outer loop
      vertex 3.758770e-01 -1.368081e-01 1.800000e+00
      vertex 3.758770e-01 -1.368081e-01 2.400000e+00
      vertex 3.064178e-01 -2.571150e-01 2.400000e+00
    endloop
  endfacet
  facet normal 9.848078e-01 -1.736482e-01 0.000000e+00
    outer loop
      vertex 4.000000e-01 0.000000e+00 1.800000e+00
      vertex 3.758770e-01 -1.368081e-01 2.400000e+00
      vertex 3.758770e-01 -1.368081e-01 1.800000e+00
    endloop
  endfacet
  facet normal 9.848078e-01 -1.736482e-01 0.000000e+00
    outer loop
      vertex 4.000000e-01 0.000000e+00 1.800000e+00
      vertex 4.000000e-01 0.000000e+00 2.400000e+00
      vertex 3.758770e-01 -1.368081e-01 2.400000e+00
    endloop
  endfacet
  facet normal 9.848078e-01 1.736482e-01 0.000000e+00
    outer loop
      vertex 3.758770e-01 1.368081e-01 2.400000e+00
      vertex 4.000000e-01 0.000000e+00 3.000000e+00
      vertex 4.000000e-01 0.000000e+00 2.400000e+00
    endloop
  endfacet
  facet normal 9.848078e-01 1.736482e-01 -0.000000e+00
    outer loop
      vertex 3.758770e-01 1.368081e-01 2.400000e+00
      vertex 3.758770e-01 1.368081e-01 3.000000e+00
      vertex 4.000000e-01 0.000000e+00 3.000000e+00
    endloop
  endfacet
  facet normal 8.660254e-01 5.000000e-01 0.000000e+00
    outer loop
      vertex 3.064178e-01 2.571150e-01 2.400000e+00
      vertex 3.758770e-01 1.368081e-01 3.000000e+00
      vertex 3.758770e-01 1.368081e-01 2.400000e+00
    endloop
  endfacet
  facet normal 8.660254e-01 5.000000e-01 -0.000000e+00
    outer loop
      vertex 3.064178e-01 2.571150e-01 2.400000e+00
      vertex 3.064178e-01 2.571150e-01 3.000000e+00
      vertex 3.758770e-01 1.368081e-01 3.000000e+00
    endloop
  endfacet
  facet normal 6.427876e-01 7.660444e-01 0.000000e+00
    outer loop
      vertex 2.000000e-01 3.464102e-01 2.400000e+00
      vertex 3.064178e-01 2.571150e-01 3.000000e+00
      vertex 3.064178e-01 2.571150e-01 2.400000e+00
    endloop
  endfacet
  facet normal 6.427876e-01 7.660444e-01 -0.000000e+00
    outer loop
      vertex 2.000000e-01 3.464102e-01 2.400000e+00
      vertex 2.000000e-01 3.464102e-01 3.000000e+00
      vertex 3.064178e-01 2.571150e-01 3.000000e+00
    endloop
  endfacet
  facet normal 3.420201e-01 9.396926e-01 0.000000e+00
    outer loop
      vertex 6.945927e-02 3.939231e-01 2.400000e+00
      vertex 2.000000e-01 3.464102e-01 3.000000e+00
      vertex 2.000000e-01 3.464102e-01 2.400000e+00
    endloop
  endfacet
  facet normal 3.420201e-01 9.396926e-01 -0.000000e+00
    outer loop
      vertex 6.945927e-02 3.939231e-01 2.400000e+00
      vertex 6.945927e-02 3.939231e-01 3.000000e+00
      vertex 2.000000e-01 3.464102e-01 3.000000e+00
    endloop
  endfacet
  facet normal 3.995950e-16 1.000000e+00 0.000000e+00
    outer loop
      vertex -6.945927e-02 3.939231e-01 2.400000e+00
      vertex 6.945927e-02 3.939231e-01 3.000000e+00
      vertex 6.945927e-02 3.939231e-01 2.400000e+00
    endloop
  endfacet
  facet normal 3.995950e-16 1.000000e+00 -0.000000e+00
    outer loop
      vertex -6.945927e-02 3.939231e-01 2.400000e+00
      vertex -6.945927e-02 3.939231e-01 3.000000e+00
      vertex 6.945927e-02 3.939231e-01 3.000000e+00
    endloop
  endfacet
  facet normal -3.420201e-01 9.396926e-01 0.000000e+00
    outer loop
      vertex -2.000000e-01 3.464102e-01 2.400000e+00
      vertex -6.945927e-02 3.939231e-01 3.000000e+00
      vertex -6.945927e-02 3.939231e-01 2.400000e+00
    endloop
  endfacet
  facet normal -3.420201e-01 9.396926e-01 0.000000e+00
    outer loop
      vertex -2.000000e-01 3.464102e-01 2.400000e+00
      vertex -2.000000e-01 3.464102e-01 3.000000e+00
      vertex -6.945927e-02 3.939231e-01 3.000000e+00
    endloop
  endfacet
  facet normal -6.427876e-01 7.660444e-01 0.000000e+00
    outer loop
      vertex -3.064178e-01 2.571150e-01 2.400000e+00
      vertex -2.000000e-01 3.464102e-01 3.000000e+00
      vertex -2.000000e-01 3.464102e-01 2.400000e+00
    endloop
  endfacet
  facet normal -6.427876e-01 7.660444e-01 0.000000e+00
    outer loop
      vertex -3.064178e-01 2.571150e-01 2.400000e+00
      vertex -3.064178e-01 2.571150e-01 3.000000e+00
      vertex -2.000000e-01 3.464102e-01 3.000000e+00
    endloop
  endfacet
  facet normal -8.660254e-01 5.000000e-01 0.000000e+00
    outer loop
      vertex -3.758770e-01 1.368081e-01 2.400000e+00
      vertex -3.064178e-01 2.571150e-01 3.000000e+00
      vertex -3.064178e-01 2.571150e-01 2.400000e+00
    endloop
  endfacet
  facet normal -8.660254e-01 5.000000e-01 0.000000e+00
    outer loop
      vertex -3.758770e-01 1.368081e-01 2.400000e+00
      vertex -3.758770e-01 1.368081e-01 3.000000e+00
      vertex -3.064178e-01 2.571150e-01 3.000000e+00
    endloop
  endfacet
  facet normal -9.848078e-01 1.736482e-01 0.000000e+00
    outer loop
      vertex -4.000000e-01 4.898587e-17 2.400000e+00
      vertex -3.758770e-01 1.368081e-01 3.000000e+00
      vertex -3.758770e-01 1.368081e-01 2.400000e+00
    endloop
  endfacet
  facet normal -9.848078e-01 1.736482e-01 0.000000e+00
    outer loop
      vertex -4.000000e-01 4.898587e-17 2.400000e+00
      vertex -4.000000e-01 4.898587e-17 3.000000e+00
      vertex -3.758770e-01 1.368081e-01 3.000000e+00
    endloop
  endfacet
  facet normal -9.848078e-01 -1.736482e-01 0.000000e+00
    outer loop
      vertex -3.758770e-01 -1.368081e-01 2.400000e+00
      vertex -4.000000e-01 4.898587e-17 3.000000e+00
      vertex -4.000000e-01 4.898587e-17 2.400000e+00
    endloop
  endfacet
  facet normal -9.848078e-01 -1.736482e-01 0.000000e+00
    outer loop
      vertex -3.758770e-01 -1.368081e-01 2.400000e+00
      vertex -3.758770e-01 -1.368081e-01 3.000000e+00
      vertex -4.000000e-01 4.898587e-17 3.000000e+00
    endloop
  endfacet
  facet normal -8.660254e-01 -5.000000e-01 0.000000e+00
    outer loop
      vertex -3.064178e-01 -2.571150e-01 2.400000e+00
      vertex -3.758770e-01 -1.368081e-01 3.000000e+00
      vertex -3.758770e-01 -1.368081e-01 2.400000e+00
    endloop
  endfacet
  facet normal -8.660254e-01 -5.000000e-01 0.000000e+00
    outer loop
      vertex -3.064178e-01 -2.571150e-01 2.400000e+00
      vertex -3.064178e-01 -2.571150e-01 3.000000e+00
      vertex -3.758770e-01 -1.368081e-01 3.000000e+00
    endloop
  endfacet
  facet normal -6.427876e-01 -7.660444e-01 0.000000e+00
    outer loop
      vertex -2.000000e-01 -3.464102e-01 2.400000e+00
      vertex -3.064178e-01 -2.571150e-01 3.000000e+00
      vertex -3.064178e-01 -2.571150e-01 2.400000e+00
    endloop
  endfacet
  facet normal -6.427876e-01 -7.660444e-01 0.000000e+00
    outer loop
      vertex -2.000000e-01 -3.464102e-01 2.400000e+00
      vertex -2.000000e-01 -3.464102e-01 3.000000e+00
      vertex -3.064178e-01 -2.571150e-01 3.000000e+00
    endloop
  endfacet
  facet normal -3.420201e-01 -9.396926e-01 0.000000e+00
    outer loop
      vertex -6.945927e-02 -3.939231e-01 2.400000e+00
      vertex -2.000000e-01 -3.464102e-01 3.000000e+00
      vertex -2.000000e-01 -3.464102e-01 2.400000e+00
    endloop
  endfacet
  facet normal -3.420201e-01 -9.396926e-01 0.000000e+00
    outer loop
      vertex -6.945927e-02 -3.939231e-01 2.400000e+00
      vertex -6.945927e-02 -3.939231e-01 3.000000e+00
      vertex -2.000000e-01 -3.464102e-01 3.000000e+00
    endloop
  endfacet
  facet normal -3.995950e-16 -1.000000e+00 0.000000e+00
    outer loop
      vertex 6.945927e-02 -3.939231e-01 2.400000e+00
      vertex -6.945927e-02 -3.939231e-01 3.000000e+00
      vertex -6.945927e-02 -3.939231e-01 2.400000e+00
    endloop
  endfacet
  facet normal -3.995950e-16 -1.000000e+00 0.000000e+00
    outer loop
      vertex 6.945927e-02 -3.939231e-01 2.400000e+00
      vertex 6.945927e-02 -3.939231e-01 3.000000e+00
      vertex -6.945927e-02 -3.939231e-01 3.000000e+00
    endloop
  endfacet
  facet normal 3.420201e-01 -9.396926e-01 0.000000e+00
    outer loop
      vertex 2.000000e-01 -3.464102e-01 2.400000e+00
      vertex 6.945927e-02 -3.939231e-01 3.000000e+00
      vertex 6.945927e-02 -3.939231e-01 2.400000e+00
    endloop
  endfacet
  facet normal 3.420201e-01 -9.396926e-01 0.000000e+00
    outer loop
      vertex 2.000000e-01 -3.464102e-01 2.400000e+00
      vertex 2.000000e-01 -3.464102e-01 3.000000e+00
      vertex 6.945927e-02 -3.939231e-01 3.000000e+00
    endloop
  endfacet
  facet normal 6.427876e-01 -7.660444e-01 0.000000e+00
    outer loop
      vertex 3.064178e-01 -2.571150e-01 2.400000e+00
      vertex 2.000000e-01 -3.464102e-01 3.000000e+00
      vertex 2.000000e-01 -3.464102e-01 2.400000e+00
    endloop
  endfacet
  facet normal 6.427876e-01 -7.660444e-01 0.000000e+00
    outer loop
      vertex 3.064178e-01 -2.571150e-01 2.400000e+00
      vertex 3.064178e-01 -2.571150e-01 3.000000e+00
      vertex 2.000000e-01 -3.464102e-01 3.000000e+00
    endloop
  endfacet
  facet normal 8.660254e-01 -5.000000e-01 0.000000e+00
    outer loop
      vertex 3.758770e-01 -1.368081e-01 2.400000e+00
      vertex 3.064178e-01 -2.571150e-01 3.000000e+00
      vertex 3.064178e-01 -2.571150e-01 2.400000e+00
    endloop
  endfacet
  facet normal 8.660254e-01 -5.000000e-01 0.000000e+00
    outer loop
      vertex 3.758770e-01 -1.368081e-01 2.400000e+00
      vertex 3.758770e-01 -1.368081e-01 3.000000e+00
      vertex 3.064178e-01 -2.571150e-01 3.000000e+00
    endloop
  endfacet
  facet normal 9.848078e-01 -1.736482e-01 0.000000e+00
    outer loop
      vertex 4.000000e-01 0.000000e+00 2.400000e+00
      vertex 3.758770e-01 -1.368081e-01 3.000000e+00
      vertex 3.758770e-01 -1.368081e-01 2.400000e+00
    endloop
  endfacet
  facet normal 9.848078e-01 -1.736482e-01 0.000000e+00
    outer loop
      vertex 4.000000e-01 0.000000e+00 2.400000e+00
      vertex 4.000000e-01 0.000000e+00 3.000000e+00
      vertex 3.758770e-01 -1.368081e-01 3.000000e+00
    endloop
  endfacet
  facet normal 0.000000e+00 0.000000e+00 -1.000000e+00
    outer loop
      vertex 5.000000e-01 0.000000e+00 0.000000e+00
      vertex 4.000000e-01 0.000000e+00 0.000000e+00
      vertex 3.758770e-01 1.368081e-01 0.000000e+00
    endloop
  endfacet
  facet normal 0.000000e+00 0.000000e+00 -1.000000e+00
    outer loop
      vertex 5.000000e-01 0.000000e+00 0.000000e+00
      vertex 3.758770e-01 1.368081e-01 0.000000e+00
      vertex 4.698463e-01 1.710101e-01 0.000000e+00
    endloop
  endfacet
  facet normal 0.000000e+00 0.000000e+00 1.000000e+00
    outer loop
      vertex 5.000000e-01 0.000000e+00 -2.500000e-01
      vertex 3.758770e-01 1.368081e-01 -2.500000e-01
      vertex 4.000000e-01 0.000000e+00 -2.500000e-01
    endloop
  endfacet
  facet normal 0.000000e+00 0.000000e+00 1.000000e+00
    outer loop
      vertex 5.000000e-01 0.000000e+00 -2.500000e-01
      vertex 4.698463e-01 1.710101e-01 -2.500000e-01
      vertex 3.758770e-01 1.368081e-01 -2.500000e-01
    endloop
  endfacet
  facet normal 9.848078e-01 1.736482e-01 0.000000e+00
    outer loop
      vertex 5.000000e-01 0.000000e+00 0.000000e+00
      vertex 5.000000e-01 0.000000e+00 -2.500000e-01
      vertex 4.698463e-01 1.710101e-01 -2.500000e-01
    endloop
  endfacet
  facet normal 9.848078e-01 1.736482e-01 0.000000e+00
    outer loop
      vertex 5.000000e-01 0.000000e+00 0.000000e+00
      vertex 4.698463e-01 1.710101e-01 -2.500000e-01
      vertex 4.698463e-01 1.710101e-01 0.000000e+00
    endloop
  endfacet
  facet normal -9.848078e-01 -1.736482e-01 -0.000000e+00
    outer loop
      vertex 4.000000e-01 0.000000e+00 0.000000e+00
      vertex 3.758770e-01 1.368081e-01 -2.500000e-01
      vertex 4.000000e-01 0.000000e+00 -2.500000e-01
    endloop
  endfacet
  facet normal -9.848078e-01 -1.736482e-01 0.000000e+00
    outer loop
      vertex 4.000000e-01 0.000000e+00 0.000000e+00
      vertex 3.758770e-01 1.368081e-01 0.000000e+00
      vertex 3.758770e-01 1.368081e-01 -2.500000e-01
    endloop
  endfacet
  facet normal -0.000000e+00 0.000000e+00 -1.000000e+00
    outer loop
      vertex 4.698463e-01 1.710101e-01 0.000000e+00
      vertex 3.758770e-01 1.368081e-01 0.000000e+00
      vertex 3.064178e-01 2.571150e-01 0.000000e+00
    endloop
  endfacet
  facet normal 0.000000e+00 0.000000e+00 -1.000000e+00
    outer loop
      vertex 4.698463e-01 1.710101e-01 0.000000e+00
      vertex 3.064178e-01 2.571150e-01 0.000000e+00
      vertex 3.830222e-01 3.213938e-01 0.000000e+00
    endloop
  endfacet
  facet normal 0.000000e+00 0.000000e+00 1.000000e+00
    outer loop
      vertex 4.698463e-01 1.710101e-01 -2.500000e-01
      vertex 3.064178e-01 2.571150e-01 -2.500000e-01
      vertex 3.758770e-01 1.368081e-01 -2.500000e-01
    endloop
  endfacet
  facet normal 0.000000e+00 0.000000e+00 1.000000e+00
    outer loop
      vertex 4.698463e-01 1.710101e-01 -2.500000e-01
      vertex 3.830222e-01 3.213938e-01 -2.500000e-01
      vertex 3.064178e-01 2.571150e-01 -2.500000e-01
    endloop
  endfacet
  facet normal 8.660254e-01 5.000000e-01 0.000000e+00
    outer loop
      vertex 4.698463e-01 1.710101e-01 0.000000e+00
      vertex 4.698463e-01 1.710101e-01 -2.500000e-01
      vertex 3.830222e-01 3.213938e-01 -2.500000e-01
    endloop
  endfacet
  facet normal 8.660254e-01 5.000000e-01 0.000000e+00
    outer loop
      vertex 4.698463e-01 1.710101e-01 0.000000e+00
      vertex 3.830222e-01 3.213938e-01 -2.500000e-01
      vertex 3.830222e-01 3.213938e-01 0.000000e+00
    endloop
  endfacet
  facet normal -8.660254e-01 -5.000000e-01 -0.000000e+00
    outer loop
      vertex 3.758770e-01 1.368081e-01 0.000000e+00
      vertex 3.064178e-01 2.571150e-01 -2.500000e-01
      vertex 3.758770e-01 1.368081e-01 -2.500000e-01
    endloop
  endfacet
  facet normal -8.660254e-01 -5.000000e-01 0.000000e+00
    outer loop
      vertex 3.758770e-01 1.368081e-01 0.000000e+00
      vertex 3.064178e-01 2.571150e-01 0.000000e+00
      vertex 3.064178e-01 2.571150e-01 -2.500000e-01
    endloop
  endfacet
  facet normal -0.000000e+00 0.000000e+00 -1.000000e+00
    outer loop
      vertex 3.830222e-01 3.213938e-01 0.000000e+00
      vertex 3.064178e-01 2.571150e-01 0.000000e+00
      vertex 2.000000e-01 3.464102e-01 0.000000e+00
    endloop
  endfacet
  facet normal 0.000000e+00 0.000000e+00 -1.000000e+00
    outer loop
      vertex 3.830222e-01 3.213938e-01 0.000000e+00
      vertex 2.000000e-01 3.464102e-01 0.000000e+00
      vertex 2.500000e-01 4.330127e-01 0.000000e+00
    endloop
  endfacet
  facet normal 0.000000e+00 0.000000e+00 1.000000e+00
    outer loop
      vertex 3.830222e-01 3.213938e-01 -2.500000e-01
      vertex 2.000000e-01 3.464102e-01 -2.500000e-01
      vertex 3.064178e-01 2.571150e-01 -2.500000e-01
    endloop
  endfacet
  facet normal 0.000000e+00 0.000000e+00 1.000000e+00
    outer loop
      vertex 3.830222e-01 3.213938e-01 -2.500000e-01
      vertex 2.500000e-01 4.330127e-01 -2.500000e-01
      vertex 2.000000e-01 3.464102e-01 -2.500000e-01
    endloop
  endfacet
  facet normal 6.427876e-01 7.660444e-01 0.000000e+00
    outer loop
      vertex 3.830222e-01 3.213938e-01 0.000000e+00
      vertex 3.830222e-01 3.213938e-01 -2.500000e-01
      vertex 2.500000e-01 4.330127e-01 -2.500000e-01
    endloop
  endfacet
  facet normal 6.427876e-01 7.660444e-01 0.000000e+00
    outer loop
      vertex 3.830222e-01 3.213938e-01 0.000000e+00
      vertex 2.500000e-01 4.330127e-01 -2.500000e-01
      vertex 2.500000e-01 4.330127e-01 0.000000e+00
    endloop
  endfacet
  facet normal -6.427876e-01 -7.660444e-01 -0.000000e+00
    outer loop
      vertex 3.064178e-01 2.571150e-01 0.000000e+00
      vertex 2.000000e-01 3.464102e-01 -2.500000e-01
      vertex 3.064178e-01 2.571150e-01 -2.500000e-01
    endloop
  endfacet
  facet normal -6.427876e-01 -7.660444e-01 0.000000e+00
    outer loop
      vertex 3.064178e-01 2.571150e-01 0.000000e+00
      vertex 2.000000e-01 3.464102e-01 0.000000e+00
      vertex 2.000000e-01 3.464102e-01 -2.500000e-01
    endloop
  endfacet
  facet normal 0.000000e+00 0.000000e+00 -1.000000e+00
    outer loop
      vertex 2.500000e-01 4.330127e-01 0.000000e+00
      vertex 2.000000e-01 3.464102e-01 0.000000e+00
      vertex 6.945927e-02 3.939231e-01 0.000000e+00
    endloop
  endfacet
  facet normal -0.000000e+00 0.000000e+00 -1.000000e+00
    outer loop
      vertex 2.500000e-01 4.330127e-01 0.000000e+00
      vertex 6.945927e-02 3.939231e-01 0.000000e+00
      vertex 8.682409e-02 4.924039e-01 0.000000e+00
    endloop
  endfacet
  facet normal 0.000000e+00 0.000000e+00 1.000000e+00
    outer loop
      vertex 2.500000e-01 4.330127e-01 -2.500000e-01
      vertex 6.945927e-02 3.939231e-01 -2.500000e-01
      vertex 2.000000e-01 3.464102e-01 -2.500000e-01
    endloop
  endfacet
  facet normal 0.000000e+00 0.000000e+00 1.000000e+00
    outer loop
      vertex 2.500000e-01 4.330127e-01 -2.500000e-01
      vertex 8.682409e-02 4.924039e-01 -2.500000e-01
      vertex 6.945927e-02 3.939231e-01 -2.500000e-01
    endloop
  endfacet
  facet normal 3.420201e-01 9.396926e-01 0.000000e+00
    outer loop
      vertex 2.500000e-01 4.330127e-01 0.000000e+00
      vertex 2.500000e-01 4.330127e-01 -2.500000e-01
      vertex 8.682409e-02 4.924039e-01 -2.500000e-01
    endloop
  endfacet
  facet normal 3.420201e-01 9.396926e-01 0.000000e+00
    outer loop
      vertex 2.500000e-01 4.330127e-01 0.000000e+00
      vertex 8.682409e-02 4.924039e-01 -2.500000e-01
      vertex 8.682409e-02 4.924039e-01 0.000000e+00
    endloop
  endfacet
  facet normal -3.420201e-01 -9.396926e-01 -0.000000e+00
    outer loop
      vertex 2.000000e-01 3.464102e-01 0.000000e+00
      vertex 6.945927e-02 3.939231e-01 -2.500000e-01
      vertex 2.000000e-01 3.464102e-01 -2.500000e-01
    endloop
  endfacet
  facet normal -3.420201e-01 -9.396926e-01 0.000000e+00
    outer loop
      vertex 2.000000e-01 3.464102e-01 0.000000e+00
      vertex 6.945927e-02 3.939231e-01 0.000000e+00
      vertex 6.945927e-02 3.939231e-01 -2.500000e-01
    endloop
  endfacet
  facet normal 0.000000e+00 0.000000e+00 -1.000000e+00
    outer loop
      vertex 8.682409e-02 4.924039e-01 0.000000e+00
      vertex 6.945927e-02 3.939231e-01 0.000000e+00
      vertex -6.945927e-02 3.939231e-01 0.000000e+00
    endloop
  endfacet
  facet normal -0.000000e+00 0.000000e+00 -1.000000e+00
    outer loop
      vertex 8.682409e-02 4.924039e-01 0.000000e+00
      vertex -6.945927e-02 3.939231e-01 0.000000e+00
      vertex -8.682409e-02 4.924039e-01 0.000000e+00
    endloop
  endfacet
  facet normal 0.000000e+00 0.000000e+00 1.000000e+00
    outer loop
      vertex 8.682409e-02 4.924039e-01 -2.500000e-01
      vertex -6.945927e-02 3.939231e-01 -2.500000e-01
      vertex 6.945927e-02 3.939231e-01 -2.500000e-01
    endloop
  endfacet
  facet normal 0.000000e+00 0.000000e+00 1.000000e+00
    outer loop
      vertex 8.682409e-02 4.924039e-01 -2.500000e-01
      vertex -8.682409e-02 4.924039e-01 -2.500000e-01
      vertex -6.945927e-02 3.939231e-01 -2.500000e-01
    endloop
  endfacet
  facet normal 3.196760e-16 1.000000e+00 0.000000e+00
    outer loop
      vertex 8.682409e-02 4.924039e-01 0.000000e+00
      vertex 8.682409e-02 4.924039e-01 -2.500000e-01
      vertex -8.682409e-02 4.924039e-01 -2.500000e-01
    endloop
  endfacet
  facet normal 3.196760e-16 1.000000e+00 0.000000e+00
    outer loop
      vertex 8.682409e-02 4.924039e-01 0.000000e+00
      vertex -8.682409e-02 4.924039e-01 -2.500000e-01
      vertex -8.682409e-02 4.924039e-01 0.000000e+00
    endloop
  endfacet
  facet normal -3.995950e-16 -1.000000e+00 -0.000000e+00
    outer loop
      vertex 6.945927e-02 3.939231e-01 0.000000e+00
      vertex -6.945927e-02 3.939231e-01 -2.500000e-01
      vertex 6.945927e-02 3.939231e-01 -2.500000e-01
    endloop
  endfacet
  facet normal -3.995950e-16 -1.000000e+00 0.000000e+00
    outer loop
      vertex 6.945927e-02 3.939231e-01 0.000000e+00
      vertex -6.945927e-02 3.939231e-01 0.000000e+00
      vertex -6.945927e-02 3.939231e-01 -2.500000e-01
    endloop
  endfacet
  facet normal 0.000000e+00 -0.000000e+00 -1.000000e+00
    outer loop
      vertex -8.682409e-02 4.924039e-01 0.000000e+00
      vertex -6.945927e-02 3.939231e-01 0.000000e+00
      vertex -2.000000e-01 3.464102e-01 0.000000e+00
    endloop
  endfacet
  facet normal 0.000000e+00 0.000000e+00 -1.000000e+00
    outer loop
      vertex -8.682409e-02 4.924039e-01 0.000000e+00
      vertex -2.000000e-01 3.464102e-01 0.000000e+00
      vertex -2.500000e-01 4.330127e-01 0.000000e+00
    endloop
  endfacet
  facet normal 0.000000e+00 0.000000e+00 1.000000e+00
    outer loop
      vertex -8.682409e-02 4.924039e-01 -2.500000e-01
      vertex -2.000000e-01 3.464102e-01 -2.500000e-01
      vertex -6.945927e-02 3.939231e-01 -2.500000e-01
    endloop
  endfacet
  facet normal 0.000000e+00 0.000000e+00 1.000000e+00
    outer loop
      vertex -8.682409e-02 4.924039e-01 -2.500000e-01
      vertex -2.500000e-01 4.330127e-01 -2.500000e-01
      vertex -2.000000e-01 3.464102e-01 -2.500000e-01
    endloop
  endfacet
  facet normal -3.420201e-01 9.396926e-01 0.000000e+00
    outer loop
      vertex -8.682409e-02 4.924039e-01 0.000000e+00
      vertex -8.682409e-02 4.924039e-01 -2.500000e-01
      vertex -2.500000e-01 4.330127e-01 -2.500000e-01
    endloop
  endfacet
  facet normal -3.420201e-01 9.396926e-01 0.000000e+00
    outer loop
      vertex -8.682409e-02 4.924039e-01 0.000000e+00
      vertex -2.500000e-01 4.330127e-01 -2.500000e-01
      vertex -2.500000e-01 4.330127e-01 0.000000e+00
    endloop
  endfacet
  facet normal 3.420201e-01 -9.396926e-01 0.000000e+00
    outer loop
      vertex -6.945927e-02 3.939231e-01 0.000000e+00
      vertex -2.000000e-01 3.464102e-01 -2.500000e-01
      vertex -6.945927e-02 3.939231e-01 -2.500000e-01
    endloop
  endfacet
  facet normal 3.420201e-01 -9.396926e-01 0.000000e+00
    outer loop
      vertex -6.945927e-02 3.939231e-01 0.000000e+00
      vertex -2.000000e-01 3.464102e-01 0.000000e+00
      vertex -2.000000e-01 3.464102e-01 -2.500000e-01
    endloop
  endfacet
  facet normal 0.000000e+00 -0.000000e+00 -1.000000e+00
    outer loop
      vertex -2.500000e-01 4.330127e-01 0.000000e+00
      vertex -2.000000e-01 3.464102e-01 0.000000e+00
      vertex -3.064178e-01 2.571150e-01 0.000000e+00
    endloop
  endfacet
  facet normal 0.000000e+00 0.000000e+00 -1.000000e+00
    outer loop
      vertex -2.500000e-01 4.330127e-01 0.000000e+00
      vertex -3.064178e-01 2.571150e-01 0.000000e+00
      vertex -3.830222e-01 3.213938e-01 0.000000e+00
    endloop
  endfacet
  facet normal 0.000000e+00 0.000000e+00 1.000000e+00
    outer loop
      vertex -2.500000e-01 4.330127e-01 -2.500000e-01
      vertex -3.064178e-01 2.571150e-01 -2.500000e-01
      vertex -2.000000e-01 3.464102e-01 -2.500000e-01
    endloop
  endfacet
  facet normal 0.000000e+00 0.000000e+00 1.000000e+00
    outer loop
      vertex -2.500000e-01 4.330127e-01 -2.500000e-01
      vertex -3.830222e-01 3.213938e-01 -2.500000e-01
      vertex -3.064178e-01 2.571150e-01 -2.500000e-01
    endloop
  endfacet
  facet normal -6.427876e-01 7.660444e-01 0.000000e+00
    outer loop
      vertex -2.500000e-01 4.330127e-01 0.000000e+00
      vertex -2.500000e-01 4.330127e-01 -2.500000e-01
      vertex -3.830222e-01 3.213938e-01 -2.500000e-01
    endloop
  endfacet
  facet normal -6.427876e-01 7.660444e-01 0.000000e+00
    outer loop
      vertex -2.500000e-01 4.330127e-01 0.000000e+00
      vertex -3.830222e-01 3.213938e-01 -2.500000e-01
      vertex -3.830222e-01 3.213938e-01 0.000000e+00
    endloop
  endfacet
  facet normal 6.427876e-01 -7.660444e-01 0.000000e+00
    outer loop
      vertex -2.000000e-01 3.464102e-01 0.000000e+00
      vertex -3.064178e-01 2.571150e-01 -2.500000e-01
      vertex -2.000000e-01 3.464102e-01 -2.500000e-01
    endloop
  endfacet
  facet normal 6.427876e-01 -7.660444e-01 0.000000e+00
    outer loop
      vertex -2.000000e-01 3.464102e-01 0.000000e+00
      vertex -3.064178e-01 2.571150e-01 0.000000e+00
      vertex -3.064178e-01 2.571150e-01 -2.500000e-01
    endloop
  endfacet
  facet normal 0.000000e+00 0.000000e+00 -1.000000e+00
    outer loop
      vertex -3.830222e-01 3.213938e-01 0.000000e+00
      vertex -3.064178e-01 2.571150e-01 0.000000e+00
      vertex -3.758770e-01 1.368081e-01 0.000000e+00
    endloop
  endfacet
  facet normal 0.000000e+00 -0.000000e+00 -1.000000e+00
    outer loop
      vertex -3.830222e-01 3.213938e-01 0.000000e+00
      vertex -3.758770e-01 1.368081e-01 0.000000e+00
      vertex -4.698463e-01 1.710101e-01 0.000000e+00
    endloop
  endfacet
  facet normal 0.000000e+00 0.000000e+00 1.000000e+00
    outer loop
      vertex -3.830222e-01 3.213938e-01 -2.500000e-01
      vertex -3.758770e-01 1.368081e-01 -2.500000e-01
      vertex -3.064178e-01 2.571150e-01 -2.500000e-01
    endloop
  endfacet
  facet normal 0.000000e+00 0.000000e+00 1.000000e+00
    outer loop
      vertex -3.830222e-01 3.213938e-01 -2.500000e-01
      vertex -4.698463e-01 1.710101e-01 -2.500000e-01
      vertex -3.758770e-01 1.368081e-01 -2.500000e-01
    endloop
  endfacet
  facet normal -8.660254e-01 5.000000e-01 0.000000e+00
    outer loop
      vertex -3.830222e-01 3.213938e-01 0.000000e+00
      vertex -3.830222e-01 3.213938e-01 -2.500000e-01
      vertex -4.698463e-01 1.710101e-01 -2.500000e-01
    endloop
  endfacet
  facet normal -8.660254e-01 5.000000e-01 0.000000e+00
    outer loop
      vertex -3.830222e-01 3.213938e-01 0.000000e+00
      vertex -4.698463e-01 1.710101e-01 -2.500000e-01
      vertex -4.698463e-01 1.710101e-01 0.000000e+00
    endloop
  endfacet
  facet normal 8.660254e-01 -5.000000e-01 0.000000e+00
    outer loop
      vertex -3.064178e-01 2.571150e-01 0.000000e+00
      vertex -3.758770e-01 1.368081e-01 -2.500000e-01
      vertex -3.064178e-01 2.571150e-01 -2.500000e-01
    endloop
  endfacet
  facet normal 8.660254e-01 -5.000000e-01 0.000000e+00
    outer loop
      vertex -3.064178e-01 2.571150e-01 0.000000e+00
      vertex -3.758770e-01 1.368081e-01 0.000000e+00
      vertex -3.758770e-01 1.368081e-01 -2.500000e-01
    endloop
  endfacet
  facet normal 0.000000e+00 0.000000e+00 -1.000000e+00
    outer loop
      vertex -4.698463e-01 1.710101e-01 0.000000e+00
      vertex -3.758770e-01 1.368081e-01 0.000000e+00
      vertex -4.000000e-01 4.898587e-17 0.000000e+00
    endloop
  endfacet
  facet normal 0.000000e+00 -0.000000e+00 -1.000000e+00
    outer loop
      vertex -4.698463e-01 1.710101e-01 0.000000e+00
      vertex -4.000000e-01 4.898587e-17 0.000000e+00
      vertex -5.000000e-01 6.123234e-17 0.000000e+00
    endloop
  endfacet
  facet normal 0.000000e+00 0.000000e+00 1.000000e+00
    outer loop
      vertex -4.698463e-01 1.710101e-01 -2.500000e-01
      vertex -4.000000e-01 4.898587e-17 -2.500000e-01
      vertex -3.758770e-01 1.368081e-01 -2.500000e-01
    endloop
  endfacet
  facet normal 0.000000e+00 0.000000e+00 1.000000e+00
    outer loop
      vertex -4.698463e-01 1.710101e-01 -2.500000e-01
      vertex -5.000000e-01 6.123234e-17 -2.500000e-01
      vertex -4.000000e-01 4.898587e-17 -2.500000e-01
    endloop
  endfacet
  facet normal -9.848078e-01 1.736482e-01 0.000000e+00
    outer loop
      vertex -4.698463e-01 1.710101e-01 0.000000e+00
      vertex -4.698463e-01 1.710101e-01 -2.500000e-01
      vertex -5.000000e-01 6.123234e-17 -2.500000e-01
    endloop
  endfacet
  facet normal -9.848078e-01 1.736482e-01 0.000000e+00
    outer loop
      vertex -4.698463e-01 1.710101e-01 0.000000e+00
      vertex -5.000000e-01 6.123234e-17 -2.500000e-01
      vertex -5.000000e-01 6.123234e-17 0.000000e+00
    endloop
  endfacet
  facet normal 9.848078e-01 -1.736482e-01 0.000000e+00
    outer loop
      vertex -3.758770e-01 1.368081e-01 0.000000e+00
      vertex -4.000000e-01 4.898587e-17 -2.500000e-01
      vertex -3.758770e-01 1.368081e-01 -2.500000e-01
    endloop
  endfacet
  facet normal 9.848078e-01 -1.736482e-01 0.000000e+00
    outer loop
      vertex -3.758770e-01 1.368081e-01 0.000000e+00
      vertex -4.000000e-01 4.898587e-17 0.000000e+00
      vertex -4.000000e-01 4.898587e-17 -2.500000e-01
    endloop
  endfacet
  facet normal 0.000000e+00 0.000000e+00 -1.000000e+00
    outer loop
      vertex -5.000000e-01 6.123234e-17 0.000000e+00
      vertex -4.000000e-01 4.898587e-17 0.000000e+00
      vertex -3.758770e-01 -1.368081e-01 0.000000e+00
    endloop
  endfacet
  facet normal 0.000000e+00 0.000000e+00 -1.000000e+00
    outer loop
      vertex -5.000000e-01 6.123234e-17 0.000000e+00
      vertex -3.758770e-01 -1.368081e-01 0.000000e+00
      vertex -4.698463e-01 -1.710101e-01 0.000000e+00
    endloop
  endfacet
  facet normal 0.000000e+00 0.000000e+00 1.000000e+00
    outer loop
      vertex -5.000000e-01 6.123234e-17 -2.500000e-01
      vertex -3.758770e-01 -1.368081e-01 -2.500000e-01
      vertex -4.000000e-01 4.898587e-17 -2.500000e-01
    endloop
  endfacet
  facet normal 0.000000e+00 0.000000e+00 1.000000e+00
    outer loop
      vertex -5.000000e-01 6.123234e-17 -2.500000e-01
      vertex -4.698463e-01 -1.710101e-01 -2.500000e-01
      vertex -3.758770e-01 -1.368081e-01 -2.500000e-01
    endloop
  endfacet
  facet normal -9.848078e-01 -1.736482e-01 -0.000000e+00
    outer loop
      vertex -5.000000e-01 6.123234e-17 0.000000e+00
      vertex -5.000000e-01 6.123234e-17 -2.500000e-01
      vertex -4.698463e-01 -1.710101e-01 -2.500000e-01
    endloop
  endfacet
  facet normal -9.848078e-01 -1.736482e-01 0.000000e+00
    outer loop
      vertex -5.000000e-01 6.123234e-17 0.000000e+00
      vertex -4.698463e-01 -1.710101e-01 -2.500000e-01
      vertex -4.698463e-01 -1.710101e-01 0.000000e+00
    endloop
  endfacet
  facet normal 9.848078e-01 1.736482e-01 0.000000e+00
    outer loop
      vertex -4.000000e-01 4.898587e-17 0.000000e+00
      vertex -3.758770e-01 -1.368081e-01 -2.500000e-01
      vertex -4.000000e-01 4.898587e-17 -2.500000e-01
    endloop
  endfacet
  facet normal 9.848078e-01 1.736482e-01 0.000000e+00
    outer loop
      vertex -4.000000e-01 4.898587e-17 0.000000e+00
      vertex -3.758770e-01 -1.368081e-01 0.000000e+00
      vertex -3.758770e-01 -1.368081e-01 -2.500000e-01
    endloop
  endfacet
  facet normal 0.000000e+00 0.000000e+00 -1.000000e+00
    outer loop
      vertex -4.698463e-01 -1.710101e-01 0.000000e+00
      vertex -3.758770e-01 -1.368081e-01 0.000000e+00
      vertex -3.064178e-01 -2.571150e-01 0.000000e+00
    endloop
  endfacet
  facet normal 0.000000e+00 0.000000e+00 -1.000000e+00
    outer loop
      vertex -4.698463e-01 -1.710101e-01 0.000000e+00
      vertex -3.064178e-01 -2.571150e-01 0.000000e+00
      vertex -3.830222e-01 -3.213938e-01 0.000000e+00
    endloop
  endfacet
  facet normal -0.000000e+00 0.000000e+00 1.000000e+00
    outer loop
      vertex -4.698463e-01 -1.710101e-01 -2.500000e-01
      vertex -3.064178e-01 -2.571150e-01 -2.500000e-01
      vertex -3.758770e-01 -1.368081e-01 -2.500000e-01
    endloop
  endfacet
  facet normal 0.000000e+00 0.000000e+00 1.000000e+00
    outer loop
      vertex -4.698463e-01 -1.710101e-01 -2.500000e-01
      vertex -3.830222e-01 -3.213938e-01 -2.500000e-01
      vertex -3.064178e-01 -2.571150e-01 -2.500000e-01
    endloop
  endfacet
  facet normal -8.660254e-01 -5.000000e-01 -0.000000e+00
    outer loop
      vertex -4.698463e-01 -1.710101e-01 0.000000e+00
      vertex -4.698463e-01 -1.710101e-01 -2.500000e-01
      vertex -3.830222e-01 -3.213938e-01 -2.500000e-01
    endloop
  endfacet
  facet normal -8.660254e-01 -5.000000e-01 0.000000e+00
    outer loop
      vertex -4.698463e-01 -1.710101e-01 0.000000e+00
      vertex -3.830222e-01 -3.213938e-01 -2.500000e-01
      vertex -3.830222e-01 -3.213938e-01 0.000000e+00
    endloop
  endfacet
  facet normal 8.660254e-01 5.000000e-01 0.000000e+00
    outer loop
      vertex -3.758770e-01 -1.368081e-01 0.000000e+00
      vertex -3.064178e-01 -2.571150e-01 -2.500000e-01
      vertex -3.758770e-01 -1.368081e-01 -2.500000e-01
    endloop
  endfacet
  facet normal 8.660254e-01 5.000000e-01 0.000000e+00
    outer loop
      vertex -3.758770e-01 -1.368081e-01 0.000000e+00
      vertex -3.064178e-01 -2.571150e-01 0.000000e+00
      vertex -3.064178e-01 -2.571150e-01 -2.500000e-01
    endloop
  endfacet
  facet normal 0.000000e+00 0.000000e+00 -1.000000e+00
    outer loop
      vertex -3.830222e-01 -3.213938e-01 0.000000e+00
      vertex -3.064178e-01 -2.571150e-01 0.000000e+00
      vertex -2.000000e-01 -3.464102e-01 0.000000e+00
    endloop
  endfacet
  facet normal 0.000000e+00 0.000000e+00 -1.000000e+00
    outer loop
      vertex -3.830222e-01 -3.213938e-01 0.000000e+00
      vertex -2.000000e-01 -3.464102e-01 0.000000e+00
      vertex -2.500000e-01 -4.330127e-01 0.000000e+00
    endloop
  endfacet
  facet normal -0.000000e+00 0.000000e+00 1.000000e+00
    outer loop
      vertex -3.830222e-01 -3.213938e-01 -2.500000e-01
      vertex -2.000000e-01 -3.464102e-01 -2.500000e-01
      vertex -3.064178e-01 -2.571150e-01 -2.500000e-01
    endloop
  endfacet
  facet normal 0.000000e+00 0.000000e+00 1.000000e+00
    outer loop
      vertex -3.830222e-01 -3.213938e-01 -2.500000e-01
      vertex -2.500000e-01 -4.330127e-01 -2.500000e-01
      vertex -2.000000e-01 -3.464102e-01 -2.500000e-01
    endloop
  endfacet
  facet normal -6.427876e-01 -7.660444e-01 -0.000000e+00
    outer loop
      vertex -3.830222e-01 -3.213938e-01 0.000000e+00
      vertex -3.830222e-01 -3.213938e-01 -2.500000e-01
      vertex -2.500000e-01 -4.330127e-01 -2.500000e-01
    endloop
  endfacet
  facet normal -6.427876e-01 -7.660444e-01 0.000000e+00
    outer loop
      vertex -3.830222e-01 -3.213938e-01 0.000000e+00
      vertex -2.500000e-01 -4.330127e-01 -2.500000e-01
      vertex -2.500000e-01 -4.330127e-01 0.000000e+00
    endloop
  endfacet
  facet normal 6.427876e-01 7.660444e-01 0.000000e+00
    outer loop
      vertex -3.064178e-01 -2.571150e-01 0.000000e+00
      vertex -2.000000e-01 -3.464102e-01 -2.500000e-01
      vertex -3.064178e-01 -2.571150e-01 -2.500000e-01
    endloop
  endfacet
  facet normal 6.427876e-01 7.660444e-01 0.000000e+00
    outer loop
      vertex -3.064178e-01 -2.571150e-01 0.000000e+00
      vertex -2.000000e-01 -3.464102e-01 0.000000e+00
      vertex -2.000000e-01 -3.464102e-01 -2.500000e-01
    endloop
  endfacet
  facet normal 0.000000e+00 0.000000e+00 -1.000000e+00
    outer loop
      vertex -2.500000e-01 -4.330127e-01 0.000000e+00
      vertex -2.000000e-01 -3.464102e-01 0.000000e+00
      vertex -6.945927e-02 -3.939231e-01 0.000000e+00
    endloop
  endfacet
  facet normal 0.000000e+00 0.000000e+00 -1.000000e+00
    outer loop
      vertex -2.500000e-01 -4.330127e-01 0.000000e+00
      vertex -6.945927e-02 -3.939231e-01 0.000000e+00
      vertex -8.682409e-02 -4.924039e-01 0.000000e+00
    endloop
  endfacet
  facet normal 0.000000e+00 0.000000e+00 1.000000e+00
    outer loop
      vertex -2.500000e-01 -4.330127e-01 -2.500000e-01
      vertex -6.945927e-02 -3.939231e-01 -2.500000e-01
      vertex -2.000000e-01 -3.464102e-01 -2.500000e-01
    endloop
  endfacet
  facet normal -0.000000e+00 0.000000e+00 1.000000e+00
    outer loop
      vertex -2.500000e-01 -4.330127e-01 -2.500000e-01
      vertex -8.682409e-02 -4.924039e-01 -2.500000e-01
      vertex -6.945927e-02 -3.939231e-01 -2.500000e-01
    endloop
  endfacet
  facet normal -3.420201e-01 -9.396926e-01 -0.000000e+00
    outer loop
      vertex -2.500000e-01 -4.330127e-01 0.000000e+00
      vertex -2.500000e-01 -4.330127e-01 -2.500000e-01
      vertex -8.682409e-02 -4.924039e-01 -2.500000e-01
    endloop
  endfacet
  facet normal -3.420201e-01 -9.396926e-01 0.000000e+00
    outer loop
      vertex -2.500000e-01 -4.330127e-01 0.000000e+00
      vertex -8.682409e-02 -4.924039e-01 -2.500000e-01
      vertex -8.682409e-02 -4.924039e-01 0.000000e+00
    endloop
  endfacet
  facet normal 3.420201e-01 9.396926e-01 0.000000e+00
    outer loop
      vertex -2.000000e-01 -3.464102e-01 0.000000e+00
      vertex -6.945927e-02 -3.939231e-01 -2.500000e-01
      vertex -2.000000e-01 -3.464102e-01 -2.500000e-01
    endloop
  endfacet
  facet normal 3.420201e-01 9.396926e-01 0.000000e+00
    outer loop
      vertex -2.000000e-01 -3.464102e-01 0.000000e+00
      vertex -6.945927e-02 -3.939231e-01 0.000000e+00
      vertex -6.945927e-02 -3.939231e-01 -2.500000e-01
    endloop
  endfacet
  facet normal 0.000000e+00 0.000000e+00 -1.000000e+00
    outer loop
      vertex -8.682409e-02 -4.924039e-01 0.000000e+00
      vertex -6.945927e-02 -3.939231e-01 0.000000e+00
      vertex 6.945927e-02 -3.939231e-01 0.000000e+00
    endloop
  endfacet
  facet normal 0.000000e+00 0.000000e+00 -1.000000e+00
    outer loop
      vertex -8.682409e-02 -4.924039e-01 0.000000e+00
      vertex 6.945927e-02 -3.939231e-01 0.000000e+00
      vertex 8.682409e-02 -4.924039e-01 0.000000e+00
    endloop
  endfacet
  facet normal 0.000000e+00 0.000000e+00 1.000000e+00
    outer loop
      vertex -8.682409e-02 -4.924039e-01 -2.500000e-01
      vertex 6.945927e-02 -3.939231e-01 -2.500000e-01
      vertex -6.945927e-02 -3.939231e-01 -2.500000e-01
    endloop
  endfacet
  facet normal -0.000000e+00 0.000000e+00 1.000000e+00
    outer loop
      vertex -8.682409e-02 -4.924039e-01 -2.500000e-01
      vertex 8.682409e-02 -4.924039e-01 -2.500000e-01
      vertex 6.945927e-02 -3.939231e-01 -2.500000e-01
    endloop
  endfacet
  facet normal -3.196760e-16 -1.000000e+00 -0.000000e+00
    outer loop
      vertex -8.682409e-02 -4.924039e-01 0.000000e+00
      vertex -8.682409e-02 -4.924039e-01 -2.500000e-01
      vertex 8.682409e-02 -4.924039e-01 -2.500000e-01
    endloop
  endfacet
  facet normal -3.196760e-16 -1.000000e+00 0.000000e+00
    outer loop
      vertex -8.682409e-02 -4.924039e-01 0.000000e+00
      vertex 8.682409e-02 -4.924039e-01 -2.500000e-01
      vertex 8.682409e-02 -4.924039e-01 0.000000e+00
    endloop
  endfacet
  facet normal 3.995950e-16 1.000000e+00 0.000000e+00
    outer loop
      vertex -6.945927e-02 -3.939231e-01 0.000000e+00
      vertex 6.945927e-02 -3.939231e-01 -2.500000e-01
      vertex -6.945927e-02 -3.939231e-01 -2.500000e-01
    endloop
  endfacet
  facet normal 3.995950e-16 1.000000e+00 0.000000e+00
    outer loop
      vertex -6.945927e-02 -3.939231e-01 0.000000e+00
      vertex 6.945927e-02 -3.939231e-01 0.000000e+00
      vertex 6.945927e-02 -3.939231e-01 -2.500000e-01
    endloop
  endfacet
  facet normal 0.000000e+00 0.000000e+00 -1.000000e+00
    outer loop
      vertex 8.682409e-02 -4.924039e-01 0.000000e+00
      vertex 6.945927e-02 -3.939231e-01 0.000000e+00
      vertex 2.000000e-01 -3.464102e-01 0.000000e+00
    endloop
  endfacet
  facet normal 0.000000e+00 0.000000e+00 -1.000000e+00
    outer loop
      vertex 8.682409e-02 -4.924039e-01 0.000000e+00
      vertex 2.000000e-01 -3.464102e-01 0.000000e+00
      vertex 2.500000e-01 -4.330127e-01 0.000000e+00
    endloop
  endfacet
  facet normal 0.000000e+00 -0.000000e+00 1.000000e+00
    outer loop
      vertex 8.682409e-02 -4.924039e-01 -2.500000e-01
      vertex 2.000000e-01 -3.464102e-01 -2.500000e-01
      vertex 6.945927e-02 -3.939231e-01 -2.500000e-01
    endloop
  endfacet
  facet normal 0.000000e+00 0.000000e+00 1.000000e+00
    outer loop
      vertex 8.682409e-02 -4.924039e-01 -2.500000e-01
      vertex 2.500000e-01 -4.330127e-01 -2.500000e-01
      vertex 2.000000e-01 -3.464102e-01 -2.500000e-01
    endloop
  endfacet
  facet normal 3.420201e-01 -9.396926e-01 0.000000e+00
    outer loop
      vertex 8.682409e-02 -4.924039e-01 0.000000e+00
      vertex 8.682409e-02 -4.924039e-01 -2.500000e-01
      vertex 2.500000e-01 -4.330127e-01 -2.500000e-01
    endloop
  endfacet
  facet normal 3.420201e-01 -9.396926e-01 0.000000e+00
    outer loop
      vertex 8.682409e-02 -4.924039e-01 0.000000e+00
      vertex 2.500000e-01 -4.330127e-01 -2.500000e-01
      vertex 2.500000e-01 -4.330127e-01 0.000000e+00
    endloop
  endfacet
  facet normal -3.420201e-01 9.396926e-01 0.000000e+00
    outer loop
      vertex 6.945927e-02 -3.939231e-01 0.000000e+00
      vertex 2.000000e-01 -3.464102e-01 -2.500000e-01
      vertex 6.945927e-02 -3.939231e-01 -2.500000e-01
    endloop
  endfacet
  facet normal -3.420201e-01 9.396926e-01 0.000000e+00
    outer loop
      vertex 6.945927e-02 -3.939231e-01 0.000000e+00
      vertex 2.000000e-01 -3.464102e-01 0.000000e+00
      vertex 2.000000e-01 -3.464102e-01 -2.500000e-01
    endloop
  endfacet
  facet normal 0.000000e+00 0.000000e+00 -1.000000e+00
    outer loop
      vertex 2.500000e-01 -4.330127e-01 0.000000e+00
      vertex 2.000000e-01 -3.464102e-01 0.000000e+00
      vertex 3.064178e-01 -2.571150e-01 0.000000e+00
    endloop
  endfacet
  facet normal 0.000000e+00 0.000000e+00 -1.000000e+00
    outer loop
      vertex 2.500000e-01 -4.330127e-01 0.000000e+00
      vertex 3.064178e-01 -2.571150e-01 0.000000e+00
      vertex 3.830222e-01 -3.213938e-01 0.000000e+00
    endloop
  endfacet
  facet normal 0.000000e+00 -0.000000e+00 1.000000e+00
    outer loop
      vertex 2.500000e-01 -4.330127e-01 -2.500000e-01
      vertex 3.064178e-01 -2.571150e-01 -2.500000e-01
      vertex 2.000000e-01 -3.464102e-01 -2.500000e-01
    endloop
  endfacet
  facet normal 0.000000e+00 0.000000e+00 1.000000e+00
    outer loop
      vertex 2.500000e-01 -4.330127e-01 -2.500000e-01
      vertex 3.830222e-01 -3.213938e-01 -2.500000e-01
      vertex 3.064178e-01 -2.571150e-01 -2.500000e-01
    endloop
  endfacet
  facet normal 6.427876e-01 -7.660444e-01 0.000000e+00
    outer loop
      vertex 2.500000e-01 -4.330127e-01 0.000000e+00
      vertex 2.500000e-01 -4.330127e-01 -2.500000e-01
      vertex 3.830222e-01 -3.213938e-01 -2.500000e-01
    endloop
  endfacet
  facet normal 6.427876e-01 -7.660444e-01 0.000000e+00
    outer loop
      vertex 2.500000e-01 -4.330127e-01 0.000000e+00
      vertex 3.830222e-01 -3.213938e-01 -2.500000e-01
      vertex 3.830222e-01 -3.213938e-01 0.000000e+00
    endloop
  endfacet
  facet normal -6.427876e-01 7.660444e-01 0.000000e+00
    outer loop
      vertex 2.000000e-01 -3.464102e-01 0.000000e+00
      vertex 3.064178e-01 -2.571150e-01 -2.500000e-01
      vertex 2.000000e-01 -3.464102e-01 -2.500000e-01
    endloop
  endfacet
  facet normal -6.427876e-01 7.660444e-01 0.000000e+00
    outer loop
      vertex 2.000000e-01 -3.464102e-01 0.000000e+00
      vertex 3.064178e-01 -2.571150e-01 0.000000e+00
      vertex 3.064178e-01 -2.571150e-01 -2.500000e-01
    endloop
  endfacet
  facet normal 0.000000e+00 0.000000e+00 -1.000000e+00
    outer loop
      vertex 3.830222e-01 -3.213938e-01 0.000000e+00
      vertex 3.064178e-01 -2.571150e-01 0.000000e+00
      vertex 3.758770e-01 -1.368081e-01 0.000000e+00
    endloop
  endfacet
  facet normal 0.000000e+00 0.000000e+00 -1.000000e+00
    outer loop
      vertex 3.830222e-01 -3.213938e-01 0.000000e+00
      vertex 3.758770e-01 -1.368081e-01 0.000000e+00
      vertex 4.698463e-01 -1.710101e-01 0.000000e+00
    endloop
  endfacet
  facet normal 0.000000e+00 0.000000e+00 1.000000e+00
    outer loop
      vertex 3.830222e-01 -3.213938e-01 -2.500000e-01
      vertex 3.758770e-01 -1.368081e-01 -2.500000e-01
      vertex 3.064178e-01 -2.571150e-01 -2.500000e-01
    endloop
  endfacet
  facet normal 0.000000e+00 -0.000000e+00 1.000000e+00
    outer loop
      vertex 3.830222e-01 -3.213938e-01 -2.500000e-01
      vertex 4.698463e-01 -1.710101e-01 -2.500000e-01
      vertex 3.758770e-01 -1.368081e-01 -2.500000e-01
    endloop
  endfacet
  facet normal 8.660254e-01 -5.000000e-01 0.000000e+00
    outer loop
      vertex 3.830222e-01 -3.213938e-01 0.000000e+00
      vertex 3.830222e-01 -3.213938e-01 -2.500000e-01
      vertex 4.698463e-01 -1.710101e-01 -2.500000e-01
    endloop
  endfacet
  facet normal 8.660254e-01 -5.000000e-01 0.000000e+00
    outer loop
      vertex 3.830222e-01 -3.213938e-01 0.000000e+00
      vertex 4.698463e-01 -1.710101e-01 -2.500000e-01
      vertex 4.698463e-01 -1.710101e-01 0.000000e+00
    endloop
  endfacet
  facet normal -8.660254e-01 5.000000e-01 0.000000e+00
    outer loop
      vertex 3.064178e-01 -2.571150e-01 0.000000e+00
      vertex 3.758770e-01 -1.368081e-01 -2.500000e-01
      vertex 3.064178e-01 -2.571150e-01 -2.500000e-01
    endloop
  endfacet
  facet normal -8.660254e-01 5.000000e-01 0.000000e+00
    outer loop
      vertex 3.064178e-01 -2.571150e-01 0.000000e+00
      vertex 3.758770e-01 -1.368081e-01 0.000000e+00
      vertex 3.758770e-01 -1.368081e-01 -2.500000e-01
    endloop
  endfacet
  facet normal 0.000000e+00 0.000000e+00 -1.000000e+00
    outer loop
      vertex 4.698463e-01 -1.710101e-01 0.000000e+00
      vertex 3.758770e-01 -1.368081e-01 0.000000e+00
      vertex 4.000000e-01 0.000000e+00 0.000000e+00
    endloop
  endfacet
  facet normal 0.000000e+00 0.000000e+00 -1.000000e+00
    outer loop
      vertex 4.698463e-01 -1.710101e-01 0.000000e+00
      vertex 4.000000e-01 0.000000e+00 0.000000e+00
      vertex 5.000000e-01 0.000000e+00 0.000000e+00
    endloop
  endfacet
  facet normal 0.000000e+00 0.000000e+00 1.000000e+00
    outer loop
      vertex 4.698463e-01 -1.710101e-01 -2.500000e-01
      vertex 4.000000e-01 0.000000e+00 -2.500000e-01
      vertex 3.758770e-01 -1.368081e-01 -2.500000e-01
    endloop
  endfacet
  facet normal 0.000000e+00 -0.000000e+00 1.000000e+00
    outer loop
      vertex 4.698463e-01 -1.710101e-01 -2.500000e-01
      vertex 5.000000e-01 0.000000e+00 -2.500000e-01
      vertex 4.000000e-01 0.000000e+00 -2.500000e-01
    endloop
  endfacet
  facet normal 9.848078e-01 -1.736482e-01 0.000000e+00
    outer loop
      vertex 4.698463e-01 -1.710101e-01 0.000000e+00
      vertex 4.698463e-01 -1.710101e-01 -2.500000e-01
      vertex 5.000000e-01 0.000000e+00 -2.500000e-01
    endloop
  endfacet
  facet normal 9.848078e-01 -1.736482e-01 0.000000e+00
    outer loop
      vertex 4.698463e-01 -1.710101e-01 0.000000e+00
      vertex 5.000000e-01 0.000000e+00 -2.500000e-01
      vertex 5.000000e-01 0.000000e+00 0.000000e+00
    endloop
  endfacet
  facet normal -9.848078e-01 1.736482e-01 0.000000e+00
    outer loop
      vertex 3.758770e-01 -1.368081e-01 0.000000e+00
      vertex 4.000000e-01 0.000000e+00 -2.500000e-01
      vertex 3.758770e-01 -1.368081e-01 -2.500000e-01
    endloop
  endfacet
  facet normal -9.848078e-01 1.736482e-01 0.000000e+00
    outer loop
      vertex 3.758770e-01 -1.368081e-01 0.000000e+00
      vertex 4.000000e-01 0.000000e+00 0.000000e+00
      vertex 4.000000e-01 0.000000e+00 -2.500000e-01
    endloop
  endfacet
  facet normal 0.000000e+00 0.000000e+00 1.000000e+00
    outer loop
      vertex 5.000000e-01 0.000000e+00 3.000000e+00
      vertex 3.758770e-01 1.368081e-01 3.000000e+00
      vertex 4.000000e-01 0.000000e+00 3.000000e+00
    endloop
  endfacet
  facet normal 0.000000e+00 0.000000e+00 1.000000e+00
    outer loop
      vertex 5.000000e-01 0.000000e+00 3.000000e+00
      vertex 4.698463e-01 1.710101e-01 3.000000e+00
      vertex 3.758770e-01 1.368081e-01 3.000000e+00
    endloop
  endfacet
  facet normal 0.000000e+00 0.000000e+00 -1.000000e+00
    outer loop
      vertex 5.000000e-01 0.000000e+00 3.250000e+00
      vertex 4.000000e-01 0.000000e+00 3.250000e+00
      vertex 3.758770e-01 1.368081e-01 3.250000e+00
    endloop
  endfacet
  facet normal 0.000000e+00 0.000000e+00 -1.000000e+00
    outer loop
      vertex 5.000000e-01 0.000000e+00 3.250000e+00
      vertex 3.758770e-01 1.368081e-01 3.250000e+00
      vertex 4.698463e-01 1.710101e-01 3.250000e+00
    endloop
  endfacet
  facet normal -9.848078e-01 -1.736482e-01 0.000000e+00
    outer loop
      vertex 5.000000e-01 0.000000e+00 3.000000e+00
      vertex 5.000000e-01 0.000000e+00 3.250000e+00
      vertex 4.698463e-01 1.710101e-01 3.250000e+00
    endloop
  endfacet
  facet normal -9.848078e-01 -1.736482e-01 0.000000e+00
    outer loop
      vertex 5.000000e-01 0.000000e+00 3.000000e+00
      vertex 4.698463e-01 1.710101e-01 3.250000e+00
      vertex 4.698463e-01 1.710101e-01 3.000000e+00
    endloop
  endfacet
  facet normal 9.848078e-01 1.736482e-01 -0.000000e+00
    outer loop
      vertex 4.000000e-01 0.000000e+00 3.000000e+00
      vertex 3.758770e-01 1.368081e-01 3.250000e+00
      vertex 4.000000e-01 0.000000e+00 3.250000e+00
    endloop
  endfacet
  facet normal 9.848078e-01 1.736482e-01 0.000000e+00
    outer loop
      vertex 4.000000e-01 0.000000e+00 3.000000e+00
      vertex 3.758770e-01 1.368081e-01 3.000000e+00
      vertex 3.758770e-01 1.368081e-01 3.250000e+00
    endloop
  endfacet
  facet normal 0.000000e+00 0.000000e+00 1.000000e+00
    outer loop
      vertex 4.698463e-01 1.710101e-01 3.000000e+00
      vertex 3.064178e-01 2.571150e-01 3.000000e+00
      vertex 3.758770e-01 1.368081e-01 3.000000e+00
    endloop
  endfacet
  facet normal 0.000000e+00 0.000000e+00 1.000000e+00
    outer loop
      vertex 4.698463e-01 1.710101e-01 3.000000e+00
      vertex 3.830222e-01 3.213938e-01 3.000000e+00
      vertex 3.064178e-01 2.571150e-01 3.000000e+00
    endloop
  endfacet
  facet normal -0.000000e+00 0.000000e+00 -1.000000e+00
    outer loop
      vertex 4.698463e-01 1.710101e-01 3.250000e+00
      vertex 3.758770e-01 1.368081e-01 3.250000e+00
      vertex 3.064178e-01 2.571150e-01 3.250000e+00
    endloop
  endfacet
  facet normal 0.000000e+00 0.000000e+00 -1.000000e+00
    outer loop
      vertex 4.698463e-01 1.710101e-01 3.250000e+00
      vertex 3.064178e-01 2.571150e-01 3.250000e+00
      vertex 3.830222e-01 3.213938e-01 3.250000e+00
    endloop
  endfacet
  facet normal -8.660254e-01 -5.000000e-01 0.000000e+00
    outer loop
      vertex 4.698463e-01 1.710101e-01 3.000000e+00
      vertex 4.698463e-01 1.710101e-01 3.250000e+00
      vertex 3.830222e-01 3.213938e-01 3.250000e+00
    endloop
  endfacet
  facet normal -8.660254e-01 -5.000000e-01 0.000000e+00
    outer loop
      vertex 4.698463e-01 1.710101e-01 3.000000e+00
      vertex 3.830222e-01 3.213938e-01 3.250000e+00
      vertex 3.830222e-01 3.213938e-01 3.000000e+00
    endloop
  endfacet
  facet normal 8.660254e-01 5.000000e-01 -0.000000e+00
    outer loop
      vertex 3.758770e-01 1.368081e-01 3.000000e+00
      vertex 3.064178e-01 2.571150e-01 3.250000e+00
      vertex 3.758770e-01 1.368081e-01 3.250000e+00
    endloop
  endfacet
  facet normal 8.660254e-01 5.000000e-01 0.000000e+00
    outer loop
      vertex 3.758770e-01 1.368081e-01 3.000000e+00
      vertex 3.064178e-01 2.571150e-01 3.000000e+00
      vertex 3.064178e-01 2.571150e-01 3.250000e+00
    endloop
  endfacet
  facet normal 0.000000e+00 0.000000e+00 1.000000e+00
    outer loop
      vertex 3.830222e-01 3.213938e-01 3.000000e+00
      vertex 2.000000e-01 3.464102e-01 3.000000e+00
      vertex 3.064178e-01 2.571150e-01 3.000000e+00
    endloop
  endfacet
  facet normal 0.000000e+00 0.000000e+00 1.000000e+00
    outer loop
      vertex 3.830222e-01 3.213938e-01 3.000000e+00
      vertex 2.500000e-01 4.330127e-01 3.000000e+00
      vertex 2.000000e-01 3.464102e-01 3.000000e+00
    endloop
  endfacet
  facet normal -0.000000e+00 0.000000e+00 -1.000000e+00
    outer loop
      vertex 3.830222e-01 3.213938e-01 3.250000e+00
      vertex 3.064178e-01 2.571150e-01 3.250000e+00
      vertex 2.000000e-01 3.464102e-01 3.250000e+00
    endloop
  endfacet
  facet normal 0.000000e+00 0.000000e+00 -1.000000e+00
    outer loop
      vertex 3.830222e-01 3.213938e-01 3.250000e+00
      vertex 2.000000e-01 3.464102e-01 3.250000e+00
      vertex 2.500000e-01 4.330127e-01 3.250000e+00
    endloop
  endfacet
  facet normal -6.427876e-01 -7.660444e-01 0.000000e+00
    outer loop
      vertex 3.830222e-01 3.213938e-01 3.000000e+00
      vertex 3.830222e-01 3.213938e-01 3.250000e+00
      vertex 2.500000e-01 4.330127e-01 3.250000e+00
    endloop
  endfacet
  facet normal -6.427876e-01 -7.660444e-01 0.000000e+00
    outer loop
      vertex 3.830222e-01 3.213938e-01 3.000000e+00
      vertex 2.500000e-01 4.330127e-01 3.250000e+00
      vertex 2.500000e-01 4.330127e-01 3.000000e+00
    endloop
  endfacet
  facet normal 6.427876e-01 7.660444e-01 -0.000000e+00
    outer loop
      vertex 3.064178e-01 2.571150e-01 3.000000e+00
      vertex 2.000000e-01 3.464102e-01 3.250000e+00
      vertex 3.064178e-01 2.571150e-01 3.250000e+00
    endloop
  endfacet
  facet normal 6.427876e-01 7.660444e-01 0.000000e+00
    outer loop
      vertex 3.064178e-01 2.571150e-01 3.000000e+00
      vertex 2.000000e-01 3.464102e-01 3.000000e+00
      vertex 2.000000e-01 3.464102e-01 3.250000e+00
    endloop
  endfacet
  facet normal 0.000000e+00 0.000000e+00 1.000000e+00
    outer loop
      vertex 2.500000e-01 4.330127e-01 3.000000e+00
      vertex 6.945927e-02 3.939231e-01 3.000000e+00
      vertex 2.000000e-01 3.464102e-01 3.000000e+00
    endloop
  endfacet
  facet normal 0.000000e+00 0.000000e+00 1.000000e+00
    outer loop
      vertex 2.500000e-01 4.330127e-01 3.000000e+00
      vertex 8.682409e-02 4.924039e-01 3.000000e+00
      vertex 6.945927e-02 3.939231e-01 3.000000e+00
    endloop
  endfacet
  facet normal 0.000000e+00 0.000000e+00 -1.000000e+00
    outer loop
      vertex 2.500000e-01 4.330127e-01 3.250000e+00
      vertex 2.000000e-01 3.464102e-01 3.250000e+00
      vertex 6.945927e-02 3.939231e-01 3.250000e+00
    endloop
  endfacet
  facet normal -0.000000e+00 0.000000e+00 -1.000000e+00
    outer loop
      vertex 2.500000e-01 4.330127e-01 3.250000e+00
      vertex 6.945927e-02 3.939231e-01 3.250000e+00
      vertex 8.682409e-02 4.924039e-01 3.250000e+00
    endloop
  endfacet
  facet normal -3.420201e-01 -9.396926e-01 0.000000e+00
    outer loop
      vertex 2.500000e-01 4.330127e-01 3.000000e+00
      vertex 2.500000e-01 4.330127e-01 3.250000e+00
      vertex 8.682409e-02 4.924039e-01 3.250000e+00
    endloop
  endfacet
  facet normal -3.420201e-01 -9.396926e-01 0.000000e+00
    outer loop
      vertex 2.500000e-01 4.330127e-01 3.000000e+00
      vertex 8.682409e-02 4.924039e-01 3.250000e+00
      vertex 8.682409e-02 4.924039e-01 3.000000e+00
    endloop
  endfacet
  facet normal 3.420201e-01 9.396926e-01 -0.000000e+00
    outer loop
      vertex 2.000000e-01 3.464102e-01 3.000000e+00
      vertex 6.945927e-02 3.939231e-01 3.250000e+00
      vertex 2.000000e-01 3.464102e-01 3.250000e+00
    endloop
  endfacet
  facet normal 3.420201e-01 9.396926e-01 0.000000e+00
    outer loop
      vertex 2.000000e-01 3.464102e-01 3.000000e+00
      vertex 6.945927e-02 3.939231e-01 3.000000e+00
      vertex 6.945927e-02 3.939231e-01 3.250000e+00
    endloop
  endfacet
  facet normal 0.000000e+00 0.000000e+00 1.000000e+00
    outer loop
      vertex 8.682409e-02 4.924039e-01 3.000000e+00
      vertex -6.945927e-02 3.939231e-01 3.000000e+00
      vertex 6.945927e-02 3.939231e-01 3.000000e+00
    endloop
  endfacet
  facet normal 0.000000e+00 0.000000e+00 1.000000e+00
    outer loop
      vertex 8.682409e-02 4.924039e-01 3.000000e+00
      vertex -8.682409e-02 4.924039e-01 3.000000e+00
      vertex -6.945927e-02 3.939231e-01 3.000000e+00
    endloop
  endfacet
  facet normal 0.000000e+00 0.000000e+00 -1.000000e+00
    outer loop
      vertex 8.682409e-02 4.924039e-01 3.250000e+00
      vertex 6.945927e-02 3.939231e-01 3.250000e+00
      vertex -6.945927e-02 3.939231e-01 3.250000e+00
    endloop
  endfacet
  facet normal -0.000000e+00 0.000000e+00 -1.000000e+00
    outer loop
      vertex 8.682409e-02 4.924039e-01 3.250000e+00
      vertex -6.945927e-02 3.939231e-01 3.250000e+00
      vertex -8.682409e-02 4.924039e-01 3.250000e+00
    endloop
  endfacet
  facet normal -3.196760e-16 -1.000000e+00 0.000000e+00
    outer loop
      vertex 8.682409e-02 4.924039e-01 3.000000e+00
      vertex 8.682409e-02 4.924039e-01 3.250000e+00
      vertex -8.682409e-02 4.924039e-01 3.250000e+00
    endloop
  endfacet
  facet normal -3.196760e-16 -1.000000e+00 0.000000e+00
    outer loop
      vertex 8.682409e-02 4.924039e-01 3.000000e+00
      vertex -8.682409e-02 4.924039e-01 3.250000e+00
      vertex -8.682409e-02 4.924039e-01 3.000000e+00
    endloop
  endfacet
  facet normal 3.995950e-16 1.000000e+00 -0.000000e+00
    outer loop
      vertex 6.945927e-02 3.939231e-01 3.000000e+00
      vertex -6.945927e-02 3.939231e-01 3.250000e+00
      vertex 6.945927e-02 3.939231e-01 3.250000e+00
    endloop
  endfacet
  facet normal 3.995950e-16 1.000000e+00 0.000000e+00
    outer loop
      vertex 6.945927e-02 3.939231e-01 3.000000e+00
      vertex -6.945927e-02 3.939231e-01 3.000000e+00
      vertex -6.945927e-02 3.939231e-01 3.250000e+00
    endloop
  endfacet
  facet normal 0.000000e+00 0.000000e+00 1.000000e+00
    outer loop
      vertex -8.682409e-02 4.924039e-01 3.000000e+00
      vertex -2.000000e-01 3.464102e-01 3.000000e+00
      vertex -6.945927e-02 3.939231e-01 3.000000e+00
    endloop
  endfacet
  facet normal 0.000000e+00 0.000000e+00 1.000000e+00
    outer loop
      vertex -8.682409e-02 4.924039e-01 3.000000e+00
      vertex -2.500000e-01 4.330127e-01 3.000000e+00
      vertex -2.000000e-01 3.464102e-01 3.000000e+00
    endloop
  endfacet
  facet normal 0.000000e+00 -0.000000e+00 -1.000000e+00
    outer loop
      vertex -8.682409e-02 4.924039e-01 3.250000e+00
      vertex -6.945927e-02 3.939231e-01 3.250000e+00
      vertex -2.000000e-01 3.464102e-01 3.250000e+00
    endloop
  endfacet
  facet normal 0.000000e+00 0.000000e+00 -1.000000e+00
    outer loop
      vertex -8.682409e-02 4.924039e-01 3.250000e+00
      vertex -2.000000e-01 3.464102e-01 3.250000e+00
      vertex -2.500000e-01 4.330127e-01 3.250000e+00
    endloop
  endfacet
  facet normal 3.420201e-01 -9.396926e-01 0.000000e+00
    outer loop
      vertex -8.682409e-02 4.924039e-01 3.000000e+00
      vertex -8.682409e-02 4.924039e-01 3.250000e+00
      vertex -2.500000e-01 4.330127e-01 3.250000e+00
    endloop
  endfacet
  facet normal 3.420201e-01 -9.396926e-01 0.000000e+00
    outer loop
      vertex -8.682409e-02 4.924039e-01 3.000000e+00
      vertex -2.500000e-01 4.330127e-01 3.250000e+00
      vertex -2.500000e-01 4.330127e-01 3.000000e+00
    endloop
  endfacet
  facet normal -3.420201e-01 9.396926e-01 0.000000e+00
    outer loop
      vertex -6.945927e-02 3.939231e-01 3.000000e+00
      vertex -2.000000e-01 3.464102e-01 3.250000e+00
      vertex -6.945927e-02 3.939231e-01 3.250000e+00
    endloop
  endfacet
  facet normal -3.420201e-01 9.396926e-01 0.000000e+00
    outer loop
      vertex -6.945927e-02 3.939231e-01 3.000000e+00
      vertex -2.000000e-01 3.464102e-01 3.000000e+00
      vertex -2.000000e-01 3.464102e-01 3.250000e+00
    endloop
  endfacet
  facet normal 0.000000e+00 0.000000e+00 1.000000e+00
    outer loop
      vertex -2.500000e-01 4.330127e-01 3.000000e+00
      vertex -3.064178e-01 2.571150e-01 3.000000e+00
      vertex -2.000000e-01 3.464102e-01 3.000000e+00
    endloop
  endfacet
  facet normal 0.000000e+00 0.000000e+00 1.000000e+00
    outer loop
      vertex -2.500000e-01 4.330127e-01 3.000000e+00
      vertex -3.830222e-01 3.213938e-01 3.000000e+00
      vertex -3.064178e-01 2.571150e-01 3.000000e+00
    endloop
  endfacet
  facet normal 0.000000e+00 -0.000000e+00 -1.000000e+00
    outer loop
      vertex -2.500000e-01 4.330127e-01 3.250000e+00
      vertex -2.000000e-01 3.464102e-01 3.250000e+00
      vertex -3.064178e-01 2.571150e-01 3.250000e+00
    endloop
  endfacet
  facet normal 0.000000e+00 0.000000e+00 -1.000000e+00
    outer loop
      vertex -2.500000e-01 4.330127e-01 3.250000e+00
      vertex -3.064178e-01 2.571150e-01 3.250000e+00
      vertex -3.830222e-01 3.213938e-01 3.250000e+00
    endloop
  endfacet
  facet normal 6.427876e-01 -7.660444e-01 0.000000e+00
    outer loop
      vertex -2.500000e-01 4.330127e-01 3.000000e+00
      vertex -2.500000e-01 4.330127e-01 3.250000e+00
      vertex -3.830222e-01 3.213938e-01 3.250000e+00
    endloop
  endfacet
  facet normal 6.427876e-01 -7.660444e-01 0.000000e+00
    outer loop
      vertex -2.500000e-01 4.330127e-01 3.000000e+00
      vertex -3.830222e-01 3.213938e-01 3.250000e+00
      vertex -3.830222e-01 3.213938e-01 3.000000e+00
    endloop
  endfacet
  facet normal -6.427876e-01 7.660444e-01 0.000000e+00
    outer loop
      vertex -2.000000e-01 3.464102e-01 3.000000e+00
      vertex -3.064178e-01 2.571150e-01 3.250000e+00
      vertex -2.000000e-01 3.464102e-01 3.250000e+00
    endloop
  endfacet
  facet normal -6.427876e-01 7.660444e-01 0.000000e+00
    outer loop
      vertex -2.000000e-01 3.464102e-01 3.000000e+00
      vertex -3.064178e-01 2.571150e-01 3.000000e+00
      vertex -3.064178e-01 2.571150e-01 3.250000e+00
    endloop
  endfacet
  facet normal 0.000000e+00 0.000000e+00 1.000000e+00
    outer loop
      vertex -3.830222e-01 3.213938e-01 3.000000e+00
      vertex -3.758770e-01 1.368081e-01 3.000000e+00
      vertex -3.064178e-01 2.571150e-01 3.000000e+00
    endloop
  endfacet
  facet normal 0.000000e+00 0.000000e+00 1.000000e+00
    outer loop
      vertex -3.830222e-01 3.213938e-01 3.000000e+00
      vertex -4.698463e-01 1.710101e-01 3.000000e+00
      vertex -3.758770e-01 1.368081e-01 3.000000e+00
    endloop
  endfacet
  facet normal 0.000000e+00 0.000000e+00 -1.000000e+00
    outer loop
      vertex -3.830222e-01 3.213938e-01 3.250000e+00
      vertex -3.064178e-01 2.571150e-01 3.250000e+00
      vertex -3.758770e-01 1.368081e-01 3.250000e+00
    endloop
  endfacet
  facet normal 0.000000e+00 -0.000000e+00 -1.000000e+00
    outer loop
      vertex -3.830222e-01 3.213938e-01 3.250000e+00
      vertex -3.758770e-01 1.368081e-01 3.250000e+00
      vertex -4.698463e-01 1.710101e-01 3.250000e+00
    endloop
  endfacet
  facet normal 8.660254e-01 -5.000000e-01 0.000000e+00
    outer loop
      vertex -3.830222e-01 3.213938e-01 3.000000e+00
      vertex -3.830222e-01 3.213938e-01 3.250000e+00
      vertex -4.698463e-01 1.710101e-01 3.250000e+00
    endloop
  endfacet
  facet normal 8.660254e-01 -5.000000e-01 0.000000e+00
    outer loop
      vertex -3.830222e-01 3.213938e-01 3.000000e+00
      vertex -4.698463e-01 1.710101e-01 3.250000e+00
      vertex -4.698463e-01 1.710101e-01 3.000000e+00
    endloop
  endfacet
  facet normal -8.660254e-01 5.000000e-01 0.000000e+00
    outer loop
      vertex -3.064178e-01 2.571150e-01 3.000000e+00
      vertex -3.758770e-01 1.368081e-01 3.250000e+00
      vertex -3.064178e-01 2.571150e-01 3.250000e+00
    endloop
  endfacet
  facet normal -8.660254e-01 5.000000e-01 0.000000e+00
    outer loop
      vertex -3.064178e-01 2.571150e-01 3.000000e+00
      vertex -3.758770e-01 1.368081e-01 3.000000e+00
      vertex -3.758770e-01 1.368081e-01 3.250000e+00
    endloop
  endfacet
  facet normal 0.000000e+00 0.000000e+00 1.000000e+00
    outer loop
      vertex -4.698463e-01 1.710101e-01 3.000000e+00
      vertex -4.000000e-01 4.898587e-17 3.000000e+00
      vertex -3.758770e-01 1.368081e-01 3.000000e+00
    endloop
  endfacet
  facet normal 0.000000e+00 0.000000e+00 1.000000e+00
    outer loop
      vertex -4.698463e-01 1.710101e-01 3.000000e+00
      vertex -5.000000e-01 6.123234e-17 3.000000e+00
      vertex -4.000000e-01 4.898587e-17 3.000000e+00
    endloop
  endfacet
  facet normal 0.000000e+00 0.000000e+00 -1.000000e+00
    outer loop
      vertex -4.698463e-01 1.710101e-01 3.250000e+00
      vertex -3.758770e-01 1.368081e-01 3.250000e+00
      vertex -4.000000e-01 4.898587e-17 3.250000e+00
    endloop
  endfacet
  facet normal 0.000000e+00 -0.000000e+00 -1.000000e+00
    outer loop
      vertex -4.698463e-01 1.710101e-01 3.250000e+00
      vertex -4.000000e-01 4.898587e-17 3.250000e+00
      vertex -5.000000e-01 6.123234e-17 3.250000e+00
    endloop
  endfacet
  facet normal 9.848078e-01 -1.736482e-01 0.000000e+00
    outer loop
      vertex -4.698463e-01 1.710101e-01 3.000000e+00
      vertex -4.698463e-01 1.710101e-01 3.250000e+00
      vertex -5.000000e-01 6.123234e-17 3.250000e+00
    endloop
  endfacet
  facet normal 9.848078e-01 -1.736482e-01 0.000000e+00
    outer loop
      vertex -4.698463e-01 1.710101e-01 3.000000e+00
      vertex -5.000000e-01 6.123234e-17 3.250000e+00
      vertex -5.000000e-01 6.123234e-17 3.000000e+00
    endloop
  endfacet
  facet normal -9.848078e-01 1.736482e-01 0.000000e+00
    outer loop
      vertex -3.758770e-01 1.368081e-01 3.000000e+00
      vertex -4.000000e-01 4.898587e-17 3.250000e+00
      vertex -3.758770e-01 1.368081e-01 3.250000e+00
    endloop
  endfacet
  facet normal -9.848078e-01 1.736482e-01 0.000000e+00
    outer loop
      vertex -3.758770e-01 1.368081e-01 3.000000e+00
      vertex -4.000000e-01 4.898587e-17 3.000000e+00
      vertex -4.000000e-01 4.898587e-17 3.250000e+00
    endloop
  endfacet
  facet normal 0.000000e+00 0.000000e+00 1.000000e+00
    outer loop
      vertex -5.000000e-01 6.123234e-17 3.000000e+00
      vertex -3.758770e-01 -1.368081e-01 3.000000e+00
      vertex -4.000000e-01 4.898587e-17 3.000000e+00
    endloop
  endfacet
  facet normal 0.000000e+00 0.000000e+00 1.000000e+00
    outer loop
      vertex -5.000000e-01 6.123234e-17 3.000000e+00
      vertex -4.698463e-01 -1.710101e-01 3.000000e+00
      vertex -3.758770e-01 -1.368081e-01 3.000000e+00
    endloop
  endfacet
  facet normal 0.000000e+00 0.000000e+00 -1.000000e+00
    outer loop
      vertex -5.000000e-01 6.123234e-17 3.250000e+00
      vertex -4.000000e-01 4.898587e-17 3.250000e+00
      vertex -3.758770e-01 -1.368081e-01 3.250000e+00
    endloop
  endfacet
  facet normal 0.000000e+00 0.000000e+00 -1.000000e+00
    outer loop
      vertex -5.000000e-01 6.123234e-17 3.250000e+00
      vertex -3.758770e-01 -1.368081e-01 3.250000e+00
      vertex -4.698463e-01 -1.710101e-01 3.250000e+00
    endloop
  endfacet
  facet normal 9.848078e-01 1.736482e-01 -0.000000e+00
    outer loop
      vertex -5.000000e-01 6.123234e-17 3.000000e+00
      vertex -5.000000e-01 6.123234e-17 3.250000e+00
      vertex -4.698463e-01 -1.710101e-01 3.250000e+00
    endloop
  endfacet
  facet normal 9.848078e-01 1.736482e-01 0.000000e+00
    outer loop
      vertex -5.000000e-01 6.123234e-17 3.000000e+00
      vertex -4.698463e-01 -1.710101e-01 3.250000e+00
      vertex -4.698463e-01 -1.710101e-01 3.000000e+00
    endloop
  endfacet
  facet normal -9.848078e-01 -1.736482e-01 0.000000e+00
    outer loop
      vertex -4.000000e-01 4.898587e-17 3.000000e+00
      vertex -3.758770e-01 -1.368081e-01 3.250000e+00
      vertex -4.000000e-01 4.898587e-17 3.250000e+00
    endloop
  endfacet
  facet normal -9.848078e-01 -1.736482e-01 0.000000e+00
    outer loop
      vertex -4.000000e-01 4.898587e-17 3.000000e+00
      vertex -3.758770e-01 -1.368081e-01 3.000000e+00
      vertex -3.758770e-01 -1.368081e-01 3.250000e+00
    endloop
  endfacet
  facet normal -0.000000e+00 0.000000e+00 1.000000e+00
    outer loop
      vertex -4.698463e-01 -1.710101e-01 3.000000e+00
      vertex -3.064178e-01 -2.571150e-01 3.000000e+00
      vertex -3.758770e-01 -1.368081e-01 3.000000e+00
    endloop
  endfacet
  facet normal 0.000000e+00 0.000000e+00 1.000000e+00
    outer loop
      vertex -4.698463e-01 -1.710101e-01 3.000000e+00
      vertex -3.830222e-01 -3.213938e-01 3.000000e+00
      vertex -3.064178e-01 -2.571150e-01 3.000000e+00
    endloop
  endfacet
  facet normal 0.000000e+00 0.000000e+00 -1.000000e+00
    outer loop
      vertex -4.698463e-01 -1.710101e-01 3.250000e+00
      vertex -3.758770e-01 -1.368081e-01 3.250000e+00
      vertex -3.064178e-01 -2.571150e-01 3.250000e+00
    endloop
  endfacet
  facet normal 0.000000e+00 0.000000e+00 -1.000000e+00
    outer loop
      vertex -4.698463e-01 -1.710101e-01 3.250000e+00
      vertex -3.064178e-01 -2.571150e-01 3.250000e+00
      vertex -3.830222e-01 -3.213938e-01 3.250000e+00
    endloop
  endfacet
  facet normal 8.660254e-01 5.000000e-01 -0.000000e+00
    outer loop
      vertex -4.698463e-01 -1.710101e-01 3.000000e+00
      vertex -4.698463e-01 -1.710101e-01 3.250000e+00
      vertex -3.830222e-01 -3.213938e-01 3.250000e+00
    endloop
  endfacet
  facet normal 8.660254e-01 5.000000e-01 0.000000e+00
    outer loop
      vertex -4.698463e-01 -1.710101e-01 3.000000e+00
      vertex -3.830222e-01 -3.213938e-01 3.250000e+00
      vertex -3.830222e-01 -3.213938e-01 3.000000e+00
    endloop
  endfacet
  facet normal -8.660254e-01 -5.000000e-01 0.000000e+00
    outer loop
      vertex -3.758770e-01 -1.368081e-01 3.000000e+00
      vertex -3.064178e-01 -2.571150e-01 3.250000e+00
      vertex -3.758770e-01 -1.368081e-01 3.250000e+00
    endloop
  endfacet
  facet normal -8.660254e-01 -5.000000e-01 0.000000e+00
    outer loop
      vertex -3.758770e-01 -1.368081e-01 3.000000e+00
      vertex -3.064178e-01 -2.571150e-01 3.000000e+00
      vertex -3.064178e-01 -2.571150e-01 3.250000e+00
    endloop
  endfacet
  facet normal -0.000000e+00 0.000000e+00 1.000000e+00
    outer loop
      vertex -3.830222e-01 -3.213938e-01 3.000000e+00
      vertex -2.000000e-01 -3.464102e-01 3.000000e+00
      vertex -3.064178e-01 -2.571150e-01 3.000000e+00
    endloop
  endfacet
  facet normal 0.000000e+00 0.000000e+00 1.000000e+00
    outer loop
      vertex -3.830222e-01 -3.213938e-01 3.000000e+00
      vertex -2.500000e-01 -4.330127e-01 3.000000e+00
      vertex -2.000000e-01 -3.464102e-01 3.000000e+00
    endloop
  endfacet
  facet normal 0.000000e+00 0.000000e+00 -1.000000e+00
    outer loop
      vertex -3.830222e-01 -3.213938e-01 3.250000e+00
      vertex -3.064178e-01 -2.571150e-01 3.250000e+00
      vertex -2.000000e-01 -3.464102e-01 3.250000e+00
    endloop
  endfacet
  facet normal 0.000000e+00 0.000000e+00 -1.000000e+00
    outer loop
      vertex -3.830222e-01 -3.213938e-01 3.250000e+00
      vertex -2.000000e-01 -3.464102e-01 3.250000e+00
      vertex -2.500000e-01 -4.330127e-01 3.250000e+00
    endloop
  endfacet
  facet normal 6.427876e-01 7.660444e-01 -0.000000e+00
    outer loop
      vertex -3.830222e-01 -3.213938e-01 3.000000e+00
      vertex -3.830222e-01 -3.213938e-01 3.250000e+00
      vertex -2.500000e-01 -4.330127e-01 3.250000e+00
    endloop
  endfacet
  facet normal 6.427876e-01 7.660444e-01 0.000000e+00
    outer loop
      vertex -3.830222e-01 -3.213938e-01 3.000000e+00
      vertex -2.500000e-01 -4.330127e-01 3.250000e+00
      vertex -2.500000e-01 -4.330127e-01 3.000000e+00
    endloop
  endfacet
  facet normal -6.427876e-01 -7.660444e-01 0.000000e+00
    outer loop
      vertex -3.064178e-01 -2.571150e-01 3.000000e+00
      vertex -2.000000e-01 -3.464102e-01 3.250000e+00
      vertex -3.064178e-01 -2.571150e-01 3.250000e+00
    endloop
  endfacet
  facet normal -6.427876e-01 -7.660444e-01 0.000000e+00
    outer loop
      vertex -3.064178e-01 -2.571150e-01 3.000000e+00
      vertex -2.000000e-01 -3.464102e-01 3.000000e+00
      vertex -2.000000e-01 -3.464102e-01 3.250000e+00
    endloop
  endfacet
  facet normal 0.000000e+00 0.000000e+00 1.000000e+00
    outer loop
      vertex -2.500000e-01 -4.330127e-01 3.000000e+00
      vertex -6.945927e-02 -3.939231e-01 3.000000e+00
      vertex -2.000000e-01 -3.464102e-01 3.000000e+00
    endloop
  endfacet
  facet normal -0.000000e+00 0.000000e+00 1.000000e+00
    outer loop
      vertex -2.500000e-01 -4.330127e-01 3.000000e+00
      vertex -8.682409e-02 -4.924039e-01 3.000000e+00
      vertex -6.945927e-02 -3.939231e-01 3.000000e+00
    endloop
  endfacet
  facet normal 0.000000e+00 0.000000e+00 -1.000000e+00
    outer loop
      vertex -2.500000e-01 -4.330127e-01 3.250000e+00
      vertex -2.000000e-01 -3.464102e-01 3.250000e+00
      vertex -6.945927e-02 -3.939231e-01 3.250000e+00
    endloop
  endfacet
  facet normal 0.000000e+00 0.000000e+00 -1.000000e+00
    outer loop
      vertex -2.500000e-01 -4.330127e-01 3.250000e+00
      vertex -6.945927e-02 -3.939231e-01 3.250000e+00
      vertex -8.682409e-02 -4.924039e-01 3.250000e+00
    endloop
  endfacet
  facet normal 3.420201e-01 9.396926e-01 -0.000000e+00
    outer loop
      vertex -2.500000e-01 -4.330127e-01 3.000000e+00
      vertex -2.500000e-01 -4.330127e-01 3.250000e+00
      vertex -8.682409e-02 -4.924039e-01 3.250000e+00
    endloop
  endfacet
  facet normal 3.420201e-01 9.396926e-01 0.000000e+00
    outer loop
      vertex -2.500000e-01 -4.330127e-01 3.000000e+00
      vertex -8.682409e-02 -4.924039e-01 3.250000e+00
      vertex -8.682409e-02 -4.924039e-01 3.000000e+00
    endloop
  endfacet
  facet normal -3.420201e-01 -9.396926e-01 0.000000e+00
    outer loop
      vertex -2.000000e-01 -3.464102e-01 3.000000e+00
      vertex -6.945927e-02 -3.939231e-01 3.250000e+00
      vertex -2.000000e-01 -3.464102e-01 3.250000e+00
    endloop
  endfacet
  facet normal -3.420201e-01 -9.396926e-01 0.000000e+00
    outer loop
      vertex -2.000000e-01 -3.464102e-01 3.000000e+00
      vertex -6.945927e-02 -3.939231e-01 3.000000e+00
      vertex -6.945927e-02 -3.939231e-01 3.250000e+00
    endloop
  endfacet
  facet normal 0.000000e+00 0.000000e+00 1.000000e+00
    outer loop
      vertex -8.682409e-02 -4.924039e-01 3.000000e+00
      vertex 6.945927e-02 -3.939231e-01 3.000000e+00
      vertex -6.945927e-02 -3.939231e-01 3.000000e+00
    endloop
  endfacet
  facet normal -0.000000e+00 0.000000e+00 1.000000e+00
    outer loop
      vertex -8.682409e-02 -4.924039e-01 3.000000e+00
      vertex 8.682409e-02 -4.924039e-01 3.000000e+00
      vertex 6.945927e-02 -3.939231e-01 3.000000e+00
    endloop
  endfacet
  facet normal 0.000000e+00 0.000000e+00 -1.000000e+00
    outer loop
      vertex -8.682409e-02 -4.924039e-01 3.250000e+00
      vertex -6.945927e-02 -3.939231e-01 3.250000e+00
      vertex 6.945927e-02 -3.939231e-01 3.250000e+00
    endloop
  endfacet
  facet normal 0.000000e+00 0.000000e+00 -1.000000e+00
    outer loop
      vertex -8.682409e-02 -4.924039e-01 3.250000e+00
      vertex 6.945927e-02 -3.939231e-01 3.250000e+00
      vertex 8.682409e-02 -4.924039e-01 3.250000e+00
    endloop
  endfacet
  facet normal 3.196760e-16 1.000000e+00 -0.000000e+00
    outer loop
      vertex -8.682409e-02 -4.924039e-01 3.000000e+00
      vertex -8.682409e-02 -4.924039e-01 3.250000e+00
      vertex 8.682409e-02 -4.924039e-01 3.250000e+00
    endloop
  endfacet
  facet normal 3.196760e-16 1.000000e+00 0.000000e+00
    outer loop
      vertex -8.682409e-02 -4.924039e-01 3.000000e+00
      vertex 8.682409e-02 -4.924039e-01 3.250000e+00
      vertex 8.682409e-02 -4.924039e-01 3.000000e+00
    endloop
  endfacet
  facet normal -3.995950e-16 -1.000000e+00 0.000000e+00
    outer loop
      vertex -6.945927e-02 -3.939231e-01 3.000000e+00
      vertex 6.945927e-02 -3.939231e-01 3.250000e+00
      vertex -6.945927e-02 -3.939231e-01 3.250000e+00
    endloop
  endfacet
  facet normal -3.995950e-16 -1.000000e+00 0.000000e+00
    outer loop
      vertex -6.945927e-02 -3.939231e-01 3.000000e+00
      vertex 6.945927e-02 -3.939231e-01 3.000000e+00
      vertex 6.945927e-02 -3.939231e-01 3.250000e+00
    endloop
  endfacet
  facet normal 0.000000e+00 -0.000000e+00 1.000000e+00
    outer loop
      vertex 8.682409e-02 -4.924039e-01 3.000000e+00
      vertex 2.000000e-01 -3.464102e-01 3.000000e+00
      vertex 6.945927e-02 -3.939231e-01 3.000000e+00
    endloop
  endfacet
  facet normal 0.000000e+00 0.000000e+00 1.000000e+00
    outer loop
      vertex 8.682409e-02 -4.924039e-01 3.000000e+00
      vertex 2.500000e-01 -4.330127e-01 3.000000e+00
      vertex 2.000000e-01 -3.464102e-01 3.000000e+00
    endloop
  endfacet
  facet normal 0.000000e+00 0.000000e+00 -1.000000e+00
    outer loop
      vertex 8.682409e-02 -4.924039e-01 3.250000e+00
      vertex 6.945927e-02 -3.939231e-01 3.250000e+00
      vertex 2.000000e-01 -3.464102e-01 3.250000e+00
    endloop
  endfacet
  facet normal 0.000000e+00 0.000000e+00 -1.000000e+00
    outer loop
      vertex 8.682409e-02 -4.924039e-01 3.250000e+00
      vertex 2.000000e-01 -3.464102e-01 3.250000e+00
      vertex 2.500000e-01 -4.330127e-01 3.250000e+00
    endloop
  endfacet
  facet normal -3.420201e-01 9.396926e-01 0.000000e+00
    outer loop
      vertex 8.682409e-02 -4.924039e-01 3.000000e+00
      vertex 8.682409e-02 -4.924039e-01 3.250000e+00
      vertex 2.500000e-01 -4.330127e-01 3.250000e+00
    endloop
  endfacet
  facet normal -3.420201e-01 9.396926e-01 0.000000e+00
    outer loop
      vertex 8.682409e-02 -4.924039e-01 3.000000e+00
      vertex 2.500000e-01 -4.330127e-01 3.250000e+00
      vertex 2.500000e-01 -4.330127e-01 3.000000e+00
    endloop
  endfacet
  facet normal 3.420201e-01 -9.396926e-01 0.000000e+00
    outer loop
      vertex 6.945927e-02 -3.939231e-01 3.000000e+00
      vertex 2.000000e-01 -3.464102e-01 3.250000e+00
      vertex 6.945927e-02 -3.939231e-01 3.250000e+00
    endloop
  endfacet
  facet normal 3.420201e-01 -9.396926e-01 0.000000e+00
    outer loop
      vertex 6.945927e-02 -3.939231e-01 3.000000e+00
      vertex 2.000000e-01 -3.464102e-01 3.000000e+00
      vertex 2.000000e-01 -3.464102e-01 3.250000e+00
    endloop
  endfacet
  facet normal 0.000000e+00 -0.000000e+00 1.000000e+00
    outer loop
      vertex 2.500000e-01 -4.330127e-01 3.000000e+00
      vertex 3.064178e-01 -2.571150e-01 3.000000e+00
      vertex 2.000000e-01 -3.464102e-01 3.000000e+00
    endloop
  endfacet
  facet normal 0.000000e+00 0.000000e+00 1.000000e+00
    outer loop
      vertex 2.500000e-01 -4.330127e-01 3.000000e+00
      vertex 3.830222e-01 -3.213938e-01 3.000000e+00
      vertex 3.064178e-01 -2.571150e-01 3.000000e+00
    endloop
  endfacet
  facet normal 0.000000e+00 0.000000e+00 -1.000000e+00
    outer loop
      vertex 2.500000e-01 -4.330127e-01 3.250000e+00
      vertex 2.000000e-01 -3.464102e-01 3.250000e+00
      vertex 3.064178e-01 -2.571150e-01 3.250000e+00
    endloop
  endfacet
  facet normal 0.000000e+00 0.000000e+00 -1.000000e+00
    outer loop
      vertex 2.500000e-01 -4.330127e-01 3.250000e+00
      vertex 3.064178e-01 -2.571150e-01 3.250000e+00
      vertex 3.830222e-01 -3.213938e-01 3.250000e+00
    endloop
  endfacet
  facet normal -6.427876e-01 7.660444e-01 0.000000e+00
    outer loop
      vertex 2.500000e-01 -4.330127e-01 3.000000e+00
      vertex 2.500000e-01 -4.330127e-01 3.250000e+00
      vertex 3.830222e-01 -3.213938e-01 3.250000e+00
    endloop
  endfacet
  facet normal -6.427876e-01 7.660444e-01 0.000000e+00
    outer loop
      vertex 2.500000e-01 -4.330127e-01 3.000000e+00
      vertex 3.830222e-01 -3.213938e-01 3.250000e+00
      vertex 3.830222e-01 -3.213938e-01 3.000000e+00
    endloop
  endfacet
  facet normal 6.427876e-01 -7.660444e-01 0.000000e+00
    outer loop
      vertex 2.000000e-01 -3.464102e-01 3.000000e+00
      vertex 3.064178e-01 -2.571150e-01 3.250000e+00
      vertex 2.000000e-01 -3.464102e-01 3.250000e+00
    endloop
  endfacet
  facet normal 6.427876e-01 -7.660444e-01 0.000000e+00
    outer loop
      vertex 2.000000e-01 -3.464102e-01 3.000000e+00
      vertex 3.064178e-01 -2.571150e-01 3.000000e+00
      vertex 3.064178e-01 -2.571150e-01 3.250000e+00
    endloop
  endfacet
  facet normal 0.000000e+00 0.000000e+00 1.000000e+00
    outer loop
      vertex 3.830222e-01 -3.213938e-01 3.000000e+00
      vertex 3.758770e-01 -1.368081e-01 3.000000e+00
      vertex 3.064178e-01 -2.571150e-01 3.000000e+00
    endloop
  endfacet
  facet normal 0.000000e+00 -0.000000e+00 1.000000e+00
    outer loop
      vertex 3.830222e-01 -3.213938e-01 3.000000e+00
      vertex 4.698463e-01 -1.710101e-01 3.000000e+00
      vertex 3.758770e-01 -1.368081e-01 3.000000e+00
    endloop
  endfacet
  facet normal 0.000000e+00 0.000000e+00 -1.000000e+00
    outer loop
      vertex 3.830222e-01 -3.213938e-01 3.250000e+00
      vertex 3.064178e-01 -2.571150e-01 3.250000e+00
      vertex 3.758770e-01 -1.368081e-01 3.250000e+00
    endloop
  endfacet
  facet normal 0.000000e+00 0.000000e+00 -1.000000e+00
    outer loop
      vertex 3.830222e-01 -3.213938e-01 3.250000e+00
      vertex 3.758770e-01 -1.368081e-01 3.250000e+00
      vertex 4.698463e-01 -1.710101e-01 3.250000e+00
    endloop
  endfacet
  facet normal -8.660254e-01 5.000000e-01 0.000000e+00
    outer loop
      vertex 3.830222e-01 -3.213938e-01 3.000000e+00
      vertex 3.830222e-01 -3.213938e-01 3.250000e+00
      vertex 4.698463e-01 -1.710101e-01 3.250000e+00
    endloop
  endfacet
  facet normal -8.660254e-01 5.000000e-01 0.000000e+00
    outer loop
      vertex 3.830222e-01 -3.213938e-01 3.000000e+00
      vertex 4.698463e-01 -1.710101e-01 3.250000e+00
      vertex 4.698463e-01 -1.710101e-01 3.000000e+00
    endloop
  endfacet
  facet normal 8.660254e-01 -5.000000e-01 0.000000e+00
    outer loop
      vertex 3.064178e-01 -2.571150e-01 3.000000e+00
      vertex 3.758770e-01 -1.368081e-01 3.250000e+00
      vertex 3.064178e-01 -2.571150e-01 3.250000e+00
    endloop
  endfacet
  facet normal 8.660254e-01 -5.000000e-01 0.000000e+00
    outer loop
      vertex 3.064178e-01 -2.571150e-01 3.000000e+00
      vertex 3.758770e-01 -1.368081e-01 3.000000e+00
      vertex 3.758770e-01 -1.368081e-01 3.250000e+00
    endloop
  endfacet
  facet normal 0.000000e+00 0.000000e+00 1.000000e+00
    outer loop
      vertex 4.698463e-01 -1.710101e-01 3.000000e+00
      vertex 4.000000e-01 0.000000e+00 3.000000e+00
      vertex 3.758770e-01 -1.368081e-01 3.000000e+00
    endloop
  endfacet
  facet normal 0.000000e+00 -0.000000e+00 1.000000e+00
    outer loop
      vertex 4.698463e-01 -1.710101e-01 3.000000e+00
      vertex 5.000000e-01 0.000000e+00 3.000000e+00
      vertex 4.000000e-01 0.000000e+00 3.000000e+00
    endloop
  endfacet
  facet normal 0.000000e+00 0.000000e+00 -1.000000e+00
    outer loop
      vertex 4.698463e-01 -1.710101e-01 3.250000e+00
      vertex 3.758770e-01 -1.368081e-01 3.250000e+00
      vertex 4.000000e-01 0.000000e+00 3.250000e+00
    endloop
  endfacet
  facet normal 0.000000e+00 0.000000e+00 -1.000000e+00
    outer loop
      vertex 4.698463e-01 -1.710101e-01 3.250000e+00
      vertex 4.000000e-01 0.000000e+00 3.250000e+00
      vertex 5.000000e-01 0.000000e+00 3.250000e+00
    endloop
  endfacet
  facet normal -9.848078e-01 1.736482e-01 0.000000e+00
    outer loop
      vertex 4.698463e-01 -1.710101e-01 3.000000e+00
      vertex 4.698463e-01 -1.710101e-01 3.250000e+00
      vertex 5.000000e-01 0.000000e+00 3.250000e+00
    endloop
  endfacet
  facet normal -9.848078e-01 1.736482e-01 0.000000e+00
    outer loop
      vertex 4.698463e-01 -1.710101e-01 3.000000e+00
      vertex 5.000000e-01 0.000000e+00 3.250000e+00
      vertex 5.000000e-01 0.000000e+00 3.000000e+00
    endloop
  endfacet
  facet normal 9.848078e-01 -1.736482e-01 0.000000e+00
    outer loop
      vertex 3.758770e-01 -1.368081e-01 3.000000e+00
      vertex 4.000000e-01 0.000000e+00 3.250000e+00
      vertex 3.758770e-01 -1.368081e-01 3.250000e+00
    endloop
  endfacet
  facet normal 9.848078e-01 -1.736482e-01 0.000000e+00
    outer loop
      vertex 3.758770e-01 -1.368081e-01 3.000000e+00
      vertex 4.000000e-01 0.000000e+00 3.000000e+00
      vertex 4.000000e-01 0.000000e+00 3.250000e+00
    endloop
  endfacet
endsolid hollow_pipe_thick_ends
